<?xml version="1.0" encoding="UTF-8" standalone="yes"?>
<!-- bestandsnaam: documentenbeheer_KL3131_2016-09-08.xml -->
<!-- bron: Kadaster-KLIC -->
<!-- _____________________________________________________________________
Toelichting:  
Voorbeeld van meta-informatie voor het actualiseren van documenten in de DocumentenOpslag
van de centrale voorziening KLIC.
De gebruikte voorbeeld-features zijn bedoeld voor demo-doeleinden en zijn niet bedoeld	
om een representatie te geven van de werkelijke situatie ter plaatse. 										
Waar mogelijk is aangesloten op de definities uit IMKL2015, versie 1.2.1 											

Bronhouder: KL3131
 _____________________________________________________________________ -->
<DocumentenBeheer 
xmlns="http://www.kadaster.nl/schemas/klic/documentenbeheer/v20180418" 
xmlns:xlink="http://www.w3.org/1999/xlink">
	<versie>1.0</versie>
	<bronhoudercode>KL3131</bronhoudercode>
	<bronhouderNaam>Enander</bronhouderNaam>
	<indAutomatischNaarProductie>false</indAutomatischNaarProductie>
	<aangeleverdeDocumenten>
		<document>
			<documentID>
				<namespace>nl.imkl</namespace>
				<lokaalID>KL3131.pf_boringMS_dwars_5684PB,Best,Bataweg</lokaalID>
			</documentID>
			<bestandMediaType xlink:href="http://definities.geostandaarden.nl/imkl2015/id/waarde/BestandMediaTypeValue/PDF"/>
			<bestandsnaam>profielschetsen/MS_HGInfra_IS13190_v2 2015-08-22.pdf</bestandsnaam>
		</document>
		<document>
			<documentID>
				<namespace>nl.imkl</namespace>
				<lokaalID>KL3131.pf_boringMS_lengte_5684PB,Best,Bataweg</lokaalID>
			</documentID>
			<bestandMediaType xlink:href="http://definities.geostandaarden.nl/imkl2015/id/waarde/BestandMediaTypeValue/PDF"/>
			<bestandsnaam>profielschetsen/MS_HGInfra_IS13190_v3 2015-10-17.pdf</bestandsnaam>
		</document>
	</aangeleverdeDocumenten>
</DocumentenBeheer>
