<?xml version="1.0" encoding="UTF-8" standalone="yes"?><Leveringsinformatie xmlns="http://www.kadaster.nl/schemas/klic/leveringsinformatie/v20180418" xmlns:xlink="http://www.w3.org/1999/xlink" xmlns:gml="http://www.opengis.net/gml/3.2"><version>2.1</version><bijlagePerLevering><soortBijlage>achtergrondkaart</soortBijlage><bestandLocatie>bronnen/GB_18O000687.png</bestandLocatie><bestandMediaType xlink:href="http://definities.geostandaarden.nl/imkl2015/id/waarde/BestandMediaTypeValue/PNG"/><bestandIdentificator>GB_18O000687</bestandIdentificator></bijlagePerLevering><bijlagePerLevering><soortBijlage>geselecteerdGebied</soortBijlage><bestandLocatie>bronnen/SEL_18O000687.png</bestandLocatie><bestandMediaType xlink:href="http://definities.geostandaarden.nl/imkl2015/id/waarde/BestandMediaTypeValue/PNG"/><bestandIdentificator>SEL_18O000687</bestandIdentificator></bijlagePerLevering><bijlagePerLevering><soortBijlage>leveringsbrief</soortBijlage><bestandLocatie>LI_18O000687_1.pdf</bestandLocatie><bestandMediaType xlink:href="http://definities.geostandaarden.nl/imkl2015/id/waarde/BestandMediaTypeValue/PDF"/><bestandIdentificator>LI_18O000687_1</bestandIdentificator></bijlagePerLevering><bijlagePerLevering><soortBijlage>gebiedsinformatieLevering</soortBijlage><bestandLocatie>GI_gebiedsinformatielevering_18O000687_1.xml</bestandLocatie><bestandMediaType xlink:href="http://definities.geostandaarden.nl/imkl2015/id/waarde/BestandMediaTypeValue/XML"/><bestandIdentificator>GI_gebiedsinformatielevering_18O000687_1</bestandIdentificator></bijlagePerLevering><pngFormaat><omsluitendeRechthoek><gml:Envelope srsName="urn:ogc:def:crs:EPSG::28992" srsDimension="2"><gml:lowerCorner>154750.0 387820.0</gml:lowerCorner><gml:upperCorner>155250.0 388320.0</gml:upperCorner></gml:Envelope></omsluitendeRechthoek><pixelsBreed>7000</pixelsBreed><pixelsHoog>7000</pixelsHoog></pngFormaat><belanghebbende><bronhoudercode>TS1376</bronhoudercode><beheerdersinformatieVersie>klassiek</beheerdersinformatieVersie><netbeheerderContact><contact><naam>Bmk Netbeheerder Regressie01 A</naam><telefoon>0881234567</telefoon><email>klic_levering@integratie.kadaster.nl</email></contact><beschadigingsnummer>0881234567</beschadigingsnummer></netbeheerderContact><bijlagePerNetbeheerder><soortBijlage>eigenTopoPlan</soortBijlage><bestandLocatie>bronnen/TS1376/PT_Netbeheerder+Regressie01_0000950346_18O000687.png</bestandLocatie><bestandMediaType xlink:href="http://definities.geostandaarden.nl/imkl2015/id/waarde/BestandMediaTypeValue/PNG"/><bestandIdentificator>PT_Netbeheerder+Regressie01_0000950346_18O000687</bestandIdentificator></bijlagePerNetbeheerder><bijlagePerNetbeheerder><soortBijlage>bijlage</soortBijlage><bestandLocatie>bronnen/TS1376/BL_Netbeheerder+Regressie01_0000950346_18O000687_algemeen.pdf</bestandLocatie><bestandMediaType xlink:href="http://definities.geostandaarden.nl/imkl2015/id/waarde/BestandMediaTypeValue/PDF"/><bestandIdentificator>BL_Netbeheerder+Regressie01_0000950346_18O000687_algemeen</bestandIdentificator></bijlagePerNetbeheerder><bijlagePerNetbeheerder><soortBijlage>eigenTopo</soortBijlage><bestandLocatie>bronnen/TS1376/ET_Netbeheerder+Regressie01_0000950346_18O000687.png</bestandLocatie><bestandMediaType xlink:href="http://definities.geostandaarden.nl/imkl2015/id/waarde/BestandMediaTypeValue/PNG"/><bestandIdentificator>ET_Netbeheerder+Regressie01_0000950346_18O000687</bestandIdentificator></bijlagePerNetbeheerder><beheerdersinformatie><thema xlink:href="http://definities.geostandaarden.nl/imkl2015/id/waarde/Thema/rioolOnderOverOfOnderdruk"/><eisVoorzorgmaatregel>true</eisVoorzorgmaatregel><themabijlagePerNetbeheerder><soortBijlage>ligging</soortBijlage><bestandLocatie>bronnen/TS1376/LG_riool+onder+druk_Netbeheerder+Regressie01_0000950346_18O000687.png</bestandLocatie><bestandMediaType xlink:href="http://definities.geostandaarden.nl/imkl2015/id/waarde/BestandMediaTypeValue/PNG"/><bestandIdentificator>LG_riool+onder+druk_Netbeheerder+Regressie01_0000950346_18O000687</bestandIdentificator></themabijlagePerNetbeheerder><themabijlagePerNetbeheerder><soortBijlage>eisVoorzorgsmaatregel</soortBijlage><bestandLocatie>bronnen/TS1376/EV_riool+onder+druk_Netbeheerder+Regressie01_0000950346_18O000687.pdf</bestandLocatie><bestandMediaType xlink:href="http://definities.geostandaarden.nl/imkl2015/id/waarde/BestandMediaTypeValue/PDF"/><bestandIdentificator>EV_riool+onder+druk_Netbeheerder+Regressie01_0000950346_18O000687</bestandIdentificator></themabijlagePerNetbeheerder><themabijlagePerNetbeheerder><soortBijlage>themabijlage</soortBijlage><bestandLocatie>bronnen/TS1376/TB_riool+onder+druk_Netbeheerder+Regressie01_0000950346_18O000687_overig.pdf</bestandLocatie><bestandMediaType xlink:href="http://definities.geostandaarden.nl/imkl2015/id/waarde/BestandMediaTypeValue/PDF"/><bestandIdentificator>TB_riool+onder+druk_Netbeheerder+Regressie01_0000950346_18O000687_overig</bestandIdentificator></themabijlagePerNetbeheerder><themabijlagePerNetbeheerder><soortBijlage>maatvoering</soortBijlage><bestandLocatie>bronnen/TS1376/MV_riool+onder+druk_Netbeheerder+Regressie01_0000950346_18O000687.png</bestandLocatie><bestandMediaType xlink:href="http://definities.geostandaarden.nl/imkl2015/id/waarde/BestandMediaTypeValue/PNG"/><bestandIdentificator>MV_riool+onder+druk_Netbeheerder+Regressie01_0000950346_18O000687</bestandIdentificator></themabijlagePerNetbeheerder><themabijlagePerNetbeheerder><soortBijlage>annotatie</soortBijlage><bestandLocatie>bronnen/TS1376/AN_riool+onder+druk_Netbeheerder+Regressie01_0000950346_18O000687.png</bestandLocatie><bestandMediaType xlink:href="http://definities.geostandaarden.nl/imkl2015/id/waarde/BestandMediaTypeValue/PNG"/><bestandIdentificator>AN_riool+onder+druk_Netbeheerder+Regressie01_0000950346_18O000687</bestandIdentificator></themabijlagePerNetbeheerder><themabijlagePerNetbeheerder><soortBijlage>detailkaart</soortBijlage><bestandLocatie>bronnen/TS1376/DK_riool+onder+druk_Netbeheerder+Regressie01_0000950346_18O000687_aansluiting.pdf</bestandLocatie><bestandMediaType xlink:href="http://definities.geostandaarden.nl/imkl2015/id/waarde/BestandMediaTypeValue/PNG"/><bestandIdentificator>DK_riool+onder+druk_Netbeheerder+Regressie01_0000950346_18O000687_aansluiting</bestandIdentificator></themabijlagePerNetbeheerder><themabijlagePerNetbeheerder><soortBijlage>detailkaart</soortBijlage><bestandLocatie>bronnen/TS1376/DK_riool+onder+druk_Netbeheerder+Regressie01_0000950346_18O000687_profielschets.pdf</bestandLocatie><bestandMediaType xlink:href="http://definities.geostandaarden.nl/imkl2015/id/waarde/BestandMediaTypeValue/PNG"/><bestandIdentificator>DK_riool+onder+druk_Netbeheerder+Regressie01_0000950346_18O000687_profielschets</bestandIdentificator></themabijlagePerNetbeheerder><themabijlagePerNetbeheerder><soortBijlage>huisaansluiting</soortBijlage><bestandLocatie>bronnen/TS1376/HA_riool+onder+druk_Netbeheerder+Regressie01_0000950346_18O000687_6828RE_35.pdf</bestandLocatie><bestandMediaType xlink:href="http://definities.geostandaarden.nl/imkl2015/id/waarde/BestandMediaTypeValue/PDF"/><bestandIdentificator>HA_riool+onder+druk_Netbeheerder+Regressie01_0000950346_18O000687_6828RE_35</bestandIdentificator></themabijlagePerNetbeheerder><themabijlagePerNetbeheerder><soortBijlage>huisaansluiting</soortBijlage><bestandLocatie>bronnen/TS1376/HA_riool+onder+druk_Netbeheerder+Regressie01_0000950346_18O000687_6828RE_37.pdf</bestandLocatie><bestandMediaType xlink:href="http://definities.geostandaarden.nl/imkl2015/id/waarde/BestandMediaTypeValue/PDF"/><bestandIdentificator>HA_riool+onder+druk_Netbeheerder+Regressie01_0000950346_18O000687_6828RE_37</bestandIdentificator></themabijlagePerNetbeheerder></beheerdersinformatie><beheerdersinformatie><thema xlink:href="http://definities.geostandaarden.nl/imkl2015/id/waarde/Thema/gasLageDruk"/><eisVoorzorgmaatregel>true</eisVoorzorgmaatregel><themabijlagePerNetbeheerder><soortBijlage>maatvoering</soortBijlage><bestandLocatie>bronnen/TS1376/MV_gas+lage+druk_Netbeheerder+Regressie01_0000950346_18O000687.png</bestandLocatie><bestandMediaType xlink:href="http://definities.geostandaarden.nl/imkl2015/id/waarde/BestandMediaTypeValue/PNG"/><bestandIdentificator>MV_gas+lage+druk_Netbeheerder+Regressie01_0000950346_18O000687</bestandIdentificator></themabijlagePerNetbeheerder><themabijlagePerNetbeheerder><soortBijlage>detailkaart</soortBijlage><bestandLocatie>bronnen/TS1376/DK_gas+lage+druk_Netbeheerder+Regressie01_0000950346_18O000687_aansluiting.pdf</bestandLocatie><bestandMediaType xlink:href="http://definities.geostandaarden.nl/imkl2015/id/waarde/BestandMediaTypeValue/PNG"/><bestandIdentificator>DK_gas+lage+druk_Netbeheerder+Regressie01_0000950346_18O000687_aansluiting</bestandIdentificator></themabijlagePerNetbeheerder><themabijlagePerNetbeheerder><soortBijlage>huisaansluiting</soortBijlage><bestandLocatie>bronnen/TS1376/HA_gas+lage+druk_Netbeheerder+Regressie01_0000950346_18O000687_6828RE_37.pdf</bestandLocatie><bestandMediaType xlink:href="http://definities.geostandaarden.nl/imkl2015/id/waarde/BestandMediaTypeValue/PDF"/><bestandIdentificator>HA_gas+lage+druk_Netbeheerder+Regressie01_0000950346_18O000687_6828RE_37</bestandIdentificator></themabijlagePerNetbeheerder><themabijlagePerNetbeheerder><soortBijlage>themabijlage</soortBijlage><bestandLocatie>bronnen/TS1376/TB_gas+lage+druk_Netbeheerder+Regressie01_0000950346_18O000687_overig.pdf</bestandLocatie><bestandMediaType xlink:href="http://definities.geostandaarden.nl/imkl2015/id/waarde/BestandMediaTypeValue/PDF"/><bestandIdentificator>TB_gas+lage+druk_Netbeheerder+Regressie01_0000950346_18O000687_overig</bestandIdentificator></themabijlagePerNetbeheerder><themabijlagePerNetbeheerder><soortBijlage>ligging</soortBijlage><bestandLocatie>bronnen/TS1376/LG_gas+lage+druk_Netbeheerder+Regressie01_0000950346_18O000687.png</bestandLocatie><bestandMediaType xlink:href="http://definities.geostandaarden.nl/imkl2015/id/waarde/BestandMediaTypeValue/PNG"/><bestandIdentificator>LG_gas+lage+druk_Netbeheerder+Regressie01_0000950346_18O000687</bestandIdentificator></themabijlagePerNetbeheerder><themabijlagePerNetbeheerder><soortBijlage>eisVoorzorgsmaatregel</soortBijlage><bestandLocatie>bronnen/TS1376/EV_gas+lage+druk_Netbeheerder+Regressie01_0000950346_18O000687.pdf</bestandLocatie><bestandMediaType xlink:href="http://definities.geostandaarden.nl/imkl2015/id/waarde/BestandMediaTypeValue/PDF"/><bestandIdentificator>EV_gas+lage+druk_Netbeheerder+Regressie01_0000950346_18O000687</bestandIdentificator></themabijlagePerNetbeheerder><themabijlagePerNetbeheerder><soortBijlage>detailkaart</soortBijlage><bestandLocatie>bronnen/TS1376/DK_gas+lage+druk_Netbeheerder+Regressie01_0000950346_18O000687_profielschets.pdf</bestandLocatie><bestandMediaType xlink:href="http://definities.geostandaarden.nl/imkl2015/id/waarde/BestandMediaTypeValue/PNG"/><bestandIdentificator>DK_gas+lage+druk_Netbeheerder+Regressie01_0000950346_18O000687_profielschets</bestandIdentificator></themabijlagePerNetbeheerder><themabijlagePerNetbeheerder><soortBijlage>huisaansluiting</soortBijlage><bestandLocatie>bronnen/TS1376/HA_gas+lage+druk_Netbeheerder+Regressie01_0000950346_18O000687_6828RE_35.pdf</bestandLocatie><bestandMediaType xlink:href="http://definities.geostandaarden.nl/imkl2015/id/waarde/BestandMediaTypeValue/PDF"/><bestandIdentificator>HA_gas+lage+druk_Netbeheerder+Regressie01_0000950346_18O000687_6828RE_35</bestandIdentificator></themabijlagePerNetbeheerder><themabijlagePerNetbeheerder><soortBijlage>annotatie</soortBijlage><bestandLocatie>bronnen/TS1376/AN_gas+lage+druk_Netbeheerder+Regressie01_0000950346_18O000687.png</bestandLocatie><bestandMediaType xlink:href="http://definities.geostandaarden.nl/imkl2015/id/waarde/BestandMediaTypeValue/PNG"/><bestandIdentificator>AN_gas+lage+druk_Netbeheerder+Regressie01_0000950346_18O000687</bestandIdentificator></themabijlagePerNetbeheerder></beheerdersinformatie><beheerdersinformatie><thema xlink:href="http://definities.geostandaarden.nl/imkl2015/id/waarde/Thema/gasHogeDruk"/><eisVoorzorgmaatregel>true</eisVoorzorgmaatregel><themabijlagePerNetbeheerder><soortBijlage>maatvoering</soortBijlage><bestandLocatie>bronnen/TS1376/MV_gas+hoge+druk_Netbeheerder+Regressie01_0000950346_18O000687.png</bestandLocatie><bestandMediaType xlink:href="http://definities.geostandaarden.nl/imkl2015/id/waarde/BestandMediaTypeValue/PNG"/><bestandIdentificator>MV_gas+hoge+druk_Netbeheerder+Regressie01_0000950346_18O000687</bestandIdentificator></themabijlagePerNetbeheerder><themabijlagePerNetbeheerder><soortBijlage>huisaansluiting</soortBijlage><bestandLocatie>bronnen/TS1376/HA_gas+hoge+druk_Netbeheerder+Regressie01_0000950346_18O000687_6828RE_35.pdf</bestandLocatie><bestandMediaType xlink:href="http://definities.geostandaarden.nl/imkl2015/id/waarde/BestandMediaTypeValue/PDF"/><bestandIdentificator>HA_gas+hoge+druk_Netbeheerder+Regressie01_0000950346_18O000687_6828RE_35</bestandIdentificator></themabijlagePerNetbeheerder><themabijlagePerNetbeheerder><soortBijlage>ligging</soortBijlage><bestandLocatie>bronnen/TS1376/LG_gas+hoge+druk_Netbeheerder+Regressie01_0000950346_18O000687.png</bestandLocatie><bestandMediaType xlink:href="http://definities.geostandaarden.nl/imkl2015/id/waarde/BestandMediaTypeValue/PNG"/><bestandIdentificator>LG_gas+hoge+druk_Netbeheerder+Regressie01_0000950346_18O000687</bestandIdentificator></themabijlagePerNetbeheerder><themabijlagePerNetbeheerder><soortBijlage>eisVoorzorgsmaatregel</soortBijlage><bestandLocatie>bronnen/TS1376/EV_gas+hoge+druk_Netbeheerder+Regressie01_0000950346_18O000687.pdf</bestandLocatie><bestandMediaType xlink:href="http://definities.geostandaarden.nl/imkl2015/id/waarde/BestandMediaTypeValue/PDF"/><bestandIdentificator>EV_gas+hoge+druk_Netbeheerder+Regressie01_0000950346_18O000687</bestandIdentificator></themabijlagePerNetbeheerder><themabijlagePerNetbeheerder><soortBijlage>detailkaart</soortBijlage><bestandLocatie>bronnen/TS1376/DK_gas+hoge+druk_Netbeheerder+Regressie01_0000950346_18O000687_profielschets.pdf</bestandLocatie><bestandMediaType xlink:href="http://definities.geostandaarden.nl/imkl2015/id/waarde/BestandMediaTypeValue/PNG"/><bestandIdentificator>DK_gas+hoge+druk_Netbeheerder+Regressie01_0000950346_18O000687_profielschets</bestandIdentificator></themabijlagePerNetbeheerder><themabijlagePerNetbeheerder><soortBijlage>themabijlage</soortBijlage><bestandLocatie>bronnen/TS1376/TB_gas+hoge+druk_Netbeheerder+Regressie01_0000950346_18O000687_overig.pdf</bestandLocatie><bestandMediaType xlink:href="http://definities.geostandaarden.nl/imkl2015/id/waarde/BestandMediaTypeValue/PDF"/><bestandIdentificator>TB_gas+hoge+druk_Netbeheerder+Regressie01_0000950346_18O000687_overig</bestandIdentificator></themabijlagePerNetbeheerder><themabijlagePerNetbeheerder><soortBijlage>huisaansluiting</soortBijlage><bestandLocatie>bronnen/TS1376/HA_gas+hoge+druk_Netbeheerder+Regressie01_0000950346_18O000687_6828RE_37.pdf</bestandLocatie><bestandMediaType xlink:href="http://definities.geostandaarden.nl/imkl2015/id/waarde/BestandMediaTypeValue/PDF"/><bestandIdentificator>HA_gas+hoge+druk_Netbeheerder+Regressie01_0000950346_18O000687_6828RE_37</bestandIdentificator></themabijlagePerNetbeheerder><themabijlagePerNetbeheerder><soortBijlage>annotatie</soortBijlage><bestandLocatie>bronnen/TS1376/AN_gas+hoge+druk_Netbeheerder+Regressie01_0000950346_18O000687.png</bestandLocatie><bestandMediaType xlink:href="http://definities.geostandaarden.nl/imkl2015/id/waarde/BestandMediaTypeValue/PNG"/><bestandIdentificator>AN_gas+hoge+druk_Netbeheerder+Regressie01_0000950346_18O000687</bestandIdentificator></themabijlagePerNetbeheerder><themabijlagePerNetbeheerder><soortBijlage>detailkaart</soortBijlage><bestandLocatie>bronnen/TS1376/DK_gas+hoge+druk_Netbeheerder+Regressie01_0000950346_18O000687_aansluiting.pdf</bestandLocatie><bestandMediaType xlink:href="http://definities.geostandaarden.nl/imkl2015/id/waarde/BestandMediaTypeValue/PNG"/><bestandIdentificator>DK_gas+hoge+druk_Netbeheerder+Regressie01_0000950346_18O000687_aansluiting</bestandIdentificator></themabijlagePerNetbeheerder></beheerdersinformatie><beheerdersinformatie><thema xlink:href="http://definities.geostandaarden.nl/imkl2015/id/waarde/Thema/middenspanning"/><eisVoorzorgmaatregel>true</eisVoorzorgmaatregel><themabijlagePerNetbeheerder><soortBijlage>huisaansluiting</soortBijlage><bestandLocatie>bronnen/TS1376/HA_middenspanning_Netbeheerder+Regressie01_0000950346_18O000687_6828RE_35.pdf</bestandLocatie><bestandMediaType xlink:href="http://definities.geostandaarden.nl/imkl2015/id/waarde/BestandMediaTypeValue/PDF"/><bestandIdentificator>HA_middenspanning_Netbeheerder+Regressie01_0000950346_18O000687_6828RE_35</bestandIdentificator></themabijlagePerNetbeheerder><themabijlagePerNetbeheerder><soortBijlage>ligging</soortBijlage><bestandLocatie>bronnen/TS1376/LG_middenspanning_Netbeheerder+Regressie01_0000950346_18O000687.png</bestandLocatie><bestandMediaType xlink:href="http://definities.geostandaarden.nl/imkl2015/id/waarde/BestandMediaTypeValue/PNG"/><bestandIdentificator>LG_middenspanning_Netbeheerder+Regressie01_0000950346_18O000687</bestandIdentificator></themabijlagePerNetbeheerder><themabijlagePerNetbeheerder><soortBijlage>huisaansluiting</soortBijlage><bestandLocatie>bronnen/TS1376/HA_middenspanning_Netbeheerder+Regressie01_0000950346_18O000687_6828RE_37.pdf</bestandLocatie><bestandMediaType xlink:href="http://definities.geostandaarden.nl/imkl2015/id/waarde/BestandMediaTypeValue/PDF"/><bestandIdentificator>HA_middenspanning_Netbeheerder+Regressie01_0000950346_18O000687_6828RE_37</bestandIdentificator></themabijlagePerNetbeheerder><themabijlagePerNetbeheerder><soortBijlage>themabijlage</soortBijlage><bestandLocatie>bronnen/TS1376/TB_middenspanning_Netbeheerder+Regressie01_0000950346_18O000687_overig.pdf</bestandLocatie><bestandMediaType xlink:href="http://definities.geostandaarden.nl/imkl2015/id/waarde/BestandMediaTypeValue/PDF"/><bestandIdentificator>TB_middenspanning_Netbeheerder+Regressie01_0000950346_18O000687_overig</bestandIdentificator></themabijlagePerNetbeheerder><themabijlagePerNetbeheerder><soortBijlage>detailkaart</soortBijlage><bestandLocatie>bronnen/TS1376/DK_middenspanning_Netbeheerder+Regressie01_0000950346_18O000687_profielschets.pdf</bestandLocatie><bestandMediaType xlink:href="http://definities.geostandaarden.nl/imkl2015/id/waarde/BestandMediaTypeValue/PNG"/><bestandIdentificator>DK_middenspanning_Netbeheerder+Regressie01_0000950346_18O000687_profielschets</bestandIdentificator></themabijlagePerNetbeheerder><themabijlagePerNetbeheerder><soortBijlage>eisVoorzorgsmaatregel</soortBijlage><bestandLocatie>bronnen/TS1376/EV_middenspanning_Netbeheerder+Regressie01_0000950346_18O000687.pdf</bestandLocatie><bestandMediaType xlink:href="http://definities.geostandaarden.nl/imkl2015/id/waarde/BestandMediaTypeValue/PDF"/><bestandIdentificator>EV_middenspanning_Netbeheerder+Regressie01_0000950346_18O000687</bestandIdentificator></themabijlagePerNetbeheerder><themabijlagePerNetbeheerder><soortBijlage>annotatie</soortBijlage><bestandLocatie>bronnen/TS1376/AN_middenspanning_Netbeheerder+Regressie01_0000950346_18O000687.png</bestandLocatie><bestandMediaType xlink:href="http://definities.geostandaarden.nl/imkl2015/id/waarde/BestandMediaTypeValue/PNG"/><bestandIdentificator>AN_middenspanning_Netbeheerder+Regressie01_0000950346_18O000687</bestandIdentificator></themabijlagePerNetbeheerder><themabijlagePerNetbeheerder><soortBijlage>detailkaart</soortBijlage><bestandLocatie>bronnen/TS1376/DK_middenspanning_Netbeheerder+Regressie01_0000950346_18O000687_aansluiting.pdf</bestandLocatie><bestandMediaType xlink:href="http://definities.geostandaarden.nl/imkl2015/id/waarde/BestandMediaTypeValue/PNG"/><bestandIdentificator>DK_middenspanning_Netbeheerder+Regressie01_0000950346_18O000687_aansluiting</bestandIdentificator></themabijlagePerNetbeheerder><themabijlagePerNetbeheerder><soortBijlage>maatvoering</soortBijlage><bestandLocatie>bronnen/TS1376/MV_middenspanning_Netbeheerder+Regressie01_0000950346_18O000687.png</bestandLocatie><bestandMediaType xlink:href="http://definities.geostandaarden.nl/imkl2015/id/waarde/BestandMediaTypeValue/PNG"/><bestandIdentificator>MV_middenspanning_Netbeheerder+Regressie01_0000950346_18O000687</bestandIdentificator></themabijlagePerNetbeheerder></beheerdersinformatie><beheerdersinformatie><thema xlink:href="http://definities.geostandaarden.nl/imkl2015/id/waarde/Thema/hoogspanning"/><eisVoorzorgmaatregel>true</eisVoorzorgmaatregel><themabijlagePerNetbeheerder><soortBijlage>themabijlage</soortBijlage><bestandLocatie>bronnen/TS1376/TB_hoogspanning_Netbeheerder+Regressie01_0000950346_18O000687_overig.pdf</bestandLocatie><bestandMediaType xlink:href="http://definities.geostandaarden.nl/imkl2015/id/waarde/BestandMediaTypeValue/PDF"/><bestandIdentificator>TB_hoogspanning_Netbeheerder+Regressie01_0000950346_18O000687_overig</bestandIdentificator></themabijlagePerNetbeheerder><themabijlagePerNetbeheerder><soortBijlage>detailkaart</soortBijlage><bestandLocatie>bronnen/TS1376/DK_hoogspanning_Netbeheerder+Regressie01_0000950346_18O000687_aansluiting.pdf</bestandLocatie><bestandMediaType xlink:href="http://definities.geostandaarden.nl/imkl2015/id/waarde/BestandMediaTypeValue/PNG"/><bestandIdentificator>DK_hoogspanning_Netbeheerder+Regressie01_0000950346_18O000687_aansluiting</bestandIdentificator></themabijlagePerNetbeheerder><themabijlagePerNetbeheerder><soortBijlage>detailkaart</soortBijlage><bestandLocatie>bronnen/TS1376/DK_hoogspanning_Netbeheerder+Regressie01_0000950346_18O000687_profielschets.pdf</bestandLocatie><bestandMediaType xlink:href="http://definities.geostandaarden.nl/imkl2015/id/waarde/BestandMediaTypeValue/PNG"/><bestandIdentificator>DK_hoogspanning_Netbeheerder+Regressie01_0000950346_18O000687_profielschets</bestandIdentificator></themabijlagePerNetbeheerder><themabijlagePerNetbeheerder><soortBijlage>eisVoorzorgsmaatregel</soortBijlage><bestandLocatie>bronnen/TS1376/EV_hoogspanning_Netbeheerder+Regressie01_0000950346_18O000687.pdf</bestandLocatie><bestandMediaType xlink:href="http://definities.geostandaarden.nl/imkl2015/id/waarde/BestandMediaTypeValue/PDF"/><bestandIdentificator>EV_hoogspanning_Netbeheerder+Regressie01_0000950346_18O000687</bestandIdentificator></themabijlagePerNetbeheerder><themabijlagePerNetbeheerder><soortBijlage>annotatie</soortBijlage><bestandLocatie>bronnen/TS1376/AN_hoogspanning_Netbeheerder+Regressie01_0000950346_18O000687.png</bestandLocatie><bestandMediaType xlink:href="http://definities.geostandaarden.nl/imkl2015/id/waarde/BestandMediaTypeValue/PNG"/><bestandIdentificator>AN_hoogspanning_Netbeheerder+Regressie01_0000950346_18O000687</bestandIdentificator></themabijlagePerNetbeheerder><themabijlagePerNetbeheerder><soortBijlage>huisaansluiting</soortBijlage><bestandLocatie>bronnen/TS1376/HA_hoogspanning_Netbeheerder+Regressie01_0000950346_18O000687_6828RE_37.pdf</bestandLocatie><bestandMediaType xlink:href="http://definities.geostandaarden.nl/imkl2015/id/waarde/BestandMediaTypeValue/PDF"/><bestandIdentificator>HA_hoogspanning_Netbeheerder+Regressie01_0000950346_18O000687_6828RE_37</bestandIdentificator></themabijlagePerNetbeheerder><themabijlagePerNetbeheerder><soortBijlage>ligging</soortBijlage><bestandLocatie>bronnen/TS1376/LG_hoogspanning_Netbeheerder+Regressie01_0000950346_18O000687.png</bestandLocatie><bestandMediaType xlink:href="http://definities.geostandaarden.nl/imkl2015/id/waarde/BestandMediaTypeValue/PNG"/><bestandIdentificator>LG_hoogspanning_Netbeheerder+Regressie01_0000950346_18O000687</bestandIdentificator></themabijlagePerNetbeheerder><themabijlagePerNetbeheerder><soortBijlage>maatvoering</soortBijlage><bestandLocatie>bronnen/TS1376/MV_hoogspanning_Netbeheerder+Regressie01_0000950346_18O000687.png</bestandLocatie><bestandMediaType xlink:href="http://definities.geostandaarden.nl/imkl2015/id/waarde/BestandMediaTypeValue/PNG"/><bestandIdentificator>MV_hoogspanning_Netbeheerder+Regressie01_0000950346_18O000687</bestandIdentificator></themabijlagePerNetbeheerder><themabijlagePerNetbeheerder><soortBijlage>huisaansluiting</soortBijlage><bestandLocatie>bronnen/TS1376/HA_hoogspanning_Netbeheerder+Regressie01_0000950346_18O000687_6828RE_35.pdf</bestandLocatie><bestandMediaType xlink:href="http://definities.geostandaarden.nl/imkl2015/id/waarde/BestandMediaTypeValue/PDF"/><bestandIdentificator>HA_hoogspanning_Netbeheerder+Regressie01_0000950346_18O000687_6828RE_35</bestandIdentificator></themabijlagePerNetbeheerder></beheerdersinformatie><beheerdersinformatie><thema xlink:href="http://definities.geostandaarden.nl/imkl2015/id/waarde/Thema/overig"/><eisVoorzorgmaatregel>true</eisVoorzorgmaatregel><themabijlagePerNetbeheerder><soortBijlage>detailkaart</soortBijlage><bestandLocatie>bronnen/TS1376/DK_overig_Netbeheerder+Regressie01_0000950346_18O000687_aansluiting.pdf</bestandLocatie><bestandMediaType xlink:href="http://definities.geostandaarden.nl/imkl2015/id/waarde/BestandMediaTypeValue/PNG"/><bestandIdentificator>DK_overig_Netbeheerder+Regressie01_0000950346_18O000687_aansluiting</bestandIdentificator></themabijlagePerNetbeheerder><themabijlagePerNetbeheerder><soortBijlage>maatvoering</soortBijlage><bestandLocatie>bronnen/TS1376/MV_overig_Netbeheerder+Regressie01_0000950346_18O000687.png</bestandLocatie><bestandMediaType xlink:href="http://definities.geostandaarden.nl/imkl2015/id/waarde/BestandMediaTypeValue/PNG"/><bestandIdentificator>MV_overig_Netbeheerder+Regressie01_0000950346_18O000687</bestandIdentificator></themabijlagePerNetbeheerder><themabijlagePerNetbeheerder><soortBijlage>huisaansluiting</soortBijlage><bestandLocatie>bronnen/TS1376/HA_overig_Netbeheerder+Regressie01_0000950346_18O000687_6828RE_35.pdf</bestandLocatie><bestandMediaType xlink:href="http://definities.geostandaarden.nl/imkl2015/id/waarde/BestandMediaTypeValue/PDF"/><bestandIdentificator>HA_overig_Netbeheerder+Regressie01_0000950346_18O000687_6828RE_35</bestandIdentificator></themabijlagePerNetbeheerder><themabijlagePerNetbeheerder><soortBijlage>huisaansluiting</soortBijlage><bestandLocatie>bronnen/TS1376/HA_overig_Netbeheerder+Regressie01_0000950346_18O000687_6828RE_37.pdf</bestandLocatie><bestandMediaType xlink:href="http://definities.geostandaarden.nl/imkl2015/id/waarde/BestandMediaTypeValue/PDF"/><bestandIdentificator>HA_overig_Netbeheerder+Regressie01_0000950346_18O000687_6828RE_37</bestandIdentificator></themabijlagePerNetbeheerder><themabijlagePerNetbeheerder><soortBijlage>detailkaart</soortBijlage><bestandLocatie>bronnen/TS1376/DK_overig_Netbeheerder+Regressie01_0000950346_18O000687_profielschets.pdf</bestandLocatie><bestandMediaType xlink:href="http://definities.geostandaarden.nl/imkl2015/id/waarde/BestandMediaTypeValue/PNG"/><bestandIdentificator>DK_overig_Netbeheerder+Regressie01_0000950346_18O000687_profielschets</bestandIdentificator></themabijlagePerNetbeheerder><themabijlagePerNetbeheerder><soortBijlage>eisVoorzorgsmaatregel</soortBijlage><bestandLocatie>bronnen/TS1376/EV_overig_Netbeheerder+Regressie01_0000950346_18O000687.pdf</bestandLocatie><bestandMediaType xlink:href="http://definities.geostandaarden.nl/imkl2015/id/waarde/BestandMediaTypeValue/PDF"/><bestandIdentificator>EV_overig_Netbeheerder+Regressie01_0000950346_18O000687</bestandIdentificator></themabijlagePerNetbeheerder><themabijlagePerNetbeheerder><soortBijlage>themabijlage</soortBijlage><bestandLocatie>bronnen/TS1376/TB_overig_Netbeheerder+Regressie01_0000950346_18O000687_overig.pdf</bestandLocatie><bestandMediaType xlink:href="http://definities.geostandaarden.nl/imkl2015/id/waarde/BestandMediaTypeValue/PDF"/><bestandIdentificator>TB_overig_Netbeheerder+Regressie01_0000950346_18O000687_overig</bestandIdentificator></themabijlagePerNetbeheerder><themabijlagePerNetbeheerder><soortBijlage>annotatie</soortBijlage><bestandLocatie>bronnen/TS1376/AN_overig_Netbeheerder+Regressie01_0000950346_18O000687.png</bestandLocatie><bestandMediaType xlink:href="http://definities.geostandaarden.nl/imkl2015/id/waarde/BestandMediaTypeValue/PNG"/><bestandIdentificator>AN_overig_Netbeheerder+Regressie01_0000950346_18O000687</bestandIdentificator></themabijlagePerNetbeheerder><themabijlagePerNetbeheerder><soortBijlage>ligging</soortBijlage><bestandLocatie>bronnen/TS1376/LG_overig_Netbeheerder+Regressie01_0000950346_18O000687.png</bestandLocatie><bestandMediaType xlink:href="http://definities.geostandaarden.nl/imkl2015/id/waarde/BestandMediaTypeValue/PNG"/><bestandIdentificator>LG_overig_Netbeheerder+Regressie01_0000950346_18O000687</bestandIdentificator></themabijlagePerNetbeheerder></beheerdersinformatie><beheerdersinformatie><thema xlink:href="http://definities.geostandaarden.nl/imkl2015/id/waarde/Thema/rioolVrijverval"/><eisVoorzorgmaatregel>true</eisVoorzorgmaatregel><themabijlagePerNetbeheerder><soortBijlage>huisaansluiting</soortBijlage><bestandLocatie>bronnen/TS1376/HA_riool+vrijverval_Netbeheerder+Regressie01_0000950346_18O000687_6828RE_35.pdf</bestandLocatie><bestandMediaType xlink:href="http://definities.geostandaarden.nl/imkl2015/id/waarde/BestandMediaTypeValue/PDF"/><bestandIdentificator>HA_riool+vrijverval_Netbeheerder+Regressie01_0000950346_18O000687_6828RE_35</bestandIdentificator></themabijlagePerNetbeheerder><themabijlagePerNetbeheerder><soortBijlage>huisaansluiting</soortBijlage><bestandLocatie>bronnen/TS1376/HA_riool+vrijverval_Netbeheerder+Regressie01_0000950346_18O000687_6828RE_37.pdf</bestandLocatie><bestandMediaType xlink:href="http://definities.geostandaarden.nl/imkl2015/id/waarde/BestandMediaTypeValue/PDF"/><bestandIdentificator>HA_riool+vrijverval_Netbeheerder+Regressie01_0000950346_18O000687_6828RE_37</bestandIdentificator></themabijlagePerNetbeheerder><themabijlagePerNetbeheerder><soortBijlage>eisVoorzorgsmaatregel</soortBijlage><bestandLocatie>bronnen/TS1376/EV_riool+vrijverval_Netbeheerder+Regressie01_0000950346_18O000687.pdf</bestandLocatie><bestandMediaType xlink:href="http://definities.geostandaarden.nl/imkl2015/id/waarde/BestandMediaTypeValue/PDF"/><bestandIdentificator>EV_riool+vrijverval_Netbeheerder+Regressie01_0000950346_18O000687</bestandIdentificator></themabijlagePerNetbeheerder><themabijlagePerNetbeheerder><soortBijlage>detailkaart</soortBijlage><bestandLocatie>bronnen/TS1376/DK_riool+vrijverval_Netbeheerder+Regressie01_0000950346_18O000687_profielschets.pdf</bestandLocatie><bestandMediaType xlink:href="http://definities.geostandaarden.nl/imkl2015/id/waarde/BestandMediaTypeValue/PNG"/><bestandIdentificator>DK_riool+vrijverval_Netbeheerder+Regressie01_0000950346_18O000687_profielschets</bestandIdentificator></themabijlagePerNetbeheerder><themabijlagePerNetbeheerder><soortBijlage>detailkaart</soortBijlage><bestandLocatie>bronnen/TS1376/DK_riool+vrijverval_Netbeheerder+Regressie01_0000950346_18O000687_aansluiting.pdf</bestandLocatie><bestandMediaType xlink:href="http://definities.geostandaarden.nl/imkl2015/id/waarde/BestandMediaTypeValue/PNG"/><bestandIdentificator>DK_riool+vrijverval_Netbeheerder+Regressie01_0000950346_18O000687_aansluiting</bestandIdentificator></themabijlagePerNetbeheerder><themabijlagePerNetbeheerder><soortBijlage>themabijlage</soortBijlage><bestandLocatie>bronnen/TS1376/TB_riool+vrijverval_Netbeheerder+Regressie01_0000950346_18O000687_overig.pdf</bestandLocatie><bestandMediaType xlink:href="http://definities.geostandaarden.nl/imkl2015/id/waarde/BestandMediaTypeValue/PDF"/><bestandIdentificator>TB_riool+vrijverval_Netbeheerder+Regressie01_0000950346_18O000687_overig</bestandIdentificator></themabijlagePerNetbeheerder><themabijlagePerNetbeheerder><soortBijlage>annotatie</soortBijlage><bestandLocatie>bronnen/TS1376/AN_riool+vrijverval_Netbeheerder+Regressie01_0000950346_18O000687.png</bestandLocatie><bestandMediaType xlink:href="http://definities.geostandaarden.nl/imkl2015/id/waarde/BestandMediaTypeValue/PNG"/><bestandIdentificator>AN_riool+vrijverval_Netbeheerder+Regressie01_0000950346_18O000687</bestandIdentificator></themabijlagePerNetbeheerder><themabijlagePerNetbeheerder><soortBijlage>ligging</soortBijlage><bestandLocatie>bronnen/TS1376/LG_riool+vrijverval_Netbeheerder+Regressie01_0000950346_18O000687.png</bestandLocatie><bestandMediaType xlink:href="http://definities.geostandaarden.nl/imkl2015/id/waarde/BestandMediaTypeValue/PNG"/><bestandIdentificator>LG_riool+vrijverval_Netbeheerder+Regressie01_0000950346_18O000687</bestandIdentificator></themabijlagePerNetbeheerder><themabijlagePerNetbeheerder><soortBijlage>maatvoering</soortBijlage><bestandLocatie>bronnen/TS1376/MV_riool+vrijverval_Netbeheerder+Regressie01_0000950346_18O000687.png</bestandLocatie><bestandMediaType xlink:href="http://definities.geostandaarden.nl/imkl2015/id/waarde/BestandMediaTypeValue/PNG"/><bestandIdentificator>MV_riool+vrijverval_Netbeheerder+Regressie01_0000950346_18O000687</bestandIdentificator></themabijlagePerNetbeheerder></beheerdersinformatie><beheerdersinformatie><thema xlink:href="http://definities.geostandaarden.nl/imkl2015/id/waarde/Thema/laagspanning"/><eisVoorzorgmaatregel>true</eisVoorzorgmaatregel><themabijlagePerNetbeheerder><soortBijlage>huisaansluiting</soortBijlage><bestandLocatie>bronnen/TS1376/HA_laagspanning_Netbeheerder+Regressie01_0000950346_18O000687_6828RE_37.pdf</bestandLocatie><bestandMediaType xlink:href="http://definities.geostandaarden.nl/imkl2015/id/waarde/BestandMediaTypeValue/PDF"/><bestandIdentificator>HA_laagspanning_Netbeheerder+Regressie01_0000950346_18O000687_6828RE_37</bestandIdentificator></themabijlagePerNetbeheerder><themabijlagePerNetbeheerder><soortBijlage>themabijlage</soortBijlage><bestandLocatie>bronnen/TS1376/TB_laagspanning_Netbeheerder+Regressie01_0000950346_18O000687_overig.pdf</bestandLocatie><bestandMediaType xlink:href="http://definities.geostandaarden.nl/imkl2015/id/waarde/BestandMediaTypeValue/PDF"/><bestandIdentificator>TB_laagspanning_Netbeheerder+Regressie01_0000950346_18O000687_overig</bestandIdentificator></themabijlagePerNetbeheerder><themabijlagePerNetbeheerder><soortBijlage>detailkaart</soortBijlage><bestandLocatie>bronnen/TS1376/DK_laagspanning_Netbeheerder+Regressie01_0000950346_18O000687_profielschets.pdf</bestandLocatie><bestandMediaType xlink:href="http://definities.geostandaarden.nl/imkl2015/id/waarde/BestandMediaTypeValue/PNG"/><bestandIdentificator>DK_laagspanning_Netbeheerder+Regressie01_0000950346_18O000687_profielschets</bestandIdentificator></themabijlagePerNetbeheerder><themabijlagePerNetbeheerder><soortBijlage>eisVoorzorgsmaatregel</soortBijlage><bestandLocatie>bronnen/TS1376/EV_laagspanning_Netbeheerder+Regressie01_0000950346_18O000687.pdf</bestandLocatie><bestandMediaType xlink:href="http://definities.geostandaarden.nl/imkl2015/id/waarde/BestandMediaTypeValue/PDF"/><bestandIdentificator>EV_laagspanning_Netbeheerder+Regressie01_0000950346_18O000687</bestandIdentificator></themabijlagePerNetbeheerder><themabijlagePerNetbeheerder><soortBijlage>detailkaart</soortBijlage><bestandLocatie>bronnen/TS1376/DK_laagspanning_Netbeheerder+Regressie01_0000950346_18O000687_aansluiting.pdf</bestandLocatie><bestandMediaType xlink:href="http://definities.geostandaarden.nl/imkl2015/id/waarde/BestandMediaTypeValue/PNG"/><bestandIdentificator>DK_laagspanning_Netbeheerder+Regressie01_0000950346_18O000687_aansluiting</bestandIdentificator></themabijlagePerNetbeheerder><themabijlagePerNetbeheerder><soortBijlage>annotatie</soortBijlage><bestandLocatie>bronnen/TS1376/AN_laagspanning_Netbeheerder+Regressie01_0000950346_18O000687.png</bestandLocatie><bestandMediaType xlink:href="http://definities.geostandaarden.nl/imkl2015/id/waarde/BestandMediaTypeValue/PNG"/><bestandIdentificator>AN_laagspanning_Netbeheerder+Regressie01_0000950346_18O000687</bestandIdentificator></themabijlagePerNetbeheerder><themabijlagePerNetbeheerder><soortBijlage>maatvoering</soortBijlage><bestandLocatie>bronnen/TS1376/MV_laagspanning_Netbeheerder+Regressie01_0000950346_18O000687.png</bestandLocatie><bestandMediaType xlink:href="http://definities.geostandaarden.nl/imkl2015/id/waarde/BestandMediaTypeValue/PNG"/><bestandIdentificator>MV_laagspanning_Netbeheerder+Regressie01_0000950346_18O000687</bestandIdentificator></themabijlagePerNetbeheerder><themabijlagePerNetbeheerder><soortBijlage>ligging</soortBijlage><bestandLocatie>bronnen/TS1376/LG_laagspanning_Netbeheerder+Regressie01_0000950346_18O000687.png</bestandLocatie><bestandMediaType xlink:href="http://definities.geostandaarden.nl/imkl2015/id/waarde/BestandMediaTypeValue/PNG"/><bestandIdentificator>LG_laagspanning_Netbeheerder+Regressie01_0000950346_18O000687</bestandIdentificator></themabijlagePerNetbeheerder><themabijlagePerNetbeheerder><soortBijlage>huisaansluiting</soortBijlage><bestandLocatie>bronnen/TS1376/HA_laagspanning_Netbeheerder+Regressie01_0000950346_18O000687_6828RE_35.pdf</bestandLocatie><bestandMediaType xlink:href="http://definities.geostandaarden.nl/imkl2015/id/waarde/BestandMediaTypeValue/PDF"/><bestandIdentificator>HA_laagspanning_Netbeheerder+Regressie01_0000950346_18O000687_6828RE_35</bestandIdentificator></themabijlagePerNetbeheerder></beheerdersinformatie><beheerdersinformatie><thema xlink:href="http://definities.geostandaarden.nl/imkl2015/id/waarde/Thema/warmte"/><eisVoorzorgmaatregel>true</eisVoorzorgmaatregel><themabijlagePerNetbeheerder><soortBijlage>detailkaart</soortBijlage><bestandLocatie>bronnen/TS1376/DK_warmte_Netbeheerder+Regressie01_0000950346_18O000687_aansluiting.pdf</bestandLocatie><bestandMediaType xlink:href="http://definities.geostandaarden.nl/imkl2015/id/waarde/BestandMediaTypeValue/PNG"/><bestandIdentificator>DK_warmte_Netbeheerder+Regressie01_0000950346_18O000687_aansluiting</bestandIdentificator></themabijlagePerNetbeheerder><themabijlagePerNetbeheerder><soortBijlage>annotatie</soortBijlage><bestandLocatie>bronnen/TS1376/AN_warmte_Netbeheerder+Regressie01_0000950346_18O000687.png</bestandLocatie><bestandMediaType xlink:href="http://definities.geostandaarden.nl/imkl2015/id/waarde/BestandMediaTypeValue/PNG"/><bestandIdentificator>AN_warmte_Netbeheerder+Regressie01_0000950346_18O000687</bestandIdentificator></themabijlagePerNetbeheerder><themabijlagePerNetbeheerder><soortBijlage>themabijlage</soortBijlage><bestandLocatie>bronnen/TS1376/TB_warmte_Netbeheerder+Regressie01_0000950346_18O000687_overig.pdf</bestandLocatie><bestandMediaType xlink:href="http://definities.geostandaarden.nl/imkl2015/id/waarde/BestandMediaTypeValue/PDF"/><bestandIdentificator>TB_warmte_Netbeheerder+Regressie01_0000950346_18O000687_overig</bestandIdentificator></themabijlagePerNetbeheerder><themabijlagePerNetbeheerder><soortBijlage>ligging</soortBijlage><bestandLocatie>bronnen/TS1376/LG_warmte_Netbeheerder+Regressie01_0000950346_18O000687.png</bestandLocatie><bestandMediaType xlink:href="http://definities.geostandaarden.nl/imkl2015/id/waarde/BestandMediaTypeValue/PNG"/><bestandIdentificator>LG_warmte_Netbeheerder+Regressie01_0000950346_18O000687</bestandIdentificator></themabijlagePerNetbeheerder><themabijlagePerNetbeheerder><soortBijlage>huisaansluiting</soortBijlage><bestandLocatie>bronnen/TS1376/HA_warmte_Netbeheerder+Regressie01_0000950346_18O000687_6828RE_37.pdf</bestandLocatie><bestandMediaType xlink:href="http://definities.geostandaarden.nl/imkl2015/id/waarde/BestandMediaTypeValue/PDF"/><bestandIdentificator>HA_warmte_Netbeheerder+Regressie01_0000950346_18O000687_6828RE_37</bestandIdentificator></themabijlagePerNetbeheerder><themabijlagePerNetbeheerder><soortBijlage>eisVoorzorgsmaatregel</soortBijlage><bestandLocatie>bronnen/TS1376/EV_warmte_Netbeheerder+Regressie01_0000950346_18O000687.pdf</bestandLocatie><bestandMediaType xlink:href="http://definities.geostandaarden.nl/imkl2015/id/waarde/BestandMediaTypeValue/PDF"/><bestandIdentificator>EV_warmte_Netbeheerder+Regressie01_0000950346_18O000687</bestandIdentificator></themabijlagePerNetbeheerder><themabijlagePerNetbeheerder><soortBijlage>detailkaart</soortBijlage><bestandLocatie>bronnen/TS1376/DK_warmte_Netbeheerder+Regressie01_0000950346_18O000687_profielschets.pdf</bestandLocatie><bestandMediaType xlink:href="http://definities.geostandaarden.nl/imkl2015/id/waarde/BestandMediaTypeValue/PNG"/><bestandIdentificator>DK_warmte_Netbeheerder+Regressie01_0000950346_18O000687_profielschets</bestandIdentificator></themabijlagePerNetbeheerder><themabijlagePerNetbeheerder><soortBijlage>huisaansluiting</soortBijlage><bestandLocatie>bronnen/TS1376/HA_warmte_Netbeheerder+Regressie01_0000950346_18O000687_6828RE_35.pdf</bestandLocatie><bestandMediaType xlink:href="http://definities.geostandaarden.nl/imkl2015/id/waarde/BestandMediaTypeValue/PDF"/><bestandIdentificator>HA_warmte_Netbeheerder+Regressie01_0000950346_18O000687_6828RE_35</bestandIdentificator></themabijlagePerNetbeheerder><themabijlagePerNetbeheerder><soortBijlage>maatvoering</soortBijlage><bestandLocatie>bronnen/TS1376/MV_warmte_Netbeheerder+Regressie01_0000950346_18O000687.png</bestandLocatie><bestandMediaType xlink:href="http://definities.geostandaarden.nl/imkl2015/id/waarde/BestandMediaTypeValue/PNG"/><bestandIdentificator>MV_warmte_Netbeheerder+Regressie01_0000950346_18O000687</bestandIdentificator></themabijlagePerNetbeheerder></beheerdersinformatie><beheerdersinformatie><thema xlink:href="http://definities.geostandaarden.nl/imkl2015/id/waarde/Thema/water"/><eisVoorzorgmaatregel>true</eisVoorzorgmaatregel><themabijlagePerNetbeheerder><soortBijlage>ligging</soortBijlage><bestandLocatie>bronnen/TS1376/LG_water_Netbeheerder+Regressie01_0000950346_18O000687.png</bestandLocatie><bestandMediaType xlink:href="http://definities.geostandaarden.nl/imkl2015/id/waarde/BestandMediaTypeValue/PNG"/><bestandIdentificator>LG_water_Netbeheerder+Regressie01_0000950346_18O000687</bestandIdentificator></themabijlagePerNetbeheerder><themabijlagePerNetbeheerder><soortBijlage>detailkaart</soortBijlage><bestandLocatie>bronnen/TS1376/DK_water_Netbeheerder+Regressie01_0000950346_18O000687_profielschets.pdf</bestandLocatie><bestandMediaType xlink:href="http://definities.geostandaarden.nl/imkl2015/id/waarde/BestandMediaTypeValue/PNG"/><bestandIdentificator>DK_water_Netbeheerder+Regressie01_0000950346_18O000687_profielschets</bestandIdentificator></themabijlagePerNetbeheerder><themabijlagePerNetbeheerder><soortBijlage>detailkaart</soortBijlage><bestandLocatie>bronnen/TS1376/DK_water_Netbeheerder+Regressie01_0000950346_18O000687_aansluiting.pdf</bestandLocatie><bestandMediaType xlink:href="http://definities.geostandaarden.nl/imkl2015/id/waarde/BestandMediaTypeValue/PNG"/><bestandIdentificator>DK_water_Netbeheerder+Regressie01_0000950346_18O000687_aansluiting</bestandIdentificator></themabijlagePerNetbeheerder><themabijlagePerNetbeheerder><soortBijlage>themabijlage</soortBijlage><bestandLocatie>bronnen/TS1376/TB_water_Netbeheerder+Regressie01_0000950346_18O000687_overig.pdf</bestandLocatie><bestandMediaType xlink:href="http://definities.geostandaarden.nl/imkl2015/id/waarde/BestandMediaTypeValue/PDF"/><bestandIdentificator>TB_water_Netbeheerder+Regressie01_0000950346_18O000687_overig</bestandIdentificator></themabijlagePerNetbeheerder><themabijlagePerNetbeheerder><soortBijlage>maatvoering</soortBijlage><bestandLocatie>bronnen/TS1376/MV_water_Netbeheerder+Regressie01_0000950346_18O000687.png</bestandLocatie><bestandMediaType xlink:href="http://definities.geostandaarden.nl/imkl2015/id/waarde/BestandMediaTypeValue/PNG"/><bestandIdentificator>MV_water_Netbeheerder+Regressie01_0000950346_18O000687</bestandIdentificator></themabijlagePerNetbeheerder><themabijlagePerNetbeheerder><soortBijlage>annotatie</soortBijlage><bestandLocatie>bronnen/TS1376/AN_water_Netbeheerder+Regressie01_0000950346_18O000687.png</bestandLocatie><bestandMediaType xlink:href="http://definities.geostandaarden.nl/imkl2015/id/waarde/BestandMediaTypeValue/PNG"/><bestandIdentificator>AN_water_Netbeheerder+Regressie01_0000950346_18O000687</bestandIdentificator></themabijlagePerNetbeheerder><themabijlagePerNetbeheerder><soortBijlage>eisVoorzorgsmaatregel</soortBijlage><bestandLocatie>bronnen/TS1376/EV_water_Netbeheerder+Regressie01_0000950346_18O000687.pdf</bestandLocatie><bestandMediaType xlink:href="http://definities.geostandaarden.nl/imkl2015/id/waarde/BestandMediaTypeValue/PDF"/><bestandIdentificator>EV_water_Netbeheerder+Regressie01_0000950346_18O000687</bestandIdentificator></themabijlagePerNetbeheerder><themabijlagePerNetbeheerder><soortBijlage>huisaansluiting</soortBijlage><bestandLocatie>bronnen/TS1376/HA_water_Netbeheerder+Regressie01_0000950346_18O000687_6828RE_35.pdf</bestandLocatie><bestandMediaType xlink:href="http://definities.geostandaarden.nl/imkl2015/id/waarde/BestandMediaTypeValue/PDF"/><bestandIdentificator>HA_water_Netbeheerder+Regressie01_0000950346_18O000687_6828RE_35</bestandIdentificator></themabijlagePerNetbeheerder><themabijlagePerNetbeheerder><soortBijlage>huisaansluiting</soortBijlage><bestandLocatie>bronnen/TS1376/HA_water_Netbeheerder+Regressie01_0000950346_18O000687_6828RE_37.pdf</bestandLocatie><bestandMediaType xlink:href="http://definities.geostandaarden.nl/imkl2015/id/waarde/BestandMediaTypeValue/PDF"/><bestandIdentificator>HA_water_Netbeheerder+Regressie01_0000950346_18O000687_6828RE_37</bestandIdentificator></themabijlagePerNetbeheerder></beheerdersinformatie><beheerdersinformatie><thema xlink:href="http://definities.geostandaarden.nl/imkl2015/id/waarde/Thema/buisleidingGevaarlijkeInhoud"/><eisVoorzorgmaatregel>true</eisVoorzorgmaatregel><themabijlagePerNetbeheerder><soortBijlage>huisaansluiting</soortBijlage><bestandLocatie>bronnen/TS1376/HA_buisleiding+gevaarlijke+inhoud_Netbeheerder+Regressie01_0000950346_18O000687_6828RE_35.pdf</bestandLocatie><bestandMediaType xlink:href="http://definities.geostandaarden.nl/imkl2015/id/waarde/BestandMediaTypeValue/PDF"/><bestandIdentificator>HA_buisleiding+gevaarlijke+inhoud_Netbeheerder+Regressie01_0000950346_18O000687_6828RE_35</bestandIdentificator></themabijlagePerNetbeheerder><themabijlagePerNetbeheerder><soortBijlage>annotatie</soortBijlage><bestandLocatie>bronnen/TS1376/AN_buisleiding+gevaarlijke+inhoud_Netbeheerder+Regressie01_0000950346_18O000687.png</bestandLocatie><bestandMediaType xlink:href="http://definities.geostandaarden.nl/imkl2015/id/waarde/BestandMediaTypeValue/PNG"/><bestandIdentificator>AN_buisleiding+gevaarlijke+inhoud_Netbeheerder+Regressie01_0000950346_18O000687</bestandIdentificator></themabijlagePerNetbeheerder><themabijlagePerNetbeheerder><soortBijlage>eisVoorzorgsmaatregel</soortBijlage><bestandLocatie>bronnen/TS1376/EV_buisleiding+gevaarlijke+inhoud_Netbeheerder+Regressie01_0000950346_18O000687.pdf</bestandLocatie><bestandMediaType xlink:href="http://definities.geostandaarden.nl/imkl2015/id/waarde/BestandMediaTypeValue/PDF"/><bestandIdentificator>EV_buisleiding+gevaarlijke+inhoud_Netbeheerder+Regressie01_0000950346_18O000687</bestandIdentificator></themabijlagePerNetbeheerder><themabijlagePerNetbeheerder><soortBijlage>themabijlage</soortBijlage><bestandLocatie>bronnen/TS1376/TB_buisleiding+gevaarlijke+inhoud_Netbeheerder+Regressie01_0000950346_18O000687_overig.pdf</bestandLocatie><bestandMediaType xlink:href="http://definities.geostandaarden.nl/imkl2015/id/waarde/BestandMediaTypeValue/PDF"/><bestandIdentificator>TB_buisleiding+gevaarlijke+inhoud_Netbeheerder+Regressie01_0000950346_18O000687_overig</bestandIdentificator></themabijlagePerNetbeheerder><themabijlagePerNetbeheerder><soortBijlage>detailkaart</soortBijlage><bestandLocatie>bronnen/TS1376/DK_buisleiding+gevaarlijke+inhoud_Netbeheerder+Regressie01_0000950346_18O000687_profielschets.pdf</bestandLocatie><bestandMediaType xlink:href="http://definities.geostandaarden.nl/imkl2015/id/waarde/BestandMediaTypeValue/PNG"/><bestandIdentificator>DK_buisleiding+gevaarlijke+inhoud_Netbeheerder+Regressie01_0000950346_18O000687_profielschets</bestandIdentificator></themabijlagePerNetbeheerder><themabijlagePerNetbeheerder><soortBijlage>detailkaart</soortBijlage><bestandLocatie>bronnen/TS1376/DK_buisleiding+gevaarlijke+inhoud_Netbeheerder+Regressie01_0000950346_18O000687_aansluiting.pdf</bestandLocatie><bestandMediaType xlink:href="http://definities.geostandaarden.nl/imkl2015/id/waarde/BestandMediaTypeValue/PNG"/><bestandIdentificator>DK_buisleiding+gevaarlijke+inhoud_Netbeheerder+Regressie01_0000950346_18O000687_aansluiting</bestandIdentificator></themabijlagePerNetbeheerder><themabijlagePerNetbeheerder><soortBijlage>maatvoering</soortBijlage><bestandLocatie>bronnen/TS1376/MV_buisleiding+gevaarlijke+inhoud_Netbeheerder+Regressie01_0000950346_18O000687.png</bestandLocatie><bestandMediaType xlink:href="http://definities.geostandaarden.nl/imkl2015/id/waarde/BestandMediaTypeValue/PNG"/><bestandIdentificator>MV_buisleiding+gevaarlijke+inhoud_Netbeheerder+Regressie01_0000950346_18O000687</bestandIdentificator></themabijlagePerNetbeheerder><themabijlagePerNetbeheerder><soortBijlage>ligging</soortBijlage><bestandLocatie>bronnen/TS1376/LG_buisleiding+gevaarlijke+inhoud_Netbeheerder+Regressie01_0000950346_18O000687.png</bestandLocatie><bestandMediaType xlink:href="http://definities.geostandaarden.nl/imkl2015/id/waarde/BestandMediaTypeValue/PNG"/><bestandIdentificator>LG_buisleiding+gevaarlijke+inhoud_Netbeheerder+Regressie01_0000950346_18O000687</bestandIdentificator></themabijlagePerNetbeheerder><themabijlagePerNetbeheerder><soortBijlage>huisaansluiting</soortBijlage><bestandLocatie>bronnen/TS1376/HA_buisleiding+gevaarlijke+inhoud_Netbeheerder+Regressie01_0000950346_18O000687_6828RE_37.pdf</bestandLocatie><bestandMediaType xlink:href="http://definities.geostandaarden.nl/imkl2015/id/waarde/BestandMediaTypeValue/PDF"/><bestandIdentificator>HA_buisleiding+gevaarlijke+inhoud_Netbeheerder+Regressie01_0000950346_18O000687_6828RE_37</bestandIdentificator></themabijlagePerNetbeheerder></beheerdersinformatie><beheerdersinformatie><thema xlink:href="http://definities.geostandaarden.nl/imkl2015/id/waarde/Thema/wees"/><eisVoorzorgmaatregel>true</eisVoorzorgmaatregel><themabijlagePerNetbeheerder><soortBijlage>detailkaart</soortBijlage><bestandLocatie>bronnen/TS1376/DK_wees_Netbeheerder+Regressie01_0000950346_18O000687_profielschets.pdf</bestandLocatie><bestandMediaType xlink:href="http://definities.geostandaarden.nl/imkl2015/id/waarde/BestandMediaTypeValue/PNG"/><bestandIdentificator>DK_wees_Netbeheerder+Regressie01_0000950346_18O000687_profielschets</bestandIdentificator></themabijlagePerNetbeheerder><themabijlagePerNetbeheerder><soortBijlage>huisaansluiting</soortBijlage><bestandLocatie>bronnen/TS1376/HA_wees_Netbeheerder+Regressie01_0000950346_18O000687_6828RE_35.pdf</bestandLocatie><bestandMediaType xlink:href="http://definities.geostandaarden.nl/imkl2015/id/waarde/BestandMediaTypeValue/PDF"/><bestandIdentificator>HA_wees_Netbeheerder+Regressie01_0000950346_18O000687_6828RE_35</bestandIdentificator></themabijlagePerNetbeheerder><themabijlagePerNetbeheerder><soortBijlage>maatvoering</soortBijlage><bestandLocatie>bronnen/TS1376/MV_wees_Netbeheerder+Regressie01_0000950346_18O000687.png</bestandLocatie><bestandMediaType xlink:href="http://definities.geostandaarden.nl/imkl2015/id/waarde/BestandMediaTypeValue/PNG"/><bestandIdentificator>MV_wees_Netbeheerder+Regressie01_0000950346_18O000687</bestandIdentificator></themabijlagePerNetbeheerder><themabijlagePerNetbeheerder><soortBijlage>themabijlage</soortBijlage><bestandLocatie>bronnen/TS1376/TB_wees_Netbeheerder+Regressie01_0000950346_18O000687_overig.pdf</bestandLocatie><bestandMediaType xlink:href="http://definities.geostandaarden.nl/imkl2015/id/waarde/BestandMediaTypeValue/PDF"/><bestandIdentificator>TB_wees_Netbeheerder+Regressie01_0000950346_18O000687_overig</bestandIdentificator></themabijlagePerNetbeheerder><themabijlagePerNetbeheerder><soortBijlage>huisaansluiting</soortBijlage><bestandLocatie>bronnen/TS1376/HA_wees_Netbeheerder+Regressie01_0000950346_18O000687_6828RE_37.pdf</bestandLocatie><bestandMediaType xlink:href="http://definities.geostandaarden.nl/imkl2015/id/waarde/BestandMediaTypeValue/PDF"/><bestandIdentificator>HA_wees_Netbeheerder+Regressie01_0000950346_18O000687_6828RE_37</bestandIdentificator></themabijlagePerNetbeheerder><themabijlagePerNetbeheerder><soortBijlage>eisVoorzorgsmaatregel</soortBijlage><bestandLocatie>bronnen/TS1376/EV_wees_Netbeheerder+Regressie01_0000950346_18O000687.pdf</bestandLocatie><bestandMediaType xlink:href="http://definities.geostandaarden.nl/imkl2015/id/waarde/BestandMediaTypeValue/PDF"/><bestandIdentificator>EV_wees_Netbeheerder+Regressie01_0000950346_18O000687</bestandIdentificator></themabijlagePerNetbeheerder><themabijlagePerNetbeheerder><soortBijlage>detailkaart</soortBijlage><bestandLocatie>bronnen/TS1376/DK_wees_Netbeheerder+Regressie01_0000950346_18O000687_aansluiting.pdf</bestandLocatie><bestandMediaType xlink:href="http://definities.geostandaarden.nl/imkl2015/id/waarde/BestandMediaTypeValue/PNG"/><bestandIdentificator>DK_wees_Netbeheerder+Regressie01_0000950346_18O000687_aansluiting</bestandIdentificator></themabijlagePerNetbeheerder><themabijlagePerNetbeheerder><soortBijlage>ligging</soortBijlage><bestandLocatie>bronnen/TS1376/LG_wees_Netbeheerder+Regressie01_0000950346_18O000687.png</bestandLocatie><bestandMediaType xlink:href="http://definities.geostandaarden.nl/imkl2015/id/waarde/BestandMediaTypeValue/PNG"/><bestandIdentificator>LG_wees_Netbeheerder+Regressie01_0000950346_18O000687</bestandIdentificator></themabijlagePerNetbeheerder><themabijlagePerNetbeheerder><soortBijlage>annotatie</soortBijlage><bestandLocatie>bronnen/TS1376/AN_wees_Netbeheerder+Regressie01_0000950346_18O000687.png</bestandLocatie><bestandMediaType xlink:href="http://definities.geostandaarden.nl/imkl2015/id/waarde/BestandMediaTypeValue/PNG"/><bestandIdentificator>AN_wees_Netbeheerder+Regressie01_0000950346_18O000687</bestandIdentificator></themabijlagePerNetbeheerder></beheerdersinformatie><beheerdersinformatie><thema xlink:href="http://definities.geostandaarden.nl/imkl2015/id/waarde/Thema/landelijkHoogspanningsnet"/><eisVoorzorgmaatregel>true</eisVoorzorgmaatregel><themabijlagePerNetbeheerder><soortBijlage>annotatie</soortBijlage><bestandLocatie>bronnen/TS1376/AN_landelijk+hoogspanningsnet_Netbeheerder+Regressie01_0000950346_18O000687.png</bestandLocatie><bestandMediaType xlink:href="http://definities.geostandaarden.nl/imkl2015/id/waarde/BestandMediaTypeValue/PNG"/><bestandIdentificator>AN_landelijk+hoogspanningsnet_Netbeheerder+Regressie01_0000950346_18O000687</bestandIdentificator></themabijlagePerNetbeheerder><themabijlagePerNetbeheerder><soortBijlage>themabijlage</soortBijlage><bestandLocatie>bronnen/TS1376/TB_landelijk+hoogspanningsnet_Netbeheerder+Regressie01_0000950346_18O000687_overig.pdf</bestandLocatie><bestandMediaType xlink:href="http://definities.geostandaarden.nl/imkl2015/id/waarde/BestandMediaTypeValue/PDF"/><bestandIdentificator>TB_landelijk+hoogspanningsnet_Netbeheerder+Regressie01_0000950346_18O000687_overig</bestandIdentificator></themabijlagePerNetbeheerder><themabijlagePerNetbeheerder><soortBijlage>detailkaart</soortBijlage><bestandLocatie>bronnen/TS1376/DK_landelijk+hoogspanningsnet_Netbeheerder+Regressie01_0000950346_18O000687_aansluiting.pdf</bestandLocatie><bestandMediaType xlink:href="http://definities.geostandaarden.nl/imkl2015/id/waarde/BestandMediaTypeValue/PNG"/><bestandIdentificator>DK_landelijk+hoogspanningsnet_Netbeheerder+Regressie01_0000950346_18O000687_aansluiting</bestandIdentificator></themabijlagePerNetbeheerder><themabijlagePerNetbeheerder><soortBijlage>ligging</soortBijlage><bestandLocatie>bronnen/TS1376/LG_landelijk+hoogspanningsnet_Netbeheerder+Regressie01_0000950346_18O000687.png</bestandLocatie><bestandMediaType xlink:href="http://definities.geostandaarden.nl/imkl2015/id/waarde/BestandMediaTypeValue/PNG"/><bestandIdentificator>LG_landelijk+hoogspanningsnet_Netbeheerder+Regressie01_0000950346_18O000687</bestandIdentificator></themabijlagePerNetbeheerder><themabijlagePerNetbeheerder><soortBijlage>maatvoering</soortBijlage><bestandLocatie>bronnen/TS1376/MV_landelijk+hoogspanningsnet_Netbeheerder+Regressie01_0000950346_18O000687.png</bestandLocatie><bestandMediaType xlink:href="http://definities.geostandaarden.nl/imkl2015/id/waarde/BestandMediaTypeValue/PNG"/><bestandIdentificator>MV_landelijk+hoogspanningsnet_Netbeheerder+Regressie01_0000950346_18O000687</bestandIdentificator></themabijlagePerNetbeheerder><themabijlagePerNetbeheerder><soortBijlage>detailkaart</soortBijlage><bestandLocatie>bronnen/TS1376/DK_landelijk+hoogspanningsnet_Netbeheerder+Regressie01_0000950346_18O000687_profielschets.pdf</bestandLocatie><bestandMediaType xlink:href="http://definities.geostandaarden.nl/imkl2015/id/waarde/BestandMediaTypeValue/PNG"/><bestandIdentificator>DK_landelijk+hoogspanningsnet_Netbeheerder+Regressie01_0000950346_18O000687_profielschets</bestandIdentificator></themabijlagePerNetbeheerder><themabijlagePerNetbeheerder><soortBijlage>huisaansluiting</soortBijlage><bestandLocatie>bronnen/TS1376/HA_landelijk+hoogspanningsnet_Netbeheerder+Regressie01_0000950346_18O000687_6828RE_37.pdf</bestandLocatie><bestandMediaType xlink:href="http://definities.geostandaarden.nl/imkl2015/id/waarde/BestandMediaTypeValue/PDF"/><bestandIdentificator>HA_landelijk+hoogspanningsnet_Netbeheerder+Regressie01_0000950346_18O000687_6828RE_37</bestandIdentificator></themabijlagePerNetbeheerder><themabijlagePerNetbeheerder><soortBijlage>eisVoorzorgsmaatregel</soortBijlage><bestandLocatie>bronnen/TS1376/EV_landelijk+hoogspanningsnet_Netbeheerder+Regressie01_0000950346_18O000687.pdf</bestandLocatie><bestandMediaType xlink:href="http://definities.geostandaarden.nl/imkl2015/id/waarde/BestandMediaTypeValue/PDF"/><bestandIdentificator>EV_landelijk+hoogspanningsnet_Netbeheerder+Regressie01_0000950346_18O000687</bestandIdentificator></themabijlagePerNetbeheerder><themabijlagePerNetbeheerder><soortBijlage>huisaansluiting</soortBijlage><bestandLocatie>bronnen/TS1376/HA_landelijk+hoogspanningsnet_Netbeheerder+Regressie01_0000950346_18O000687_6828RE_35.pdf</bestandLocatie><bestandMediaType xlink:href="http://definities.geostandaarden.nl/imkl2015/id/waarde/BestandMediaTypeValue/PDF"/><bestandIdentificator>HA_landelijk+hoogspanningsnet_Netbeheerder+Regressie01_0000950346_18O000687_6828RE_35</bestandIdentificator></themabijlagePerNetbeheerder></beheerdersinformatie><beheerdersinformatie><thema xlink:href="http://definities.geostandaarden.nl/imkl2015/id/waarde/Thema/datatransport"/><eisVoorzorgmaatregel>true</eisVoorzorgmaatregel><themabijlagePerNetbeheerder><soortBijlage>eisVoorzorgsmaatregel</soortBijlage><bestandLocatie>bronnen/TS1376/EV_datatransport_Netbeheerder+Regressie01_0000950346_18O000687.pdf</bestandLocatie><bestandMediaType xlink:href="http://definities.geostandaarden.nl/imkl2015/id/waarde/BestandMediaTypeValue/PDF"/><bestandIdentificator>EV_datatransport_Netbeheerder+Regressie01_0000950346_18O000687</bestandIdentificator></themabijlagePerNetbeheerder><themabijlagePerNetbeheerder><soortBijlage>detailkaart</soortBijlage><bestandLocatie>bronnen/TS1376/DK_datatransport_Netbeheerder+Regressie01_0000950346_18O000687_aansluiting.pdf</bestandLocatie><bestandMediaType xlink:href="http://definities.geostandaarden.nl/imkl2015/id/waarde/BestandMediaTypeValue/PNG"/><bestandIdentificator>DK_datatransport_Netbeheerder+Regressie01_0000950346_18O000687_aansluiting</bestandIdentificator></themabijlagePerNetbeheerder><themabijlagePerNetbeheerder><soortBijlage>annotatie</soortBijlage><bestandLocatie>bronnen/TS1376/AN_datatransport_Netbeheerder+Regressie01_0000950346_18O000687.png</bestandLocatie><bestandMediaType xlink:href="http://definities.geostandaarden.nl/imkl2015/id/waarde/BestandMediaTypeValue/PNG"/><bestandIdentificator>AN_datatransport_Netbeheerder+Regressie01_0000950346_18O000687</bestandIdentificator></themabijlagePerNetbeheerder><themabijlagePerNetbeheerder><soortBijlage>huisaansluiting</soortBijlage><bestandLocatie>bronnen/TS1376/HA_datatransport_Netbeheerder+Regressie01_0000950346_18O000687_6828RE_37.pdf</bestandLocatie><bestandMediaType xlink:href="http://definities.geostandaarden.nl/imkl2015/id/waarde/BestandMediaTypeValue/PDF"/><bestandIdentificator>HA_datatransport_Netbeheerder+Regressie01_0000950346_18O000687_6828RE_37</bestandIdentificator></themabijlagePerNetbeheerder><themabijlagePerNetbeheerder><soortBijlage>themabijlage</soortBijlage><bestandLocatie>bronnen/TS1376/TB_datatransport_Netbeheerder+Regressie01_0000950346_18O000687_overig.pdf</bestandLocatie><bestandMediaType xlink:href="http://definities.geostandaarden.nl/imkl2015/id/waarde/BestandMediaTypeValue/PDF"/><bestandIdentificator>TB_datatransport_Netbeheerder+Regressie01_0000950346_18O000687_overig</bestandIdentificator></themabijlagePerNetbeheerder><themabijlagePerNetbeheerder><soortBijlage>detailkaart</soortBijlage><bestandLocatie>bronnen/TS1376/DK_datatransport_Netbeheerder+Regressie01_0000950346_18O000687_profielschets.pdf</bestandLocatie><bestandMediaType xlink:href="http://definities.geostandaarden.nl/imkl2015/id/waarde/BestandMediaTypeValue/PNG"/><bestandIdentificator>DK_datatransport_Netbeheerder+Regressie01_0000950346_18O000687_profielschets</bestandIdentificator></themabijlagePerNetbeheerder><themabijlagePerNetbeheerder><soortBijlage>maatvoering</soortBijlage><bestandLocatie>bronnen/TS1376/MV_datatransport_Netbeheerder+Regressie01_0000950346_18O000687.png</bestandLocatie><bestandMediaType xlink:href="http://definities.geostandaarden.nl/imkl2015/id/waarde/BestandMediaTypeValue/PNG"/><bestandIdentificator>MV_datatransport_Netbeheerder+Regressie01_0000950346_18O000687</bestandIdentificator></themabijlagePerNetbeheerder><themabijlagePerNetbeheerder><soortBijlage>huisaansluiting</soortBijlage><bestandLocatie>bronnen/TS1376/HA_datatransport_Netbeheerder+Regressie01_0000950346_18O000687_6828RE_35.pdf</bestandLocatie><bestandMediaType xlink:href="http://definities.geostandaarden.nl/imkl2015/id/waarde/BestandMediaTypeValue/PDF"/><bestandIdentificator>HA_datatransport_Netbeheerder+Regressie01_0000950346_18O000687_6828RE_35</bestandIdentificator></themabijlagePerNetbeheerder><themabijlagePerNetbeheerder><soortBijlage>ligging</soortBijlage><bestandLocatie>bronnen/TS1376/LG_datatransport_Netbeheerder+Regressie01_0000950346_18O000687.png</bestandLocatie><bestandMediaType xlink:href="http://definities.geostandaarden.nl/imkl2015/id/waarde/BestandMediaTypeValue/PNG"/><bestandIdentificator>LG_datatransport_Netbeheerder+Regressie01_0000950346_18O000687</bestandIdentificator></themabijlagePerNetbeheerder></beheerdersinformatie><beheerdersinformatie><thema xlink:href="http://definities.geostandaarden.nl/imkl2015/id/waarde/Thema/petrochemie"/><eisVoorzorgmaatregel>true</eisVoorzorgmaatregel><themabijlagePerNetbeheerder><soortBijlage>ligging</soortBijlage><bestandLocatie>bronnen/TS1376/LG_(petro)+chemie_Netbeheerder+Regressie01_0000950346_18O000687.png</bestandLocatie><bestandMediaType xlink:href="http://definities.geostandaarden.nl/imkl2015/id/waarde/BestandMediaTypeValue/PNG"/><bestandIdentificator>LG_(petro)+chemie_Netbeheerder+Regressie01_0000950346_18O000687</bestandIdentificator></themabijlagePerNetbeheerder><themabijlagePerNetbeheerder><soortBijlage>detailkaart</soortBijlage><bestandLocatie>bronnen/TS1376/DK_(petro)+chemie_Netbeheerder+Regressie01_0000950346_18O000687_aansluiting.pdf</bestandLocatie><bestandMediaType xlink:href="http://definities.geostandaarden.nl/imkl2015/id/waarde/BestandMediaTypeValue/PNG"/><bestandIdentificator>DK_(petro)+chemie_Netbeheerder+Regressie01_0000950346_18O000687_aansluiting</bestandIdentificator></themabijlagePerNetbeheerder><themabijlagePerNetbeheerder><soortBijlage>annotatie</soortBijlage><bestandLocatie>bronnen/TS1376/AN_(petro)+chemie_Netbeheerder+Regressie01_0000950346_18O000687.png</bestandLocatie><bestandMediaType xlink:href="http://definities.geostandaarden.nl/imkl2015/id/waarde/BestandMediaTypeValue/PNG"/><bestandIdentificator>AN_(petro)+chemie_Netbeheerder+Regressie01_0000950346_18O000687</bestandIdentificator></themabijlagePerNetbeheerder><themabijlagePerNetbeheerder><soortBijlage>detailkaart</soortBijlage><bestandLocatie>bronnen/TS1376/DK_(petro)+chemie_Netbeheerder+Regressie01_0000950346_18O000687_profielschets.pdf</bestandLocatie><bestandMediaType xlink:href="http://definities.geostandaarden.nl/imkl2015/id/waarde/BestandMediaTypeValue/PNG"/><bestandIdentificator>DK_(petro)+chemie_Netbeheerder+Regressie01_0000950346_18O000687_profielschets</bestandIdentificator></themabijlagePerNetbeheerder><themabijlagePerNetbeheerder><soortBijlage>eisVoorzorgsmaatregel</soortBijlage><bestandLocatie>bronnen/TS1376/EV_(petro)+chemie_Netbeheerder+Regressie01_0000950346_18O000687.pdf</bestandLocatie><bestandMediaType xlink:href="http://definities.geostandaarden.nl/imkl2015/id/waarde/BestandMediaTypeValue/PDF"/><bestandIdentificator>EV_(petro)+chemie_Netbeheerder+Regressie01_0000950346_18O000687</bestandIdentificator></themabijlagePerNetbeheerder><themabijlagePerNetbeheerder><soortBijlage>huisaansluiting</soortBijlage><bestandLocatie>bronnen/TS1376/HA_(petro)+chemie_Netbeheerder+Regressie01_0000950346_18O000687_6828RE_37.pdf</bestandLocatie><bestandMediaType xlink:href="http://definities.geostandaarden.nl/imkl2015/id/waarde/BestandMediaTypeValue/PDF"/><bestandIdentificator>HA_(petro)+chemie_Netbeheerder+Regressie01_0000950346_18O000687_6828RE_37</bestandIdentificator></themabijlagePerNetbeheerder><themabijlagePerNetbeheerder><soortBijlage>maatvoering</soortBijlage><bestandLocatie>bronnen/TS1376/MV_(petro)+chemie_Netbeheerder+Regressie01_0000950346_18O000687.png</bestandLocatie><bestandMediaType xlink:href="http://definities.geostandaarden.nl/imkl2015/id/waarde/BestandMediaTypeValue/PNG"/><bestandIdentificator>MV_(petro)+chemie_Netbeheerder+Regressie01_0000950346_18O000687</bestandIdentificator></themabijlagePerNetbeheerder><themabijlagePerNetbeheerder><soortBijlage>themabijlage</soortBijlage><bestandLocatie>bronnen/TS1376/TB_(petro)+chemie_Netbeheerder+Regressie01_0000950346_18O000687_overig.pdf</bestandLocatie><bestandMediaType xlink:href="http://definities.geostandaarden.nl/imkl2015/id/waarde/BestandMediaTypeValue/PDF"/><bestandIdentificator>TB_(petro)+chemie_Netbeheerder+Regressie01_0000950346_18O000687_overig</bestandIdentificator></themabijlagePerNetbeheerder><themabijlagePerNetbeheerder><soortBijlage>huisaansluiting</soortBijlage><bestandLocatie>bronnen/TS1376/HA_(petro)+chemie_Netbeheerder+Regressie01_0000950346_18O000687_6828RE_35.pdf</bestandLocatie><bestandMediaType xlink:href="http://definities.geostandaarden.nl/imkl2015/id/waarde/BestandMediaTypeValue/PDF"/><bestandIdentificator>HA_(petro)+chemie_Netbeheerder+Regressie01_0000950346_18O000687_6828RE_35</bestandIdentificator></themabijlagePerNetbeheerder></beheerdersinformatie></belanghebbende><belanghebbende><bronhoudercode>TS1378</bronhoudercode><beheerdersinformatieVersie>klassiek</beheerdersinformatieVersie><netbeheerderContact><contact><naam>Bmk Netbeheerder Regressie02</naam><telefoon>0881234567</telefoon><email>klic_levering@integratie.kadaster.nl</email></contact><beschadigingsnummer>0881234567</beschadigingsnummer></netbeheerderContact><bijlagePerNetbeheerder><soortBijlage>bijlage</soortBijlage><bestandLocatie>bronnen/TS1378/BL_Netbeheerder+Regressie02_0000950354_18O000687_nietBetrokken.pdf</bestandLocatie><bestandMediaType xlink:href="http://definities.geostandaarden.nl/imkl2015/id/waarde/BestandMediaTypeValue/PDF"/><bestandIdentificator>BL_Netbeheerder+Regressie02_0000950354_18O000687_nietBetrokken</bestandIdentificator></bijlagePerNetbeheerder></belanghebbende><belanghebbende><bronhoudercode>TS1379</bronhoudercode><beheerdersinformatieVersie>klassiek</beheerdersinformatieVersie><netbeheerderContact><contact><naam>Bmk Netbeheerder Regressie 3</naam><telefoon>0881234567</telefoon><email>klic_levering@integratie.kadaster.nl</email></contact><beschadigingsnummer>0881234567</beschadigingsnummer></netbeheerderContact></belanghebbende><belanghebbende><bronhoudercode>TS1381</bronhoudercode><beheerdersinformatieVersie>IMKL1.2</beheerdersinformatieVersie><bijlagePerNetbeheerder><soortBijlage>algemeen</soortBijlage><bestandLocatie>bronnen/TS1381/nl.imkl-TS1381_18O000687.algemeen.pdf</bestandLocatie><bestandMediaType xlink:href="http://definities.geostandaarden.nl/imkl2015/id/waarde/BestandMediaTypeValue/PDF"/><bestandIdentificator>nl.imkl-TS1381.algemeen</bestandIdentificator></bijlagePerNetbeheerder><bijlagePerNetbeheerder><soortBijlage>eigenTopo</soortBijlage><bestandLocatie>bronnen/TS1381/ET_Netbeheerder+Regressie05_0000950360_18O000687.png</bestandLocatie><bestandMediaType xlink:href="http://definities.geostandaarden.nl/imkl2015/id/waarde/BestandMediaTypeValue/PNG"/><bestandIdentificator>ET_Netbeheerder+Regressie05_0000950360_18O000687.png</bestandIdentificator></bijlagePerNetbeheerder><beheerdersinformatie><thema xlink:href="http://definities.geostandaarden.nl/imkl2015/id/waarde/Thema/rioolOnderOverOfOnderdruk"/><eisVoorzorgmaatregel>false</eisVoorzorgmaatregel><themabijlagePerNetbeheerder><soortBijlage>ligging</soortBijlage><bestandLocatie>bronnen/TS1381/LG_rioolOnderOverOfOnderdruk_Netbeheerder+Regressie05_0000950360_18O000687.png</bestandLocatie><bestandMediaType xlink:href="http://definities.geostandaarden.nl/imkl2015/id/waarde/BestandMediaTypeValue/PNG"/><bestandIdentificator>LG_rioolOnderOverOfOnderdruk_Netbeheerder+Regressie05_0000950360_18O000687.png</bestandIdentificator></themabijlagePerNetbeheerder></beheerdersinformatie><beheerdersinformatie><thema xlink:href="http://definities.geostandaarden.nl/imkl2015/id/waarde/Thema/gasLageDruk"/><eisVoorzorgmaatregel>false</eisVoorzorgmaatregel><themabijlagePerNetbeheerder><soortBijlage>ligging</soortBijlage><bestandLocatie>bronnen/TS1381/LG_gasLageDruk_Netbeheerder+Regressie05_0000950360_18O000687.png</bestandLocatie><bestandMediaType xlink:href="http://definities.geostandaarden.nl/imkl2015/id/waarde/BestandMediaTypeValue/PNG"/><bestandIdentificator>LG_gasLageDruk_Netbeheerder+Regressie05_0000950360_18O000687.png</bestandIdentificator></themabijlagePerNetbeheerder></beheerdersinformatie><beheerdersinformatie><thema xlink:href="http://definities.geostandaarden.nl/imkl2015/id/waarde/Thema/gasHogeDruk"/><eisVoorzorgmaatregel>false</eisVoorzorgmaatregel><themabijlagePerNetbeheerder><soortBijlage>ligging</soortBijlage><bestandLocatie>bronnen/TS1381/LG_gasHogeDruk_Netbeheerder+Regressie05_0000950360_18O000687.png</bestandLocatie><bestandMediaType xlink:href="http://definities.geostandaarden.nl/imkl2015/id/waarde/BestandMediaTypeValue/PNG"/><bestandIdentificator>LG_gasHogeDruk_Netbeheerder+Regressie05_0000950360_18O000687.png</bestandIdentificator></themabijlagePerNetbeheerder></beheerdersinformatie><beheerdersinformatie><thema xlink:href="http://definities.geostandaarden.nl/imkl2015/id/waarde/Thema/middenspanning"/><eisVoorzorgmaatregel>false</eisVoorzorgmaatregel><themabijlagePerNetbeheerder><soortBijlage>ligging</soortBijlage><bestandLocatie>bronnen/TS1381/LG_middenspanning_Netbeheerder+Regressie05_0000950360_18O000687.png</bestandLocatie><bestandMediaType xlink:href="http://definities.geostandaarden.nl/imkl2015/id/waarde/BestandMediaTypeValue/PNG"/><bestandIdentificator>LG_middenspanning_Netbeheerder+Regressie05_0000950360_18O000687.png</bestandIdentificator></themabijlagePerNetbeheerder></beheerdersinformatie><beheerdersinformatie><thema xlink:href="http://definities.geostandaarden.nl/imkl2015/id/waarde/Thema/overig"/><eisVoorzorgmaatregel>false</eisVoorzorgmaatregel><themabijlagePerNetbeheerder><soortBijlage>ligging</soortBijlage><bestandLocatie>bronnen/TS1381/LG_overig_Netbeheerder+Regressie05_0000950360_18O000687.png</bestandLocatie><bestandMediaType xlink:href="http://definities.geostandaarden.nl/imkl2015/id/waarde/BestandMediaTypeValue/PNG"/><bestandIdentificator>LG_overig_Netbeheerder+Regressie05_0000950360_18O000687.png</bestandIdentificator></themabijlagePerNetbeheerder></beheerdersinformatie><beheerdersinformatie><thema xlink:href="http://definities.geostandaarden.nl/imkl2015/id/waarde/Thema/hoogspanning"/><eisVoorzorgmaatregel>false</eisVoorzorgmaatregel><themabijlagePerNetbeheerder><soortBijlage>ligging</soortBijlage><bestandLocatie>bronnen/TS1381/LG_hoogspanning_Netbeheerder+Regressie05_0000950360_18O000687.png</bestandLocatie><bestandMediaType xlink:href="http://definities.geostandaarden.nl/imkl2015/id/waarde/BestandMediaTypeValue/PNG"/><bestandIdentificator>LG_hoogspanning_Netbeheerder+Regressie05_0000950360_18O000687.png</bestandIdentificator></themabijlagePerNetbeheerder></beheerdersinformatie><beheerdersinformatie><thema xlink:href="http://definities.geostandaarden.nl/imkl2015/id/waarde/Thema/rioolVrijverval"/><eisVoorzorgmaatregel>false</eisVoorzorgmaatregel><themabijlagePerNetbeheerder><soortBijlage>ligging</soortBijlage><bestandLocatie>bronnen/TS1381/LG_rioolVrijverval_Netbeheerder+Regressie05_0000950360_18O000687.png</bestandLocatie><bestandMediaType xlink:href="http://definities.geostandaarden.nl/imkl2015/id/waarde/BestandMediaTypeValue/PNG"/><bestandIdentificator>LG_rioolVrijverval_Netbeheerder+Regressie05_0000950360_18O000687.png</bestandIdentificator></themabijlagePerNetbeheerder></beheerdersinformatie><beheerdersinformatie><thema xlink:href="http://definities.geostandaarden.nl/imkl2015/id/waarde/Thema/laagspanning"/><eisVoorzorgmaatregel>false</eisVoorzorgmaatregel><themabijlagePerNetbeheerder><soortBijlage>ligging</soortBijlage><bestandLocatie>bronnen/TS1381/LG_laagspanning_Netbeheerder+Regressie05_0000950360_18O000687.png</bestandLocatie><bestandMediaType xlink:href="http://definities.geostandaarden.nl/imkl2015/id/waarde/BestandMediaTypeValue/PNG"/><bestandIdentificator>LG_laagspanning_Netbeheerder+Regressie05_0000950360_18O000687.png</bestandIdentificator></themabijlagePerNetbeheerder></beheerdersinformatie><beheerdersinformatie><thema xlink:href="http://definities.geostandaarden.nl/imkl2015/id/waarde/Thema/warmte"/><eisVoorzorgmaatregel>false</eisVoorzorgmaatregel><themabijlagePerNetbeheerder><soortBijlage>ligging</soortBijlage><bestandLocatie>bronnen/TS1381/LG_warmte_Netbeheerder+Regressie05_0000950360_18O000687.png</bestandLocatie><bestandMediaType xlink:href="http://definities.geostandaarden.nl/imkl2015/id/waarde/BestandMediaTypeValue/PNG"/><bestandIdentificator>LG_warmte_Netbeheerder+Regressie05_0000950360_18O000687.png</bestandIdentificator></themabijlagePerNetbeheerder></beheerdersinformatie><beheerdersinformatie><thema xlink:href="http://definities.geostandaarden.nl/imkl2015/id/waarde/Thema/water"/><eisVoorzorgmaatregel>false</eisVoorzorgmaatregel><themabijlagePerNetbeheerder><soortBijlage>ligging</soortBijlage><bestandLocatie>bronnen/TS1381/LG_water_Netbeheerder+Regressie05_0000950360_18O000687.png</bestandLocatie><bestandMediaType xlink:href="http://definities.geostandaarden.nl/imkl2015/id/waarde/BestandMediaTypeValue/PNG"/><bestandIdentificator>LG_water_Netbeheerder+Regressie05_0000950360_18O000687.png</bestandIdentificator></themabijlagePerNetbeheerder></beheerdersinformatie><beheerdersinformatie><thema xlink:href="http://definities.geostandaarden.nl/imkl2015/id/waarde/Thema/buisleidingGevaarlijkeInhoud"/><eisVoorzorgmaatregel>true</eisVoorzorgmaatregel><themabijlagePerNetbeheerder><soortBijlage>ligging</soortBijlage><bestandLocatie>bronnen/TS1381/LG_buisleidingGevaarlijkeInhoud_Netbeheerder+Regressie05_0000950360_18O000687.png</bestandLocatie><bestandMediaType xlink:href="http://definities.geostandaarden.nl/imkl2015/id/waarde/BestandMediaTypeValue/PNG"/><bestandIdentificator>LG_buisleidingGevaarlijkeInhoud_Netbeheerder+Regressie05_0000950360_18O000687.png</bestandIdentificator></themabijlagePerNetbeheerder><themabijlagePerNetbeheerder><soortBijlage>maatvoering</soortBijlage><bestandLocatie>bronnen/TS1381/MV_buisleidingGevaarlijkeInhoud_Netbeheerder+Regressie05_0000950360_18O000687.png</bestandLocatie><bestandMediaType xlink:href="http://definities.geostandaarden.nl/imkl2015/id/waarde/BestandMediaTypeValue/PNG"/><bestandIdentificator>MV_buisleidingGevaarlijkeInhoud_Netbeheerder+Regressie05_0000950360_18O000687.png</bestandIdentificator></themabijlagePerNetbeheerder><themabijlagePerNetbeheerder><soortBijlage>annotatie</soortBijlage><bestandLocatie>bronnen/TS1381/AN_buisleidingGevaarlijkeInhoud_Netbeheerder+Regressie05_0000950360_18O000687.png</bestandLocatie><bestandMediaType xlink:href="http://definities.geostandaarden.nl/imkl2015/id/waarde/BestandMediaTypeValue/PNG"/><bestandIdentificator>AN_buisleidingGevaarlijkeInhoud_Netbeheerder+Regressie05_0000950360_18O000687.png</bestandIdentificator></themabijlagePerNetbeheerder><themabijlagePerNetbeheerder><soortBijlage>aansluiting</soortBijlage><bestandLocatie>bronnen/TS1381/nl.imkl-TS1381_18O000687.BGI_aansluiting.pdf</bestandLocatie><bestandMediaType xlink:href="http://definities.geostandaarden.nl/imkl2015/id/waarde/BestandMediaTypeValue/PDF"/><bestandIdentificator>nl.imkl-TS1381.BGI_aansluiting</bestandIdentificator></themabijlagePerNetbeheerder><themabijlagePerNetbeheerder><soortBijlage>aansluiting</soortBijlage><bestandLocatie>bronnen/TS1381/nl.imkl-TS1381_18O000687.BGI_aansluiting-l.pdf</bestandLocatie><bestandMediaType xlink:href="http://definities.geostandaarden.nl/imkl2015/id/waarde/BestandMediaTypeValue/PDF"/><bestandIdentificator>nl.imkl-TS1381.BGI_aansluiting-l</bestandIdentificator></themabijlagePerNetbeheerder><themabijlagePerNetbeheerder><soortBijlage>aansluiting</soortBijlage><bestandLocatie>bronnen/TS1381/nl.imkl-TS1381_18O000687.BGI_aansluiting-v.pdf</bestandLocatie><bestandMediaType xlink:href="http://definities.geostandaarden.nl/imkl2015/id/waarde/BestandMediaTypeValue/PDF"/><bestandIdentificator>nl.imkl-TS1381.BGI_aansluiting-v</bestandIdentificator></themabijlagePerNetbeheerder><themabijlagePerNetbeheerder><soortBijlage>eisVoorzorgsmaatregel</soortBijlage><bestandLocatie>bronnen/TS1381/nl.imkl-TS1381_18O000687.EV_buisleidingGevaarlijkeInhoud_T_risicoHoog.pdf</bestandLocatie><bestandMediaType xlink:href="http://definities.geostandaarden.nl/imkl2015/id/waarde/BestandMediaTypeValue/PDF"/><bestandIdentificator>nl.imkl-TS1381.EV_buisleidingGevaarlijkeInhoud_T_risicoHoog</bestandIdentificator></themabijlagePerNetbeheerder><themabijlagePerNetbeheerder><soortBijlage>huisaansluiting</soortBijlage><bestandLocatie>bronnen/TS1381/nl.imkl-TS1381_18O000687.BGI_huisaansluiting.pdf</bestandLocatie><bestandMediaType xlink:href="http://definities.geostandaarden.nl/imkl2015/id/waarde/BestandMediaTypeValue/PDF"/><bestandIdentificator>nl.imkl-TS1381.BGI_huisaansluiting</bestandIdentificator><adres><postcode>5685AA</postcode><huisnummerLetterToev>5</huisnummerLetterToev><BAGidAdresseerbaarObject>0753010000010421</BAGidAdresseerbaarObject></adres></themabijlagePerNetbeheerder><themabijlagePerNetbeheerder><soortBijlage>overig</soortBijlage><bestandLocatie>bronnen/TS1381/nl.imkl-TS1381_18O000687.BGI_overig.pdf</bestandLocatie><bestandMediaType xlink:href="http://definities.geostandaarden.nl/imkl2015/id/waarde/BestandMediaTypeValue/PDF"/><bestandIdentificator>nl.imkl-TS1381.BGI_overig</bestandIdentificator></themabijlagePerNetbeheerder><themabijlagePerNetbeheerder><soortBijlage>profielschets</soortBijlage><bestandLocatie>bronnen/TS1381/nl.imkl-TS1381_18O000687.BGI_profielschets.pdf</bestandLocatie><bestandMediaType xlink:href="http://definities.geostandaarden.nl/imkl2015/id/waarde/BestandMediaTypeValue/PDF"/><bestandIdentificator>nl.imkl-TS1381.BGI_profielschets</bestandIdentificator></themabijlagePerNetbeheerder></beheerdersinformatie><beheerdersinformatie><thema xlink:href="http://definities.geostandaarden.nl/imkl2015/id/waarde/Thema/wees"/><eisVoorzorgmaatregel>false</eisVoorzorgmaatregel><themabijlagePerNetbeheerder><soortBijlage>ligging</soortBijlage><bestandLocatie>bronnen/TS1381/LG_wees_Netbeheerder+Regressie05_0000950360_18O000687.png</bestandLocatie><bestandMediaType xlink:href="http://definities.geostandaarden.nl/imkl2015/id/waarde/BestandMediaTypeValue/PNG"/><bestandIdentificator>LG_wees_Netbeheerder+Regressie05_0000950360_18O000687.png</bestandIdentificator></themabijlagePerNetbeheerder></beheerdersinformatie><beheerdersinformatie><thema xlink:href="http://definities.geostandaarden.nl/imkl2015/id/waarde/Thema/landelijkHoogspanningsnet"/><eisVoorzorgmaatregel>false</eisVoorzorgmaatregel><themabijlagePerNetbeheerder><soortBijlage>ligging</soortBijlage><bestandLocatie>bronnen/TS1381/LG_landelijkHoogspanningsnet_Netbeheerder+Regressie05_0000950360_18O000687.png</bestandLocatie><bestandMediaType xlink:href="http://definities.geostandaarden.nl/imkl2015/id/waarde/BestandMediaTypeValue/PNG"/><bestandIdentificator>LG_landelijkHoogspanningsnet_Netbeheerder+Regressie05_0000950360_18O000687.png</bestandIdentificator></themabijlagePerNetbeheerder></beheerdersinformatie><beheerdersinformatie><thema xlink:href="http://definities.geostandaarden.nl/imkl2015/id/waarde/Thema/datatransport"/><eisVoorzorgmaatregel>false</eisVoorzorgmaatregel><themabijlagePerNetbeheerder><soortBijlage>ligging</soortBijlage><bestandLocatie>bronnen/TS1381/LG_datatransport_Netbeheerder+Regressie05_0000950360_18O000687.png</bestandLocatie><bestandMediaType xlink:href="http://definities.geostandaarden.nl/imkl2015/id/waarde/BestandMediaTypeValue/PNG"/><bestandIdentificator>LG_datatransport_Netbeheerder+Regressie05_0000950360_18O000687.png</bestandIdentificator></themabijlagePerNetbeheerder></beheerdersinformatie><beheerdersinformatie><thema xlink:href="http://definities.geostandaarden.nl/imkl2015/id/waarde/Thema/petrochemie"/><eisVoorzorgmaatregel>false</eisVoorzorgmaatregel><themabijlagePerNetbeheerder><soortBijlage>ligging</soortBijlage><bestandLocatie>bronnen/TS1381/LG_petrochemie_Netbeheerder+Regressie05_0000950360_18O000687.png</bestandLocatie><bestandMediaType xlink:href="http://definities.geostandaarden.nl/imkl2015/id/waarde/BestandMediaTypeValue/PNG"/><bestandIdentificator>LG_petrochemie_Netbeheerder+Regressie05_0000950360_18O000687.png</bestandIdentificator></themabijlagePerNetbeheerder></beheerdersinformatie></belanghebbende><belanghebbende><bronhoudercode>TS1382</bronhoudercode><beheerdersinformatieVersie>IMKL1.2</beheerdersinformatieVersie><bijlagePerNetbeheerder><soortBijlage>algemeen</soortBijlage><bestandLocatie>bronnen/TS1382/nl.imkl-TS1382_18O000687.algemeen.pdf</bestandLocatie><bestandMediaType xlink:href="http://definities.geostandaarden.nl/imkl2015/id/waarde/BestandMediaTypeValue/PDF"/><bestandIdentificator>nl.imkl-TS1382.algemeen</bestandIdentificator></bijlagePerNetbeheerder><bijlagePerNetbeheerder><soortBijlage>nietBetrokken</soortBijlage><bestandLocatie>bronnen/TS1382/nl.imkl-TS1382_18O000687.nietBetrokken.pdf</bestandLocatie><bestandMediaType xlink:href="http://definities.geostandaarden.nl/imkl2015/id/waarde/BestandMediaTypeValue/PDF"/><bestandIdentificator>nl.imkl-TS1382.nietBetrokken</bestandIdentificator></bijlagePerNetbeheerder></belanghebbende><belanghebbende><bronhoudercode>TS1393</bronhoudercode><beheerdersinformatieVersie>IMKL1.2</beheerdersinformatieVersie><bijlagePerNetbeheerder><soortBijlage>algemeen</soortBijlage><bestandLocatie>bronnen/TS1393/nl.imkl-TS1393_18O000687.algemeen.pdf</bestandLocatie><bestandMediaType xlink:href="http://definities.geostandaarden.nl/imkl2015/id/waarde/BestandMediaTypeValue/PDF"/><bestandIdentificator>nl.imkl-TS1393.algemeen</bestandIdentificator></bijlagePerNetbeheerder><bijlagePerNetbeheerder><soortBijlage>nietBetrokken</soortBijlage><bestandLocatie>bronnen/TS1393/nl.imkl-TS1393_18O000687.nietBetrokken.pdf</bestandLocatie><bestandMediaType xlink:href="http://definities.geostandaarden.nl/imkl2015/id/waarde/BestandMediaTypeValue/PDF"/><bestandIdentificator>nl.imkl-TS1393.nietBetrokken</bestandIdentificator></bijlagePerNetbeheerder></belanghebbende><belanghebbende><bronhoudercode>TS1394</bronhoudercode><beheerdersinformatieVersie>IMKL1.2</beheerdersinformatieVersie></belanghebbende><belanghebbende><bronhoudercode>TS1392</bronhoudercode><beheerdersinformatieVersie>IMKL1.2</beheerdersinformatieVersie><bijlagePerNetbeheerder><soortBijlage>algemeen</soortBijlage><bestandLocatie>bronnen/TS1392/nl.imkl-TS1392_18O000687.algemeen.pdf</bestandLocatie><bestandMediaType xlink:href="http://definities.geostandaarden.nl/imkl2015/id/waarde/BestandMediaTypeValue/PDF"/><bestandIdentificator>nl.imkl-TS1392.algemeen</bestandIdentificator></bijlagePerNetbeheerder><bijlagePerNetbeheerder><soortBijlage>eigenTopo</soortBijlage><bestandLocatie>bronnen/TS1392/ET_Netbeheerder+Regressie09_0000951176_18O000687.png</bestandLocatie><bestandMediaType xlink:href="http://definities.geostandaarden.nl/imkl2015/id/waarde/BestandMediaTypeValue/PNG"/><bestandIdentificator>ET_Netbeheerder+Regressie09_0000951176_18O000687.png</bestandIdentificator></bijlagePerNetbeheerder><beheerdersinformatie><thema xlink:href="http://definities.geostandaarden.nl/imkl2015/id/waarde/Thema/rioolOnderOverOfOnderdruk"/><eisVoorzorgmaatregel>false</eisVoorzorgmaatregel><themabijlagePerNetbeheerder><soortBijlage>ligging</soortBijlage><bestandLocatie>bronnen/TS1392/LG_rioolOnderOverOfOnderdruk_Netbeheerder+Regressie09_0000951176_18O000687.png</bestandLocatie><bestandMediaType xlink:href="http://definities.geostandaarden.nl/imkl2015/id/waarde/BestandMediaTypeValue/PNG"/><bestandIdentificator>LG_rioolOnderOverOfOnderdruk_Netbeheerder+Regressie09_0000951176_18O000687.png</bestandIdentificator></themabijlagePerNetbeheerder></beheerdersinformatie><beheerdersinformatie><thema xlink:href="http://definities.geostandaarden.nl/imkl2015/id/waarde/Thema/gasLageDruk"/><eisVoorzorgmaatregel>false</eisVoorzorgmaatregel><themabijlagePerNetbeheerder><soortBijlage>ligging</soortBijlage><bestandLocatie>bronnen/TS1392/LG_gasLageDruk_Netbeheerder+Regressie09_0000951176_18O000687.png</bestandLocatie><bestandMediaType xlink:href="http://definities.geostandaarden.nl/imkl2015/id/waarde/BestandMediaTypeValue/PNG"/><bestandIdentificator>LG_gasLageDruk_Netbeheerder+Regressie09_0000951176_18O000687.png</bestandIdentificator></themabijlagePerNetbeheerder></beheerdersinformatie><beheerdersinformatie><thema xlink:href="http://definities.geostandaarden.nl/imkl2015/id/waarde/Thema/gasHogeDruk"/><eisVoorzorgmaatregel>false</eisVoorzorgmaatregel><themabijlagePerNetbeheerder><soortBijlage>ligging</soortBijlage><bestandLocatie>bronnen/TS1392/LG_gasHogeDruk_Netbeheerder+Regressie09_0000951176_18O000687.png</bestandLocatie><bestandMediaType xlink:href="http://definities.geostandaarden.nl/imkl2015/id/waarde/BestandMediaTypeValue/PNG"/><bestandIdentificator>LG_gasHogeDruk_Netbeheerder+Regressie09_0000951176_18O000687.png</bestandIdentificator></themabijlagePerNetbeheerder></beheerdersinformatie><beheerdersinformatie><thema xlink:href="http://definities.geostandaarden.nl/imkl2015/id/waarde/Thema/middenspanning"/><eisVoorzorgmaatregel>false</eisVoorzorgmaatregel><themabijlagePerNetbeheerder><soortBijlage>ligging</soortBijlage><bestandLocatie>bronnen/TS1392/LG_middenspanning_Netbeheerder+Regressie09_0000951176_18O000687.png</bestandLocatie><bestandMediaType xlink:href="http://definities.geostandaarden.nl/imkl2015/id/waarde/BestandMediaTypeValue/PNG"/><bestandIdentificator>LG_middenspanning_Netbeheerder+Regressie09_0000951176_18O000687.png</bestandIdentificator></themabijlagePerNetbeheerder></beheerdersinformatie><beheerdersinformatie><thema xlink:href="http://definities.geostandaarden.nl/imkl2015/id/waarde/Thema/overig"/><eisVoorzorgmaatregel>false</eisVoorzorgmaatregel><themabijlagePerNetbeheerder><soortBijlage>ligging</soortBijlage><bestandLocatie>bronnen/TS1392/LG_overig_Netbeheerder+Regressie09_0000951176_18O000687.png</bestandLocatie><bestandMediaType xlink:href="http://definities.geostandaarden.nl/imkl2015/id/waarde/BestandMediaTypeValue/PNG"/><bestandIdentificator>LG_overig_Netbeheerder+Regressie09_0000951176_18O000687.png</bestandIdentificator></themabijlagePerNetbeheerder></beheerdersinformatie><beheerdersinformatie><thema xlink:href="http://definities.geostandaarden.nl/imkl2015/id/waarde/Thema/hoogspanning"/><eisVoorzorgmaatregel>false</eisVoorzorgmaatregel><themabijlagePerNetbeheerder><soortBijlage>ligging</soortBijlage><bestandLocatie>bronnen/TS1392/LG_hoogspanning_Netbeheerder+Regressie09_0000951176_18O000687.png</bestandLocatie><bestandMediaType xlink:href="http://definities.geostandaarden.nl/imkl2015/id/waarde/BestandMediaTypeValue/PNG"/><bestandIdentificator>LG_hoogspanning_Netbeheerder+Regressie09_0000951176_18O000687.png</bestandIdentificator></themabijlagePerNetbeheerder></beheerdersinformatie><beheerdersinformatie><thema xlink:href="http://definities.geostandaarden.nl/imkl2015/id/waarde/Thema/rioolVrijverval"/><eisVoorzorgmaatregel>false</eisVoorzorgmaatregel><themabijlagePerNetbeheerder><soortBijlage>ligging</soortBijlage><bestandLocatie>bronnen/TS1392/LG_rioolVrijverval_Netbeheerder+Regressie09_0000951176_18O000687.png</bestandLocatie><bestandMediaType xlink:href="http://definities.geostandaarden.nl/imkl2015/id/waarde/BestandMediaTypeValue/PNG"/><bestandIdentificator>LG_rioolVrijverval_Netbeheerder+Regressie09_0000951176_18O000687.png</bestandIdentificator></themabijlagePerNetbeheerder></beheerdersinformatie><beheerdersinformatie><thema xlink:href="http://definities.geostandaarden.nl/imkl2015/id/waarde/Thema/laagspanning"/><eisVoorzorgmaatregel>false</eisVoorzorgmaatregel><themabijlagePerNetbeheerder><soortBijlage>ligging</soortBijlage><bestandLocatie>bronnen/TS1392/LG_laagspanning_Netbeheerder+Regressie09_0000951176_18O000687.png</bestandLocatie><bestandMediaType xlink:href="http://definities.geostandaarden.nl/imkl2015/id/waarde/BestandMediaTypeValue/PNG"/><bestandIdentificator>LG_laagspanning_Netbeheerder+Regressie09_0000951176_18O000687.png</bestandIdentificator></themabijlagePerNetbeheerder></beheerdersinformatie><beheerdersinformatie><thema xlink:href="http://definities.geostandaarden.nl/imkl2015/id/waarde/Thema/warmte"/><eisVoorzorgmaatregel>false</eisVoorzorgmaatregel><themabijlagePerNetbeheerder><soortBijlage>ligging</soortBijlage><bestandLocatie>bronnen/TS1392/LG_warmte_Netbeheerder+Regressie09_0000951176_18O000687.png</bestandLocatie><bestandMediaType xlink:href="http://definities.geostandaarden.nl/imkl2015/id/waarde/BestandMediaTypeValue/PNG"/><bestandIdentificator>LG_warmte_Netbeheerder+Regressie09_0000951176_18O000687.png</bestandIdentificator></themabijlagePerNetbeheerder></beheerdersinformatie><beheerdersinformatie><thema xlink:href="http://definities.geostandaarden.nl/imkl2015/id/waarde/Thema/water"/><eisVoorzorgmaatregel>false</eisVoorzorgmaatregel><themabijlagePerNetbeheerder><soortBijlage>ligging</soortBijlage><bestandLocatie>bronnen/TS1392/LG_water_Netbeheerder+Regressie09_0000951176_18O000687.png</bestandLocatie><bestandMediaType xlink:href="http://definities.geostandaarden.nl/imkl2015/id/waarde/BestandMediaTypeValue/PNG"/><bestandIdentificator>LG_water_Netbeheerder+Regressie09_0000951176_18O000687.png</bestandIdentificator></themabijlagePerNetbeheerder></beheerdersinformatie><beheerdersinformatie><thema xlink:href="http://definities.geostandaarden.nl/imkl2015/id/waarde/Thema/buisleidingGevaarlijkeInhoud"/><eisVoorzorgmaatregel>true</eisVoorzorgmaatregel><themabijlagePerNetbeheerder><soortBijlage>ligging</soortBijlage><bestandLocatie>bronnen/TS1392/LG_buisleidingGevaarlijkeInhoud_Netbeheerder+Regressie09_0000951176_18O000687.png</bestandLocatie><bestandMediaType xlink:href="http://definities.geostandaarden.nl/imkl2015/id/waarde/BestandMediaTypeValue/PNG"/><bestandIdentificator>LG_buisleidingGevaarlijkeInhoud_Netbeheerder+Regressie09_0000951176_18O000687.png</bestandIdentificator></themabijlagePerNetbeheerder><themabijlagePerNetbeheerder><soortBijlage>maatvoering</soortBijlage><bestandLocatie>bronnen/TS1392/MV_buisleidingGevaarlijkeInhoud_Netbeheerder+Regressie09_0000951176_18O000687.png</bestandLocatie><bestandMediaType xlink:href="http://definities.geostandaarden.nl/imkl2015/id/waarde/BestandMediaTypeValue/PNG"/><bestandIdentificator>MV_buisleidingGevaarlijkeInhoud_Netbeheerder+Regressie09_0000951176_18O000687.png</bestandIdentificator></themabijlagePerNetbeheerder><themabijlagePerNetbeheerder><soortBijlage>annotatie</soortBijlage><bestandLocatie>bronnen/TS1392/AN_buisleidingGevaarlijkeInhoud_Netbeheerder+Regressie09_0000951176_18O000687.png</bestandLocatie><bestandMediaType xlink:href="http://definities.geostandaarden.nl/imkl2015/id/waarde/BestandMediaTypeValue/PNG"/><bestandIdentificator>AN_buisleidingGevaarlijkeInhoud_Netbeheerder+Regressie09_0000951176_18O000687.png</bestandIdentificator></themabijlagePerNetbeheerder><themabijlagePerNetbeheerder><soortBijlage>aansluiting</soortBijlage><bestandLocatie>bronnen/TS1392/nl.imkl-TS1392_18O000687.BGI_aansluiting.pdf</bestandLocatie><bestandMediaType xlink:href="http://definities.geostandaarden.nl/imkl2015/id/waarde/BestandMediaTypeValue/PDF"/><bestandIdentificator>nl.imkl-TS1392.BGI_aansluiting</bestandIdentificator></themabijlagePerNetbeheerder><themabijlagePerNetbeheerder><soortBijlage>aansluiting</soortBijlage><bestandLocatie>bronnen/TS1392/nl.imkl-TS1392_18O000687.BGI_aansluiting-l.pdf</bestandLocatie><bestandMediaType xlink:href="http://definities.geostandaarden.nl/imkl2015/id/waarde/BestandMediaTypeValue/PDF"/><bestandIdentificator>nl.imkl-TS1392.BGI_aansluiting-l</bestandIdentificator></themabijlagePerNetbeheerder><themabijlagePerNetbeheerder><soortBijlage>aansluiting</soortBijlage><bestandLocatie>bronnen/TS1392/nl.imkl-TS1392_18O000687.BGI_aansluiting-v.pdf</bestandLocatie><bestandMediaType xlink:href="http://definities.geostandaarden.nl/imkl2015/id/waarde/BestandMediaTypeValue/PDF"/><bestandIdentificator>nl.imkl-TS1392.BGI_aansluiting-v</bestandIdentificator></themabijlagePerNetbeheerder><themabijlagePerNetbeheerder><soortBijlage>huisaansluiting</soortBijlage><bestandLocatie>bronnen/TS1392/nl.imkl-TS1392_18O000687.BGI_huisaansluiting.pdf</bestandLocatie><bestandMediaType xlink:href="http://definities.geostandaarden.nl/imkl2015/id/waarde/BestandMediaTypeValue/PDF"/><bestandIdentificator>nl.imkl-TS1392.BGI_huisaansluiting</bestandIdentificator><adres><postcode>5685AA</postcode><huisnummerLetterToev>5</huisnummerLetterToev><BAGidAdresseerbaarObject>0753010000010421</BAGidAdresseerbaarObject></adres></themabijlagePerNetbeheerder><themabijlagePerNetbeheerder><soortBijlage>overig</soortBijlage><bestandLocatie>bronnen/TS1392/nl.imkl-TS1392_18O000687.BGI_overig.pdf</bestandLocatie><bestandMediaType xlink:href="http://definities.geostandaarden.nl/imkl2015/id/waarde/BestandMediaTypeValue/PDF"/><bestandIdentificator>nl.imkl-TS1392.BGI_overig</bestandIdentificator></themabijlagePerNetbeheerder><themabijlagePerNetbeheerder><soortBijlage>profielschets</soortBijlage><bestandLocatie>bronnen/TS1392/nl.imkl-TS1392_18O000687.BGI_profielschets.pdf</bestandLocatie><bestandMediaType xlink:href="http://definities.geostandaarden.nl/imkl2015/id/waarde/BestandMediaTypeValue/PDF"/><bestandIdentificator>nl.imkl-TS1392.BGI_profielschets</bestandIdentificator></themabijlagePerNetbeheerder><themabijlagePerNetbeheerder><soortBijlage>eisVoorzorgsmaatregel</soortBijlage><bestandLocatie>bronnen/TS1392/nl.imkl-TS1392_18O000687.EV_buisleidingGevaarlijkeInhoud_T_risicoHoog_buisleidingGevaarlijkeInhoud.pdf</bestandLocatie><bestandMediaType xlink:href="http://definities.geostandaarden.nl/imkl2015/id/waarde/BestandMediaTypeValue/PDF"/><bestandIdentificator>nl.imkl-TS1392.EV_buisleidingGevaarlijkeInhoud_T_risicoHoog_buisleidingGevaarlijkeInhoud</bestandIdentificator></themabijlagePerNetbeheerder></beheerdersinformatie><beheerdersinformatie><thema xlink:href="http://definities.geostandaarden.nl/imkl2015/id/waarde/Thema/wees"/><eisVoorzorgmaatregel>false</eisVoorzorgmaatregel><themabijlagePerNetbeheerder><soortBijlage>ligging</soortBijlage><bestandLocatie>bronnen/TS1392/LG_wees_Netbeheerder+Regressie09_0000951176_18O000687.png</bestandLocatie><bestandMediaType xlink:href="http://definities.geostandaarden.nl/imkl2015/id/waarde/BestandMediaTypeValue/PNG"/><bestandIdentificator>LG_wees_Netbeheerder+Regressie09_0000951176_18O000687.png</bestandIdentificator></themabijlagePerNetbeheerder></beheerdersinformatie><beheerdersinformatie><thema xlink:href="http://definities.geostandaarden.nl/imkl2015/id/waarde/Thema/landelijkHoogspanningsnet"/><eisVoorzorgmaatregel>false</eisVoorzorgmaatregel><themabijlagePerNetbeheerder><soortBijlage>ligging</soortBijlage><bestandLocatie>bronnen/TS1392/LG_landelijkHoogspanningsnet_Netbeheerder+Regressie09_0000951176_18O000687.png</bestandLocatie><bestandMediaType xlink:href="http://definities.geostandaarden.nl/imkl2015/id/waarde/BestandMediaTypeValue/PNG"/><bestandIdentificator>LG_landelijkHoogspanningsnet_Netbeheerder+Regressie09_0000951176_18O000687.png</bestandIdentificator></themabijlagePerNetbeheerder></beheerdersinformatie><beheerdersinformatie><thema xlink:href="http://definities.geostandaarden.nl/imkl2015/id/waarde/Thema/datatransport"/><eisVoorzorgmaatregel>false</eisVoorzorgmaatregel><themabijlagePerNetbeheerder><soortBijlage>ligging</soortBijlage><bestandLocatie>bronnen/TS1392/LG_datatransport_Netbeheerder+Regressie09_0000951176_18O000687.png</bestandLocatie><bestandMediaType xlink:href="http://definities.geostandaarden.nl/imkl2015/id/waarde/BestandMediaTypeValue/PNG"/><bestandIdentificator>LG_datatransport_Netbeheerder+Regressie09_0000951176_18O000687.png</bestandIdentificator></themabijlagePerNetbeheerder></beheerdersinformatie><beheerdersinformatie><thema xlink:href="http://definities.geostandaarden.nl/imkl2015/id/waarde/Thema/petrochemie"/><eisVoorzorgmaatregel>false</eisVoorzorgmaatregel><themabijlagePerNetbeheerder><soortBijlage>ligging</soortBijlage><bestandLocatie>bronnen/TS1392/LG_petrochemie_Netbeheerder+Regressie09_0000951176_18O000687.png</bestandLocatie><bestandMediaType xlink:href="http://definities.geostandaarden.nl/imkl2015/id/waarde/BestandMediaTypeValue/PNG"/><bestandIdentificator>LG_petrochemie_Netbeheerder+Regressie09_0000951176_18O000687.png</bestandIdentificator></themabijlagePerNetbeheerder></beheerdersinformatie></belanghebbende><belanghebbende><bronhoudercode>TS1390</bronhoudercode><beheerdersinformatieVersie>IMKL1.2</beheerdersinformatieVersie></belanghebbende></Leveringsinformatie>