<?xml version="1.0" encoding="UTF-8"?>
<gml:FeatureCollection gml:id="nl.imkl-KA0000._FeatureCollection_19O900152-1" xsi:schemaLocation="http://www.geostandaarden.nl/imkl/2015/wion/1.2 http://register.geostandaarden.nl/gmlapplicatieschema/imkl2015/1.2.1/imkl2015-wion.xsd" xmlns:us-net-sw="http://inspire.ec.europa.eu/schemas/us-net-sw/4.0" xmlns:us-net-el="http://inspire.ec.europa.eu/schemas/us-net-el/4.0" xmlns:gml="http://www.opengis.net/gml/3.2" xmlns:us-net-wa="http://inspire.ec.europa.eu/schemas/us-net-wa/4.0" xmlns:us-net-tc="http://inspire.ec.europa.eu/schemas/us-net-tc/4.0" xmlns:us-net-ogc="http://inspire.ec.europa.eu/schemas/us-net-ogc/4.0" xmlns:xsi="http://www.w3.org/2001/XMLSchema-instance" xmlns:us-net-th="http://inspire.ec.europa.eu/schemas/us-net-th/4.0" xmlns:base2="http://inspire.ec.europa.eu/schemas/base2/2.0" xmlns:imkl="http://www.geostandaarden.nl/imkl/2015/wion/1.2" xmlns:us-net-common="http://inspire.ec.europa.eu/schemas/us-net-common/4.0" xmlns:net="http://inspire.ec.europa.eu/schemas/net/4.0" xmlns:xlink="http://www.w3.org/1999/xlink" xmlns:base="http://inspire.ec.europa.eu/schemas/base/3.3">
	<gml:boundedBy>
		<gml:Envelope srsName="urn:ogc:def:crs:EPSG::28992" srsDimension="2">
			<gml:lowerCorner>153982.0 390241.0</gml:lowerCorner>
			<gml:upperCorner>156481.0 392740.0</gml:upperCorner>
		</gml:Envelope>
	</gml:boundedBy>
	<gml:featureMember>
		<imkl:GebiedsinformatieLevering gml:id="nl.imkl-KA0000._GebiedsinformatieLevering_19O900152-1">
			<imkl:identificatie>
				<imkl:NEN3610ID>
					<imkl:namespace>nl.imkl</imkl:namespace>
					<imkl:lokaalID>KA0000._GebiedsinformatieLevering_19O900152</imkl:lokaalID>
					<imkl:versie>1</imkl:versie>
				</imkl:NEN3610ID>
			</imkl:identificatie>
			<imkl:beginLifespanVersion>2019-04-11T13:51:43.887+02:00</imkl:beginLifespanVersion>
			<imkl:leveringsvolgnummer>1</imkl:leveringsvolgnummer>
			<imkl:datumLeveringSamengesteld>2019-04-11T13:51:43.887+02:00</imkl:datumLeveringSamengesteld>
			<imkl:indicatieLeveringCompleet>false</imkl:indicatieLeveringCompleet>
			<imkl:achtergrondkaart>
				<imkl:Achtergrondkaart>
					<imkl:achtergrondkaartSoort xlink:href="http://definities.geostandaarden.nl/imkl2015/id/waarde/AchtergrondkaartSoortValue/bgtBestaand"/>
					<imkl:kaartreferentie>bronnen/GB_19O900152.png</imkl:kaartreferentie>
				</imkl:Achtergrondkaart>
			</imkl:achtergrondkaart>
			<imkl:belanghebbende xlink:href="nl.imkl-TS1001._Belanghebbende_19O900152-1"/>
			<imkl:aanvraag xlink:href="nl.imkl-KA0000._GebiedsinformatieAanvraag_19O900152"/>
		</imkl:GebiedsinformatieLevering>
	</gml:featureMember>
	<gml:featureMember>
		<imkl:GebiedsinformatieAanvraag gml:id="nl.imkl-KA0000._GebiedsinformatieAanvraag_19O900152">
			<imkl:identificatie>
				<imkl:NEN3610ID>
					<imkl:namespace>nl.imkl</imkl:namespace>
					<imkl:lokaalID>KA0000._GebiedsinformatieAanvraag_19O900152</imkl:lokaalID>
				</imkl:NEN3610ID>
			</imkl:identificatie>
			<imkl:beginLifespanVersion>2019-04-11T13:42:35.000+02:00</imkl:beginLifespanVersion>
			<imkl:ordernummer>9806780920</imkl:ordernummer>
			<imkl:positienummer>0000000010</imkl:positienummer>
			<imkl:klicMeldnummer>19O900152</imkl:klicMeldnummer>
			<imkl:aanvrager>
				<imkl:Aanvrager>
					<imkl:contactpersoon>
						<imkl:Contact>
							<imkl:naam>BMK Grondroerder02</imkl:naam>
							<imkl:telefoon>0881234566</imkl:telefoon>
							<imkl:email>klic.testers@kadaster.nl</imkl:email>
						</imkl:Contact>
					</imkl:contactpersoon>
					<imkl:organisatie>
						<imkl:Organisatie>
							<imkl:naam>Grondroerder02</imkl:naam>
							<imkl:bezoekAdres>
								<imkl:Adres>
									<imkl:openbareRuimteNaam>Demkaweg</imkl:openbareRuimteNaam>
									<imkl:huisnummer>11</imkl:huisnummer>
									<imkl:huisnummertoevoeging>A A</imkl:huisnummertoevoeging>
									<imkl:woonplaatsNaam>UTRECHT</imkl:woonplaatsNaam>
									<imkl:postcode>3555HW</imkl:postcode>
									<imkl:landcode>NL</imkl:landcode>
								</imkl:Adres>
							</imkl:bezoekAdres>
						</imkl:Organisatie>
					</imkl:organisatie>
				</imkl:Aanvrager>
			</imkl:aanvrager>
			<imkl:referentie>Verschillende geometrieen</imkl:referentie>
			<imkl:aanvraagSoort xlink:href="http://definities.geostandaarden.nl/imkl2015/id/waarde/AanvraagSoortValue/orientatieverzoek"/>
			<imkl:aanvraagDatum>2019-04-11T13:42:35.000+02:00</imkl:aanvraagDatum>
			<imkl:soortWerkzaamheden xlink:href="http://definities.geostandaarden.nl/imkl2015/id/waarde/SoortWerkzaamhedenValue/heien"/>
			<imkl:locatieWerkzaamheden>Hoofdstraat 53 5683AC Best NL</imkl:locatieWerkzaamheden>
			<imkl:orientatiepolygoon xlink:href="nl.imkl-KA0000._Orientatiepolygoon_19O900152"/>
		</imkl:GebiedsinformatieAanvraag>
	</gml:featureMember>
	<gml:featureMember>
		<imkl:Orientatiepolygoon gml:id="nl.imkl-KA0000._Orientatiepolygoon_19O900152">
			<imkl:identificatie>
				<imkl:NEN3610ID>
					<imkl:namespace>nl.imkl</imkl:namespace>
					<imkl:lokaalID>KA0000._Orientatiepolygoon_19O900152</imkl:lokaalID>
				</imkl:NEN3610ID>
			</imkl:identificatie>
			<imkl:beginLifespanVersion>2019-04-11T13:42:35.000+02:00</imkl:beginLifespanVersion>
			<imkl:geometrie>
				<gml:Polygon srsName="urn:ogc:def:crs:EPSG::28992" srsDimension="2" gml:id="nl.imkl-KA0000._Orientatiepolygoon_19O900152_geo">
					<gml:exterior>
						<gml:LinearRing>
							<gml:posList>154076.0 392054.0 153982.0 391134.0 154506.0 390241.0 155775.0 390241.0 156481.0 390919.0 155568.0 392740.0 154076.0 392054.0</gml:posList>
						</gml:LinearRing>
					</gml:exterior>
				</gml:Polygon>
			</imkl:geometrie>
		</imkl:Orientatiepolygoon>
	</gml:featureMember>
	<gml:featureMember>
		<imkl:Belang gml:id="nl.imkl-TS1001._Belang_5014307-4">
			<imkl:identificatie>
				<imkl:NEN3610ID>
					<imkl:namespace>nl.imkl</imkl:namespace>
					<imkl:lokaalID>TS1001._Belang_5014307</imkl:lokaalID>
					<imkl:versie>4</imkl:versie>
				</imkl:NEN3610ID>
			</imkl:identificatie>
			<imkl:beginLifespanVersion>2019-03-13T00:00:00.000+01:00</imkl:beginLifespanVersion>
			<imkl:omschrijving>Best</imkl:omschrijving>
			<imkl:contactAanvraag>
				<imkl:AanvraagSoortContact>
					<imkl:aanvraagSoort xlink:href="http://definities.geostandaarden.nl/imkl2015/id/waarde/AanvraagSoortValue/orientatieverzoek"/>
					<imkl:naam>Testcontactpersoon</imkl:naam>
					<imkl:telefoon>0881765432</imkl:telefoon>
					<imkl:email>test.contactpersoon@kadaster.nl</imkl:email>
				</imkl:AanvraagSoortContact>
			</imkl:contactAanvraag>
			<imkl:thema xlink:href="http://definities.geostandaarden.nl/imkl2015/id/waarde/Thema/datatransport"/>
			<imkl:thema xlink:href="http://definities.geostandaarden.nl/imkl2015/id/waarde/Thema/petrochemie"/>
			<imkl:thema xlink:href="http://definities.geostandaarden.nl/imkl2015/id/waarde/Thema/hoogspanning"/>
			<imkl:thema xlink:href="http://definities.geostandaarden.nl/imkl2015/id/waarde/Thema/wees"/>
			<imkl:thema xlink:href="http://definities.geostandaarden.nl/imkl2015/id/waarde/Thema/landelijkHoogspanningsnet"/>
			<imkl:thema xlink:href="http://definities.geostandaarden.nl/imkl2015/id/waarde/Thema/buisleidingGevaarlijkeInhoud"/>
			<imkl:thema xlink:href="http://definities.geostandaarden.nl/imkl2015/id/waarde/Thema/overig"/>
			<imkl:thema xlink:href="http://definities.geostandaarden.nl/imkl2015/id/waarde/Thema/gasLageDruk"/>
			<imkl:thema xlink:href="http://definities.geostandaarden.nl/imkl2015/id/waarde/Thema/gasHogeDruk"/>
			<imkl:thema xlink:href="http://definities.geostandaarden.nl/imkl2015/id/waarde/Thema/middenspanning"/>
			<imkl:thema xlink:href="http://definities.geostandaarden.nl/imkl2015/id/waarde/Thema/water"/>
			<imkl:thema xlink:href="http://definities.geostandaarden.nl/imkl2015/id/waarde/Thema/rioolOnderOverOfOnderdruk"/>
			<imkl:thema xlink:href="http://definities.geostandaarden.nl/imkl2015/id/waarde/Thema/warmte"/>
			<imkl:thema xlink:href="http://definities.geostandaarden.nl/imkl2015/id/waarde/Thema/rioolVrijverval"/>
			<imkl:thema xlink:href="http://definities.geostandaarden.nl/imkl2015/id/waarde/Thema/laagspanning"/>
			<imkl:contactNetinformatie>
				<imkl:AanvraagSoortContact>
					<imkl:aanvraagSoort xlink:href="http://definities.geostandaarden.nl/imkl2015/id/waarde/AanvraagSoortValue/orientatieverzoek"/>
				</imkl:AanvraagSoortContact>
			</imkl:contactNetinformatie>
			<imkl:contactBeschadiging>
				<imkl:Contact/>
			</imkl:contactBeschadiging>
		</imkl:Belang>
	</gml:featureMember>
	<gml:featureMember>
		<imkl:Beheerder gml:id="nl.imkl-TS1001._Beheerder">
			<imkl:identificatie>
				<imkl:NEN3610ID>
					<imkl:namespace>nl.imkl</imkl:namespace>
					<imkl:lokaalID>TS1001._Beheerder</imkl:lokaalID>
				</imkl:NEN3610ID>
			</imkl:identificatie>
			<imkl:beginLifespanVersion>2000-01-01T00:00:00.000+01:00</imkl:beginLifespanVersion>
			<imkl:bronhoudercode>TS1001</imkl:bronhoudercode>
			<imkl:websiteKlic>http://test.nl/</imkl:websiteKlic>
			<imkl:organisatie>
				<imkl:Organisatie>
					<imkl:naam>Netbeheerder Actualiseren01</imkl:naam>
					<imkl:naam>Afd. KLIC Beheer TS1001</imkl:naam>
					<imkl:kvkNummer>08215619</imkl:kvkNummer>
				</imkl:Organisatie>
			</imkl:organisatie>
		</imkl:Beheerder>
	</gml:featureMember>
	<gml:featureMember>
		<imkl:ExtraDetailinfo gml:id="nl.imkl-TS1001.00001">
			<imkl:identificatie>
				<imkl:NEN3610ID>
					<imkl:namespace>nl.imkl</imkl:namespace>
					<imkl:lokaalID>TS1001.00001</imkl:lokaalID>
				</imkl:NEN3610ID>
			</imkl:identificatie>
			<imkl:beginLifespanVersion>2015-10-15T09:30:47.0Z</imkl:beginLifespanVersion>
			<imkl:endLifespanVersion>9999-01-01T10:30:47.0Z</imkl:endLifespanVersion>
			<imkl:label>Label ExtraDetailInfo</imkl:label>
			<imkl:omschrijving>Omschrijving ExtraDetailInfo</imkl:omschrijving>
			<imkl:inNetwork xlink:href="nl.imkl-TS1001.tst00023"/>
			<imkl:extraInfoType xlink:href="http://definities.geostandaarden.nl/imkl2015/id/waarde/ExtraDetailInfoTypeValue/overig"/>
			<imkl:bestandLocatie>bronnen/TS1001/nl.imkl-TS1001_19O900152.overig.pdf</imkl:bestandLocatie>
			<imkl:bestandMediaType xlink:href="http://definities.geostandaarden.nl/imkl2015/id/waarde/BestandMediaTypeValue/PDF"/>
			<imkl:bestandIdentificator>nl.imkl-TS1001.overig</imkl:bestandIdentificator>
			<imkl:ligging>
				<gml:MultiSurface gml:id="idm13989asd0713263384080ET9a9cd">
					<gml:surfaceMember>
						<gml:Polygon gml:id="idm13989076338408230ET7ada" srsName="urn:ogc:def:crs:EPSG::28992">
							<gml:exterior>
								<gml:LinearRing>
									<gml:posList srsDimension="2">155005 391552	155004 391435 155142 391439	155136 391551 155005 391552</gml:posList>
								</gml:LinearRing>
							</gml:exterior>
							<gml:interior>
								<gml:LinearRing>
									<gml:posList srsDimension="2">155024 391531	155124 391536 155124 391452	155023 391448 155024 391531</gml:posList>
								</gml:LinearRing>
							</gml:interior>
						</gml:Polygon>
					</gml:surfaceMember>
					<gml:surfaceMember>
						<gml:Polygon gml:id="idm13989076338408230ET7ada2" srsName="urn:ogc:def:crs:EPSG::28992">
							<gml:exterior>
								<gml:LinearRing>
									<gml:posList srsDimension="2">155036 391521	155037 391458 155113 391458	155111 391522 155036 391521</gml:posList>
								</gml:LinearRing>
							</gml:exterior>
							<gml:interior>
								<gml:LinearRing>
									<gml:posList srsDimension="2">155060 391503	155091 391503 155092 391474	155061 391474 155060 391503</gml:posList>
								</gml:LinearRing>
							</gml:interior>
						</gml:Polygon>
					</gml:surfaceMember>
				</gml:MultiSurface>
			</imkl:ligging>
		</imkl:ExtraDetailinfo>
	</gml:featureMember>
	<gml:featureMember>
		<imkl:ExtraDetailinfo gml:id="nl.imkl-TS1001.00002">
			<imkl:identificatie>
				<imkl:NEN3610ID>
					<imkl:namespace>nl.imkl</imkl:namespace>
					<imkl:lokaalID>TS1001.00002</imkl:lokaalID>
				</imkl:NEN3610ID>
			</imkl:identificatie>
			<imkl:beginLifespanVersion>2015-10-15T09:30:47.0Z</imkl:beginLifespanVersion>
			<imkl:endLifespanVersion>9999-01-01T10:30:47.0Z</imkl:endLifespanVersion>
			<imkl:label>Label ExtraDetailInfo</imkl:label>
			<imkl:omschrijving>Omschrijving ExtraDetailInfo</imkl:omschrijving>
			<imkl:inNetwork xlink:href="nl.imkl-TS1001.tst00023"/>
			<imkl:extraInfoType xlink:href="http://definities.geostandaarden.nl/imkl2015/id/waarde/ExtraDetailInfoTypeValue/overig"/>
			<imkl:bestandLocatie>bronnen/TS1001/nl.imkl-TS1001_19O900152.overig.pdf</imkl:bestandLocatie>
			<imkl:bestandMediaType xlink:href="http://definities.geostandaarden.nl/imkl2015/id/waarde/BestandMediaTypeValue/PDF"/>
			<imkl:bestandIdentificator>nl.imkl-TS1001.overig</imkl:bestandIdentificator>
			<imkl:ligging>
				<gml:LineString gml:id="idm522341274579677" srsName="urn:ogc:def:crs:EPSG::28992">
					<gml:posList>155010 391305 155070 391425 155120 391305</gml:posList>
				</gml:LineString>
			</imkl:ligging>
		</imkl:ExtraDetailinfo>
	</gml:featureMember>
	<gml:featureMember>
		<imkl:ExtraDetailinfo gml:id="nl.imkl-TS1001.00003">
			<imkl:identificatie>
				<imkl:NEN3610ID>
					<imkl:namespace>nl.imkl</imkl:namespace>
					<imkl:lokaalID>TS1001.00003</imkl:lokaalID>
				</imkl:NEN3610ID>
			</imkl:identificatie>
			<imkl:beginLifespanVersion>2015-10-15T09:30:47.0Z</imkl:beginLifespanVersion>
			<imkl:endLifespanVersion>9999-01-01T10:30:47.0Z</imkl:endLifespanVersion>
			<imkl:label>Label ExtraDetailInfo</imkl:label>
			<imkl:omschrijving>Omschrijving ExtraDetailInfo</imkl:omschrijving>
			<imkl:inNetwork xlink:href="nl.imkl-TS1001.tst00023"/>
			<imkl:extraInfoType xlink:href="http://definities.geostandaarden.nl/imkl2015/id/waarde/ExtraDetailInfoTypeValue/overig"/>
			<imkl:bestandLocatie>bronnen/TS1001/nl.imkl-TS1001_19O900152.overig.pdf</imkl:bestandLocatie>
			<imkl:bestandMediaType xlink:href="http://definities.geostandaarden.nl/imkl2015/id/waarde/BestandMediaTypeValue/PDF"/>
			<imkl:bestandIdentificator>nl.imkl-TS1001.overig</imkl:bestandIdentificator>
			<imkl:ligging>
				<gml:Curve gml:id="idm52237415562200sdhvzz" srsName="urn:ogc:def:crs:EPSG::28992">
					<gml:segments>
						<gml:LineStringSegment>
							<gml:posList srsDimension="2">155010 391155	155070 391275</gml:posList>
						</gml:LineStringSegment>
						<gml:LineStringSegment>
							<gml:posList srsDimension="2">155070 391275	155120 391155</gml:posList>
						</gml:LineStringSegment>
					</gml:segments>
				</gml:Curve>
			</imkl:ligging>
		</imkl:ExtraDetailinfo>
	</gml:featureMember>
	<gml:featureMember>
		<imkl:ExtraDetailinfo gml:id="nl.imkl-TS1001.00004">
			<imkl:identificatie>
				<imkl:NEN3610ID>
					<imkl:namespace>nl.imkl</imkl:namespace>
					<imkl:lokaalID>TS1001.00004</imkl:lokaalID>
				</imkl:NEN3610ID>
			</imkl:identificatie>
			<imkl:beginLifespanVersion>2015-10-15T09:30:47.0Z</imkl:beginLifespanVersion>
			<imkl:endLifespanVersion>9999-01-01T10:30:47.0Z</imkl:endLifespanVersion>
			<imkl:label>Label ExtraDetailInfo</imkl:label>
			<imkl:omschrijving>Omschrijving ExtraDetailInfo</imkl:omschrijving>
			<imkl:inNetwork xlink:href="nl.imkl-TS1001.tst00023"/>
			<imkl:extraInfoType xlink:href="http://definities.geostandaarden.nl/imkl2015/id/waarde/ExtraDetailInfoTypeValue/overig"/>
			<imkl:bestandLocatie>bronnen/TS1001/nl.imkl-TS1001_19O900152.overig.pdf</imkl:bestandLocatie>
			<imkl:bestandMediaType xlink:href="http://definities.geostandaarden.nl/imkl2015/id/waarde/BestandMediaTypeValue/PDF"/>
			<imkl:bestandIdentificator>nl.imkl-TS1001.overig</imkl:bestandIdentificator>
			<imkl:ligging>
				<gml:MultiCurve gml:id="idm5223224745073563" srsName="urn:ogc:def:crs:EPSG::28992">
					<gml:curveMember>
						<gml:Curve gml:id="idm522fd347450445" srsName="urn:ogc:def:crs:EPSG::28992">
							<gml:segments>
								<gml:LineStringSegment>
									<gml:posList srsDimension="2">155010 391005	155070 391125</gml:posList>
								</gml:LineStringSegment>
							</gml:segments>
						</gml:Curve>
					</gml:curveMember>
					<gml:curveMember>
						<gml:Curve gml:id="idm52234745073987" srsName="urn:ogc:def:crs:EPSG::28992">
							<gml:segments>
								<gml:LineStringSegment>
									<gml:posList srsDimension="2">155120 391125	155170 391005</gml:posList>
								</gml:LineStringSegment>
							</gml:segments>
						</gml:Curve>
					</gml:curveMember>
				</gml:MultiCurve>
			</imkl:ligging>
		</imkl:ExtraDetailinfo>
	</gml:featureMember>
	<gml:featureMember>
		<imkl:ExtraDetailinfo gml:id="nl.imkl-TS1001.00005">
			<imkl:identificatie>
				<imkl:NEN3610ID>
					<imkl:namespace>nl.imkl</imkl:namespace>
					<imkl:lokaalID>TS1001.00005</imkl:lokaalID>
				</imkl:NEN3610ID>
			</imkl:identificatie>
			<imkl:beginLifespanVersion>2015-10-15T09:30:47.0Z</imkl:beginLifespanVersion>
			<imkl:endLifespanVersion>9999-01-01T10:30:47.0Z</imkl:endLifespanVersion>
			<imkl:label>Label ExtraDetailInfo</imkl:label>
			<imkl:omschrijving>Omschrijving ExtraDetailInfo</imkl:omschrijving>
			<imkl:inNetwork xlink:href="nl.imkl-TS1001.tst00023"/>
			<imkl:extraInfoType xlink:href="http://definities.geostandaarden.nl/imkl2015/id/waarde/ExtraDetailInfoTypeValue/overig"/>
			<imkl:bestandLocatie>bronnen/TS1001/nl.imkl-TS1001_19O900152.overig.pdf</imkl:bestandLocatie>
			<imkl:bestandMediaType xlink:href="http://definities.geostandaarden.nl/imkl2015/id/waarde/BestandMediaTypeValue/PDF"/>
			<imkl:bestandIdentificator>nl.imkl-TS1001.overig</imkl:bestandIdentificator>
			<imkl:ligging>
				<gml:MultiCurve gml:id="idm52232244745073563" srsName="urn:ogc:def:crs:EPSG::28992">
					<gml:curveMember>
						<gml:LineString gml:id="idm003">
							<gml:posList srsDimension="2">155010 390855	155070 390975</gml:posList>
						</gml:LineString>
					</gml:curveMember>
					<gml:curveMember>
						<gml:LineString gml:id="idm004">
							<gml:posList srsDimension="2">155120 390975	155170 390855</gml:posList>
						</gml:LineString>
					</gml:curveMember>
				</gml:MultiCurve>
			</imkl:ligging>
		</imkl:ExtraDetailinfo>
	</gml:featureMember>
	<gml:featureMember>
		<imkl:ExtraDetailinfo gml:id="nl.imkl-TS1001.00014">
			<imkl:identificatie>
				<imkl:NEN3610ID>
					<imkl:namespace>nl.imkl</imkl:namespace>
					<imkl:lokaalID>TS1001.00014</imkl:lokaalID>
				</imkl:NEN3610ID>
			</imkl:identificatie>
			<imkl:beginLifespanVersion>2015-10-15T09:30:47.0Z</imkl:beginLifespanVersion>
			<imkl:endLifespanVersion>9999-01-01T10:30:47.0Z</imkl:endLifespanVersion>
			<imkl:label>Label ExtraDetailInfo</imkl:label>
			<imkl:omschrijving>Omschrijving ExtraDetailInfo</imkl:omschrijving>
			<imkl:inNetwork xlink:href="nl.imkl-TS1001.tst00023"/>
			<imkl:extraInfoType xlink:href="http://definities.geostandaarden.nl/imkl2015/id/waarde/ExtraDetailInfoTypeValue/profielschets"/>
			<imkl:bestandLocatie>bronnen/TS1001/nl.imkl-TS1001_19O900152.profielschets.pdf</imkl:bestandLocatie>
			<imkl:bestandMediaType xlink:href="http://definities.geostandaarden.nl/imkl2015/id/waarde/BestandMediaTypeValue/PDF"/>
			<imkl:bestandIdentificator>nl.imkl-TS1001.profielschets</imkl:bestandIdentificator>
			<imkl:ligging>
				<gml:Point gml:id="Point_6" srsName="urn:ogc:def:crs:EPSG::28992">
					<gml:pos srsDimension="2">155050 390785</gml:pos>
				</gml:Point>
			</imkl:ligging>
		</imkl:ExtraDetailinfo>
	</gml:featureMember>
	<gml:featureMember>
		<imkl:AanduidingEisVoorzorgsmaatregel gml:id="nl.imkl-TS1001.00030">
			<imkl:identificatie>
				<imkl:NEN3610ID>
					<imkl:namespace>nl.imkl</imkl:namespace>
					<imkl:lokaalID>TS1001.00030</imkl:lokaalID>
				</imkl:NEN3610ID>
			</imkl:identificatie>
			<imkl:beginLifespanVersion>1996-05-08T00:00:00+02:00</imkl:beginLifespanVersion>
			<imkl:endLifespanVersion>9999-01-01T00:00:00+01:00</imkl:endLifespanVersion>
			<imkl:label/>
			<imkl:omschrijving>Omschrijving AanduidingVerzoekContact nl.imkl-TS1001.00030</imkl:omschrijving>
			<imkl:inNetwork xlink:href="nl.imkl-TS1001.tst00039"/>
			<imkl:eisVoorzorgsmaatregel>GHD-T-W3</imkl:eisVoorzorgsmaatregel>
			<imkl:contactVoorzorgsmaatregel>
				<imkl:Contact>
					<imkl:naam>Contactpersoon EV</imkl:naam>
				</imkl:Contact>
			</imkl:contactVoorzorgsmaatregel>
			<imkl:netbeheerderNetOmschrijving>EV1-gebied transport hoofdleiding</imkl:netbeheerderNetOmschrijving>
			<imkl:netbeheerderNetAanduiding>transport_hoofdleiding</imkl:netbeheerderNetAanduiding>
			<imkl:netbeheerderWerkAanduiding>W3-hoog</imkl:netbeheerderWerkAanduiding>
			<imkl:geometrie>
				<gml:Polygon gml:id="Polygon_0" srsName="urn:ogc:def:crs:EPSG::28992">
					<gml:exterior>
						<gml:LinearRing>
							<gml:posList srsDimension="2">154560	391530	154620	391650	154670	391530	154560	391530</gml:posList>
						</gml:LinearRing>
					</gml:exterior>
				</gml:Polygon>
			</imkl:geometrie>
		</imkl:AanduidingEisVoorzorgsmaatregel>
	</gml:featureMember>
	<gml:featureMember>
		<imkl:AanduidingEisVoorzorgsmaatregel gml:id="nl.imkl-TS1001.00031">
			<imkl:identificatie>
				<imkl:NEN3610ID>
					<imkl:namespace>nl.imkl</imkl:namespace>
					<imkl:lokaalID>TS1001.00031</imkl:lokaalID>
				</imkl:NEN3610ID>
			</imkl:identificatie>
			<imkl:beginLifespanVersion>1996-05-08T00:00:00+02:00</imkl:beginLifespanVersion>
			<imkl:endLifespanVersion>9999-01-01T00:00:00+01:00</imkl:endLifespanVersion>
			<imkl:label/>
			<imkl:omschrijving>Omschrijving AanduidingVerzoekContact nl.imkl-TS1001.00030</imkl:omschrijving>
			<imkl:inNetwork xlink:href="nl.imkl-TS1001.tst00039"/>
			<imkl:eisVoorzorgsmaatregel>GHD-T-W3</imkl:eisVoorzorgsmaatregel>
			<imkl:contactVoorzorgsmaatregel>
				<imkl:Contact>
					<imkl:naam>Contactpersoon EV</imkl:naam>
				</imkl:Contact>
			</imkl:contactVoorzorgsmaatregel>
			<imkl:netbeheerderNetOmschrijving>EV1-gebied transport hoofdleiding</imkl:netbeheerderNetOmschrijving>
			<imkl:netbeheerderNetAanduiding>transport_hoofdleiding</imkl:netbeheerderNetAanduiding>
			<imkl:netbeheerderWerkAanduiding>W3-hoog</imkl:netbeheerderWerkAanduiding>
			<imkl:geometrie>
				<gml:Polygon gml:id="idm13989076338434080ET7aa" srsName="urn:ogc:def:crs:EPSG::28992">
					<gml:exterior>
						<gml:LinearRing>
							<gml:posList srsDimension="2">154425 391381	154425 391320 154755 391320	154755 391381 154705 391501	154645 391381 154595 391501	154535 391381 154485 391501	154425 391381</gml:posList>
						</gml:LinearRing>
					</gml:exterior>
					<gml:interior>
						<gml:LinearRing>
							<gml:posList srsDimension="2">154446 391389	154481 391460 154516 391389 154446 391389</gml:posList>
						</gml:LinearRing>
					</gml:interior>
					<gml:interior>
						<gml:LinearRing>
							<gml:posList srsDimension="2">154666 391390	154701 391461 154736 391390 154666 391390</gml:posList>
						</gml:LinearRing>
					</gml:interior>
					<gml:interior>
						<gml:LinearRing>
							<gml:posList srsDimension="2">154440 391332	154441 391368 154737 391373 154737 391340 154440 391332</gml:posList>
						</gml:LinearRing>
					</gml:interior>
				</gml:Polygon>
			</imkl:geometrie>
		</imkl:AanduidingEisVoorzorgsmaatregel>
	</gml:featureMember>
	<gml:featureMember>
		<imkl:ExtraDetailinfo gml:id="nl.imkl-TS1001.00043">
			<imkl:identificatie>
				<imkl:NEN3610ID>
					<imkl:namespace>nl.imkl</imkl:namespace>
					<imkl:lokaalID>TS1001.00043</imkl:lokaalID>
				</imkl:NEN3610ID>
			</imkl:identificatie>
			<imkl:beginLifespanVersion>2015-10-15T09:30:47.0Z</imkl:beginLifespanVersion>
			<imkl:endLifespanVersion>9999-01-01T10:30:47.0Z</imkl:endLifespanVersion>
			<imkl:label>Label ExtraDetailInfo</imkl:label>
			<imkl:omschrijving>Omschrijving ExtraDetailInfo</imkl:omschrijving>
			<imkl:inNetwork xlink:href="nl.imkl-TS1001.tst00023"/>
			<imkl:extraInfoType xlink:href="http://definities.geostandaarden.nl/imkl2015/id/waarde/ExtraDetailInfoTypeValue/aansluiting"/>
			<imkl:bestandLocatie>bronnen/TS1001/nl.imkl-TS1001_19O900152.aansluiting.pdf</imkl:bestandLocatie>
			<imkl:bestandMediaType xlink:href="http://definities.geostandaarden.nl/imkl2015/id/waarde/BestandMediaTypeValue/PDF"/>
			<imkl:bestandIdentificator>nl.imkl-TS1001.aansluiting</imkl:bestandIdentificator>
			<imkl:ligging>
				<gml:Polygon gml:id="idm139890763384080abc" srsName="urn:ogc:def:crs:EPSG::28992">
					<gml:exterior>
						<gml:LinearRing>
							<gml:posList srsDimension="2">155010 391930	155070 392050 155120 391930	155010 391930</gml:posList>
						</gml:LinearRing>
					</gml:exterior>
				</gml:Polygon>
			</imkl:ligging>
		</imkl:ExtraDetailinfo>
	</gml:featureMember>
	<gml:featureMember>
		<imkl:ExtraDetailinfo gml:id="nl.imkl-TS1001.00044">
			<imkl:identificatie>
				<imkl:NEN3610ID>
					<imkl:namespace>nl.imkl</imkl:namespace>
					<imkl:lokaalID>TS1001.00044</imkl:lokaalID>
				</imkl:NEN3610ID>
			</imkl:identificatie>
			<imkl:beginLifespanVersion>2015-10-15T09:30:47.0Z</imkl:beginLifespanVersion>
			<imkl:endLifespanVersion>9999-01-01T10:30:47.0Z</imkl:endLifespanVersion>
			<imkl:label>Aansluiting 1</imkl:label>
			<imkl:omschrijving>Omschrijving ExtraDetailInfo</imkl:omschrijving>
			<imkl:inNetwork xlink:href="nl.imkl-TS1001.tst00023"/>
			<imkl:adres>
				<imkl:Adres>
					<imkl:openbareRuimteNaam>Boomheuvel</imkl:openbareRuimteNaam>
					<imkl:huisnummer>5</imkl:huisnummer>
					<imkl:huisletter/>
					<imkl:huisnummertoevoeging/>
					<imkl:woonplaatsNaam>Best</imkl:woonplaatsNaam>
					<imkl:postcode>5685AA</imkl:postcode>
					<imkl:landcode>NL</imkl:landcode>
					<imkl:BAGidAdresseerbaarObject>0753010000010421</imkl:BAGidAdresseerbaarObject>
				</imkl:Adres>
			</imkl:adres>
			<imkl:extraInfoType xlink:href="http://definities.geostandaarden.nl/imkl2015/id/waarde/ExtraDetailInfoTypeValue/aansluiting"/>
			<imkl:bestandLocatie>bronnen/TS1001/nl.imkl-TS1001_19O900152.aansluiting.pdf</imkl:bestandLocatie>
			<imkl:bestandMediaType xlink:href="http://definities.geostandaarden.nl/imkl2015/id/waarde/BestandMediaTypeValue/PDF"/>
			<imkl:bestandIdentificator>nl.imkl-TS1001.aansluiting</imkl:bestandIdentificator>
			<imkl:ligging>
				<gml:Polygon gml:id="idm139890763384080ET127aa" srsName="urn:ogc:def:crs:EPSG::28992">
					<gml:exterior>
						<gml:LinearRing>
							<gml:posList srsDimension="2">154875 391781	154875 391720 155205 391720	155205 391781 155155 391901	155095 391781 155045 391901	154985 391781 154935 391901	154875 391781</gml:posList>
						</gml:LinearRing>
					</gml:exterior>
					<gml:interior>
						<gml:LinearRing>
							<gml:posList srsDimension="2">154896 391789	154931 391860 154966 391789	154896 391789</gml:posList>
						</gml:LinearRing>
					</gml:interior>
					<gml:interior>
						<gml:LinearRing>
							<gml:posList srsDimension="2">155116 391790	155151 391861 155186 391790	155116 391790</gml:posList>
						</gml:LinearRing>
					</gml:interior>
					<gml:interior>
						<gml:LinearRing>
							<gml:posList srsDimension="2">154890 391732	154891 391768 155187 391773	155187 391740 154890 391732</gml:posList>
						</gml:LinearRing>
					</gml:interior>
				</gml:Polygon>
			</imkl:ligging>
		</imkl:ExtraDetailinfo>
	</gml:featureMember>
	<gml:featureMember>
		<imkl:ExtraDetailinfo gml:id="nl.imkl-TS1001.00045">
			<imkl:identificatie>
				<imkl:NEN3610ID>
					<imkl:namespace>nl.imkl</imkl:namespace>
					<imkl:lokaalID>TS1001.00045</imkl:lokaalID>
				</imkl:NEN3610ID>
			</imkl:identificatie>
			<imkl:beginLifespanVersion>2015-10-15T09:30:47.0Z</imkl:beginLifespanVersion>
			<imkl:endLifespanVersion>9999-01-01T10:30:47.0Z</imkl:endLifespanVersion>
			<imkl:label>Label ExtraDetailInfo</imkl:label>
			<imkl:omschrijving>Omschrijving ExtraDetailInfo</imkl:omschrijving>
			<imkl:inNetwork xlink:href="nl.imkl-TS1001.tst00023"/>
			<imkl:extraInfoType xlink:href="http://definities.geostandaarden.nl/imkl2015/id/waarde/ExtraDetailInfoTypeValue/overig"/>
			<imkl:bestandLocatie>bronnen/TS1001/nl.imkl-TS1001_19O900152.overig.pdf</imkl:bestandLocatie>
			<imkl:bestandMediaType xlink:href="http://definities.geostandaarden.nl/imkl2015/id/waarde/BestandMediaTypeValue/PDF"/>
			<imkl:bestandIdentificator>nl.imkl-TS1001.overig</imkl:bestandIdentificator>
			<imkl:ligging>
				<gml:MultiSurface gml:id="idm139890763384080ET9a9cd">
					<gml:surfaceMember>
						<gml:Polygon gml:id="idm1398907asdf63384080ET7acda" srsName="urn:ogc:def:crs:EPSG::28992">
							<gml:exterior>
								<gml:LinearRing>
									<gml:posList srsDimension="2">155010 391580 155070 391700 155120 391580 155010 391580</gml:posList>
								</gml:LinearRing>
							</gml:exterior>
							<gml:interior>
								<gml:LinearRing>
									<gml:posList srsDimension="2">155041 391590 155065 391665 155084 391590 155041 391590</gml:posList>
								</gml:LinearRing>
							</gml:interior>
						</gml:Polygon>
					</gml:surfaceMember>
					<gml:surfaceMember>
						<gml:Polygon gml:id="idm13989076aasdf3384080ET7acdb" srsName="urn:ogc:def:crs:EPSG::28992">
							<gml:exterior>
								<gml:LinearRing>
									<gml:posList srsDimension="2">155144 391580 155254 391580 155204 391700 155144 391580</gml:posList>
								</gml:LinearRing>
							</gml:exterior>
						</gml:Polygon>
					</gml:surfaceMember>
				</gml:MultiSurface>
			</imkl:ligging>
		</imkl:ExtraDetailinfo>
	</gml:featureMember>
	<gml:featureMember>
		<imkl:EisVoorzorgsmaatregelBijlage gml:id="nl.imkl-TS1001._EisVoorzorgsmaatregelBijlage_19O900152_middenspanning">
			<imkl:identificatie>
				<imkl:NEN3610ID>
					<imkl:namespace>nl.imkl</imkl:namespace>
					<imkl:lokaalID>TS1001._EisVoorzorgsmaatregelBijlage_19O900152_middenspanning</imkl:lokaalID>
				</imkl:NEN3610ID>
			</imkl:identificatie>
			<imkl:beginLifespanVersion>2019-04-11T13:46:31.956+02:00</imkl:beginLifespanVersion>
			<imkl:bijlageType xlink:href="http://definities.geostandaarden.nl/imkl2015/id/waarde/BijlageTypeValue/eisVoorzorgsmaatregel"/>
			<imkl:bestandLocatie>bronnen/TS1001/nl.imkl-TS1001_19O900152.EV_middenspanning_T_risicoHoog_middenspanning.pdf</imkl:bestandLocatie>
			<imkl:bestandMediaType xlink:href="http://definities.geostandaarden.nl/imkl2015/id/waarde/BestandMediaTypeValue/PDF"/>
			<imkl:bestandIdentificator>nl.imkl-TS1001.EV_middenspanning_T_risicoHoog_middenspanning</imkl:bestandIdentificator>
			<imkl:thema xlink:href="http://definities.geostandaarden.nl/imkl2015/id/waarde/Thema/middenspanning"/>
			<imkl:eisVoorzorgsmaatregel>GHD-T-W3</imkl:eisVoorzorgsmaatregel>
			<imkl:toelichting>transport_hoofdleiding risico HOOG (bij deze werkzaamheden)</imkl:toelichting>
		</imkl:EisVoorzorgsmaatregelBijlage>
	</gml:featureMember>
	<gml:featureMember>
		<imkl:Utiliteitsnet gml:id="nl.imkl-TS1001.tst00003">
			<us-net-common:utilityNetworkType xlink:href="http://inspire.ec.europa.eu/codelist/UtilityNetworkTypeValue/thermal"/>
			<us-net-common:authorityRole xlink:href="http://inspire.ec.europa.eu/codelist/RelatedPartyRoleValue/operator"/>
			<imkl:identificatie>
				<imkl:NEN3610ID>
					<imkl:namespace>nl.imkl</imkl:namespace>
					<imkl:lokaalID>TS1001.tst00003</imkl:lokaalID>
				</imkl:NEN3610ID>
			</imkl:identificatie>
			<imkl:beginLifespanVersion>2001-12-17T09:30:47.00+01:00</imkl:beginLifespanVersion>
			<imkl:thema xlink:href="http://definities.geostandaarden.nl/imkl2015/id/waarde/Thema/warmte"/>
			<imkl:standaardDieptelegging uom="urn:ogc:def:uom:OGC::m">1.25</imkl:standaardDieptelegging>
		</imkl:Utiliteitsnet>
	</gml:featureMember>
	<gml:featureMember>
		<imkl:Utiliteitsnet gml:id="nl.imkl-TS1001.tst00023">
			<us-net-common:utilityNetworkType xlink:href="http://inspire.ec.europa.eu/codelist/UtilityNetworkTypeValue/oilGasChemical"/>
			<us-net-common:authorityRole xlink:href="http://inspire.ec.europa.eu/codelist/RelatedPartyRoleValue/operator"/>
			<imkl:identificatie>
				<imkl:NEN3610ID>
					<imkl:namespace>nl.imkl</imkl:namespace>
					<imkl:lokaalID>TS1001.tst00023</imkl:lokaalID>
				</imkl:NEN3610ID>
			</imkl:identificatie>
			<imkl:beginLifespanVersion>2001-12-17T09:30:47.00+01:00</imkl:beginLifespanVersion>
			<imkl:label>label bij nl.imkl-TS1001.voorbeeld Best_ls</imkl:label>
			<imkl:omschrijving>omschrijving bij nl.imkl-TS1001.voorbeeld Best_ls</imkl:omschrijving>
			<imkl:thema xlink:href="http://definities.geostandaarden.nl/imkl2015/id/waarde/Thema/gasLageDruk"/>
		</imkl:Utiliteitsnet>
	</gml:featureMember>
	<gml:featureMember>
		<imkl:Utiliteitsnet gml:id="nl.imkl-TS1001.tst00038">
			<us-net-common:utilityNetworkType xlink:href="http://inspire.ec.europa.eu/codelist/UtilityNetworkTypeValue/oilGasChemical"/>
			<us-net-common:authorityRole xlink:href="http://inspire.ec.europa.eu/codelist/RelatedPartyRoleValue/operator"/>
			<imkl:identificatie>
				<imkl:NEN3610ID>
					<imkl:namespace>nl.imkl</imkl:namespace>
					<imkl:lokaalID>TS1001.tst00038</imkl:lokaalID>
				</imkl:NEN3610ID>
			</imkl:identificatie>
			<imkl:beginLifespanVersion>2001-12-17T09:30:47.00+01:00</imkl:beginLifespanVersion>
			<imkl:label>label bij nl.imkl-TS1001.voorbeeld Best_ls</imkl:label>
			<imkl:omschrijving>omschrijving bij nl.imkl-TS1001.voorbeeld Best_ls</imkl:omschrijving>
			<imkl:thema xlink:href="http://definities.geostandaarden.nl/imkl2015/id/waarde/Thema/gasHogeDruk"/>
		</imkl:Utiliteitsnet>
	</gml:featureMember>
	<gml:featureMember>
		<imkl:Utiliteitsnet gml:id="nl.imkl-TS1001.tst00039">
			<us-net-common:utilityNetworkType xlink:href="http://inspire.ec.europa.eu/codelist/UtilityNetworkTypeValue/electricity"/>
			<us-net-common:authorityRole xlink:href="http://inspire.ec.europa.eu/codelist/RelatedPartyRoleValue/operator"/>
			<imkl:identificatie>
				<imkl:NEN3610ID>
					<imkl:namespace>nl.imkl</imkl:namespace>
					<imkl:lokaalID>TS1001.tst00039</imkl:lokaalID>
				</imkl:NEN3610ID>
			</imkl:identificatie>
			<imkl:beginLifespanVersion>2001-12-17T09:30:47.00+01:00</imkl:beginLifespanVersion>
			<imkl:label>label bij nl.imkl-TS1001.voorbeeld Best_ls</imkl:label>
			<imkl:omschrijving>omschrijving bij nl.imkl-TS1001.voorbeeld Best_ls</imkl:omschrijving>
			<imkl:thema xlink:href="http://definities.geostandaarden.nl/imkl2015/id/waarde/Thema/middenspanning"/>
		</imkl:Utiliteitsnet>
	</gml:featureMember>
	<gml:featureMember>
		<imkl:ThermischePijpleiding gml:id="nl.imkl-TS1001.tst00287">
			<net:beginLifespanVersion>2001-12-17T09:30:47.0</net:beginLifespanVersion>
			<net:inspireId>
				<base:Identifier>
					<base:localId>TS1001.tst00287</base:localId>
					<base:namespace>nl.imkl</base:namespace>
				</base:Identifier>
			</net:inspireId>
			<net:endLifespanVersion>2031-12-17T09:30:48.0</net:endLifespanVersion>
			<net:inNetwork xlink:href="nl.imkl-TS1001.tst00003"/>
			<net:link xlink:href="nl.imkl-TS1001.tst00452"/>
			<us-net-common:currentStatus xlink:href="http://inspire.ec.europa.eu/codelist/ConditionOfFacilityValue/functional"/>
			<us-net-common:validFrom>2001-12-17T09:30:47.0</us-net-common:validFrom>
			<us-net-common:validTo>2021-12-17T09:30:47.0</us-net-common:validTo>
			<us-net-common:verticalPosition>underground</us-net-common:verticalPosition>
			<us-net-common:utilityDeliveryType xlink:href="http://inspire.ec.europa.eu/codelist/UtilityDeliveryTypeValue/private"/>
			<us-net-common:warningType xlink:href="http://inspire.ec.europa.eu/codelist/WarningTypeValue/net"/>
			<us-net-common:pipeDiameter uom="urn:ogc:def:uom:OGC::cm">0</us-net-common:pipeDiameter>
			<us-net-common:pressure uom="urn:ogc:def:uom:OGC::bar">450</us-net-common:pressure>
			<us-net-th:thermalProductType>http://definities.geostandaarden.nl/imkl2015/id/waarde/ThermalProductTypeIMKLValue/koelwater</us-net-th:thermalProductType>
			<imkl:geoNauwkeurigheidXY xlink:href="http://definities.geostandaarden.nl/imkl2015/id/waarde/NauwkeurigheidXYvalue/tot100cm"/>
			<imkl:toelichting>Toelichting tekst ö</imkl:toelichting>
			<imkl:label>Label tekst ö</imkl:label>
			<imkl:omschrijving>Omschrijving tekst ö</imkl:omschrijving>
			<imkl:buismateriaalType xlink:href="http://definities.geostandaarden.nl/imkl2015/id/waarde/PipeMaterialTypeIMKLValue/polyester"/>
		</imkl:ThermischePijpleiding>
	</gml:featureMember>
	<gml:featureMember>
		<us-net-common:UtilityLink gml:id="nl.imkl-TS1001.tst00452">
			<net:beginLifespanVersion>2001-12-17T09:30:47.00+01:00</net:beginLifespanVersion>
			<net:inspireId>
				<base:Identifier>
					<base:localId>TS1001.tst00452</base:localId>
					<base:namespace>nl.imkl</base:namespace>
				</base:Identifier>
			</net:inspireId>
			<net:inNetwork xlink:href="nl.imkl-TS1001.tst00003"/>
			<net:centrelineGeometry>
				<gml:LineString srsName="urn:ogc:def:crs:EPSG::28992" gml:id="idm522347457968">
					<gml:posList>155460 392230 155520 392350 155570 392230</gml:posList>
				</gml:LineString>
			</net:centrelineGeometry>
			<net:fictitious>false</net:fictitious>
			<us-net-common:currentStatus xlink:href="http://inspire.ec.europa.eu/codelist/ConditionOfFacilityValue/functional"/>
			<us-net-common:validFrom>2001-12-17T09:30:47.00+01:00</us-net-common:validFrom>
			<us-net-common:verticalPosition xsi:nil="true" nilReason="reden leeg"/>
		</us-net-common:UtilityLink>
	</gml:featureMember>
	<gml:featureMember>
		<imkl:ThermischePijpleiding gml:id="nl.imkl-TS1001.tst00527">
			<net:beginLifespanVersion>2001-12-17T09:30:47.00+01:00</net:beginLifespanVersion>
			<net:inspireId>
				<base:Identifier>
					<base:localId>TS1001.tst00527</base:localId>
					<base:namespace>nl.imkl</base:namespace>
				</base:Identifier>
			</net:inspireId>
			<net:inNetwork xlink:href="nl.imkl-TS1001.tst00003"/>
			<net:link xlink:href="nl.imkl-TS1001.tst00528"/>
			<us-net-common:currentStatus xlink:href="http://inspire.ec.europa.eu/codelist/ConditionOfFacilityValue/functional"/>
			<us-net-common:validFrom>2001-12-17T09:30:47.00+01:00</us-net-common:validFrom>
			<us-net-common:verticalPosition>underground</us-net-common:verticalPosition>
			<us-net-common:warningType xlink:href="http://inspire.ec.europa.eu/codelist/WarningTypeValue/net"/>
			<us-net-common:pipeDiameter uom="urn:ogc:def:uom:OGC::cm">0</us-net-common:pipeDiameter>
			<us-net-common:pressure uom="urn:ogc:def:uom:OGC::bar">450</us-net-common:pressure>
			<us-net-th:thermalProductType/>
		</imkl:ThermischePijpleiding>
	</gml:featureMember>
	<gml:featureMember>
		<us-net-common:UtilityLink gml:id="nl.imkl-TS1001.tst00528">
			<net:beginLifespanVersion>2001-12-17T09:30:47.00+01:00</net:beginLifespanVersion>
			<net:inspireId>
				<base:Identifier>
					<base:localId>TS1001.tst00528</base:localId>
					<base:namespace>nl.imkl</base:namespace>
				</base:Identifier>
			</net:inspireId>
			<net:inNetwork xlink:href="nl.imkl-TS1001.tst00003"/>
			<net:centrelineGeometry>
				<gml:Curve srsName="urn:ogc:def:crs:EPSG::28992" gml:id="idm522374155600sdhvkj">
					<gml:segments>
						<gml:LineStringSegment>
							<gml:posList srsDimension="2">155460 392080 155520 392200</gml:posList>
						</gml:LineStringSegment>
						<gml:LineStringSegment>
							<gml:posList srsDimension="2">155520 392200 155570 392080</gml:posList>
						</gml:LineStringSegment>
					</gml:segments>
				</gml:Curve>
			</net:centrelineGeometry>
			<net:fictitious>false</net:fictitious>
			<us-net-common:currentStatus xlink:href="http://inspire.ec.europa.eu/codelist/ConditionOfFacilityValue/functional"/>
			<us-net-common:validFrom>2001-12-17T09:30:47.00+01:00</us-net-common:validFrom>
			<us-net-common:verticalPosition xsi:nil="true" nilReason="reden leeg"/>
		</us-net-common:UtilityLink>
	</gml:featureMember>
	<gml:featureMember>
		<imkl:EigenTopografie gml:id="nl.imkl-TS1001.tst00553a">
			<imkl:identificatie>
				<imkl:NEN3610ID>
					<imkl:namespace>nl.imkl</imkl:namespace>
					<imkl:lokaalID>TS1001.tst00553a</imkl:lokaalID>
				</imkl:NEN3610ID>
			</imkl:identificatie>
			<imkl:beginLifespanVersion>2001-12-17T09:30:47.00+01:00</imkl:beginLifespanVersion>
			<imkl:endLifespanVersion>9999-01-01T09:30:47.0</imkl:endLifespanVersion>
			<imkl:label>Label ET-00004a Eigen Topografie</imkl:label>
			<imkl:omschrijving>Omschrijving ET-00004a Eigen Topografie</imkl:omschrijving>
			<imkl:status xlink:href="http://definities.geostandaarden.nl/imkl2015/id/waarde/EigenTopografieStatusValue/bestaand"/>
			<imkl:typeTopografischObject xlink:href="http://definities.geostandaarden.nl/imkl2015/id/waarde/TopografischObjectTypeValue/erf"/>
			<imkl:ligging>
				<gml:Polygon srsName="urn:ogc:def:crs:EPSG::28992" gml:id="idm139890763384080ET4a">
					<gml:exterior>
						<gml:LinearRing>
							<gml:posList srsDimension="2">155460 391930 155520 392050 155570 391930 155460 391930</gml:posList>
						</gml:LinearRing>
					</gml:exterior>
				</gml:Polygon>
			</imkl:ligging>
		</imkl:EigenTopografie>
	</gml:featureMember>
	<gml:featureMember>
		<imkl:EigenTopografie gml:id="nl.imkl-TS1001.tst00553aa">
			<imkl:identificatie>
				<imkl:NEN3610ID>
					<imkl:namespace>nl.imkl</imkl:namespace>
					<imkl:lokaalID>TS1001.tst00553aa</imkl:lokaalID>
				</imkl:NEN3610ID>
			</imkl:identificatie>
			<imkl:beginLifespanVersion>2001-12-17T09:30:47.00+01:00</imkl:beginLifespanVersion>
			<imkl:endLifespanVersion>9999-01-01T09:30:47.0</imkl:endLifespanVersion>
			<imkl:label>Label ET-00007 Eigen Topografie</imkl:label>
			<imkl:omschrijving>Omschrijving ET-00007 Eigen Topografie</imkl:omschrijving>
			<imkl:status xlink:href="http://definities.geostandaarden.nl/imkl2015/id/waarde/EigenTopografieStatusValue/bestaand"/>
			<imkl:typeTopografischObject xlink:href="http://definities.geostandaarden.nl/imkl2015/id/waarde/TopografischObjectTypeValue/erf"/>
			<imkl:ligging>
				<gml:Polygon srsName="urn:ogc:def:crs:EPSG::28992" gml:id="idm139890763384080ET7aa">
					<gml:exterior>
						<gml:LinearRing>
							<gml:posList srsDimension="2">155325 391781	155325 391720 155655 391720	155655 391781 155605 391901	155545 391781 155495 391901	155435 391781 155385 391901	155325 391781</gml:posList>
						</gml:LinearRing>
					</gml:exterior>
					<gml:interior>
						<gml:LinearRing>
							<gml:posList srsDimension="2">155346 391789	155381 391860 155416 391789	155346 391789</gml:posList>
						</gml:LinearRing>
					</gml:interior>
					<gml:interior>
						<gml:LinearRing>
							<gml:posList srsDimension="2">155566 391790	155601 391861 155636 391790	155566 391790</gml:posList>
						</gml:LinearRing>
					</gml:interior>
					<gml:interior>
						<gml:LinearRing>
							<gml:posList srsDimension="2">155340 391732	155341 391768 155637 391773	155637 391740 155340 391732</gml:posList>
						</gml:LinearRing>
					</gml:interior>
				</gml:Polygon>
			</imkl:ligging>
		</imkl:EigenTopografie>
	</gml:featureMember>
	<gml:featureMember>
		<imkl:EigenTopografie gml:id="nl.imkl-TS1001.tst00553ac">
			<imkl:identificatie>
				<imkl:NEN3610ID>
					<imkl:namespace>nl.imkl</imkl:namespace>
					<imkl:lokaalID>TS1001.tst00553ac</imkl:lokaalID>
				</imkl:NEN3610ID>
			</imkl:identificatie>
			<imkl:beginLifespanVersion>2001-12-17T09:30:47.00+01:00</imkl:beginLifespanVersion>
			<imkl:endLifespanVersion>9999-01-01T09:30:47.0</imkl:endLifespanVersion>
			<imkl:label>Label ET-00009 Eigen Topografie</imkl:label>
			<imkl:omschrijving>Omschrijving ET-00009 Eigen Topografie</imkl:omschrijving>
			<imkl:status xlink:href="http://definities.geostandaarden.nl/imkl2015/id/waarde/EigenTopografieStatusValue/bestaand"/>
			<imkl:typeTopografischObject xlink:href="http://definities.geostandaarden.nl/imkl2015/id/waarde/TopografischObjectTypeValue/sloot"/>
			<imkl:ligging>
				<gml:MultiSurface gml:id="idm13989076338DD4080ET9acd">
					<gml:surfaceMember>
						<gml:Polygon srsName="urn:ogc:def:crs:EPSG::28992" gml:id="idm139890999763384080ET7acda">
							<gml:exterior>
								<gml:LinearRing>
									<gml:posList srsDimension="2">155460 391580	155520 391700 155570 391580	155460 391580</gml:posList>
								</gml:LinearRing>
							</gml:exterior>
							<gml:interior>
								<gml:LinearRing>
									<gml:posList srsDimension="2">155491 391590	155515 391665 155534 391590	155491 391590</gml:posList>
								</gml:LinearRing>
							</gml:interior>
						</gml:Polygon>
					</gml:surfaceMember>
					<gml:surfaceMember>
						<gml:Polygon srsName="urn:ogc:def:crs:EPSG::28992" gml:id="idm139890aas763384080ET7acdb">
							<gml:exterior>
								<gml:LinearRing>
									<gml:posList srsDimension="2">155594 391580	155704 391580 155654 391700	155594 391580</gml:posList>
								</gml:LinearRing>
							</gml:exterior>
						</gml:Polygon>
					</gml:surfaceMember>
				</gml:MultiSurface>
			</imkl:ligging>
		</imkl:EigenTopografie>
	</gml:featureMember>
	<gml:featureMember>
		<imkl:EigenTopografie gml:id="nl.imkl-TS1001.tst00553ad">
			<imkl:identificatie>
				<imkl:NEN3610ID>
					<imkl:namespace>nl.imkl</imkl:namespace>
					<imkl:lokaalID>TS1001.tst00553ad</imkl:lokaalID>
				</imkl:NEN3610ID>
			</imkl:identificatie>
			<imkl:beginLifespanVersion>2001-12-17T09:30:47.00+01:00</imkl:beginLifespanVersion>
			<imkl:endLifespanVersion>9999-01-01T09:30:47.0</imkl:endLifespanVersion>
			<imkl:label>Label ET-00010 Eigen Topografie</imkl:label>
			<imkl:omschrijving>Omschrijving ET-00010 Eigen Topografie</imkl:omschrijving>
			<imkl:status xlink:href="http://definities.geostandaarden.nl/imkl2015/id/waarde/EigenTopografieStatusValue/bestaand"/>
			<imkl:typeTopografischObject xlink:href="http://definities.geostandaarden.nl/imkl2015/id/waarde/TopografischObjectTypeValue/sloot"/>
			<imkl:ligging>
				<gml:MultiSurface gml:id="idm139890713263384080ET9a9cd">
					<gml:surfaceMember>
						<gml:Polygon srsName="urn:ogc:def:crs:EPSG::28992" gml:id="idm139890763384080ET7ada">
							<gml:exterior>
								<gml:LinearRing>
									<gml:posList srsDimension="2">155455 391552	155454 391435 155592 391439	155586 391551 155455 391552</gml:posList>
								</gml:LinearRing>
							</gml:exterior>
							<gml:interior>
								<gml:LinearRing>
									<gml:posList srsDimension="2">155474 391531	155574 391536 155574 391452	155473 391448 155474 391531</gml:posList>
								</gml:LinearRing>
							</gml:interior>
						</gml:Polygon>
					</gml:surfaceMember>
					<gml:surfaceMember>
						<gml:Polygon srsName="urn:ogc:def:crs:EPSG::28992" gml:id="idm139890763384080ET7ada2">
							<gml:exterior>
								<gml:LinearRing>
									<gml:posList srsDimension="2">155486 391521	155487 391458 155563 391458	155561 391522 155486 391521</gml:posList>
								</gml:LinearRing>
							</gml:exterior>
							<gml:interior>
								<gml:LinearRing>
									<gml:posList srsDimension="2">155510 391503	155541 391503 155542 391474	155511 391474 155510 391503</gml:posList>
								</gml:LinearRing>
							</gml:interior>
						</gml:Polygon>
					</gml:surfaceMember>
				</gml:MultiSurface>
			</imkl:ligging>
		</imkl:EigenTopografie>
	</gml:featureMember>
	<gml:featureMember>
		<imkl:EigenTopografie gml:id="nl.imkl-TS1001.tst00553ae">
			<imkl:identificatie>
				<imkl:NEN3610ID>
					<imkl:namespace>nl.imkl</imkl:namespace>
					<imkl:lokaalID>TS1001.tst00553ae</imkl:lokaalID>
				</imkl:NEN3610ID>
			</imkl:identificatie>
			<imkl:beginLifespanVersion>2001-12-17T09:30:47.00+01:00</imkl:beginLifespanVersion>
			<imkl:endLifespanVersion>9999-01-01T09:30:47.0</imkl:endLifespanVersion>
			<imkl:label>Label ET-00010 Eigen Topografie</imkl:label>
			<imkl:omschrijving>Omschrijving ET-00010 Eigen Topografie</imkl:omschrijving>
			<imkl:status xlink:href="http://definities.geostandaarden.nl/imkl2015/id/waarde/EigenTopografieStatusValue/bestaand"/>
			<imkl:typeTopografischObject xlink:href="http://definities.geostandaarden.nl/imkl2015/id/waarde/TopografischObjectTypeValue/sloot"/>
			<imkl:ligging>
				<gml:LineString srsName="urn:ogc:def:crs:EPSG::28992" gml:id="idm5223474579677">
					<gml:posList>155460	391305 155520 391425 155570	391305</gml:posList>
				</gml:LineString>
			</imkl:ligging>
		</imkl:EigenTopografie>
	</gml:featureMember>
	<gml:featureMember>
		<imkl:EigenTopografie gml:id="nl.imkl-TS1001.tst00553af">
			<imkl:identificatie>
				<imkl:NEN3610ID>
					<imkl:namespace>nl.imkl</imkl:namespace>
					<imkl:lokaalID>TS1001.tst00553af</imkl:lokaalID>
				</imkl:NEN3610ID>
			</imkl:identificatie>
			<imkl:beginLifespanVersion>2001-12-17T09:30:47.00+01:00</imkl:beginLifespanVersion>
			<imkl:endLifespanVersion>9999-01-01T09:30:47.0</imkl:endLifespanVersion>
			<imkl:label>Label ET-00010 Eigen Topografie</imkl:label>
			<imkl:omschrijving>Omschrijving ET-00010 Eigen Topografie</imkl:omschrijving>
			<imkl:status xlink:href="http://definities.geostandaarden.nl/imkl2015/id/waarde/EigenTopografieStatusValue/bestaand"/>
			<imkl:typeTopografischObject xlink:href="http://definities.geostandaarden.nl/imkl2015/id/waarde/TopografischObjectTypeValue/sloot"/>
			<imkl:ligging>
				<gml:Curve srsName="urn:ogc:def:crs:EPSG::28992" gml:id="idm522374155600sdhvzz">
					<gml:segments>
						<gml:LineStringSegment>
							<gml:posList srsDimension="2">155460 391155	155520 391275</gml:posList>
						</gml:LineStringSegment>
						<gml:LineStringSegment>
							<gml:posList srsDimension="2">155520 391275	155570 391155</gml:posList>
						</gml:LineStringSegment>
					</gml:segments>
				</gml:Curve>
			</imkl:ligging>
		</imkl:EigenTopografie>
	</gml:featureMember>
	<gml:featureMember>
		<imkl:EigenTopografie gml:id="nl.imkl-TS1001.tst00553af1">
			<imkl:identificatie>
				<imkl:NEN3610ID>
					<imkl:namespace>nl.imkl</imkl:namespace>
					<imkl:lokaalID>TS1001.tst00553af1</imkl:lokaalID>
				</imkl:NEN3610ID>
			</imkl:identificatie>
			<imkl:beginLifespanVersion>2001-12-17T09:30:47.00+01:00</imkl:beginLifespanVersion>
			<imkl:endLifespanVersion>9999-01-01T09:30:47.0</imkl:endLifespanVersion>
			<imkl:label>Label ET-00010 Eigen Topografie</imkl:label>
			<imkl:omschrijving>Omschrijving ET-00010 Eigen Topografie</imkl:omschrijving>
			<imkl:status xlink:href="http://definities.geostandaarden.nl/imkl2015/id/waarde/EigenTopografieStatusValue/bestaand"/>
			<imkl:typeTopografischObject xlink:href="http://definities.geostandaarden.nl/imkl2015/id/waarde/TopografischObjectTypeValue/sloot"/>
			<imkl:ligging>
				<gml:MultiCurve srsName="urn:ogc:def:crs:EPSG::28992" gml:id="idm52234745073563">
					<gml:curveMember>
						<gml:Curve srsName="urn:ogc:def:crs:EPSG::28992" gml:id="idm522aaa347450445">
							<gml:segments>
								<gml:LineStringSegment>
									<gml:posList srsDimension="2">155460 391005	155520 391125</gml:posList>
								</gml:LineStringSegment>
							</gml:segments>
						</gml:Curve>
					</gml:curveMember>
					<gml:curveMember>
						<gml:Curve srsName="urn:ogc:def:crs:EPSG::28992" gml:id="idm52234745aa073987">
							<gml:segments>
								<gml:LineStringSegment>
									<gml:posList srsDimension="2">155570 391125	155620 391005</gml:posList>
								</gml:LineStringSegment>
							</gml:segments>
						</gml:Curve>
					</gml:curveMember>
				</gml:MultiCurve>
			</imkl:ligging>
		</imkl:EigenTopografie>
	</gml:featureMember>
	<gml:featureMember>
		<imkl:EigenTopografie gml:id="nl.imkl-TS1001.tst00553af2">
			<imkl:identificatie>
				<imkl:NEN3610ID>
					<imkl:namespace>nl.imkl</imkl:namespace>
					<imkl:lokaalID>TS1001.tst00553af2</imkl:lokaalID>
				</imkl:NEN3610ID>
			</imkl:identificatie>
			<imkl:beginLifespanVersion>2001-12-17T09:30:47.00+01:00</imkl:beginLifespanVersion>
			<imkl:endLifespanVersion>9999-01-01T09:30:47.0</imkl:endLifespanVersion>
			<imkl:label>Label ET-00010 Eigen Topografie</imkl:label>
			<imkl:omschrijving>Omschrijving ET-00010 Eigen Topografie</imkl:omschrijving>
			<imkl:status xlink:href="http://definities.geostandaarden.nl/imkl2015/id/waarde/EigenTopografieStatusValue/bestaand"/>
			<imkl:typeTopografischObject xlink:href="http://definities.geostandaarden.nl/imkl2015/id/waarde/TopografischObjectTypeValue/sloot"/>
			<imkl:ligging>
				<gml:MultiCurve srsName="urn:ogc:def:crs:EPSG::28992" gml:id="idm522347450735ee">
					<gml:curveMember>
						<gml:LineString gml:id="idm001">
							<gml:posList srsDimension="2">155460 390855 155520 390975</gml:posList>
						</gml:LineString>
					</gml:curveMember>
					<gml:curveMember>
						<gml:LineString gml:id="idm002">
							<gml:posList srsDimension="2">155570 390975	155620 390855</gml:posList>
						</gml:LineString>
					</gml:curveMember>
				</gml:MultiCurve>
			</imkl:ligging>
		</imkl:EigenTopografie>
	</gml:featureMember>
	<gml:featureMember>
		<imkl:EigenTopografie gml:id="nl.imkl-TS1001.tst00553ag">
			<imkl:identificatie>
				<imkl:NEN3610ID>
					<imkl:namespace>nl.imkl</imkl:namespace>
					<imkl:lokaalID>TS1001.tst00553ag</imkl:lokaalID>
				</imkl:NEN3610ID>
			</imkl:identificatie>
			<imkl:beginLifespanVersion>2001-12-17T09:30:47.00+01:00</imkl:beginLifespanVersion>
			<imkl:endLifespanVersion>9999-01-01T09:30:47.0</imkl:endLifespanVersion>
			<imkl:label>Label ET-00010 Eigen Topografie</imkl:label>
			<imkl:omschrijving>Omschrijving ET-00010 Eigen Topografie</imkl:omschrijving>
			<imkl:status xlink:href="http://definities.geostandaarden.nl/imkl2015/id/waarde/EigenTopografieStatusValue/bestaand"/>
			<imkl:typeTopografischObject xlink:href="http://definities.geostandaarden.nl/imkl2015/id/waarde/TopografischObjectTypeValue/sloot"/>
			<imkl:ligging>
				<gml:Point srsName="urn:ogc:def:crs:EPSG::28992" gml:id="idm139890763384080xcv">
					<gml:pos srsDimension="2">155500 390785</gml:pos>
				</gml:Point>
			</imkl:ligging>
		</imkl:EigenTopografie>
	</gml:featureMember>
	<gml:featureMember>
		<imkl:ExtraGeometrie gml:id="nl.imkl-TS1001.tst00554">
			<imkl:identificatie>
				<imkl:NEN3610ID>
					<imkl:namespace>nl.imkl</imkl:namespace>
					<imkl:lokaalID>TS1001.tst00554</imkl:lokaalID>
				</imkl:NEN3610ID>
			</imkl:identificatie>
			<imkl:beginLifespanVersion>2015-08-19T09:30:47.00+02:00</imkl:beginLifespanVersion>
			<imkl:endLifespanVersion>2035-01-01T09:30:47.00+01:00</imkl:endLifespanVersion>
			<imkl:vlakgeometrie2D>
				<gml:Polygon srsName="urn:ogc:def:crs:EPSG::28992" gml:id="idm139890763451136-EXTRA-GEO-00001">
					<gml:exterior>
						<gml:LinearRing>
							<gml:posList srsDimension="2">154560 391930	154620 392050 154670 391930	154560 391930</gml:posList>
						</gml:LinearRing>
					</gml:exterior>
				</gml:Polygon>
			</imkl:vlakgeometrie2D>
			<imkl:inNetwork xlink:href="nl.imkl-TS1001.tst00038"/>
		</imkl:ExtraGeometrie>
	</gml:featureMember>
	<gml:featureMember>
		<imkl:ExtraGeometrie gml:id="nl.imkl-TS1001.tst00563">
			<imkl:identificatie>
				<imkl:NEN3610ID>
					<imkl:namespace>nl.imkl</imkl:namespace>
					<imkl:lokaalID>TS1001.tst00563</imkl:lokaalID>
				</imkl:NEN3610ID>
			</imkl:identificatie>
			<imkl:beginLifespanVersion>2001-12-17T09:30:47.00+01:00</imkl:beginLifespanVersion>
			<imkl:vlakgeometrie2D>
				<gml:Polygon srsName="urn:ogc:def:crs:EPSG::28992" gml:id="idm139890763451136a">
					<gml:exterior>
						<gml:LinearRing>
							<gml:posList srsDimension="2">154425 391781	154425 391720 154755 391720	154755 391781 154705 391901	154645 391781 154595 391901	154535 391781 154485 391901	154425 391781</gml:posList>
						</gml:LinearRing>
					</gml:exterior>
					<gml:interior>
						<gml:LinearRing>
							<gml:posList srsDimension="2">154446 391789	154481 391860 154516 391789	154446 391789</gml:posList>
						</gml:LinearRing>
					</gml:interior>
					<gml:interior>
						<gml:LinearRing>
							<gml:posList srsDimension="2">154666 391790	154701 391861 154736 391790	154666 391790</gml:posList>
						</gml:LinearRing>
					</gml:interior>
					<gml:interior>
						<gml:LinearRing>
							<gml:posList srsDimension="2">154440 391732	154441 391768 154737 391773	154737 391740 154440 391732</gml:posList>
						</gml:LinearRing>
					</gml:interior>
				</gml:Polygon>
			</imkl:vlakgeometrie2D>
			<imkl:inNetwork xlink:href="nl.imkl-TS1001.tst00038"/>
		</imkl:ExtraGeometrie>
	</gml:featureMember>
	<gml:featureMember>
		<imkl:ThermischePijpleiding gml:id="nl.imkl-TS1001.W_th00001_1">
			<net:beginLifespanVersion>2001-12-17T09:30:47.0</net:beginLifespanVersion>
			<net:inspireId>
				<base:Identifier>
					<base:localId>TS1001.W_th00001_1</base:localId>
					<base:namespace>nl.imkl</base:namespace>
				</base:Identifier>
			</net:inspireId>
			<net:endLifespanVersion>2031-12-17T09:30:48.0</net:endLifespanVersion>
			<net:inNetwork xlink:href="nl.imkl-TS1001.tst00003"/>
			<net:link xlink:href="nl.imkl-TS1001.W_ul00022.1"/>
			<net:link xlink:href="nl.imkl-TS1001.W_ul00022.2"/>
			<us-net-common:currentStatus xlink:href="http://inspire.ec.europa.eu/codelist/ConditionOfFacilityValue/functional"/>
			<us-net-common:validFrom>2001-12-17T09:30:47.0</us-net-common:validFrom>
			<us-net-common:validTo>2021-12-17T09:30:47.0</us-net-common:validTo>
			<us-net-common:verticalPosition>underground</us-net-common:verticalPosition>
			<us-net-common:utilityDeliveryType xlink:href="http://inspire.ec.europa.eu/codelist/UtilityDeliveryTypeValue/private"/>
			<us-net-common:warningType xlink:href="http://inspire.ec.europa.eu/codelist/WarningTypeValue/net"/>
			<us-net-common:pipeDiameter uom="urn:ogc:def:uom:OGC::cm">0</us-net-common:pipeDiameter>
			<us-net-common:pressure uom="urn:ogc:def:uom:OGC::bar">450</us-net-common:pressure>
			<us-net-th:thermalProductType>http://definities.geostandaarden.nl/imkl2015/id/waarde/ThermalProductTypeIMKLValue/koelwater</us-net-th:thermalProductType>
			<imkl:geoNauwkeurigheidXY xlink:href="http://definities.geostandaarden.nl/imkl2015/id/waarde/NauwkeurigheidXYvalue/tot100cm"/>
			<imkl:toelichting>Toelichting tekst ö</imkl:toelichting>
			<imkl:label>Label tekst ö</imkl:label>
			<imkl:omschrijving>Omschrijving tekst ö</imkl:omschrijving>
			<imkl:buismateriaalType xlink:href="http://definities.geostandaarden.nl/imkl2015/id/waarde/PipeMaterialTypeIMKLValue/polyester"/>
		</imkl:ThermischePijpleiding>
	</gml:featureMember>
	<gml:featureMember>
		<imkl:ThermischePijpleiding gml:id="nl.imkl-TS1001.W_th00001_2">
			<net:beginLifespanVersion>2001-12-17T09:30:47.0</net:beginLifespanVersion>
			<net:inspireId>
				<base:Identifier>
					<base:localId>TS1001.W_th00001_2</base:localId>
					<base:namespace>nl.imkl</base:namespace>
				</base:Identifier>
			</net:inspireId>
			<net:endLifespanVersion>2031-12-17T09:30:48.0</net:endLifespanVersion>
			<net:inNetwork xlink:href="nl.imkl-TS1001.tst00003"/>
			<net:link xlink:href="nl.imkl-TS1001.W_ul00023.1"/>
			<net:link xlink:href="nl.imkl-TS1001.W_ul00023.2"/>
			<us-net-common:currentStatus xlink:href="http://inspire.ec.europa.eu/codelist/ConditionOfFacilityValue/functional"/>
			<us-net-common:validFrom>2001-12-17T09:30:47.0</us-net-common:validFrom>
			<us-net-common:validTo>2021-12-17T09:30:47.0</us-net-common:validTo>
			<us-net-common:verticalPosition>underground</us-net-common:verticalPosition>
			<us-net-common:utilityDeliveryType xlink:href="http://inspire.ec.europa.eu/codelist/UtilityDeliveryTypeValue/private"/>
			<us-net-common:warningType xlink:href="http://inspire.ec.europa.eu/codelist/WarningTypeValue/net"/>
			<us-net-common:pipeDiameter uom="urn:ogc:def:uom:OGC::cm">0</us-net-common:pipeDiameter>
			<us-net-common:pressure uom="urn:ogc:def:uom:OGC::bar">450</us-net-common:pressure>
			<us-net-th:thermalProductType>http://definities.geostandaarden.nl/imkl2015/id/waarde/ThermalProductTypeIMKLValue/koelwater</us-net-th:thermalProductType>
			<imkl:geoNauwkeurigheidXY xlink:href="http://definities.geostandaarden.nl/imkl2015/id/waarde/NauwkeurigheidXYvalue/tot100cm"/>
			<imkl:toelichting>Toelichting tekst ö</imkl:toelichting>
			<imkl:extraGeometrie xlink:href="nl.imkl-TS1001.W_xg00012"/>
			<imkl:label>Label tekst ö</imkl:label>
			<imkl:omschrijving>Omschrijving tekst ö</imkl:omschrijving>
			<imkl:buismateriaalType xlink:href="http://definities.geostandaarden.nl/imkl2015/id/waarde/PipeMaterialTypeIMKLValue/polyester"/>
		</imkl:ThermischePijpleiding>
	</gml:featureMember>
	<gml:featureMember>
		<us-net-common:UtilityLink gml:id="nl.imkl-TS1001.W_ul00022.1">
			<net:beginLifespanVersion>2001-12-17T09:30:47.0Z</net:beginLifespanVersion>
			<net:inspireId>
				<base:Identifier>
					<base:localId>TS1001.W_ul00022.1</base:localId>
					<base:namespace>nl.imkl</base:namespace>
				</base:Identifier>
			</net:inspireId>
			<net:inNetwork xlink:href="nl.imkl-TS1001.tst00003"/>
			<net:centrelineGeometry>
				<gml:LineString gml:id="Line_46.1" srsName="urn:ogc:def:crs:EPSG::28992">
					<gml:posList>155460 390605 155520 390725</gml:posList>
				</gml:LineString>
			</net:centrelineGeometry>
			<net:fictitious>false</net:fictitious>
			<us-net-common:currentStatus xlink:href="http://inspire.ec.europa.eu/codelist/ConditionOfFacilityValue/functional"/>
			<us-net-common:validFrom>2001-12-17T09:30:47.0Z</us-net-common:validFrom>
			<us-net-common:verticalPosition nilReason="daarom" xsi:nil="true"/>
		</us-net-common:UtilityLink>
	</gml:featureMember>
	<gml:featureMember>
		<us-net-common:UtilityLink gml:id="nl.imkl-TS1001.W_ul00022.2">
			<net:beginLifespanVersion>2001-12-17T09:30:47.0Z</net:beginLifespanVersion>
			<net:inspireId>
				<base:Identifier>
					<base:localId>TS1001.W_ul00022.2</base:localId>
					<base:namespace>nl.imkl</base:namespace>
				</base:Identifier>
			</net:inspireId>
			<net:inNetwork xlink:href="nl.imkl-TS1001.tst00003"/>
			<net:centrelineGeometry>
				<gml:LineString gml:id="Line_46.2" srsName="urn:ogc:def:crs:EPSG::28992">
					<gml:posList>155570 390725 155620 390605</gml:posList>
				</gml:LineString>
			</net:centrelineGeometry>
			<net:fictitious>false</net:fictitious>
			<us-net-common:currentStatus xlink:href="http://inspire.ec.europa.eu/codelist/ConditionOfFacilityValue/functional"/>
			<us-net-common:validFrom>2001-12-17T09:30:47.0Z</us-net-common:validFrom>
			<us-net-common:verticalPosition nilReason="daarom" xsi:nil="true"/>
		</us-net-common:UtilityLink>
	</gml:featureMember>
	<gml:featureMember>
		<us-net-common:UtilityLink gml:id="nl.imkl-TS1001.W_ul00023.1">
			<net:beginLifespanVersion>2001-12-17T09:30:47.0Z</net:beginLifespanVersion>
			<net:inspireId>
				<base:Identifier>
					<base:localId>TS1001.W_ul00023.1</base:localId>
					<base:namespace>nl.imkl</base:namespace>
				</base:Identifier>
			</net:inspireId>
			<net:inNetwork xlink:href="nl.imkl-TS1001.tst00003"/>
			<net:centrelineGeometry>
				<gml:LineString gml:id="Line_47.1" srsName="urn:ogc:def:crs:EPSG::28992">
					<gml:posList>155460 390435 155520 390555</gml:posList>
				</gml:LineString>
			</net:centrelineGeometry>
			<net:fictitious>false</net:fictitious>
			<us-net-common:currentStatus xlink:href="http://inspire.ec.europa.eu/codelist/ConditionOfFacilityValue/functional"/>
			<us-net-common:validFrom>2001-12-17T09:30:47.0Z</us-net-common:validFrom>
			<us-net-common:verticalPosition nilReason="daarom" xsi:nil="true"/>
		</us-net-common:UtilityLink>
	</gml:featureMember>
	<gml:featureMember>
		<us-net-common:UtilityLink gml:id="nl.imkl-TS1001.W_ul00023.2">
			<net:beginLifespanVersion>2001-12-17T09:30:47.0Z</net:beginLifespanVersion>
			<net:inspireId>
				<base:Identifier>
					<base:localId>TS1001.W_ul00023.2</base:localId>
					<base:namespace>nl.imkl</base:namespace>
				</base:Identifier>
			</net:inspireId>
			<net:inNetwork xlink:href="nl.imkl-TS1001.tst00003"/>
			<net:centrelineGeometry>
				<gml:LineString gml:id="Line_47.2" srsName="urn:ogc:def:crs:EPSG::28992">
					<gml:posList>155570 390555 155620 390435</gml:posList>
				</gml:LineString>
			</net:centrelineGeometry>
			<net:fictitious>false</net:fictitious>
			<us-net-common:currentStatus xlink:href="http://inspire.ec.europa.eu/codelist/ConditionOfFacilityValue/functional"/>
			<us-net-common:validFrom>2001-12-17T09:30:47.0Z</us-net-common:validFrom>
			<us-net-common:verticalPosition nilReason="daarom" xsi:nil="true"/>
		</us-net-common:UtilityLink>
	</gml:featureMember>
	<gml:featureMember>
		<imkl:ExtraGeometrie gml:id="nl.imkl-TS1001.W_xg00012">
			<imkl:identificatie>
				<imkl:NEN3610ID>
					<imkl:namespace>nl.imkl</imkl:namespace>
					<imkl:lokaalID>TS1001.W_xg00012</imkl:lokaalID>
				</imkl:NEN3610ID>
			</imkl:identificatie>
			<imkl:beginLifespanVersion>2015-10-19T09:30:47.0Z</imkl:beginLifespanVersion>
			<imkl:endLifespanVersion>9999-01-01T09:30:47.0</imkl:endLifespanVersion>
			<imkl:vlakgeometrie2D>
				<gml:Polygon gml:id="W_Polygon_14" srsName="urn:ogc:def:crs:EPSG::28992">
					<gml:exterior>
						<gml:LinearRing>
							<gml:posList srsDimension="2">155548 390480 155546 390482 155544 390480 155546 390478 155548 390480</gml:posList>
						</gml:LinearRing>
					</gml:exterior>
				</gml:Polygon>
			</imkl:vlakgeometrie2D>
			<imkl:inNetwork xlink:href="nl.imkl-TS1001.tst00003"/>
		</imkl:ExtraGeometrie>
	</gml:featureMember>
</gml:FeatureCollection>
