<?xml version="1.0" encoding="UTF-8"?>
<!-- bestandsnaam: Voorbeeld 6. Utiliteitsnet met EV-vlak+donut.xml -->
<!-- bron: Kadaster-KLIC -->
<!-- _____________________________________________________________________
Toelichting:
Voorbeeld  van aanlevering van een EV-vlak met een donut:
een AanduidingEisVoorzorgsmaatregel met als geometrie een polygoon (exterior) waarbinnen
een "gat" (interior).
Het EV-vlak hoort bij een utiliteitsnet van het thema 'middenspanning'.

De gebruikte voorbeeld-features zijn bedoeld voor demo-doeleinden en zijn niet bedoeld	
om een representatie te geven van de werkelijke situatie ter plaatse. 										
De inhoud is gebaseerd op de definities uit IMKL2015, versie 1.2.1 											
Features:
- Utiliteitsnet (middenspanning)
- Elektriciteitskabel, met een
- UtilityLink
- AanduidingEisVoorzorgsmaatregel (netaanduiding: "MS-T")
 _____________________________________________________________________ -->

<gml:FeatureCollection
    xmlns:imkl="http://www.geostandaarden.nl/imkl/2015/wion/1.2"
    xmlns:gml="http://www.opengis.net/gml/3.2" 
    xmlns:xsi="http://www.w3.org/2001/XMLSchema-instance" 
    xmlns:xlink="http://www.w3.org/1999/xlink" 
    xmlns:net="http://inspire.ec.europa.eu/schemas/net/4.0" 
    xmlns:base="http://inspire.ec.europa.eu/schemas/base/3.3" 
    xmlns:base2="http://inspire.ec.europa.eu/schemas/base2/2.0" 
    xmlns:us-net-common="http://inspire.ec.europa.eu/schemas/us-net-common/4.0" 
    xmlns:us-net-ogc="http://inspire.ec.europa.eu/schemas/us-net-ogc/4.0" 
    xmlns:us-net-el="http://inspire.ec.europa.eu/schemas/us-net-el/4.0" 
    xmlns:us-net-sw="http://inspire.ec.europa.eu/schemas/us-net-sw/4.0" 
    xmlns:us-net-tc="http://inspire.ec.europa.eu/schemas/us-net-tc/4.0" 
    xmlns:us-net-th="http://inspire.ec.europa.eu/schemas/us-net-th/4.0" 
    xmlns:us-net-wa="http://inspire.ec.europa.eu/schemas/us-net-wa/4.0" 
    gml:id="FeatureCollection_nl.imkl-KL3131.netinformatie_2018-06-27-15-00" 
    xsi:schemaLocation="http://www.geostandaarden.nl/imkl/2015/wion/1.2 http://register.geostandaarden.nl/gmlapplicatieschema/imkl2015/1.2.1/imkl2015-wion.xsd">

	<gml:featureMember>
		<imkl:Utiliteitsnet gml:id="nl.imkl-KL3131.UNET_middenspanning_2">
			<us-net-common:utilityNetworkType xlink:href="http://inspire.ec.europa.eu/codelist/UtilityNetworkTypeValue/electricity" />
			<us-net-common:authorityRole xlink:href="http://inspire.ec.europa.eu/codelist/RelatedPartyRoleValue/operator" />
			<us-net-common:disclaimer xmlns:gmd="http://www.isotc211.org/2005/gmd">
				<gmd:PT_FreeText>
					<gmd:textGroup>
						<gmd:LocalisedCharacterString>https://www.enander.nl/Documents/brochures/brochure-graaf-zorgvuldig-klic-noord-en-zuid.pdf</gmd:LocalisedCharacterString>
					</gmd:textGroup>
				</gmd:PT_FreeText>
			</us-net-common:disclaimer>
			<imkl:identificatie>
				<imkl:NEN3610ID>
					<imkl:namespace>nl.imkl</imkl:namespace>
					<imkl:lokaalID>KL3131.UNET_middenspanning_2</imkl:lokaalID>
				</imkl:NEN3610ID>
			</imkl:identificatie>
			<imkl:beginLifespanVersion>2008-01-01T00:00:00+01:00</imkl:beginLifespanVersion>
			<imkl:endLifespanVersion>9999-01-01T00:00:00+01:00</imkl:endLifespanVersion>
			<imkl:omschrijving>Middenspanning Transport netwerk Enander B.V. van 0.4 tot 30 kilovolt</imkl:omschrijving>
			<imkl:thema xlink:href="http://definities.geostandaarden.nl/imkl2015/id/waarde/Thema/middenspanning" />
			<imkl:standaardDieptelegging uom="urn:ogc:def:uom:OGC::m">0.6</imkl:standaardDieptelegging>
		</imkl:Utiliteitsnet>
	</gml:featureMember>

	<gml:featureMember>
		<imkl:AanduidingEisVoorzorgsmaatregel gml:id="nl.imkl-KL3131.AEVM_elec_EV_12139335donut_1">
			<imkl:identificatie>
				<imkl:NEN3610ID>
					<imkl:namespace>nl.imkl</imkl:namespace>
					<imkl:lokaalID>KL3131.AEVM_elec_EV_12139335donut_1</imkl:lokaalID>
				</imkl:NEN3610ID>
			</imkl:identificatie>
			<imkl:beginLifespanVersion>2010-10-03T00:00:00+02:00</imkl:beginLifespanVersion>
			<imkl:label>EV-vlak AEVM_elec_EV_12139335donut_1</imkl:label>
			<imkl:omschrijving>EV-vlak Rijksweg 8, Veghel</imkl:omschrijving>
			<imkl:inNetwork xlink:href="nl.imkl-KL3131.UNET_middenspanning_2" />
			<imkl:contactVoorzorgsmaatregel>
				<imkl:Contact>
					<imkl:naam>J. Toezichthouder</imkl:naam>
					<imkl:telefoon>06-62241001</imkl:telefoon>
				</imkl:Contact>
			</imkl:contactVoorzorgsmaatregel>
			<imkl:netbeheerderNetOmschrijving>Transport 4-50kV</imkl:netbeheerderNetOmschrijving>
			<imkl:netbeheerderNetAanduiding>MS-T</imkl:netbeheerderNetAanduiding>
			<imkl:geometrie>
				<gml:Polygon gml:id="AEVM_elec_EV_12139335donut_1_GeoSeq_1" srsName="urn:ogc:def:crs:EPSG::28992">
					<gml:exterior>
						<gml:LinearRing>
							<gml:posList>163936.160 402970.245 163936.161 402970.246 163936.419 402970.281 163936.421 402970.281 163936.671 402970.350 163936.673 402970.350 163936.913 402970.451 163936.914 402970.451 163937.139 402970.582 163937.140 402970.583 163937.346 402970.743 163937.347 402970.743 163937.530 402970.928 163937.530 402970.929 163938.315 402971.832 163940.651 402972.047 163940.652 402972.047 163940.885 402972.082 163940.886 402972.082 163941.089 402972.137 163941.089 402972.137 163942.791 402972.697 163942.792 402972.697 163984.523 402989.157 164096.622 403030.811 164109.201 403028.808 164109.202 403028.808 164109.568 403028.783 164109.569 403028.783 164111.927 403028.846 164111.927 403028.846 164112.292 403028.889 164112.293 403028.890 164119.446 403030.422 164128.973 403031.418 164128.974 403031.418 164129.222 403031.460 164129.223 403031.460 164129.464 403031.533 164129.465 403031.534 164129.780 403031.683 164129.781 403031.684 164129.989 403031.825 164129.991 403031.826 164131.053 403032.829 164131.054 403032.829 164131.224 403033.015 164131.225 403033.016 164131.411 403033.289 164131.411 403033.290 164131.521 403033.517 164131.522 403033.518 164131.601 403033.756 164131.602 403033.757 164131.651 403034.004 164131.652 403034.005 164131.667 403034.177 164131.667 403034.178 164131.660 403034.466 164131.660 403034.467 164131.539 403035.709 164131.539 403035.709 164131.499 403035.958 164131.498 403035.959 164130.447 403039.379 164130.261 403041.109 164130.261 403041.110 164130.222 403041.316 164130.222 403041.317 164130.145 403041.565 164130.144 403041.567 164130.034 403041.803 164130.034 403041.804 164129.910 403042.003 164129.909 403042.003 164128.255 403044.335 164128.255 403044.335 164128.096 403044.531 164128.095 403044.532 164127.924 403044.697 164127.923 403044.698 164127.722 403044.849 164127.721 403044.849 164127.503 403044.974 164127.502 403044.975 164127.309 403045.056 164127.309 403045.057 164126.227 403045.451 164126.227 403045.451 164125.985 403045.522 164125.983 403045.523 164125.735 403045.562 164125.734 403045.562 164125.482 403045.571 164125.481 403045.571 164124.761 403045.483 164124.760 403045.482 164124.539 403045.439 164124.538 403045.439 164124.338 403045.377 164124.338 403045.376 164096.306 403034.961 164094.884 403035.624 164045.712 403078.271 164045.712 403078.271 164045.511 403078.424 164045.510 403078.424 164045.293 403078.550 164045.292 403078.551 164045.043 403078.654 164045.043 403078.654 164042.938 403079.366 164042.938 403079.366 164042.695 403079.431 164042.694 403079.432 164042.444 403079.466 164042.443 403079.466 164042.176 403079.467 164042.175 403079.467 164038.763 403079.258 164036.976 403080.839 164036.975 403080.839 164036.769 403080.999 164036.768 403080.999 164036.543 403081.130 164036.542 403081.131 164036.302 403081.232 164036.301 403081.232 164036.049 403081.300 164036.048 403081.301 164035.790 403081.336 164035.789 403081.336 164035.528 403081.337 164035.527 403081.337 164035.269 403081.304 164035.268 403081.303 164035.016 403081.237 164035.014 403081.237 164034.774 403081.138 164034.773 403081.137 164034.547 403081.008 164034.545 403081.008 164034.338 403080.850 164034.337 403080.849 164034.153 403080.666 164034.152 403080.665 164033.992 403080.459 164033.991 403080.458 164033.861 403080.233 164033.860 403080.232 164033.759 403079.992 164033.759 403079.991 164033.690 403079.739 164033.690 403079.738 164033.655 403079.480 164033.655 403079.479 164033.654 403079.218 164033.654 403079.217 164033.687 403078.959 164033.687 403078.958 164033.754 403078.706 164033.754 403078.705 164033.853 403078.464 164033.853 403078.463 164033.983 403078.237 164033.984 403078.236 164034.141 403078.029 164034.142 403078.028 164034.325 403077.843 164034.326 403077.842 164036.423 403075.987 164036.424 403075.987 164036.630 403075.828 164036.632 403075.827 164036.901 403075.674 164036.903 403075.674 164037.818 403075.346 164037.819 403075.346 164038.130 403075.266 164038.132 403075.265 164038.312 403075.243 164038.313 403075.243 164038.565 403075.239 164038.565 403075.239 164042.027 
403075.451 164046.389 403074.991 164091.572 403033.201 163983.118 402992.902 163983.118 402992.902 163941.377 402976.439 163940.063 402976.010 163937.151 402975.743 163937.150 402975.743 163936.902 402975.704 163936.901 402975.703 163936.659 402975.634 163936.658 402975.633 163936.427 402975.534 163936.425 402975.533 163936.214 402975.409 163936.213 402975.408 163936.007 402975.249 163936.006 402975.248 163935.823 402975.063 163935.823 402975.063 163934.511 402973.552 163934.510 402973.552 163934.353 402973.345 163934.352 402973.344 163934.223 402973.118 163934.222 402973.116 163934.124 402972.875 163934.123 402972.874 163934.057 402972.623 163934.057 402972.621 163934.024 402972.363 163934.024 402972.361 163934.025 402972.102 163934.025 402972.100 163934.061 402971.842 163934.061 402971.841 163934.129 402971.590 163934.130 402971.588 163934.231 402971.348 163934.231 402971.347 163934.362 402971.122 163934.363 402971.121 163934.522 402970.915 163934.523 402970.914 163934.708 402970.731 163934.709 402970.730 163934.917 402970.573 163934.918 402970.573 163935.143 402970.443 163935.145 402970.442 163935.386 402970.344 163935.387 402970.344 163935.639 402970.278 163935.640 402970.277 163935.898 402970.244 163935.900 402970.244 163936.160 402970.245</gml:posList>
						</gml:LinearRing>
					</gml:exterior>
					<gml:interior>
						<gml:LinearRing>
							<gml:posList>164104.252 403033.646 164125.368 403041.492 164126.345 403040.113 164126.491 403038.756 164126.491 403038.756 164126.535 403038.499 164126.536 403038.498 164127.525 403035.288 164118.925 403034.390 164118.925 403034.390 164118.715 403034.357 164118.714 403034.357 164111.637 403032.840 164109.645 403032.787 164104.252 403033.646</gml:posList>
						</gml:LinearRing>
					</gml:interior>
				</gml:Polygon>
			</imkl:geometrie>
		</imkl:AanduidingEisVoorzorgsmaatregel>
	</gml:featureMember>

	<gml:featureMember>
		<us-net-common:UtilityLink gml:id="nl.imkl-KL3131.UL_elec_12139335_2">
			<net:beginLifespanVersion>2010-10-03T00:00:00+02:00</net:beginLifespanVersion>
			<net:inspireId>
				<base:Identifier>
					<base:localId>KL3131.UL_elec_12139335_2</base:localId>
					<base:namespace>nl.imkl</base:namespace>
				</base:Identifier>
			</net:inspireId>
			<net:inNetwork xlink:href="nl.imkl-KL3131.UNET_middenspanning_2" />
			<net:centrelineGeometry>
				<gml:LineString srsName="urn:ogc:def:crs:EPSG::28992" gml:id="UL_elec_12139335_2_GeoSeq_1">
					<gml:posList>164035.651 403079.341 164035.838 403079.176 164035.96 403079.068 164037.749 403077.486 164038.471 403077.237 164042.298 403077.472 164044.402 403076.76 164046.3 403075.114 164047.104 403074.417 164047.907 403073.720 164048.188 403073.477 164048.468 403073.234 164049.029 403072.748 164050.150 403071.775 164056.876 403065.940 164058.477 403064.552 164060.882 403062.466 164076.345 403049.055 164080.683 403045.293 164093.784 403033.930 164095.876 403032.955 164109.516 403030.783 164111.874 403030.845 164119.134 403032.401 164127.743 403033.231 164128.766 403033.407 164128.981 403033.464 164129.668 403034.262 164129.670 403034.273 164129.549 403035.514 164128.783 403037.818 164128.480 403038.970 164128.328 403040.151 164128.289 403040.774 164128.279 403040.846 164127.419 403042.152 164126.625 403043.177 164126.624 403043.178 164125.542 403043.572 164125.035 403043.502 164124.907 403043.472 164124.428 403043.346 164123.955 403043.189 164057.117 403018.311 163993.691 402994.703 163993.495 402994.630 163983.814 402991.027 163983.067 402990.740 163942.058 402974.557 163941.238 402974.234 163940.469 402974.038 163937.333 402973.751 163936.021 402972.241</gml:posList>
				</gml:LineString>
			</net:centrelineGeometry>
			<net:fictitious>false</net:fictitious>
			<us-net-common:currentStatus xlink:href="http://inspire.ec.europa.eu/codelist/ConditionOfFacilityValue/functional" />
			<us-net-common:validFrom>1997-11-15T00:00:00+01:00</us-net-common:validFrom>
			<us-net-common:verticalPosition>underground</us-net-common:verticalPosition>
		</us-net-common:UtilityLink>
	</gml:featureMember>
	
	<gml:featureMember>
		<imkl:Elektriciteitskabel gml:id="nl.imkl-KL3131.EKBL_elec_12139335_3">
			<net:beginLifespanVersion>2010-10-03T00:00:00+02:00</net:beginLifespanVersion>
			<net:inspireId>
				<base:Identifier>
					<base:localId>KL3131.EKBL_elec_12139335_3</base:localId>
					<base:namespace>nl.imkl</base:namespace>
				</base:Identifier>
			</net:inspireId>
			<net:inNetwork xlink:href="nl.imkl-KL3131.UNET_middenspanning_2" />
			<net:link xlink:href="nl.imkl-KL3131.UL_elec_12139335_2" />
			<us-net-common:currentStatus xlink:href="http://inspire.ec.europa.eu/codelist/ConditionOfFacilityValue/functional" />
			<us-net-common:validFrom>1997-11-15T00:00:00+01:00</us-net-common:validFrom>
			<us-net-common:verticalPosition>underground</us-net-common:verticalPosition>
			<us-net-common:utilityDeliveryType xlink:href="http://inspire.ec.europa.eu/codelist/UtilityDeliveryTypeValue/transport" />
			<us-net-common:warningType xsi:nil="true" />
			<us-net-el:operatingVoltage uom="urn:ogc:def:uom:OGC::V">10000</us-net-el:operatingVoltage>
			<us-net-el:nominalVoltage uom="urn:ogc:def:uom:OGC::V">10000</us-net-el:nominalVoltage>
			<imkl:geoNauwkeurigheidXY xlink:href="http://definities.geostandaarden.nl/imkl2015/id/waarde/NauwkeurigheidXYvalue/tot100cm" />
			<imkl:heeftExtraInformatie xlink:href="nl.imkl-KL3131.AEVM_elec_EV_12139335donut_1" />
			<imkl:label>Tracénaam: ED32</imkl:label>
			<imkl:omschrijving>Middenspanningskabel met functie MS</imkl:omschrijving>
		</imkl:Elektriciteitskabel>
	</gml:featureMember>
	
</gml:FeatureCollection>