<?xml version="1.0" encoding="UTF-8"?><gml:FeatureCollection gml:id="91319c00-5d66-4a64-a830-4fa07eecd028" xsi:schemaLocation="http://www.geostandaarden.nl/imkl/2015/wion/1.2 http://register.geostandaarden.nl/gmlapplicatieschema/imkl2015/1.2.1/imkl2015-wion.xsd" xmlns:us-net-sw="http://inspire.ec.europa.eu/schemas/us-net-sw/4.0" xmlns:us-net-el="http://inspire.ec.europa.eu/schemas/us-net-el/4.0" xmlns:gml="http://www.opengis.net/gml/3.2" xmlns:us-net-wa="http://inspire.ec.europa.eu/schemas/us-net-wa/4.0" xmlns:us-net-tc="http://inspire.ec.europa.eu/schemas/us-net-tc/4.0" xmlns:us-net-ogc="http://inspire.ec.europa.eu/schemas/us-net-ogc/4.0" xmlns:xsi="http://www.w3.org/2001/XMLSchema-instance" xmlns:us-net-th="http://inspire.ec.europa.eu/schemas/us-net-th/4.0" xmlns:base2="http://inspire.ec.europa.eu/schemas/base2/2.0" xmlns:imkl="http://www.geostandaarden.nl/imkl/2015/wion/1.2" xmlns:us-net-common="http://inspire.ec.europa.eu/schemas/us-net-common/4.0" xmlns:net="http://inspire.ec.europa.eu/schemas/net/4.0" xmlns:xlink="http://www.w3.org/1999/xlink" xmlns:base="http://inspire.ec.europa.eu/schemas/base/3.3">
    <gml:boundedBy>
        <gml:Envelope srsName="urn:ogc:def:crs:EPSG::28992" srsDimension="2">
            <gml:lowerCorner>190039.0 354444.0</gml:lowerCorner>
            <gml:upperCorner>190168.0 354526.0</gml:upperCorner>
        </gml:Envelope>
    </gml:boundedBy>
    <gml:featureMember>
        <imkl:GebiedsinformatieLevering gml:id="nl.imkl-KA0000._GebiedsinformatieLevering_20G006203-1">
            <imkl:identificatie>
                <imkl:NEN3610ID>
                    <imkl:namespace>nl.imkl</imkl:namespace>
                    <imkl:lokaalID>KA0000._GebiedsinformatieLevering_20G006203</imkl:lokaalID>
                    <imkl:versie>1</imkl:versie>
                </imkl:NEN3610ID>
            </imkl:identificatie>
            <imkl:beginLifespanVersion>2020-04-24T12:15:35.186+02:00</imkl:beginLifespanVersion>
            <imkl:leveringsvolgnummer>1</imkl:leveringsvolgnummer>
            <imkl:datumLeveringSamengesteld>2020-04-24T12:15:35.186+02:00</imkl:datumLeveringSamengesteld>
            <imkl:indicatieLeveringCompleet>true</imkl:indicatieLeveringCompleet>
            <imkl:achtergrondkaart>
                <imkl:Achtergrondkaart>
                    <imkl:achtergrondkaartSoort xlink:href="http://definities.geostandaarden.nl/imkl2015/id/waarde/AchtergrondkaartSoortValue/bgtBestaand"/>
                    <imkl:kaartreferentie>bronnen/GB_20G006203.png</imkl:kaartreferentie>
                </imkl:Achtergrondkaart>
            </imkl:achtergrondkaart>
            <imkl:belanghebbende xlink:href="nl.imkl-KL1031._Belanghebbende_20G006203-1"/>
            <imkl:belanghebbende xlink:href="nl.imkl-KL1110._Belanghebbende_20G006203-1"/>
            <imkl:belanghebbende xlink:href="nl.imkl-GM1641._Belanghebbende_20G006203-1"/>
            <imkl:aanvraag xlink:href="nl.imkl-KA0000._GebiedsinformatieAanvraag_20G006203"/>
        </imkl:GebiedsinformatieLevering>
    </gml:featureMember>
    <gml:featureMember>
        <imkl:GebiedsinformatieAanvraag gml:id="nl.imkl-KA0000._GebiedsinformatieAanvraag_20G006203">
            <imkl:identificatie>
                <imkl:NEN3610ID>
                    <imkl:namespace>nl.imkl</imkl:namespace>
                    <imkl:lokaalID>KA0000._GebiedsinformatieAanvraag_20G006203</imkl:lokaalID>
                </imkl:NEN3610ID>
            </imkl:identificatie>
            <imkl:beginLifespanVersion>2020-04-24T12:07:22.000+02:00</imkl:beginLifespanVersion>
            <imkl:ordernummer>9806979199</imkl:ordernummer>
            <imkl:positienummer>0000000010</imkl:positienummer>
            <imkl:klicMeldnummer>20G006203</imkl:klicMeldnummer>
            <imkl:aanvrager>
                <imkl:Aanvrager>
                    <imkl:contactpersoon>
                        <imkl:Contact>
                            <imkl:naam>BMK FTO Grondroerder01</imkl:naam>
                            <imkl:telefoon>0651678908</imkl:telefoon>
                            <imkl:email>klic.testers@kadaster.nl</imkl:email>
                        </imkl:Contact>
                    </imkl:contactpersoon>
                    <imkl:organisatie>
                        <imkl:Organisatie>
                            <imkl:naam>FTO Grondroerder01</imkl:naam>
                            <imkl:kvkNummer>12345678</imkl:kvkNummer>
                            <imkl:bezoekAdres>
                                <imkl:Adres>
                                    <imkl:openbareRuimteNaam>Laan van Westenenk</imkl:openbareRuimteNaam>
                                    <imkl:huisnummer>701</imkl:huisnummer>
                                    <imkl:woonplaatsNaam>APELDOORN</imkl:woonplaatsNaam>
                                    <imkl:postcode>7334DP</imkl:postcode>
                                    <imkl:landcode>NL</imkl:landcode>
                                </imkl:Adres>
                            </imkl:bezoekAdres>
                        </imkl:Organisatie>
                    </imkl:organisatie>
                </imkl:Aanvrager>
            </imkl:aanvrager>
            <imkl:referentie>Demo-24-april-alleen-Graafgebi</imkl:referentie>
            <imkl:opdrachtgever>
                <imkl:Opdrachtgever>
                    <imkl:contactpersoon>
                        <imkl:Contact>
                            <imkl:naam>BMK FTO Grondroerder01</imkl:naam>
                            <imkl:telefoon>0881234567</imkl:telefoon>
                            <imkl:email>klic.testers@kadaster.nl</imkl:email>
                        </imkl:Contact>
                    </imkl:contactpersoon>
                    <imkl:organisatie>
                        <imkl:Organisatie>
                            <imkl:naam>FTO Demo Opdrachtgever</imkl:naam>
                            <imkl:kvkNummer>87654321</imkl:kvkNummer>
                            <imkl:bezoekAdres>
                                <imkl:Adres>
                                    <imkl:openbareRuimteNaam>Utrechtseweg</imkl:openbareRuimteNaam>
                                    <imkl:huisnummer>8</imkl:huisnummer>
                                    <imkl:woonplaatsNaam>Hilversum</imkl:woonplaatsNaam>
                                    <imkl:postcode>1213TS</imkl:postcode>
                                    <imkl:landcode>NL</imkl:landcode>
                                </imkl:Adres>
                            </imkl:bezoekAdres>
                        </imkl:Organisatie>
                    </imkl:organisatie>
                </imkl:Opdrachtgever>
            </imkl:opdrachtgever>
            <imkl:aanvraagSoort xlink:href="http://definities.geostandaarden.nl/imkl2015/id/waarde/AanvraagSoortValue/graafmelding"/>
            <imkl:aanvraagDatum>2020-04-24T12:07:22.000+02:00</imkl:aanvraagDatum>
            <imkl:soortWerkzaamheden xlink:href="http://definities.geostandaarden.nl/imkl2015/id/waarde/SoortWerkzaamhedenValue/baggerwerk"/>
            <imkl:locatieWerkzaamheden>Rect. Driessenstraat 2 3 6097AK Heel NL</imkl:locatieWerkzaamheden>
            <imkl:startDatum>2020-04-27</imkl:startDatum>
            <imkl:eindDatum>2020-04-29</imkl:eindDatum>
            <imkl:graafpolygoon xlink:href="nl.imkl-KA0000._Graafpolygoon_20G006203"/>
        </imkl:GebiedsinformatieAanvraag>
    </gml:featureMember>
    <gml:featureMember>
        <imkl:Graafpolygoon gml:id="nl.imkl-KA0000._Graafpolygoon_20G006203">
            <imkl:identificatie>
                <imkl:NEN3610ID>
                    <imkl:namespace>nl.imkl</imkl:namespace>
                    <imkl:lokaalID>KA0000._Graafpolygoon_20G006203</imkl:lokaalID>
                </imkl:NEN3610ID>
            </imkl:identificatie>
            <imkl:beginLifespanVersion>2020-04-24T12:07:22.000+02:00</imkl:beginLifespanVersion>
            <imkl:geometrie>
                <gml:Polygon srsName="urn:ogc:def:crs:EPSG::28992" srsDimension="2" gml:id="nl.imkl-KA0000._Graafpolygoon_20G006203_geo">
                    <gml:exterior>
                        <gml:LinearRing>
                            <gml:posList>190039.0 354457.0 190083.0 354444.0 190168.0 354477.0 190145.0 354526.0 190039.0 354457.0</gml:posList>
                        </gml:LinearRing>
                    </gml:exterior>
                </gml:Polygon>
            </imkl:geometrie>
        </imkl:Graafpolygoon>
    </gml:featureMember>
    <gml:featureMember>
        <imkl:Belanghebbende gml:id="nl.imkl-KL1031._Belanghebbende_20G006203-1">
            <imkl:identificatie>
                <imkl:NEN3610ID>
                    <imkl:namespace>nl.imkl</imkl:namespace>
                    <imkl:lokaalID>KL1031._Belanghebbende_20G006203</imkl:lokaalID>
                    <imkl:versie>1</imkl:versie>
                </imkl:NEN3610ID>
            </imkl:identificatie>
            <imkl:beginLifespanVersion>2020-04-24T12:08:57.000+02:00</imkl:beginLifespanVersion>
            <imkl:beheerdersinformatieGeleverd>true</imkl:beheerdersinformatieGeleverd>
            <imkl:betrokkenBijAanvraag>true</imkl:betrokkenBijAanvraag>
            <imkl:eisVoorzorgsmaatregel>false</imkl:eisVoorzorgsmaatregel>
            <imkl:utiliteitsnet xlink:href="nl.imkl-KL1031.UNET_laagspanning_3"/>
            <imkl:geraaktBelangBijGraafpolygoon xlink:href="nl.imkl-KL1031._Belang_5012977-1"/>
            <imkl:netbeheerder xlink:href="nl.imkl-KL1031._Beheerder"/>
        </imkl:Belanghebbende>
    </gml:featureMember>
    <gml:featureMember>
        <imkl:Belang gml:id="nl.imkl-KL1031._Belang_5012977-1">
            <imkl:identificatie>
                <imkl:NEN3610ID>
                    <imkl:namespace>nl.imkl</imkl:namespace>
                    <imkl:lokaalID>KL1031._Belang_5012977</imkl:lokaalID>
                    <imkl:versie>1</imkl:versie>
                </imkl:NEN3610ID>
            </imkl:identificatie>
            <imkl:beginLifespanVersion>2018-08-30T00:00:00.000+02:00</imkl:beginLifespanVersion>
            <imkl:omschrijving>ENEXIS</imkl:omschrijving>
            <imkl:contactAanvraag>
                <imkl:AanvraagSoortContact>
                    <imkl:aanvraagSoort xlink:href="http://definities.geostandaarden.nl/imkl2015/id/waarde/AanvraagSoortValue/graafmelding"/>
                    <imkl:naam>KLICINFO</imkl:naam>
                    <imkl:telefoon>0888577271</imkl:telefoon>
                    <imkl:email>klicinfo@enexis.nl</imkl:email>
                </imkl:AanvraagSoortContact>
            </imkl:contactAanvraag>
            <imkl:thema xlink:href="http://definities.geostandaarden.nl/imkl2015/id/waarde/Thema/laagspanning"/>
            <imkl:thema xlink:href="http://definities.geostandaarden.nl/imkl2015/id/waarde/Thema/gasLageDruk"/>
            <imkl:thema xlink:href="http://definities.geostandaarden.nl/imkl2015/id/waarde/Thema/gasHogeDruk"/>
            <imkl:thema xlink:href="http://definities.geostandaarden.nl/imkl2015/id/waarde/Thema/middenspanning"/>
            <imkl:contactNetinformatie>
                <imkl:AanvraagSoortContact>
                    <imkl:aanvraagSoort xlink:href="http://definities.geostandaarden.nl/imkl2015/id/waarde/AanvraagSoortValue/graafmelding"/>
                    <imkl:naam>KLICINFO</imkl:naam>
                    <imkl:telefoon>0888577271</imkl:telefoon>
                    <imkl:email>klicinfo@enexis.nl</imkl:email>
                </imkl:AanvraagSoortContact>
            </imkl:contactNetinformatie>
            <imkl:contactBeschadiging>
                <imkl:Contact>
                    <imkl:naam>KLICINFO</imkl:naam>
                    <imkl:telefoon>0888577271</imkl:telefoon>
                    <imkl:email>klicinfo@enexis.nl</imkl:email>
                </imkl:Contact>
            </imkl:contactBeschadiging>
        </imkl:Belang>
    </gml:featureMember>
    <gml:featureMember>
        <imkl:Beheerder gml:id="nl.imkl-KL1031._Beheerder">
            <imkl:identificatie>
                <imkl:NEN3610ID>
                    <imkl:namespace>nl.imkl</imkl:namespace>
                    <imkl:lokaalID>KL1031._Beheerder</imkl:lokaalID>
                </imkl:NEN3610ID>
            </imkl:identificatie>
            <imkl:beginLifespanVersion>2000-01-01T00:00:00.000+01:00</imkl:beginLifespanVersion>
            <imkl:bronhoudercode>KL1031</imkl:bronhoudercode>
            <imkl:organisatie>
                <imkl:Organisatie>
                    <imkl:naam>Enexis B.V.</imkl:naam>
                    <imkl:kvkNummer>17131139</imkl:kvkNummer>
                </imkl:Organisatie>
            </imkl:organisatie>
        </imkl:Beheerder>
    </gml:featureMember>
    <gml:featureMember>
        <imkl:Belanghebbende gml:id="nl.imkl-KL1110._Belanghebbende_20G006203-1">
            <imkl:identificatie>
                <imkl:NEN3610ID>
                    <imkl:namespace>nl.imkl</imkl:namespace>
                    <imkl:lokaalID>KL1110._Belanghebbende_20G006203</imkl:lokaalID>
                    <imkl:versie>1</imkl:versie>
                </imkl:NEN3610ID>
            </imkl:identificatie>
            <imkl:beginLifespanVersion>2020-04-24T12:08:58.000+02:00</imkl:beginLifespanVersion>
            <imkl:beheerdersinformatieGeleverd>true</imkl:beheerdersinformatieGeleverd>
            <imkl:betrokkenBijAanvraag>true</imkl:betrokkenBijAanvraag>
            <imkl:eisVoorzorgsmaatregel>true</imkl:eisVoorzorgsmaatregel>
            <imkl:utiliteitsnet xlink:href="nl.imkl-KL1110.UNET_Water_3"/>
            <imkl:bijlage xlink:href="nl.imkl-KL1110._EisVoorzorgsmaatregelBijlage_20G006203_water"/>
            <imkl:geraaktBelangBijGraafpolygoon xlink:href="nl.imkl-KL1110._Belang_5012996-1"/>
            <imkl:netbeheerder xlink:href="nl.imkl-KL1110._Beheerder"/>
        </imkl:Belanghebbende>
    </gml:featureMember>
    <gml:featureMember>
        <imkl:Belang gml:id="nl.imkl-KL1110._Belang_5012996-1">
            <imkl:identificatie>
                <imkl:NEN3610ID>
                    <imkl:namespace>nl.imkl</imkl:namespace>
                    <imkl:lokaalID>KL1110._Belang_5012996</imkl:lokaalID>
                    <imkl:versie>1</imkl:versie>
                </imkl:NEN3610ID>
            </imkl:identificatie>
            <imkl:beginLifespanVersion>2018-08-31T00:00:00.000+02:00</imkl:beginLifespanVersion>
            <imkl:omschrijving>1WMTE_1</imkl:omschrijving>
            <imkl:contactAanvraag>
                <imkl:AanvraagSoortContact>
                    <imkl:aanvraagSoort xlink:href="http://definities.geostandaarden.nl/imkl2015/id/waarde/AanvraagSoortValue/graafmelding"/>
                    <imkl:naam>Medewerker Klic</imkl:naam>
                    <imkl:telefoon>0438808671</imkl:telefoon>
                    <imkl:email>wion.klic@wml.nl</imkl:email>
                </imkl:AanvraagSoortContact>
            </imkl:contactAanvraag>
            <imkl:thema xlink:href="http://definities.geostandaarden.nl/imkl2015/id/waarde/Thema/datatransport"/>
            <imkl:thema xlink:href="http://definities.geostandaarden.nl/imkl2015/id/waarde/Thema/laagspanning"/>
            <imkl:thema xlink:href="http://definities.geostandaarden.nl/imkl2015/id/waarde/Thema/water"/>
            <imkl:contactNetinformatie>
                <imkl:AanvraagSoortContact>
                    <imkl:aanvraagSoort xlink:href="http://definities.geostandaarden.nl/imkl2015/id/waarde/AanvraagSoortValue/graafmelding"/>
                    <imkl:naam>Medewerker Klic</imkl:naam>
                    <imkl:telefoon>0438808671</imkl:telefoon>
                    <imkl:email>wion.klic@wml.nl</imkl:email>
                </imkl:AanvraagSoortContact>
            </imkl:contactNetinformatie>
            <imkl:contactBeschadiging>
                <imkl:Contact>
                    <imkl:naam>Medewerker Klic</imkl:naam>
                    <imkl:telefoon>0438808671</imkl:telefoon>
                    <imkl:email>wion.klic@wml.nl</imkl:email>
                </imkl:Contact>
            </imkl:contactBeschadiging>
        </imkl:Belang>
    </gml:featureMember>
    <gml:featureMember>
        <imkl:Beheerder gml:id="nl.imkl-KL1110._Beheerder">
            <imkl:identificatie>
                <imkl:NEN3610ID>
                    <imkl:namespace>nl.imkl</imkl:namespace>
                    <imkl:lokaalID>KL1110._Beheerder</imkl:lokaalID>
                </imkl:NEN3610ID>
            </imkl:identificatie>
            <imkl:beginLifespanVersion>2000-01-01T00:00:00.000+01:00</imkl:beginLifespanVersion>
            <imkl:bronhoudercode>KL1110</imkl:bronhoudercode>
            <imkl:organisatie>
                <imkl:Organisatie>
                    <imkl:naam>WML N.V.</imkl:naam>
                </imkl:Organisatie>
            </imkl:organisatie>
        </imkl:Beheerder>
    </gml:featureMember>
    <gml:featureMember>
        <imkl:Belanghebbende gml:id="nl.imkl-GM1641._Belanghebbende_20G006203-1">
            <imkl:identificatie>
                <imkl:NEN3610ID>
                    <imkl:namespace>nl.imkl</imkl:namespace>
                    <imkl:lokaalID>GM1641._Belanghebbende_20G006203</imkl:lokaalID>
                    <imkl:versie>1</imkl:versie>
                </imkl:NEN3610ID>
            </imkl:identificatie>
            <imkl:beginLifespanVersion>2020-04-24T12:08:54.000+02:00</imkl:beginLifespanVersion>
            <imkl:beheerdersinformatieGeleverd>true</imkl:beheerdersinformatieGeleverd>
            <imkl:betrokkenBijAanvraag>false</imkl:betrokkenBijAanvraag>
            <imkl:eisVoorzorgsmaatregel>false</imkl:eisVoorzorgsmaatregel>
            <imkl:geraaktBelangBijGraafpolygoon xlink:href="nl.imkl-GM1641._Belang_5013000-1"/>
            <imkl:geraaktBelangBijGraafpolygoon xlink:href="nl.imkl-GM1641._Belang_5013001-1"/>
            <imkl:netbeheerder xlink:href="nl.imkl-GM1641._Beheerder"/>
        </imkl:Belanghebbende>
    </gml:featureMember>
    <gml:featureMember>
        <imkl:Belang gml:id="nl.imkl-GM1641._Belang_5013000-1">
            <imkl:identificatie>
                <imkl:NEN3610ID>
                    <imkl:namespace>nl.imkl</imkl:namespace>
                    <imkl:lokaalID>GM1641._Belang_5013000</imkl:lokaalID>
                    <imkl:versie>1</imkl:versie>
                </imkl:NEN3610ID>
            </imkl:identificatie>
            <imkl:beginLifespanVersion>2018-09-04T00:00:00.000+02:00</imkl:beginLifespanVersion>
            <imkl:omschrijving>Gemeente Maasgouw</imkl:omschrijving>
            <imkl:contactAanvraag>
                <imkl:AanvraagSoortContact>
                    <imkl:aanvraagSoort xlink:href="http://definities.geostandaarden.nl/imkl2015/id/waarde/AanvraagSoortValue/graafmelding"/>
                    <imkl:naam>Peeters</imkl:naam>
                    <imkl:telefoon>(0475) 85 25 00</imkl:telefoon>
                    <imkl:email>jjg.peeters@gemeentemaasgouw.nl</imkl:email>
                </imkl:AanvraagSoortContact>
            </imkl:contactAanvraag>
            <imkl:thema xlink:href="http://definities.geostandaarden.nl/imkl2015/id/waarde/Thema/rioolVrijverval"/>
            <imkl:thema xlink:href="http://definities.geostandaarden.nl/imkl2015/id/waarde/Thema/laagspanning"/>
            <imkl:thema xlink:href="http://definities.geostandaarden.nl/imkl2015/id/waarde/Thema/rioolOnderOverOfOnderdruk"/>
            <imkl:thema xlink:href="http://definities.geostandaarden.nl/imkl2015/id/waarde/Thema/datatransport"/>
            <imkl:contactNetinformatie>
                <imkl:AanvraagSoortContact>
                    <imkl:aanvraagSoort xlink:href="http://definities.geostandaarden.nl/imkl2015/id/waarde/AanvraagSoortValue/graafmelding"/>
                    <imkl:naam>Peeters</imkl:naam>
                    <imkl:telefoon>(0475) 85 25 00</imkl:telefoon>
                    <imkl:email>jjg.peeters@gemeentemaasgouw.nl</imkl:email>
                </imkl:AanvraagSoortContact>
            </imkl:contactNetinformatie>
            <imkl:contactBeschadiging>
                <imkl:Contact>
                    <imkl:naam>Peeters</imkl:naam>
                    <imkl:telefoon>(0475) 85 25 00</imkl:telefoon>
                    <imkl:email>jjg.peeters@gemeentemaasgouw.nl</imkl:email>
                </imkl:Contact>
            </imkl:contactBeschadiging>
        </imkl:Belang>
    </gml:featureMember>
    <gml:featureMember>
        <imkl:Belang gml:id="nl.imkl-GM1641._Belang_5013001-1">
            <imkl:identificatie>
                <imkl:NEN3610ID>
                    <imkl:namespace>nl.imkl</imkl:namespace>
                    <imkl:lokaalID>GM1641._Belang_5013001</imkl:lokaalID>
                    <imkl:versie>1</imkl:versie>
                </imkl:NEN3610ID>
            </imkl:identificatie>
            <imkl:beginLifespanVersion>2018-09-04T00:00:00.000+02:00</imkl:beginLifespanVersion>
            <imkl:omschrijving>Riolering</imkl:omschrijving>
            <imkl:contactAanvraag>
                <imkl:AanvraagSoortContact>
                    <imkl:aanvraagSoort xlink:href="http://definities.geostandaarden.nl/imkl2015/id/waarde/AanvraagSoortValue/graafmelding"/>
                    <imkl:naam>Peeters</imkl:naam>
                    <imkl:telefoon>(0475) 85 25 00</imkl:telefoon>
                    <imkl:email>jjg.peeters@gemeentemaasgouw.nl</imkl:email>
                </imkl:AanvraagSoortContact>
            </imkl:contactAanvraag>
            <imkl:thema xlink:href="http://definities.geostandaarden.nl/imkl2015/id/waarde/Thema/rioolVrijverval"/>
            <imkl:contactNetinformatie>
                <imkl:AanvraagSoortContact>
                    <imkl:aanvraagSoort xlink:href="http://definities.geostandaarden.nl/imkl2015/id/waarde/AanvraagSoortValue/graafmelding"/>
                    <imkl:naam>Peeters</imkl:naam>
                    <imkl:telefoon>(0475) 85 25 00</imkl:telefoon>
                    <imkl:email>jjg.peeters@gemeentemaasgouw.nl</imkl:email>
                </imkl:AanvraagSoortContact>
            </imkl:contactNetinformatie>
            <imkl:contactBeschadiging>
                <imkl:Contact>
                    <imkl:naam>Peeters</imkl:naam>
                    <imkl:telefoon>(0475) 85 25 00</imkl:telefoon>
                    <imkl:email>jjg.peeters@gemeentemaasgouw.nl</imkl:email>
                </imkl:Contact>
            </imkl:contactBeschadiging>
        </imkl:Belang>
    </gml:featureMember>
    <gml:featureMember>
        <imkl:Beheerder gml:id="nl.imkl-GM1641._Beheerder">
            <imkl:identificatie>
                <imkl:NEN3610ID>
                    <imkl:namespace>nl.imkl</imkl:namespace>
                    <imkl:lokaalID>GM1641._Beheerder</imkl:lokaalID>
                </imkl:NEN3610ID>
            </imkl:identificatie>
            <imkl:beginLifespanVersion>2000-01-01T00:00:00.000+01:00</imkl:beginLifespanVersion>
            <imkl:bronhoudercode>GM1641</imkl:bronhoudercode>
            <imkl:organisatie>
                <imkl:Organisatie>
                    <imkl:naam>Gemeente Maasgouw</imkl:naam>
                </imkl:Organisatie>
            </imkl:organisatie>
        </imkl:Beheerder>
    </gml:featureMember>
<gml:featureMember>
<imkl:Appurtenance xmlns:gco="http://www.isotc211.org/2005/gco" xmlns:gmd="http://www.isotc211.org/2005/gmd" gml:id="nl.imkl-KL1031.APPU__elec_e_lv_connection_joint_29096303_67372301">
			<net:beginLifespanVersion>2014-01-23T00:00:00+01:00</net:beginLifespanVersion>
			<net:inspireId>
				<base:Identifier>
					<base:localId>KL1031.APPU__elec_e_lv_connection_joint_29096303_67372301</base:localId>
					<base:namespace>nl.imkl</base:namespace>
				</base:Identifier>
			</net:inspireId>
			<net:inNetwork xlink:href="nl.imkl-KL1031.UNET_laagspanning_3"></net:inNetwork>
			<net:geometry>
				<gml:Point srsName="urn:x-ogc:def:crs:EPSG:28992" gml:id="APPU__elec_e_lv_connection_joint_29096303_67372301_GeoSeq_1">
					<gml:pos>190090.813 354447.147</gml:pos>
				</gml:Point>
			</net:geometry>
			<us-net-common:currentStatus xlink:href="http://inspire.ec.europa.eu/codelist/ConditionOfFacilityValue/functional"></us-net-common:currentStatus>
			<us-net-common:validFrom>1976-11-01T00:00:00+01:00</us-net-common:validFrom>
			<us-net-common:verticalPosition>underground</us-net-common:verticalPosition>
			<us-net-common:appurtenanceType xlink:href="http://definities.geostandaarden.nl/imkl2015/id/waarde/ElectricityAppurtenanceTypeIMKLValue/mof"></us-net-common:appurtenanceType>
			<imkl:bovengrondsZichtbaar>false</imkl:bovengrondsZichtbaar>
			<imkl:geoNauwkeurigheidXY xlink:href="http://definities.geostandaarden.nl/imkl2015/id/waarde/NauwkeurigheidXYvalue/tot100cm"></imkl:geoNauwkeurigheidXY>
			<imkl:label>Kabelgroep: HEP0013</imkl:label>
		</imkl:Appurtenance>
</gml:featureMember>
<gml:featureMember>
<imkl:Elektriciteitskabel xmlns:gco="http://www.isotc211.org/2005/gco" xmlns:gmd="http://www.isotc211.org/2005/gmd" gml:id="nl.imkl-KL1031.EKBL__elec_e_lv_connection_cable_1241890678403071413_19723001">
			<net:beginLifespanVersion>2017-04-08T00:00:00+02:00</net:beginLifespanVersion>
			<net:inspireId>
				<base:Identifier>
					<base:localId>KL1031.EKBL__elec_e_lv_connection_cable_1241890678403071413_19723001</base:localId>
					<base:namespace>nl.imkl</base:namespace>
				</base:Identifier>
			</net:inspireId>
			<net:inNetwork xlink:href="nl.imkl-KL1031.UNET_laagspanning_3"></net:inNetwork>
			<net:link xlink:href="nl.imkl-KL1031.UL__elec_e_lv_connection_cable_1241890678403071413_19723000"></net:link>
			<us-net-common:currentStatus xlink:href="http://inspire.ec.europa.eu/codelist/ConditionOfFacilityValue/functional"></us-net-common:currentStatus>
			<us-net-common:validFrom>1976-11-01T00:00:00+01:00</us-net-common:validFrom>
			<us-net-common:verticalPosition>underground</us-net-common:verticalPosition>
			<us-net-common:utilityDeliveryType xlink:href="http://inspire.ec.europa.eu/codelist/UtilityDeliveryTypeValue/distribution"></us-net-common:utilityDeliveryType>
			<us-net-common:warningType xsi:nil="true"></us-net-common:warningType>
			<us-net-el:operatingVoltage uom="urn:ogc:def:uom:OGC::V">230</us-net-el:operatingVoltage>
			<us-net-el:nominalVoltage uom="urn:ogc:def:uom:OGC::V">230</us-net-el:nominalVoltage>
			<imkl:geoNauwkeurigheidXY xlink:href="http://definities.geostandaarden.nl/imkl2015/id/waarde/NauwkeurigheidXYvalue/tot100cm"></imkl:geoNauwkeurigheidXY>
			<imkl:label>Kabelgroep: HEP0013</imkl:label>
			<imkl:omschrijving>Aansluitkabel met functie OV</imkl:omschrijving>
		</imkl:Elektriciteitskabel>
</gml:featureMember>
<gml:featureMember>
<imkl:Elektriciteitskabel xmlns:gco="http://www.isotc211.org/2005/gco" xmlns:gmd="http://www.isotc211.org/2005/gmd" gml:id="nl.imkl-KL1031.EKBL__elec_e_lv_map_cable_1427609075780488117_23486761">
			<net:beginLifespanVersion>2017-04-08T00:00:00+02:00</net:beginLifespanVersion>
			<net:inspireId>
				<base:Identifier>
					<base:localId>KL1031.EKBL__elec_e_lv_map_cable_1427609075780488117_23486761</base:localId>
					<base:namespace>nl.imkl</base:namespace>
				</base:Identifier>
			</net:inspireId>
			<net:inNetwork xlink:href="nl.imkl-KL1031.UNET_laagspanning_3"></net:inNetwork>
			<net:link xlink:href="nl.imkl-KL1031.UL__elec_e_lv_map_cable_1427609075780488117_23486760"></net:link>
			<us-net-common:currentStatus xlink:href="http://inspire.ec.europa.eu/codelist/ConditionOfFacilityValue/functional"></us-net-common:currentStatus>
			<us-net-common:validFrom>1967-12-25T00:00:00+01:00</us-net-common:validFrom>
			<us-net-common:verticalPosition>underground</us-net-common:verticalPosition>
			<us-net-common:utilityDeliveryType xlink:href="http://inspire.ec.europa.eu/codelist/UtilityDeliveryTypeValue/distribution"></us-net-common:utilityDeliveryType>
			<us-net-common:warningType xsi:nil="true"></us-net-common:warningType>
			<us-net-el:operatingVoltage uom="urn:ogc:def:uom:OGC::V">400</us-net-el:operatingVoltage>
			<us-net-el:nominalVoltage uom="urn:ogc:def:uom:OGC::V">400</us-net-el:nominalVoltage>
			<imkl:geoNauwkeurigheidXY xlink:href="http://definities.geostandaarden.nl/imkl2015/id/waarde/NauwkeurigheidXYvalue/tot100cm"></imkl:geoNauwkeurigheidXY>
			<imkl:label>Kabelgroep: HEP0013</imkl:label>
			<imkl:omschrijving>Laagspanningskabel met functie LS</imkl:omschrijving>
		</imkl:Elektriciteitskabel>
</gml:featureMember>
<gml:featureMember>
<imkl:Kabelbed xmlns:gco="http://www.isotc211.org/2005/gco" xmlns:gmd="http://www.isotc211.org/2005/gmd" gml:id="nl.imkl-KL1031.KBED__elec_e_lv_trench_1241890678402268680_3058999">
			<net:beginLifespanVersion>2014-01-23T00:00:00+01:00</net:beginLifespanVersion>
			<net:inspireId>
				<base:Identifier>
					<base:localId>KL1031.KBED__elec_e_lv_trench_1241890678402268680_3058999</base:localId>
					<base:namespace>nl.imkl</base:namespace>
				</base:Identifier>
			</net:inspireId>
			<net:inNetwork xlink:href="nl.imkl-KL1031.UNET_laagspanning_3"></net:inNetwork>
			<net:link xlink:href="nl.imkl-KL1031.UL__elec_e_lv_trench_1241890678402268680_3058998"></net:link>
			<us-net-common:currentStatus xlink:href="http://inspire.ec.europa.eu/codelist/ConditionOfFacilityValue/functional"></us-net-common:currentStatus>
			<us-net-common:validFrom>1967-12-25T00:00:00+01:00</us-net-common:validFrom>
			<us-net-common:verticalPosition>underground</us-net-common:verticalPosition>
			<us-net-common:utilityDeliveryType xlink:href="http://inspire.ec.europa.eu/codelist/UtilityDeliveryTypeValue/distribution"></us-net-common:utilityDeliveryType>
			<us-net-common:warningType xsi:nil="true"></us-net-common:warningType>
			<us-net-common:ductWidth uom="urn:ogc:def:uom:OGC::cm">5</us-net-common:ductWidth>
			<imkl:bovengrondsZichtbaar>false</imkl:bovengrondsZichtbaar>
			<imkl:geoNauwkeurigheidXY xlink:href="http://definities.geostandaarden.nl/imkl2015/id/waarde/NauwkeurigheidXYvalue/tot100cm"></imkl:geoNauwkeurigheidXY>
			<imkl:aantalKabelsLeidingen>1</imkl:aantalKabelsLeidingen>
		</imkl:Kabelbed>
</gml:featureMember>
<gml:featureMember>
<us-net-common:UtilityLink gml:id="nl.imkl-KL1031.UL__elec_e_lv_connection_cable_1241890678403071413_19723000" xmlns:gco="http://www.isotc211.org/2005/gco" xmlns:gmd="http://www.isotc211.org/2005/gmd">
			<net:beginLifespanVersion>2017-04-08T00:00:00+02:00</net:beginLifespanVersion>
			<net:inspireId>
				<base:Identifier>
					<base:localId>KL1031.UL__elec_e_lv_connection_cable_1241890678403071413_19723000</base:localId>
					<base:namespace>nl.imkl</base:namespace>
				</base:Identifier>
			</net:inspireId>
			<net:inNetwork xlink:href="nl.imkl-KL1031.UNET_laagspanning_3"/>
			<net:centrelineGeometry>
				<gml:LineString gml:id="UL__elec_e_lv_connection_cable_1241890678403071413_19723000_GeoSeq_1" srsName="urn:x-ogc:def:crs:EPSG:28992">
					<gml:posList>190090.813 354447.147 190090.951700538 354447.087130797</gml:posList>
				</gml:LineString>
			</net:centrelineGeometry>
			<net:fictitious>false</net:fictitious>
			<us-net-common:currentStatus xlink:href="http://inspire.ec.europa.eu/codelist/ConditionOfFacilityValue/functional"/>
			<us-net-common:validFrom>1976-11-01T00:00:00+01:00</us-net-common:validFrom>
			<us-net-common:verticalPosition>underground</us-net-common:verticalPosition>
		</us-net-common:UtilityLink>
</gml:featureMember>
<gml:featureMember>
<us-net-common:UtilityLink gml:id="nl.imkl-KL1031.UL__elec_e_lv_map_cable_1427609075780488117_23486760" xmlns:gco="http://www.isotc211.org/2005/gco" xmlns:gmd="http://www.isotc211.org/2005/gmd">
			<net:beginLifespanVersion>2017-04-08T00:00:00+02:00</net:beginLifespanVersion>
			<net:inspireId>
				<base:Identifier>
					<base:localId>KL1031.UL__elec_e_lv_map_cable_1427609075780488117_23486760</base:localId>
					<base:namespace>nl.imkl</base:namespace>
				</base:Identifier>
			</net:inspireId>
			<net:inNetwork xlink:href="nl.imkl-KL1031.UNET_laagspanning_3"/>
			<net:centrelineGeometry>
				<gml:LineString gml:id="UL__elec_e_lv_map_cable_1427609075780488117_23486760_GeoSeq_1" srsName="urn:x-ogc:def:crs:EPSG:28992">
					<gml:posList>190102.863881362 354451.711859823 190090.813 354447.147 190082.721998746 354444.082136734</gml:posList>
				</gml:LineString>
			</net:centrelineGeometry>
			<net:fictitious>false</net:fictitious>
			<us-net-common:currentStatus xlink:href="http://inspire.ec.europa.eu/codelist/ConditionOfFacilityValue/functional"/>
			<us-net-common:validFrom>1967-12-25T00:00:00+01:00</us-net-common:validFrom>
			<us-net-common:verticalPosition>underground</us-net-common:verticalPosition>
		</us-net-common:UtilityLink>
</gml:featureMember>
<gml:featureMember>
<us-net-common:UtilityLink gml:id="nl.imkl-KL1031.UL__elec_e_lv_trench_1241890678402268680_3058998" xmlns:gco="http://www.isotc211.org/2005/gco" xmlns:gmd="http://www.isotc211.org/2005/gmd">
			<net:beginLifespanVersion>2014-01-23T00:00:00+01:00</net:beginLifespanVersion>
			<net:inspireId>
				<base:Identifier>
					<base:localId>KL1031.UL__elec_e_lv_trench_1241890678402268680_3058998</base:localId>
					<base:namespace>nl.imkl</base:namespace>
				</base:Identifier>
			</net:inspireId>
			<net:inNetwork xlink:href="nl.imkl-KL1031.UNET_laagspanning_3"/>
			<net:centrelineGeometry>
				<gml:LineString gml:id="UL__elec_e_lv_trench_1241890678402268680_3058998_GeoSeq_1" srsName="urn:x-ogc:def:crs:EPSG:28992">
					<gml:posList>190102.863881362 354451.711859823 190090.813 354447.147 190082.721998746 354444.082136734</gml:posList>
				</gml:LineString>
			</net:centrelineGeometry>
			<net:fictitious>false</net:fictitious>
			<us-net-common:currentStatus xlink:href="http://inspire.ec.europa.eu/codelist/ConditionOfFacilityValue/functional"/>
			<us-net-common:validFrom>1967-12-25T00:00:00+01:00</us-net-common:validFrom>
			<us-net-common:verticalPosition>underground</us-net-common:verticalPosition>
		</us-net-common:UtilityLink>
</gml:featureMember>
<gml:featureMember>
<imkl:Utiliteitsnet xmlns:gco="http://www.isotc211.org/2005/gco" xmlns:gmd="http://www.isotc211.org/2005/gmd" gml:id="nl.imkl-KL1031.UNET_laagspanning_3">
			<us-net-common:utilityNetworkType xlink:href="http://inspire.ec.europa.eu/codelist/UtilityNetworkTypeValue/electricity"></us-net-common:utilityNetworkType>
			<us-net-common:authorityRole xlink:href="http://inspire.ec.europa.eu/codelist/RelatedPartyRoleValue/operator"></us-net-common:authorityRole>
			<us-net-common:disclaimer>
				<gmd:PT_FreeText>
					<gmd:textGroup>
						<gmd:LocalisedCharacterString>https://www.enexis.nl/Documents/brochures/brochure-graaf-zorgvuldig-klic-noord-en-zuid.pdf</gmd:LocalisedCharacterString>
					</gmd:textGroup>
				</gmd:PT_FreeText>
			</us-net-common:disclaimer>
			<imkl:identificatie>
				<imkl:NEN3610ID>
					<imkl:namespace>nl.imkl</imkl:namespace>
					<imkl:lokaalID>KL1031.UNET_laagspanning_3</imkl:lokaalID>
				</imkl:NEN3610ID>
			</imkl:identificatie>
			<imkl:beginLifespanVersion>2008-01-01T00:00:00+01:00</imkl:beginLifespanVersion>
			<imkl:endLifespanVersion>9999-01-01T00:00:00+01:00</imkl:endLifespanVersion>
			<imkl:omschrijving>Laagspanning netwerk Enexis B.V. van 0 tot 1 kilovolt</imkl:omschrijving>
			<imkl:thema xlink:href="http://definities.geostandaarden.nl/imkl2015/id/waarde/Thema/laagspanning"></imkl:thema>
			<imkl:standaardDieptelegging uom="urn:ogc:def:uom:OGC::m">0.6</imkl:standaardDieptelegging>
		</imkl:Utiliteitsnet>
</gml:featureMember>
<gml:featureMember>
<imkl:AanduidingEisVoorzorgsmaatregel gml:id="nl.imkl-KL1110.AEVM_AEV_CLASSIFICATION_ClassificationObject257985_12459">
			<imkl:identificatie>
				<imkl:NEN3610ID>
					<imkl:namespace>nl.imkl</imkl:namespace>
					<imkl:lokaalID>KL1110.AEVM_AEV_CLASSIFICATION_ClassificationObject257985_12459</imkl:lokaalID>
				</imkl:NEN3610ID>
			</imkl:identificatie>
			<imkl:beginLifespanVersion>2011-06-22T00:00:00+02:00</imkl:beginLifespanVersion>
			<imkl:inNetwork xlink:href="nl.imkl-KL1110.UNET_Water_3"/>
			<imkl:eisVoorzorgsmaatregel>G9805RISICO</imkl:eisVoorzorgsmaatregel><imkl:contactVoorzorgsmaatregel>
				<imkl:Contact>
					<imkl:naam>Klic-medewerker Geo Data Beheer</imkl:naam>
					<imkl:telefoon>043 - 880 86 71</imkl:telefoon>
					<imkl:email>KlicGeoDataBeheer@WML.nl</imkl:email>
				</imkl:Contact>
			</imkl:contactVoorzorgsmaatregel>
			<imkl:netbeheerderNetOmschrijving>WaterInwinning of Strategisch</imkl:netbeheerderNetOmschrijving>
			<imkl:netbeheerderNetAanduiding>9805</imkl:netbeheerderNetAanduiding>
			<imkl:netbeheerderWerkAanduiding>Risico</imkl:netbeheerderWerkAanduiding>
			<imkl:geometrie>
				<gml:Polygon gml:id="AEVM_AEV_CLASSIFICATION_ClassificationObject257985_12459_GeoSeq_1" srsName="urn:x-ogc:def:crs:EPSG:28992">
					<gml:exterior>
						<gml:LinearRing>
							<gml:posList>190116.188 354456.819 190116.163923633 354457.309085702 190116.091926402 354457.79445161 190115.972701679 354458.270423386 190115.807397663 354458.732417162 190115.597606322 354459.175983684 190115.345348062 354459.596851165 190115.053052267 354459.990966421 190114.723533906 354460.354533906 190114.359966421 354460.684052267 190113.965851165 354460.976348062 190113.544983684 354461.228606322 190113.101417162 354461.438397663 190112.639423386 354461.603701679 190112.16345161 354461.722926402 190111.678085702 354461.794923633 190111.188 354461.819 190110.697914298 354461.794923633 190110.21254839 354461.722926402 190109.736576614 354461.603701679 190109.274582838 354461.438397663 190108.831016316 354461.228606322 190108.410148835 354460.976348062 190108.016033579 354460.684052267 190107.652466094 354460.354533906 190107.322947733 354459.990966421 190107.030651938 354459.596851165 190106.778393678 354459.175983684 190106.568602337 354458.732417162 190106.403298321 354458.270423386 190106.284073598 354457.79445161 190106.212076367 354457.309085702 190106.188 354456.819 190106.212076367 354456.328914298 190106.284073598 354455.84354839 190106.403298321 354455.367576614 190106.568602337 354454.905582838 190106.778393678 354454.462016316 190107.030651938 354454.041148835 190107.322947733 354453.647033579 190107.652466094 354453.283466094 190108.016033579 354452.953947733 190108.410148835 354452.661651939 190108.831016316 354452.409393678 190109.274582838 354452.199602337 190109.736576614 354452.034298321 190110.21254839 354451.915073598 190110.697914298 354451.843076367 190111.188 354451.819 190111.678085702 354451.843076367 190112.16345161 354451.915073598 190112.639423386 354452.034298321 190113.101417162 354452.199602337 190113.544983684 354452.409393678 190113.965851165 354452.661651939 190114.359966421 354452.953947733 190114.723533906 354453.283466094 190115.053052267 354453.647033579 190115.345348062 354454.041148835 190115.597606322 354454.462016316 190115.807397663 354454.905582838 190115.972701679 354455.367576614 190116.091926402 354455.84354839 190116.163923633 354456.328914298 190116.188 354456.819</gml:posList>
						</gml:LinearRing>
					</gml:exterior>
				</gml:Polygon>
			</imkl:geometrie>
		</imkl:AanduidingEisVoorzorgsmaatregel>
</gml:featureMember>
<gml:featureMember>
<imkl:AanduidingEisVoorzorgsmaatregel gml:id="nl.imkl-KL1110.AEVM_AEV_CLASSIFICATION_ClassificationObject449050_12520">
			<imkl:identificatie>
				<imkl:NEN3610ID>
					<imkl:namespace>nl.imkl</imkl:namespace>
					<imkl:lokaalID>KL1110.AEVM_AEV_CLASSIFICATION_ClassificationObject449050_12520</imkl:lokaalID>
				</imkl:NEN3610ID>
			</imkl:identificatie>
			<imkl:beginLifespanVersion>2016-04-13T00:00:00+02:00</imkl:beginLifespanVersion>
			<imkl:inNetwork xlink:href="nl.imkl-KL1110.UNET_Water_3"/>
			<imkl:eisVoorzorgsmaatregel>G9805RISICO</imkl:eisVoorzorgsmaatregel><imkl:contactVoorzorgsmaatregel>
				<imkl:Contact>
					<imkl:naam>Klic-medewerker Geo Data Beheer</imkl:naam>
					<imkl:telefoon>043 - 880 86 71</imkl:telefoon>
					<imkl:email>KlicGeoDataBeheer@WML.nl</imkl:email>
				</imkl:Contact>
			</imkl:contactVoorzorgsmaatregel>
			<imkl:netbeheerderNetOmschrijving>WaterInwinning of Strategisch</imkl:netbeheerderNetOmschrijving>
			<imkl:netbeheerderNetAanduiding>9805</imkl:netbeheerderNetAanduiding>
			<imkl:netbeheerderWerkAanduiding>Risico</imkl:netbeheerderWerkAanduiding>
			<imkl:geometrie>
				<gml:Polygon gml:id="AEVM_AEV_CLASSIFICATION_ClassificationObject449050_12520_GeoSeq_1" srsName="urn:x-ogc:def:crs:EPSG:28992">
					<gml:exterior>
						<gml:LinearRing>
							<gml:posList>189798.884593 354316.6598468 189798.885833 354316.6600068 189799.505553 354316.7785668 189799.506793 354316.7788868 189800.106393 354316.9748868 189800.107553 354316.9753668 189800.677833 354317.2454068 189800.678833 354317.2459668 189801.124353 354317.5240468 189801.124793 354317.5243268 189836.835113 354342.5246068 189840.676433 354344.8779668 189851.282713 354351.0263668 189862.960873 354356.7081668 189878.312553 354363.6089268 189931.642553 354385.5979268 189977.559153 354401.4726468 189977.559393 354401.4727268 190177.351153 354476.2723668 190177.351273 354476.2724068 190236.597353 354499.4741268 190236.597873 354499.4743668 190247.702033 354504.5807268 190247.702633 354504.5810068 190248.257913 354504.8806068 190248.258993 354504.8812868 190248.771953 354505.2485668 190248.772913 354505.2493668 190249.235393 354505.6784868 190249.236273 354505.6794068 190249.640873 354506.1634468 190249.641593 354506.1644468 190249.981913 354506.6955668 190249.982553 354506.6966868 190250.252993 354507.2665668 190250.253473 354507.2677268 190250.450073 354507.8673268 190250.450353 354507.8685668 190250.569713 354508.4881268 190250.569873 354508.4893668 190250.609993 354509.1188868 190250.610033 354509.1201668 190250.570513 354509.7496868 190250.570353 354509.7509268 190250.451593 354510.3706868 190250.451273 354510.3719268 190250.255273 354510.9715268 190250.254793 354510.9726868 190249.984953 354511.5429668 190249.984353 354511.5440868 190249.644433 354512.0756068 190249.643673 354512.0766068 190249.239473 354512.5608468 190249.238593 354512.5617668 190248.776513 354512.9912868 190248.775553 354512.9920868 190248.262993 354513.3599668 190248.261913 354513.3606468 190247.707033 354513.6608468 190247.705873 354513.6613668 190247.117633 354513.8891268 190247.116433 354513.8895268 190246.504073 354514.0414068 190246.502833 354514.0416068 190245.876273 354514.1148468 190245.874993 354514.1149268 190245.244073 354514.1085668 190245.242833 354514.1084868 190244.617873 354514.0224468 190244.616633 354514.0221668 190244.007473 354513.8580868 190244.006353 354513.8577268 190243.518513 354513.6633268 190243.518033 354513.6631268 190232.818153 354508.7339268 190173.804513 354485.6225668 189974.110433 354410.8594468 189927.966753 354394.8989268 189927.966233 354394.8987268 189874.427353 354372.8235668 189874.427073 354372.8234468 189858.789193 354365.7967268 189858.788913 354365.7966068 189846.744833 354359.9395268 189846.744513 354359.9393668 189846.424953 354359.7693268 189846.424633 354359.7691268 189835.613713 354353.5020868 189835.613473 354353.5019668 189831.224073 354350.8035668 189831.223593 354350.8032468 189795.389593 354325.7163268 189795.389073 354325.7159268 189794.896273 354325.3221268 189794.895353 354325.3212868 189794.456033 354324.8685668 189794.455193 354324.8676068 189794.076553 354324.3630468 189794.075873 354324.3620068 189793.763913 354323.8134868 189793.763353 354323.8123268 189793.523033 354323.2290868 189793.522633 354323.2278868 189793.357953 354322.6189268 189793.357673 354322.6176868 189793.271033 354321.9927268 189793.270953 354321.9914868 189793.263993 354321.3605668 189793.264073 354321.3592868 189793.336713 354320.7327268 189793.336913 354320.7314868 189793.487993 354320.1189268 189793.488393 354320.1177268 189793.715553 354319.5290868 189793.716073 354319.5279268 189794.015673 354318.9728468 189794.016353 354318.9717668 189794.383633 354318.4588068 189794.384433 354318.4578468 189794.813553 354317.9953668 189794.814473 354317.9944868 189795.298313 354317.5896868 189795.299313 354317.5889268 189795.830633 354317.2486068 189795.831753 354317.2480068 189796.401633 354316.9773668 189796.402793 354316.9768868 189797.002193 354316.7804868 189797.003433 354316.7802068 189797.622993 354316.6608468 189797.624233 354316.6606868 189798.253753 354316.6203668 189798.255033 354316.6203268 189798.884593 354316.6598468</gml:posList>
						</gml:LinearRing>
					</gml:exterior>
				</gml:Polygon>
			</imkl:geometrie>
		</imkl:AanduidingEisVoorzorgsmaatregel>
</gml:featureMember>
<gml:featureMember>
<imkl:AanduidingEisVoorzorgsmaatregel gml:id="nl.imkl-KL1110.AEVM_AEV_CLASSIFICATION_ClassificationObject449089_12523">
			<imkl:identificatie>
				<imkl:NEN3610ID>
					<imkl:namespace>nl.imkl</imkl:namespace>
					<imkl:lokaalID>KL1110.AEVM_AEV_CLASSIFICATION_ClassificationObject449089_12523</imkl:lokaalID>
				</imkl:NEN3610ID>
			</imkl:identificatie>
			<imkl:beginLifespanVersion>2016-04-13T00:00:00+02:00</imkl:beginLifespanVersion>
			<imkl:inNetwork xlink:href="nl.imkl-KL1110.UNET_Water_3"/>
			<imkl:eisVoorzorgsmaatregel>G9805RISICO</imkl:eisVoorzorgsmaatregel><imkl:contactVoorzorgsmaatregel>
				<imkl:Contact>
					<imkl:naam>Klic-medewerker Geo Data Beheer</imkl:naam>
					<imkl:telefoon>043 - 880 86 71</imkl:telefoon>
					<imkl:email>KlicGeoDataBeheer@WML.nl</imkl:email>
				</imkl:Contact>
			</imkl:contactVoorzorgsmaatregel>
			<imkl:netbeheerderNetOmschrijving>WaterInwinning of Strategisch</imkl:netbeheerderNetOmschrijving>
			<imkl:netbeheerderNetAanduiding>9805</imkl:netbeheerderNetAanduiding>
			<imkl:netbeheerderWerkAanduiding>Risico</imkl:netbeheerderWerkAanduiding>
			<imkl:geometrie>
				<gml:Polygon gml:id="AEVM_AEV_CLASSIFICATION_ClassificationObject449089_12523_GeoSeq_1" srsName="urn:x-ogc:def:crs:EPSG:28992">
					<gml:exterior>
						<gml:LinearRing>
							<gml:posList>190116.188 354456.819 190116.163923633 354457.309085702 190116.091926402 354457.79445161 190115.972701679 354458.270423386 190115.807397663 354458.732417162 190115.597606322 354459.175983684 190115.345348062 354459.596851165 190115.053052267 354459.990966421 190114.723533906 354460.354533906 190114.359966421 354460.684052267 190113.965851165 354460.976348062 190113.544983684 354461.228606322 190113.101417162 354461.438397663 190112.639423386 354461.603701679 190112.16345161 354461.722926402 190111.678085702 354461.794923633 190111.188 354461.819 190110.697914298 354461.794923633 190110.21254839 354461.722926402 190109.736576614 354461.603701679 190109.274582838 354461.438397663 190108.831016316 354461.228606322 190108.410148835 354460.976348062 190108.016033579 354460.684052267 190107.652466094 354460.354533906 190107.322947733 354459.990966421 190107.030651938 354459.596851165 190106.778393678 354459.175983684 190106.568602337 354458.732417162 190106.403298321 354458.270423386 190106.284073598 354457.79445161 190106.212076367 354457.309085702 190106.188 354456.819 190106.212076367 354456.328914298 190106.284073598 354455.84354839 190106.403298321 354455.367576614 190106.568602337 354454.905582838 190106.778393678 354454.462016316 190107.030651938 354454.041148835 190107.322947733 354453.647033579 190107.652466094 354453.283466094 190108.016033579 354452.953947733 190108.410148835 354452.661651939 190108.831016316 354452.409393678 190109.274582838 354452.199602337 190109.736576614 354452.034298321 190110.21254839 354451.915073598 190110.697914298 354451.843076367 190111.188 354451.819 190111.678085702 354451.843076367 190112.16345161 354451.915073598 190112.639423386 354452.034298321 190113.101417162 354452.199602337 190113.544983684 354452.409393678 190113.965851165 354452.661651939 190114.359966421 354452.953947733 190114.723533906 354453.283466094 190115.053052267 354453.647033579 190115.345348062 354454.041148835 190115.597606322 354454.462016316 190115.807397663 354454.905582838 190115.972701679 354455.367576614 190116.091926402 354455.84354839 190116.163923633 354456.328914298 190116.188 354456.819</gml:posList>
						</gml:LinearRing>
					</gml:exterior>
				</gml:Polygon>
			</imkl:geometrie>
		</imkl:AanduidingEisVoorzorgsmaatregel>
</gml:featureMember>
<gml:featureMember>
<imkl:Annotatie gml:id="nl.imkl-KL1110.ANNO_gis_leiding_text177962301_2407475">
			<imkl:identificatie>
				<imkl:NEN3610ID>
					<imkl:namespace>nl.imkl</imkl:namespace>
					<imkl:lokaalID>KL1110.ANNO_gis_leiding_text177962301_2407475</imkl:lokaalID>
				</imkl:NEN3610ID>
			</imkl:identificatie>
			<imkl:beginLifespanVersion>2018-06-07T00:00:00+02:00</imkl:beginLifespanVersion>
			<imkl:label> 250 AC wd12 1973</imkl:label>
			<imkl:inNetwork xlink:href="nl.imkl-KL1110.UNET_Water_3"></imkl:inNetwork>
			<imkl:annotatieType xlink:href="http://definities.geostandaarden.nl/imkl2015/id/waarde/AnnotatieTypeValue/annotatielabel"></imkl:annotatieType>
			<imkl:rotatiehoek uom="urn:ogc:def:uom:OGC::deg">-20</imkl:rotatiehoek>
			<imkl:labelpositie>
				<imkl:Labelpositie>
					<imkl:aangrijpingHorizontaal xlink:href="http://definities.geostandaarden.nl/imkl2015/id/waarde/LabelpositieValue/0.5"></imkl:aangrijpingHorizontaal>
					<imkl:aangrijpingVerticaal xlink:href="http://definities.geostandaarden.nl/imkl2015/id/waarde/LabelpositieValue/0.5"></imkl:aangrijpingVerticaal>
				</imkl:Labelpositie>
			</imkl:labelpositie>
			<imkl:ligging>
				<gml:Point srsName="urn:x-ogc:def:crs:EPSG:28992" gml:id="ANNO_gis_leiding_text177962301_2407475_GeoSeq_1">
					<gml:pos>190079.239 354445.564</gml:pos>
				</gml:Point>
			</imkl:ligging>
		</imkl:Annotatie>
</gml:featureMember>
<gml:featureMember>
<imkl:Annotatie gml:id="nl.imkl-KL1110.ANNO_gis_leiding_text177962304_2407476">
			<imkl:identificatie>
				<imkl:NEN3610ID>
					<imkl:namespace>nl.imkl</imkl:namespace>
					<imkl:lokaalID>KL1110.ANNO_gis_leiding_text177962304_2407476</imkl:lokaalID>
				</imkl:NEN3610ID>
			</imkl:identificatie>
			<imkl:beginLifespanVersion>2018-06-07T00:00:00+02:00</imkl:beginLifespanVersion>
			<imkl:label> 250 AC wd12 1973</imkl:label>
			<imkl:inNetwork xlink:href="nl.imkl-KL1110.UNET_Water_3"></imkl:inNetwork>
			<imkl:annotatieType xlink:href="http://definities.geostandaarden.nl/imkl2015/id/waarde/AnnotatieTypeValue/annotatielabel"></imkl:annotatieType>
			<imkl:rotatiehoek uom="urn:ogc:def:uom:OGC::deg">-21</imkl:rotatiehoek>
			<imkl:labelpositie>
				<imkl:Labelpositie>
					<imkl:aangrijpingHorizontaal xlink:href="http://definities.geostandaarden.nl/imkl2015/id/waarde/LabelpositieValue/0.5"></imkl:aangrijpingHorizontaal>
					<imkl:aangrijpingVerticaal xlink:href="http://definities.geostandaarden.nl/imkl2015/id/waarde/LabelpositieValue/0.5"></imkl:aangrijpingVerticaal>
				</imkl:Labelpositie>
			</imkl:labelpositie>
			<imkl:ligging>
				<gml:Point srsName="urn:x-ogc:def:crs:EPSG:28992" gml:id="ANNO_gis_leiding_text177962304_2407476_GeoSeq_1">
					<gml:pos>190163.158 354476.975</gml:pos>
				</gml:Point>
			</imkl:ligging>
		</imkl:Annotatie>
</gml:featureMember>
<gml:featureMember>
<imkl:Annotatie gml:id="nl.imkl-KL1110.ANNO_GIS_WAHydrant_label179709170_2308096">
			<imkl:identificatie>
				<imkl:NEN3610ID>
					<imkl:namespace>nl.imkl</imkl:namespace>
					<imkl:lokaalID>KL1110.ANNO_GIS_WAHydrant_label179709170_2308096</imkl:lokaalID>
				</imkl:NEN3610ID>
			</imkl:identificatie>
			<imkl:beginLifespanVersion>2019-09-27T00:00:00+02:00</imkl:beginLifespanVersion>
			<imkl:label>B 32730</imkl:label>
			<imkl:inNetwork xlink:href="nl.imkl-KL1110.UNET_Water_3"></imkl:inNetwork>
			<imkl:annotatieType xlink:href="http://definities.geostandaarden.nl/imkl2015/id/waarde/AnnotatieTypeValue/annotatielabel"></imkl:annotatieType>
			<imkl:rotatiehoek uom="urn:ogc:def:uom:OGC::deg">0</imkl:rotatiehoek>
			<imkl:labelpositie>
				<imkl:Labelpositie>
					<imkl:aangrijpingHorizontaal xlink:href="http://definities.geostandaarden.nl/imkl2015/id/waarde/LabelpositieValue/0"></imkl:aangrijpingHorizontaal>
					<imkl:aangrijpingVerticaal xlink:href="http://definities.geostandaarden.nl/imkl2015/id/waarde/LabelpositieValue/0"></imkl:aangrijpingVerticaal>
				</imkl:Labelpositie>
			</imkl:labelpositie>
			<imkl:ligging>
				<gml:Point srsName="urn:x-ogc:def:crs:EPSG:28992" gml:id="ANNO_GIS_WAHydrant_label179709170_2308096_GeoSeq_1">
					<gml:pos>190107.028 354461.161</gml:pos>
				</gml:Point>
			</imkl:ligging>
		</imkl:Annotatie>
</gml:featureMember>
<gml:featureMember>
<imkl:Appurtenance xmlns:gco="http://www.isotc211.org/2005/gco" xmlns:gmd="http://www.isotc211.org/2005/gmd" gml:id="nl.imkl-KL1110.APPU_GIS_WAHydrant179709170_2631475">
			<net:beginLifespanVersion>2019-09-27T00:00:00+02:00</net:beginLifespanVersion>
			<net:inspireId>
				<base:Identifier>
					<base:localId>KL1110.APPU_GIS_WAHydrant179709170_2631475</base:localId>
					<base:namespace>nl.imkl</base:namespace>
				</base:Identifier>
			</net:inspireId>
			<net:inNetwork xlink:href="nl.imkl-KL1110.UNET_Water_3"></net:inNetwork>
			<net:geometry>
				<gml:Point srsName="urn:x-ogc:def:crs:EPSG:28992" gml:id="APPU_GIS_WAHydrant179709170_2631475_GeoSeq_1">
					<gml:pos>190111.188 354456.819</gml:pos>
				</gml:Point>
			</net:geometry>
			<us-net-common:currentStatus xlink:href="http://inspire.ec.europa.eu/codelist/ConditionOfFacilityValue/functional"></us-net-common:currentStatus>
			<us-net-common:validFrom>1973-01-01T00:00:00+01:00</us-net-common:validFrom>
			<us-net-common:verticalPosition>onGroundSurface</us-net-common:verticalPosition>
			<us-net-common:appurtenanceType xlink:href="http://inspire.ec.europa.eu/codelist/WaterAppurtenanceTypeValue/fireHydrant"></us-net-common:appurtenanceType>
			<imkl:bovengrondsZichtbaar>true</imkl:bovengrondsZichtbaar>
			<imkl:rotatiehoekSymbool uom="urn:ogc:def:uom:OGC::deg">160</imkl:rotatiehoekSymbool>
			<imkl:label>B 32730</imkl:label>
		</imkl:Appurtenance>
</gml:featureMember>
<gml:featureMember>
<imkl:EisVoorzorgsmaatregelBijlage gml:id="nl.imkl-KL1110._EisVoorzorgsmaatregelBijlage_20G006203_water"><imkl:identificatie><imkl:NEN3610ID><imkl:namespace>nl.imkl</imkl:namespace><imkl:lokaalID>KL1110._EisVoorzorgsmaatregelBijlage_20G006203_water</imkl:lokaalID></imkl:NEN3610ID></imkl:identificatie><imkl:beginLifespanVersion>2020-04-24T12:08:57.212+02:00</imkl:beginLifespanVersion><imkl:bijlageType xlink:href="http://definities.geostandaarden.nl/imkl2015/id/waarde/BijlageTypeValue/eisVoorzorgsmaatregel"/><imkl:bestandLocatie>bronnen/KL1110/nl.imkl-KL1110_20G006203.KL1110_20G006203EvGraafmelding.001_water.pdf</imkl:bestandLocatie><imkl:bestandMediaType xlink:href="http://definities.geostandaarden.nl/imkl2015/id/waarde/BestandMediaTypeValue/PDF"/><imkl:bestandIdentificator>nl.imkl-KL1110.KL1110EvGraafmelding.001_water</imkl:bestandIdentificator><imkl:thema xlink:href="http://definities.geostandaarden.nl/imkl2015/id/waarde/Thema/water"/><imkl:eisVoorzorgsmaatregel>G9805RISICO</imkl:eisVoorzorgsmaatregel><imkl:toelichting>Graafmelding Strategisch object of waterinwinning ieder Werk</imkl:toelichting></imkl:EisVoorzorgsmaatregelBijlage>
</gml:featureMember>
<gml:featureMember>
<us-net-common:UtilityLink gml:id="nl.imkl-KL1110.UL_GIS_WALeitungsabschnitt177962295_219260" xmlns:gco="http://www.isotc211.org/2005/gco" xmlns:gmd="http://www.isotc211.org/2005/gmd">
			<net:beginLifespanVersion>2018-06-07T00:00:00+02:00</net:beginLifespanVersion>
			<net:inspireId>
				<base:Identifier>
					<base:localId>KL1110.UL_GIS_WALeitungsabschnitt177962295_219260</base:localId>
					<base:namespace>nl.imkl</base:namespace>
				</base:Identifier>
			</net:inspireId>
			<net:inNetwork xlink:href="nl.imkl-KL1110.UNET_Water_3"/>
			<net:centrelineGeometry>
				<gml:LineString gml:id="UL_GIS_WALeitungsabschnitt177962295_219260_GeoSeq_1" srsName="urn:x-ogc:def:crs:EPSG:28992">
					<gml:posList>190079.568626775 354445.013814816 190111.188 354456.819 190167.557775074 354477.942131364</gml:posList>
				</gml:LineString>
			</net:centrelineGeometry>
			<net:fictitious>false</net:fictitious>
			<us-net-common:currentStatus xlink:href="http://inspire.ec.europa.eu/codelist/ConditionOfFacilityValue/functional"/>
			<us-net-common:validFrom>1973-01-01T00:00:00+01:00</us-net-common:validFrom>
			<us-net-common:verticalPosition>underground</us-net-common:verticalPosition>
		</us-net-common:UtilityLink>
</gml:featureMember>
<gml:featureMember>
<imkl:Utiliteitsnet xmlns:gco="http://www.isotc211.org/2005/gco" xmlns:gmd="http://www.isotc211.org/2005/gmd" gml:id="nl.imkl-KL1110.UNET_Water_3">
			<us-net-common:utilityNetworkType xlink:href="http://inspire.ec.europa.eu/codelist/UtilityNetworkTypeValue/water"></us-net-common:utilityNetworkType>
			<us-net-common:authorityRole xlink:href="http://inspire.ec.europa.eu/codelist/RelatedPartyRoleValue/operator"></us-net-common:authorityRole>
			<imkl:identificatie>
				<imkl:NEN3610ID>
					<imkl:namespace>nl.imkl</imkl:namespace>
					<imkl:lokaalID>KL1110.UNET_Water_3</imkl:lokaalID>
				</imkl:NEN3610ID>
			</imkl:identificatie>
			<imkl:beginLifespanVersion>2016-11-16T00:00:00+01:00</imkl:beginLifespanVersion>
			<imkl:thema xlink:href="http://definities.geostandaarden.nl/imkl2015/id/waarde/Thema/water"></imkl:thema>
			<imkl:standaardDieptelegging uom="urn:ogc:def:uom:OGC::m">1</imkl:standaardDieptelegging>
		</imkl:Utiliteitsnet>
</gml:featureMember>
<gml:featureMember>
<imkl:Waterleiding xmlns:gco="http://www.isotc211.org/2005/gco" xmlns:gmd="http://www.isotc211.org/2005/gmd" gml:id="nl.imkl-KL1110.WALD_GIS_WALeitungsabschnitt177962295_219261">
			<net:beginLifespanVersion>2018-06-07T00:00:00+02:00</net:beginLifespanVersion>
			<net:inspireId>
				<base:Identifier>
					<base:localId>KL1110.WALD_GIS_WALeitungsabschnitt177962295_219261</base:localId>
					<base:namespace>nl.imkl</base:namespace>
				</base:Identifier>
			</net:inspireId>
			<net:inNetwork xlink:href="nl.imkl-KL1110.UNET_Water_3"></net:inNetwork>
			<net:link xlink:href="nl.imkl-KL1110.UL_GIS_WALeitungsabschnitt177962295_219260"></net:link>
			<us-net-common:currentStatus xlink:href="http://inspire.ec.europa.eu/codelist/ConditionOfFacilityValue/functional"></us-net-common:currentStatus>
			<us-net-common:validFrom>1973-01-01T00:00:00+01:00</us-net-common:validFrom>
			<us-net-common:verticalPosition>underground</us-net-common:verticalPosition>
			<us-net-common:utilityDeliveryType xlink:href="http://inspire.ec.europa.eu/codelist/UtilityDeliveryTypeValue/transport"></us-net-common:utilityDeliveryType>
			<us-net-common:warningType xsi:nil="true"></us-net-common:warningType>
			<us-net-common:pipeDiameter uom="urn:ogc:def:uom:OGC::mm">250</us-net-common:pipeDiameter>
			<us-net-wa:waterType xlink:href="http://inspire.ec.europa.eu/codelist/WaterTypeValue/potable"></us-net-wa:waterType>
			<imkl:label>250 AC</imkl:label>
		</imkl:Waterleiding>
</gml:featureMember>
</gml:FeatureCollection>