<?xml version="1.0" encoding="UTF-8" standalone="yes"?><Leveringsinformatie xmlns="http://www.kadaster.nl/schemas/klic/leveringsinformatie/v20180418" xmlns:xlink="http://www.w3.org/1999/xlink" xmlns:gml="http://www.opengis.net/gml/3.2"><version>2.1</version><bijlagePerLevering><soortBijlage>achtergrondkaart</soortBijlage><bestandLocatie>bronnen/GB_18C000837.png</bestandLocatie><bestandMediaType xlink:href="http://definities.geostandaarden.nl/imkl2015/id/waarde/BestandMediaTypeValue/PNG"/><bestandIdentificator>GB_18C000837</bestandIdentificator></bijlagePerLevering><bijlagePerLevering><soortBijlage>geselecteerdGebied</soortBijlage><bestandLocatie>bronnen/SEL_18C000837.png</bestandLocatie><bestandMediaType xlink:href="http://definities.geostandaarden.nl/imkl2015/id/waarde/BestandMediaTypeValue/PNG"/><bestandIdentificator>SEL_18C000837</bestandIdentificator></bijlagePerLevering><bijlagePerLevering><soortBijlage>leveringsbrief</soortBijlage><bestandLocatie>LI_18C000837_1.pdf</bestandLocatie><bestandMediaType xlink:href="http://definities.geostandaarden.nl/imkl2015/id/waarde/BestandMediaTypeValue/PDF"/><bestandIdentificator>LI_18C000837_1</bestandIdentificator></bijlagePerLevering><bijlagePerLevering><soortBijlage>gebiedsinformatieLevering</soortBijlage><bestandLocatie>GI_gebiedsinformatielevering_18C000837_1.xml</bestandLocatie><bestandMediaType xlink:href="http://definities.geostandaarden.nl/imkl2015/id/waarde/BestandMediaTypeValue/XML"/><bestandIdentificator>GI_gebiedsinformatielevering_18C000837_1</bestandIdentificator></bijlagePerLevering><pngFormaat><omsluitendeRechthoek><gml:Envelope srsName="urn:ogc:def:crs:EPSG::28992" srsDimension="2"><gml:lowerCorner>192480.0 521509.0</gml:lowerCorner><gml:upperCorner>192971.0 521999.0</gml:upperCorner></gml:Envelope></omsluitendeRechthoek><pixelsBreed>6874</pixelsBreed><pixelsHoog>6860</pixelsHoog></pngFormaat><belanghebbende><bronhoudercode>KL1031</bronhoudercode><beheerdersinformatieVersie>IMKL1.2</beheerdersinformatieVersie><beheerdersinformatie><thema xlink:href="http://definities.geostandaarden.nl/imkl2015/id/waarde/Thema/middenspanning"/><eisVoorzorgmaatregel>false</eisVoorzorgmaatregel><themabijlagePerNetbeheerder><soortBijlage>annotatie</soortBijlage><bestandLocatie>bronnen/KL1031/AN_middenspanning_Enexis+B.V._0000959625_18C000837.png</bestandLocatie><bestandMediaType xlink:href="http://definities.geostandaarden.nl/imkl2015/id/waarde/BestandMediaTypeValue/PNG"/><bestandIdentificator>AN_middenspanning_Enexis+B.V._0000959625_18C000837.png</bestandIdentificator></themabijlagePerNetbeheerder><themabijlagePerNetbeheerder><soortBijlage>ligging</soortBijlage><bestandLocatie>bronnen/KL1031/LG_middenspanning_Enexis+B.V._0000959625_18C000837.png</bestandLocatie><bestandMediaType xlink:href="http://definities.geostandaarden.nl/imkl2015/id/waarde/BestandMediaTypeValue/PNG"/><bestandIdentificator>LG_middenspanning_Enexis+B.V._0000959625_18C000837.png</bestandIdentificator></themabijlagePerNetbeheerder><themabijlagePerNetbeheerder><soortBijlage>maatvoering</soortBijlage><bestandLocatie>bronnen/KL1031/MV_middenspanning_Enexis+B.V._0000959625_18C000837.png</bestandLocatie><bestandMediaType xlink:href="http://definities.geostandaarden.nl/imkl2015/id/waarde/BestandMediaTypeValue/PNG"/><bestandIdentificator>MV_middenspanning_Enexis+B.V._0000959625_18C000837.png</bestandIdentificator></themabijlagePerNetbeheerder></beheerdersinformatie><beheerdersinformatie><thema xlink:href="http://definities.geostandaarden.nl/imkl2015/id/waarde/Thema/gasLageDruk"/><eisVoorzorgmaatregel>false</eisVoorzorgmaatregel><themabijlagePerNetbeheerder><soortBijlage>ligging</soortBijlage><bestandLocatie>bronnen/KL1031/LG_gasLageDruk_Enexis+B.V._0000959625_18C000837.png</bestandLocatie><bestandMediaType xlink:href="http://definities.geostandaarden.nl/imkl2015/id/waarde/BestandMediaTypeValue/PNG"/><bestandIdentificator>LG_gasLageDruk_Enexis+B.V._0000959625_18C000837.png</bestandIdentificator></themabijlagePerNetbeheerder><themabijlagePerNetbeheerder><soortBijlage>maatvoering</soortBijlage><bestandLocatie>bronnen/KL1031/MV_gasLageDruk_Enexis+B.V._0000959625_18C000837.png</bestandLocatie><bestandMediaType xlink:href="http://definities.geostandaarden.nl/imkl2015/id/waarde/BestandMediaTypeValue/PNG"/><bestandIdentificator>MV_gasLageDruk_Enexis+B.V._0000959625_18C000837.png</bestandIdentificator></themabijlagePerNetbeheerder></beheerdersinformatie><beheerdersinformatie><thema xlink:href="http://definities.geostandaarden.nl/imkl2015/id/waarde/Thema/laagspanning"/><eisVoorzorgmaatregel>false</eisVoorzorgmaatregel><themabijlagePerNetbeheerder><soortBijlage>ligging</soortBijlage><bestandLocatie>bronnen/KL1031/LG_laagspanning_Enexis+B.V._0000959625_18C000837.png</bestandLocatie><bestandMediaType xlink:href="http://definities.geostandaarden.nl/imkl2015/id/waarde/BestandMediaTypeValue/PNG"/><bestandIdentificator>LG_laagspanning_Enexis+B.V._0000959625_18C000837.png</bestandIdentificator></themabijlagePerNetbeheerder><themabijlagePerNetbeheerder><soortBijlage>maatvoering</soortBijlage><bestandLocatie>bronnen/KL1031/MV_laagspanning_Enexis+B.V._0000959625_18C000837.png</bestandLocatie><bestandMediaType xlink:href="http://definities.geostandaarden.nl/imkl2015/id/waarde/BestandMediaTypeValue/PNG"/><bestandIdentificator>MV_laagspanning_Enexis+B.V._0000959625_18C000837.png</bestandIdentificator></themabijlagePerNetbeheerder><themabijlagePerNetbeheerder><soortBijlage>annotatie</soortBijlage><bestandLocatie>bronnen/KL1031/AN_laagspanning_Enexis+B.V._0000959625_18C000837.png</bestandLocatie><bestandMediaType xlink:href="http://definities.geostandaarden.nl/imkl2015/id/waarde/BestandMediaTypeValue/PNG"/><bestandIdentificator>AN_laagspanning_Enexis+B.V._0000959625_18C000837.png</bestandIdentificator></themabijlagePerNetbeheerder></beheerdersinformatie><beheerdersinformatie><thema xlink:href="http://definities.geostandaarden.nl/imkl2015/id/waarde/Thema/gasHogeDruk"/><eisVoorzorgmaatregel>false</eisVoorzorgmaatregel><themabijlagePerNetbeheerder><soortBijlage>maatvoering</soortBijlage><bestandLocatie>bronnen/KL1031/MV_gasHogeDruk_Enexis+B.V._0000959625_18C000837.png</bestandLocatie><bestandMediaType xlink:href="http://definities.geostandaarden.nl/imkl2015/id/waarde/BestandMediaTypeValue/PNG"/><bestandIdentificator>MV_gasHogeDruk_Enexis+B.V._0000959625_18C000837.png</bestandIdentificator></themabijlagePerNetbeheerder></beheerdersinformatie></belanghebbende><belanghebbende><bronhoudercode>KL1011</bronhoudercode><beheerdersinformatieVersie>IMKL1.2</beheerdersinformatieVersie><bijlagePerNetbeheerder><soortBijlage>algemeen</soortBijlage><bestandLocatie>bronnen/KL1011/nl.imkl-KL1011_18C000837.DocumentTooBig_Algemeen_9e01285e_737c_41c3_b471_3075e6b97711.pdf</bestandLocatie><bestandMediaType xlink:href="http://definities.geostandaarden.nl/imkl2015/id/waarde/BestandMediaTypeValue/PDF"/><bestandIdentificator>nl.imkl-KL1011.DocumentTooBig_Algemeen_9e01285e_737c_41c3_b471_3075e6b97711</bestandIdentificator></bijlagePerNetbeheerder><beheerdersinformatie><thema xlink:href="http://definities.geostandaarden.nl/imkl2015/id/waarde/Thema/datatransport"/><eisVoorzorgmaatregel>false</eisVoorzorgmaatregel><themabijlagePerNetbeheerder><soortBijlage>ligging</soortBijlage><bestandLocatie>bronnen/KL1011/LG_datatransport_Ziggo+B.V._0000959627_18C000837.png</bestandLocatie><bestandMediaType xlink:href="http://definities.geostandaarden.nl/imkl2015/id/waarde/BestandMediaTypeValue/PNG"/><bestandIdentificator>LG_datatransport_Ziggo+B.V._0000959627_18C000837.png</bestandIdentificator></themabijlagePerNetbeheerder><themabijlagePerNetbeheerder><soortBijlage>maatvoering</soortBijlage><bestandLocatie>bronnen/KL1011/MV_datatransport_Ziggo+B.V._0000959627_18C000837.png</bestandLocatie><bestandMediaType xlink:href="http://definities.geostandaarden.nl/imkl2015/id/waarde/BestandMediaTypeValue/PNG"/><bestandIdentificator>MV_datatransport_Ziggo+B.V._0000959627_18C000837.png</bestandIdentificator></themabijlagePerNetbeheerder><themabijlagePerNetbeheerder><soortBijlage>annotatie</soortBijlage><bestandLocatie>bronnen/KL1011/AN_datatransport_Ziggo+B.V._0000959627_18C000837.png</bestandLocatie><bestandMediaType xlink:href="http://definities.geostandaarden.nl/imkl2015/id/waarde/BestandMediaTypeValue/PNG"/><bestandIdentificator>AN_datatransport_Ziggo+B.V._0000959627_18C000837.png</bestandIdentificator></themabijlagePerNetbeheerder></beheerdersinformatie></belanghebbende><belanghebbende><bronhoudercode>KL1040</bronhoudercode><beheerdersinformatieVersie>IMKL1.2</beheerdersinformatieVersie><bijlagePerNetbeheerder><soortBijlage>eigenTopo</soortBijlage><bestandLocatie>bronnen/KL1040/ET_Liander_0000959652_18C000837.png</bestandLocatie><bestandMediaType xlink:href="http://definities.geostandaarden.nl/imkl2015/id/waarde/BestandMediaTypeValue/PNG"/><bestandIdentificator>ET_Liander_0000959652_18C000837.png</bestandIdentificator></bijlagePerNetbeheerder><beheerdersinformatie><thema xlink:href="http://definities.geostandaarden.nl/imkl2015/id/waarde/Thema/middenspanning"/><eisVoorzorgmaatregel>false</eisVoorzorgmaatregel><themabijlagePerNetbeheerder><soortBijlage>annotatie</soortBijlage><bestandLocatie>bronnen/KL1040/AN_middenspanning_Liander_0000959652_18C000837.png</bestandLocatie><bestandMediaType xlink:href="http://definities.geostandaarden.nl/imkl2015/id/waarde/BestandMediaTypeValue/PNG"/><bestandIdentificator>AN_middenspanning_Liander_0000959652_18C000837.png</bestandIdentificator></themabijlagePerNetbeheerder><themabijlagePerNetbeheerder><soortBijlage>ligging</soortBijlage><bestandLocatie>bronnen/KL1040/LG_middenspanning_Liander_0000959652_18C000837.png</bestandLocatie><bestandMediaType xlink:href="http://definities.geostandaarden.nl/imkl2015/id/waarde/BestandMediaTypeValue/PNG"/><bestandIdentificator>LG_middenspanning_Liander_0000959652_18C000837.png</bestandIdentificator></themabijlagePerNetbeheerder><themabijlagePerNetbeheerder><soortBijlage>maatvoering</soortBijlage><bestandLocatie>bronnen/KL1040/MV_middenspanning_Liander_0000959652_18C000837.png</bestandLocatie><bestandMediaType xlink:href="http://definities.geostandaarden.nl/imkl2015/id/waarde/BestandMediaTypeValue/PNG"/><bestandIdentificator>MV_middenspanning_Liander_0000959652_18C000837.png</bestandIdentificator></themabijlagePerNetbeheerder></beheerdersinformatie><beheerdersinformatie><thema xlink:href="http://definities.geostandaarden.nl/imkl2015/id/waarde/Thema/gasLageDruk"/><eisVoorzorgmaatregel>false</eisVoorzorgmaatregel><themabijlagePerNetbeheerder><soortBijlage>ligging</soortBijlage><bestandLocatie>bronnen/KL1040/LG_gasLageDruk_Liander_0000959652_18C000837.png</bestandLocatie><bestandMediaType xlink:href="http://definities.geostandaarden.nl/imkl2015/id/waarde/BestandMediaTypeValue/PNG"/><bestandIdentificator>LG_gasLageDruk_Liander_0000959652_18C000837.png</bestandIdentificator></themabijlagePerNetbeheerder><themabijlagePerNetbeheerder><soortBijlage>annotatie</soortBijlage><bestandLocatie>bronnen/KL1040/AN_gasLageDruk_Liander_0000959652_18C000837.png</bestandLocatie><bestandMediaType xlink:href="http://definities.geostandaarden.nl/imkl2015/id/waarde/BestandMediaTypeValue/PNG"/><bestandIdentificator>AN_gasLageDruk_Liander_0000959652_18C000837.png</bestandIdentificator></themabijlagePerNetbeheerder><themabijlagePerNetbeheerder><soortBijlage>maatvoering</soortBijlage><bestandLocatie>bronnen/KL1040/MV_gasLageDruk_Liander_0000959652_18C000837.png</bestandLocatie><bestandMediaType xlink:href="http://definities.geostandaarden.nl/imkl2015/id/waarde/BestandMediaTypeValue/PNG"/><bestandIdentificator>MV_gasLageDruk_Liander_0000959652_18C000837.png</bestandIdentificator></themabijlagePerNetbeheerder></beheerdersinformatie><beheerdersinformatie><thema xlink:href="http://definities.geostandaarden.nl/imkl2015/id/waarde/Thema/laagspanning"/><eisVoorzorgmaatregel>false</eisVoorzorgmaatregel><themabijlagePerNetbeheerder><soortBijlage>ligging</soortBijlage><bestandLocatie>bronnen/KL1040/LG_laagspanning_Liander_0000959652_18C000837.png</bestandLocatie><bestandMediaType xlink:href="http://definities.geostandaarden.nl/imkl2015/id/waarde/BestandMediaTypeValue/PNG"/><bestandIdentificator>LG_laagspanning_Liander_0000959652_18C000837.png</bestandIdentificator></themabijlagePerNetbeheerder><themabijlagePerNetbeheerder><soortBijlage>maatvoering</soortBijlage><bestandLocatie>bronnen/KL1040/MV_laagspanning_Liander_0000959652_18C000837.png</bestandLocatie><bestandMediaType xlink:href="http://definities.geostandaarden.nl/imkl2015/id/waarde/BestandMediaTypeValue/PNG"/><bestandIdentificator>MV_laagspanning_Liander_0000959652_18C000837.png</bestandIdentificator></themabijlagePerNetbeheerder><themabijlagePerNetbeheerder><soortBijlage>annotatie</soortBijlage><bestandLocatie>bronnen/KL1040/AN_laagspanning_Liander_0000959652_18C000837.png</bestandLocatie><bestandMediaType xlink:href="http://definities.geostandaarden.nl/imkl2015/id/waarde/BestandMediaTypeValue/PNG"/><bestandIdentificator>AN_laagspanning_Liander_0000959652_18C000837.png</bestandIdentificator></themabijlagePerNetbeheerder></beheerdersinformatie><beheerdersinformatie><thema xlink:href="http://definities.geostandaarden.nl/imkl2015/id/waarde/Thema/gasHogeDruk"/><eisVoorzorgmaatregel>false</eisVoorzorgmaatregel><themabijlagePerNetbeheerder><soortBijlage>maatvoering</soortBijlage><bestandLocatie>bronnen/KL1040/MV_gasHogeDruk_Liander_0000959652_18C000837.png</bestandLocatie><bestandMediaType xlink:href="http://definities.geostandaarden.nl/imkl2015/id/waarde/BestandMediaTypeValue/PNG"/><bestandIdentificator>MV_gasHogeDruk_Liander_0000959652_18C000837.png</bestandIdentificator></themabijlagePerNetbeheerder><themabijlagePerNetbeheerder><soortBijlage>ligging</soortBijlage><bestandLocatie>bronnen/KL1040/LG_gasHogeDruk_Liander_0000959652_18C000837.png</bestandLocatie><bestandMediaType xlink:href="http://definities.geostandaarden.nl/imkl2015/id/waarde/BestandMediaTypeValue/PNG"/><bestandIdentificator>LG_gasHogeDruk_Liander_0000959652_18C000837.png</bestandIdentificator></themabijlagePerNetbeheerder><themabijlagePerNetbeheerder><soortBijlage>annotatie</soortBijlage><bestandLocatie>bronnen/KL1040/AN_gasHogeDruk_Liander_0000959652_18C000837.png</bestandLocatie><bestandMediaType xlink:href="http://definities.geostandaarden.nl/imkl2015/id/waarde/BestandMediaTypeValue/PNG"/><bestandIdentificator>AN_gasHogeDruk_Liander_0000959652_18C000837.png</bestandIdentificator></themabijlagePerNetbeheerder></beheerdersinformatie></belanghebbende><belanghebbende><bronhoudercode>KL1021</bronhoudercode><beheerdersinformatieVersie>IMKL1.2</beheerdersinformatieVersie><bijlagePerNetbeheerder><soortBijlage>algemeen</soortBijlage><bestandLocatie>bronnen/KL1021/nl.imkl-KL1021_18C000837.BijlageAlgemeen_1_0.pdf</bestandLocatie><bestandMediaType xlink:href="http://definities.geostandaarden.nl/imkl2015/id/waarde/BestandMediaTypeValue/PDF"/><bestandIdentificator>nl.imkl-KL1021.BijlageAlgemeen_1_0</bestandIdentificator></bijlagePerNetbeheerder><beheerdersinformatie><thema xlink:href="http://definities.geostandaarden.nl/imkl2015/id/waarde/Thema/buisleidingGevaarlijkeInhoud"/><eisVoorzorgmaatregel>true</eisVoorzorgmaatregel><themabijlagePerNetbeheerder><soortBijlage>ligging</soortBijlage><bestandLocatie>bronnen/KL1021/LG_buisleidingGevaarlijkeInhoud_N.V.+Nederlandse+Gasunie+Oost_0000959691_18C000837.png</bestandLocatie><bestandMediaType xlink:href="http://definities.geostandaarden.nl/imkl2015/id/waarde/BestandMediaTypeValue/PNG"/><bestandIdentificator>LG_buisleidingGevaarlijkeInhoud_N.V.+Nederlandse+Gasunie+Oost_0000959691_18C000837.png</bestandIdentificator></themabijlagePerNetbeheerder><themabijlagePerNetbeheerder><soortBijlage>eisVoorzorgsmaatregel</soortBijlage><bestandLocatie>bronnen/KL1021/nl.imkl-KL1021_18C000837.EV_buisGevaarlijkeInhoud_EV_C_buisleidingGevaarlijkeInhoud.pdf</bestandLocatie><bestandMediaType xlink:href="http://definities.geostandaarden.nl/imkl2015/id/waarde/BestandMediaTypeValue/PDF"/><bestandIdentificator>nl.imkl-KL1021.EV_buisGevaarlijkeInhoud_EV_C_buisleidingGevaarlijkeInhoud</bestandIdentificator></themabijlagePerNetbeheerder></beheerdersinformatie></belanghebbende><belanghebbende><bronhoudercode>KQ1031</bronhoudercode><beheerdersinformatieVersie>klassiek</beheerdersinformatieVersie><netbeheerderContact><contact><naam>Binnendienst Preventie Graafschade</naam><telefoon>088-8577271</telefoon><email>klicinfo@enexis.nl</email></contact><storingsnummer>0800-9009</storingsnummer><beschadigingsnummer>0800-9009</beschadigingsnummer></netbeheerderContact><bijlagePerNetbeheerder><soortBijlage>bijlage</soortBijlage><bestandLocatie>bronnen/KQ1031/BL_Enexis_0000959695_18C000837_BriefAlgemeen_2014_GC.pdf</bestandLocatie><bestandMediaType xlink:href="http://definities.geostandaarden.nl/imkl2015/id/waarde/BestandMediaTypeValue/PDF"/><bestandIdentificator>BL_Enexis_0000959695_18C000837_BriefAlgemeen_2014_GC</bestandIdentificator></bijlagePerNetbeheerder><beheerdersinformatie><thema xlink:href="http://definities.geostandaarden.nl/imkl2015/id/waarde/Thema/middenspanning"/><eisVoorzorgmaatregel>false</eisVoorzorgmaatregel><themabijlagePerNetbeheerder><soortBijlage>maatvoering</soortBijlage><bestandLocatie>bronnen/KQ1031/MV_middenspanning_Enexis_0000959695_18C000837.png</bestandLocatie><bestandMediaType xlink:href="http://definities.geostandaarden.nl/imkl2015/id/waarde/BestandMediaTypeValue/PNG"/><bestandIdentificator>MV_middenspanning_Enexis_0000959695_18C000837</bestandIdentificator></themabijlagePerNetbeheerder><themabijlagePerNetbeheerder><soortBijlage>annotatie</soortBijlage><bestandLocatie>bronnen/KQ1031/AN_middenspanning_Enexis_0000959695_18C000837.png</bestandLocatie><bestandMediaType xlink:href="http://definities.geostandaarden.nl/imkl2015/id/waarde/BestandMediaTypeValue/PNG"/><bestandIdentificator>AN_middenspanning_Enexis_0000959695_18C000837</bestandIdentificator></themabijlagePerNetbeheerder><themabijlagePerNetbeheerder><soortBijlage>ligging</soortBijlage><bestandLocatie>bronnen/KQ1031/LG_middenspanning_Enexis_0000959695_18C000837.png</bestandLocatie><bestandMediaType xlink:href="http://definities.geostandaarden.nl/imkl2015/id/waarde/BestandMediaTypeValue/PNG"/><bestandIdentificator>LG_middenspanning_Enexis_0000959695_18C000837</bestandIdentificator></themabijlagePerNetbeheerder></beheerdersinformatie><beheerdersinformatie><thema xlink:href="http://definities.geostandaarden.nl/imkl2015/id/waarde/Thema/gasLageDruk"/><eisVoorzorgmaatregel>false</eisVoorzorgmaatregel><themabijlagePerNetbeheerder><soortBijlage>annotatie</soortBijlage><bestandLocatie>bronnen/KQ1031/AN_gas+lage+druk_Enexis_0000959695_18C000837.png</bestandLocatie><bestandMediaType xlink:href="http://definities.geostandaarden.nl/imkl2015/id/waarde/BestandMediaTypeValue/PNG"/><bestandIdentificator>AN_gas+lage+druk_Enexis_0000959695_18C000837</bestandIdentificator></themabijlagePerNetbeheerder><themabijlagePerNetbeheerder><soortBijlage>ligging</soortBijlage><bestandLocatie>bronnen/KQ1031/LG_gas+lage+druk_Enexis_0000959695_18C000837.png</bestandLocatie><bestandMediaType xlink:href="http://definities.geostandaarden.nl/imkl2015/id/waarde/BestandMediaTypeValue/PNG"/><bestandIdentificator>LG_gas+lage+druk_Enexis_0000959695_18C000837</bestandIdentificator></themabijlagePerNetbeheerder><themabijlagePerNetbeheerder><soortBijlage>maatvoering</soortBijlage><bestandLocatie>bronnen/KQ1031/MV_gas+lage+druk_Enexis_0000959695_18C000837.png</bestandLocatie><bestandMediaType xlink:href="http://definities.geostandaarden.nl/imkl2015/id/waarde/BestandMediaTypeValue/PNG"/><bestandIdentificator>MV_gas+lage+druk_Enexis_0000959695_18C000837</bestandIdentificator></themabijlagePerNetbeheerder></beheerdersinformatie><beheerdersinformatie><thema xlink:href="http://definities.geostandaarden.nl/imkl2015/id/waarde/Thema/laagspanning"/><eisVoorzorgmaatregel>false</eisVoorzorgmaatregel><themabijlagePerNetbeheerder><soortBijlage>annotatie</soortBijlage><bestandLocatie>bronnen/KQ1031/AN_laagspanning_Enexis_0000959695_18C000837.png</bestandLocatie><bestandMediaType xlink:href="http://definities.geostandaarden.nl/imkl2015/id/waarde/BestandMediaTypeValue/PNG"/><bestandIdentificator>AN_laagspanning_Enexis_0000959695_18C000837</bestandIdentificator></themabijlagePerNetbeheerder><themabijlagePerNetbeheerder><soortBijlage>ligging</soortBijlage><bestandLocatie>bronnen/KQ1031/LG_laagspanning_Enexis_0000959695_18C000837.png</bestandLocatie><bestandMediaType xlink:href="http://definities.geostandaarden.nl/imkl2015/id/waarde/BestandMediaTypeValue/PNG"/><bestandIdentificator>LG_laagspanning_Enexis_0000959695_18C000837</bestandIdentificator></themabijlagePerNetbeheerder><themabijlagePerNetbeheerder><soortBijlage>maatvoering</soortBijlage><bestandLocatie>bronnen/KQ1031/MV_laagspanning_Enexis_0000959695_18C000837.png</bestandLocatie><bestandMediaType xlink:href="http://definities.geostandaarden.nl/imkl2015/id/waarde/BestandMediaTypeValue/PNG"/><bestandIdentificator>MV_laagspanning_Enexis_0000959695_18C000837</bestandIdentificator></themabijlagePerNetbeheerder></beheerdersinformatie></belanghebbende><belanghebbende><bronhoudercode>KL1048</bronhoudercode><beheerdersinformatieVersie>IMKL1.2</beheerdersinformatieVersie><beheerdersinformatie><thema xlink:href="http://definities.geostandaarden.nl/imkl2015/id/waarde/Thema/water"/><eisVoorzorgmaatregel>false</eisVoorzorgmaatregel><themabijlagePerNetbeheerder><soortBijlage>ligging</soortBijlage><bestandLocatie>bronnen/KL1048/LG_water_Vitens+N.V._0000959699_18C000837.png</bestandLocatie><bestandMediaType xlink:href="http://definities.geostandaarden.nl/imkl2015/id/waarde/BestandMediaTypeValue/PNG"/><bestandIdentificator>LG_water_Vitens+N.V._0000959699_18C000837.png</bestandIdentificator></themabijlagePerNetbeheerder><themabijlagePerNetbeheerder><soortBijlage>annotatie</soortBijlage><bestandLocatie>bronnen/KL1048/AN_water_Vitens+N.V._0000959699_18C000837.png</bestandLocatie><bestandMediaType xlink:href="http://definities.geostandaarden.nl/imkl2015/id/waarde/BestandMediaTypeValue/PNG"/><bestandIdentificator>AN_water_Vitens+N.V._0000959699_18C000837.png</bestandIdentificator></themabijlagePerNetbeheerder><themabijlagePerNetbeheerder><soortBijlage>profielschets</soortBijlage><bestandLocatie>bronnen/KL1048/nl.imkl-KL1048_18C000837.c3bf84fd-263c-4f39-9850-1ede39180857.pdf</bestandLocatie><bestandMediaType xlink:href="http://definities.geostandaarden.nl/imkl2015/id/waarde/BestandMediaTypeValue/PDF"/><bestandIdentificator>nl.imkl-KL1048.c3bf84fd-263c-4f39-9850-1ede39180857</bestandIdentificator></themabijlagePerNetbeheerder><themabijlagePerNetbeheerder><soortBijlage>profielschets</soortBijlage><bestandLocatie>bronnen/KL1048/nl.imkl-KL1048_18C000837.eb0ad9a6-a0ff-4ab2-b4d5-8edeb861fd4f.pdf</bestandLocatie><bestandMediaType xlink:href="http://definities.geostandaarden.nl/imkl2015/id/waarde/BestandMediaTypeValue/PDF"/><bestandIdentificator>nl.imkl-KL1048.eb0ad9a6-a0ff-4ab2-b4d5-8edeb861fd4f</bestandIdentificator></themabijlagePerNetbeheerder><themabijlagePerNetbeheerder><soortBijlage>profielschets</soortBijlage><bestandLocatie>bronnen/KL1048/nl.imkl-KL1048_18C000837.ce2c7ef2-d4ed-4361-92a2-95f6f752b008.pdf</bestandLocatie><bestandMediaType xlink:href="http://definities.geostandaarden.nl/imkl2015/id/waarde/BestandMediaTypeValue/PDF"/><bestandIdentificator>nl.imkl-KL1048.ce2c7ef2-d4ed-4361-92a2-95f6f752b008</bestandIdentificator></themabijlagePerNetbeheerder></beheerdersinformatie></belanghebbende></Leveringsinformatie>