<?xml version="1.0" encoding="UTF-8"?>
<!-- bestandsnaam: Voorbeeld GebiedsinformatieAanvraag 17G500010.xml -->
<!-- bron: Kadaster-KLIC -->
<!-- _____________________________________________________________________
Toelichting:
Voorbeeld van een aanvraag van gebiedsinformatie bij Kadaster-KLIC.
De gebruikte voorbeeld-features zijn bedoeld voor demo-doeleinden en zijn niet bedoeld
om een representatie te geven van de werkelijke situatie ter plaatse.
De inhoud is gebaseerd op de definities uit IMKL2015, versie 1.2.1.

De volgende features zijn opgenomen:
	- GebiedsinformatieAanvraag 17G500010 (#1)
	- Informatiepolygoon (#1)
	- Graafpolygoon (#1)
	_____________________________________________________________________	-->

<gml:FeatureCollection 
xmlns:imkl="http://www.geostandaarden.nl/imkl/2015/wion/1.2" 
xmlns:us-net-wa="http://inspire.ec.europa.eu/schemas/us-net-wa/4.0" 
xmlns:us-net-sw="http://inspire.ec.europa.eu/schemas/us-net-sw/4.0" 
xmlns:us-net-th="http://inspire.ec.europa.eu/schemas/us-net-th/4.0" 
xmlns:us-net-common="http://inspire.ec.europa.eu/schemas/us-net-common/4.0" 
xmlns:us-net-el="http://inspire.ec.europa.eu/schemas/us-net-el/4.0" 
xmlns:us-net-tc="http://inspire.ec.europa.eu/schemas/us-net-tc/4.0" 
xmlns:us-net-ogc="http://inspire.ec.europa.eu/schemas/us-net-ogc/4.0" 
xmlns:net="http://inspire.ec.europa.eu/schemas/net/4.0" 
xmlns:base="http://inspire.ec.europa.eu/schemas/base/3.3" 
xmlns:base2="http://inspire.ec.europa.eu/schemas/base2/2.0" 
xmlns:gml="http://www.opengis.net/gml/3.2" 
xmlns:xsi="http://www.w3.org/2001/XMLSchema-instance" 
xmlns:xlink="http://www.w3.org/1999/xlink" 
gml:id="FeatureCollection_nl.imkl-KA0000._GebiedsinformatieAanvraag_17G500010" 
xsi:schemaLocation="http://www.geostandaarden.nl/imkl/2015/wion/1.2 http://register.geostandaarden.nl/gmlapplicatieschema/imkl2015/1.2.1/imkl2015-wion.xsd">

	<!--________________ GebiedsinformatieAanvraag ________________-->
	<gml:featureMember>
		<imkl:GebiedsinformatieAanvraag gml:id="nl.imkl-KA0000._GebiedsinformatieAanvraag_17G500010">
			<imkl:identificatie>
				<imkl:NEN3610ID>
					<imkl:namespace>nl.imkl</imkl:namespace>
					<imkl:lokaalID>KA0000._GebiedsinformatieAanvraag_17G500010</imkl:lokaalID>
				</imkl:NEN3610ID>
			</imkl:identificatie>
			<imkl:beginLifespanVersion>2017-11-08T09:09:23.00+01:00</imkl:beginLifespanVersion>
			<imkl:ordernummer>9806747010</imkl:ordernummer>
			<imkl:positienummer>000010</imkl:positienummer>
			<imkl:klicMeldnummer>17G500010</imkl:klicMeldnummer>
			<imkl:aanvrager>
				<imkl:Aanvrager>
					<imkl:contactpersoon>
						<imkl:Contact>
							<imkl:naam>J. Aanvrager</imkl:naam>
							<imkl:telefoon>088-1838911</imkl:telefoon>
							<imkl:email>j.aanvrager@grondroerdererX.nl</imkl:email>
						</imkl:Contact>
					</imkl:contactpersoon>
					<imkl:organisatie>
						<imkl:Organisatie>
							<imkl:naam>GrondroerderX B.V.</imkl:naam>
							<imkl:naam>afd. KLIC</imkl:naam>
							<imkl:kvkNummer>0035384940</imkl:kvkNummer>
							<imkl:bezoekAdres>
								<imkl:Adres>
									<imkl:openbareRuimteNaam>Laan van Westenenk</imkl:openbareRuimteNaam>
									<imkl:huisnummer>701</imkl:huisnummer>
									<imkl:woonplaatsNaam>Apeldoorn</imkl:woonplaatsNaam>
									<imkl:postcode>7320XY</imkl:postcode>
								</imkl:Adres>
							</imkl:bezoekAdres>
							<imkl:telefoon>088-1234567</imkl:telefoon>
							<imkl:fax>088-1234568</imkl:fax>
							<imkl:email>info@grondroerderX.nl</imkl:email>
						</imkl:Organisatie>
					</imkl:organisatie>
					<imkl:extraEmail>p.werkvoorbereider@grondroerderX.nl</imkl:extraEmail>
				</imkl:Aanvrager>
			</imkl:aanvrager>
			<imkl:referentie>Graafmelding 17G500010 (EV-Best)</imkl:referentie>
			<imkl:opdrachtgever>
				<imkl:Opdrachtgever>
					<imkl:contactpersoon>
						<imkl:Contact>
							<imkl:naam>J. Opdrachtgever</imkl:naam>
							<imkl:telefoon>055-4273534</imkl:telefoon>
							<imkl:email>j.opdrachtgever@gemeenteapeldoorn.nl</imkl:email>
						</imkl:Contact>
					</imkl:contactpersoon>
					<imkl:organisatie>
						<imkl:Organisatie>
							<imkl:naam>Gemeente Best</imkl:naam>
							<imkl:naam>afd. grondwerken</imkl:naam>
							<imkl:kvkNummer>0035384999</imkl:kvkNummer>
							<imkl:bezoekAdres>
								<imkl:Adres>
									<imkl:openbareRuimteNaam>Raadhuisplein</imkl:openbareRuimteNaam>
									<imkl:huisnummer>1</imkl:huisnummer>
									<imkl:woonplaatsNaam>Best</imkl:woonplaatsNaam>
									<imkl:postcode>5683EA</imkl:postcode>
								</imkl:Adres>
							</imkl:bezoekAdres>
							<imkl:telefoon>(0499) 360 911</imkl:telefoon>
							<imkl:email>info@gemeentebest.nl</imkl:email>
						</imkl:Organisatie>
					</imkl:organisatie>
				</imkl:Opdrachtgever>
			</imkl:opdrachtgever>
			<imkl:aanvraagSoort xlink:href="http://definities.geostandaarden.nl/imkl2015/id/waarde/AanvraagSoortValue/graafmelding"/>
			<imkl:aanvraagDatum>2017-11-08T09:09:23.00+01:00</imkl:aanvraagDatum>
			<imkl:soortWerkzaamheden xlink:href="http://definities.geostandaarden.nl/imkl2015/id/waarde/SoortWerkzaamhedenValue/heien"/>
			<imkl:soortWerkzaamheden xlink:href="http://definities.geostandaarden.nl/imkl2015/id/waarde/SoortWerkzaamhedenValue/funderingswerk"/>
			<imkl:soortWerkzaamheden xlink:href="http://definities.geostandaarden.nl/imkl2015/id/waarde/SoortWerkzaamhedenValue/bestratingswerk"/>
			<imkl:omschrijvingWerkzaamheden>Vernieuwen aansluiting gasHogeDruk-leiding bij overlaadstation. Zie projectnr. XX-3520-basis</imkl:omschrijvingWerkzaamheden>
			<imkl:locatieWerkzaamheden>Heuveleindseweg 20 5685NC Best</imkl:locatieWerkzaamheden>
			<imkl:startDatum>2017-11-23</imkl:startDatum>
			<imkl:eindDatum>2017-12-31</imkl:eindDatum>
			<imkl:informatiepolygoon xlink:href="nl.imkl-KA0000._Informatiepolygoon_17G500010"/>
			<imkl:graafpolygoon xlink:href="nl.imkl-KA0000._Graafpolygoon_17G500010"/>
		</imkl:GebiedsinformatieAanvraag>
	</gml:featureMember>
	<!--________________ Informatiepolygoon ________________-->
	<gml:featureMember>
		<imkl:Informatiepolygoon gml:id="nl.imkl-KA0000._Informatiepolygoon_17G500010">
			<imkl:identificatie>
				<imkl:NEN3610ID>
					<imkl:namespace>nl.imkl</imkl:namespace>
					<imkl:lokaalID>KA0000._Informatiepolygoon_17G500010</imkl:lokaalID>
				</imkl:NEN3610ID>
			</imkl:identificatie>
			<imkl:beginLifespanVersion>2017-11-08T09:09:23.00+01:00</imkl:beginLifespanVersion>
			<imkl:geometrie>
				<gml:Polygon srsName="epsg:28992" srsDimension="2" gml:id="nl.imkl-KA0000._Informatiepolygoon_17G500010_geo1">
					<gml:exterior>
						<gml:LinearRing>
							<gml:posList>153607 389618 153829 389618 153829 389751 153607 389751 153607 389618</gml:posList>
						</gml:LinearRing>
					</gml:exterior>
				</gml:Polygon>
			</imkl:geometrie>
			<imkl:geometrieVoorVisualisatie>
				<gml:Polygon srsName="epsg:28992" srsDimension="2" gml:id="nl.imkl-KA0000._Informatiepolygoon_17G500010_geo2">
					<gml:exterior>
						<gml:LinearRing>
							<gml:posList>153607 389618 153829 389618 153829 389751 153607 389751 153607 389618</gml:posList>
						</gml:LinearRing>
					</gml:exterior>
					<gml:interior>
						<gml:LinearRing>
							<gml:posList>153640 389636 153640 389738 153783 389738 153783 389636 153640 389636</gml:posList>
						</gml:LinearRing>
					</gml:interior>
				</gml:Polygon>
			</imkl:geometrieVoorVisualisatie>
		</imkl:Informatiepolygoon>
	</gml:featureMember>
	<!--________________ Graafpolygoon ________________-->
	<gml:featureMember>
		<imkl:Graafpolygoon gml:id="nl.imkl-KA0000._Graafpolygoon_17G500010">
			<imkl:identificatie>
				<imkl:NEN3610ID>
					<imkl:namespace>nl.imkl</imkl:namespace>
					<imkl:lokaalID>KA0000._Graafpolygoon_17G500010</imkl:lokaalID>
				</imkl:NEN3610ID>
			</imkl:identificatie>
			<imkl:beginLifespanVersion>2017-11-08T09:09:23.00+01:00</imkl:beginLifespanVersion>
			<imkl:geometrie>
				<gml:Polygon srsName="epsg:28992" srsDimension="2" gml:id="nl.imkl-KA0000._Graafpolygoon_17G500010_geo">
					<gml:exterior>
						<gml:LinearRing>
							<gml:posList>153640 389636 153783 389636 153783 389738 153640 389738 153640 389636</gml:posList>
						</gml:LinearRing>
					</gml:exterior>
				</gml:Polygon>
			</imkl:geometrie>
		</imkl:Graafpolygoon>
	</gml:featureMember>
</gml:FeatureCollection>
