<?xml version="1.0" encoding="UTF-8" standalone="yes"?><Leveringsinformatie xmlns="http://www.kadaster.nl/schemas/klic/leveringsinformatie/v20180418" xmlns:xlink="http://www.w3.org/1999/xlink" xmlns:gml="http://www.opengis.net/gml/3.2"><version>2.2</version><bijlagePerLevering><soortBijlage>achtergrondkaart</soortBijlage><bestandLocatie>bronnen/GB_21O002385.png</bestandLocatie><bestandMediaType xlink:href="http://definities.geostandaarden.nl/imkl2015/id/waarde/BestandMediaTypeValue/PNG"/><bestandIdentificator>GB_21O002385</bestandIdentificator></bijlagePerLevering><bijlagePerLevering><soortBijlage>leveringsbrief</soortBijlage><bestandLocatie>LI_21O002385_2.pdf</bestandLocatie><bestandMediaType xlink:href="http://definities.geostandaarden.nl/imkl2015/id/waarde/BestandMediaTypeValue/PDF"/><bestandIdentificator>LI_21O002385_2</bestandIdentificator></bijlagePerLevering><bijlagePerLevering><soortBijlage>gebiedsinformatieLevering</soortBijlage><bestandLocatie>GI_gebiedsinformatielevering_21O002385_2.xml</bestandLocatie><bestandMediaType xlink:href="http://definities.geostandaarden.nl/imkl2015/id/waarde/BestandMediaTypeValue/XML"/><bestandIdentificator>GI_gebiedsinformatielevering_21O002385_2</bestandIdentificator></bijlagePerLevering><bijlagePerLevering><soortBijlage>gebiedsinformatieLevering</soortBijlage><bestandLocatie>GI_gebiedsinformatielevering_21O002385_2_V2.xml</bestandLocatie><bestandMediaType xlink:href="http://definities.geostandaarden.nl/imkl2015/id/waarde/BestandMediaTypeValue/XML"/><bestandIdentificator>GI_gebiedsinformatielevering_21O002385_2_V2</bestandIdentificator></bijlagePerLevering><pngFormaat><omsluitendeRechthoek><gml:Envelope srsName="urn:ogc:def:crs:EPSG::28992" srsDimension="2"><gml:lowerCorner>233135.0 581460.0</gml:lowerCorner><gml:upperCorner>234375.0 582461.0</gml:upperCorner></gml:Envelope></omsluitendeRechthoek><pixelsBreed>6200</pixelsBreed><pixelsHoog>5005</pixelsHoog></pngFormaat><belanghebbende><bronhoudercode>KL1051</bronhoudercode><beheerdersinformatieVersie>IMKL1.2</beheerdersinformatieVersie></belanghebbende><belanghebbende><bronhoudercode>KL1089</bronhoudercode><beheerdersinformatieVersie>IMKL1.2</beheerdersinformatieVersie></belanghebbende><belanghebbende><bronhoudercode>KL1031</bronhoudercode><beheerdersinformatieVersie>IMKL1.2</beheerdersinformatieVersie><bijlagePerNetbeheerder><soortBijlage>algemeen</soortBijlage><bestandLocatie>bronnen/KL1031/nl.imkl-KL1031_21O002385.Brief_Algemeen_KW_v4_20190401_31f31166_3541_480d_931b_c1635c7dcfd2.pdf</bestandLocatie><bestandMediaType xlink:href="http://definities.geostandaarden.nl/imkl2015/id/waarde/BestandMediaTypeValue/PDF"/><bestandIdentificator>nl.imkl-KL1031.Brief_Algemeen_KW_v4_20190401_31f31166_3541_480d_931b_c1635c7dcfd2</bestandIdentificator></bijlagePerNetbeheerder><beheerdersinformatie><thema xlink:href="http://definities.geostandaarden.nl/imkl2015/id/waarde/Thema/middenspanning"/><eisVoorzorgmaatregel>true</eisVoorzorgmaatregel><themabijlagePerNetbeheerder><soortBijlage>profielschets</soortBijlage><bestandLocatie>bronnen/KL1031/nl.imkl-KL1031_21O002385.profielschets_6e68cc78_90d9_4839_b28e_fbeb3feb6911.pdf</bestandLocatie><bestandMediaType xlink:href="http://definities.geostandaarden.nl/imkl2015/id/waarde/BestandMediaTypeValue/PDF"/><bestandIdentificator>nl.imkl-KL1031.profielschets_6e68cc78_90d9_4839_b28e_fbeb3feb6911</bestandIdentificator></themabijlagePerNetbeheerder><themabijlagePerNetbeheerder><soortBijlage>profielschets</soortBijlage><bestandLocatie>bronnen/KL1031/nl.imkl-KL1031_21O002385.profielschets_8977a564_42ec_417f_be05_3208eec16846.pdf</bestandLocatie><bestandMediaType xlink:href="http://definities.geostandaarden.nl/imkl2015/id/waarde/BestandMediaTypeValue/PDF"/><bestandIdentificator>nl.imkl-KL1031.profielschets_8977a564_42ec_417f_be05_3208eec16846</bestandIdentificator></themabijlagePerNetbeheerder><themabijlagePerNetbeheerder><soortBijlage>profielschets</soortBijlage><bestandLocatie>bronnen/KL1031/nl.imkl-KL1031_21O002385.profielschets_d55df64a_a62d_48a4_b5be_2a0c949bb6c8.pdf</bestandLocatie><bestandMediaType xlink:href="http://definities.geostandaarden.nl/imkl2015/id/waarde/BestandMediaTypeValue/PDF"/><bestandIdentificator>nl.imkl-KL1031.profielschets_d55df64a_a62d_48a4_b5be_2a0c949bb6c8</bestandIdentificator></themabijlagePerNetbeheerder><themabijlagePerNetbeheerder><soortBijlage>profielschets</soortBijlage><bestandLocatie>bronnen/KL1031/nl.imkl-KL1031_21O002385.profielschets_be174599_0bc2_4f7d_a677_a6199883ed0d.pdf</bestandLocatie><bestandMediaType xlink:href="http://definities.geostandaarden.nl/imkl2015/id/waarde/BestandMediaTypeValue/PDF"/><bestandIdentificator>nl.imkl-KL1031.profielschets_be174599_0bc2_4f7d_a677_a6199883ed0d</bestandIdentificator></themabijlagePerNetbeheerder><themabijlagePerNetbeheerder><soortBijlage>profielschets</soortBijlage><bestandLocatie>bronnen/KL1031/nl.imkl-KL1031_21O002385.profielschets_f60881f5_8217_4646_a872_a1781df0fc72.pdf</bestandLocatie><bestandMediaType xlink:href="http://definities.geostandaarden.nl/imkl2015/id/waarde/BestandMediaTypeValue/PDF"/><bestandIdentificator>nl.imkl-KL1031.profielschets_f60881f5_8217_4646_a872_a1781df0fc72</bestandIdentificator></themabijlagePerNetbeheerder><themabijlagePerNetbeheerder><soortBijlage>profielschets</soortBijlage><bestandLocatie>bronnen/KL1031/nl.imkl-KL1031_21O002385.profielschets_386284a4_5151_44e0_b615_2f89e24faec3.pdf</bestandLocatie><bestandMediaType xlink:href="http://definities.geostandaarden.nl/imkl2015/id/waarde/BestandMediaTypeValue/PDF"/><bestandIdentificator>nl.imkl-KL1031.profielschets_386284a4_5151_44e0_b615_2f89e24faec3</bestandIdentificator></themabijlagePerNetbeheerder><themabijlagePerNetbeheerder><soortBijlage>profielschets</soortBijlage><bestandLocatie>bronnen/KL1031/nl.imkl-KL1031_21O002385.profielschets_a7c91e18_b2ab_483c_9ba4_6b4b94921d3a.pdf</bestandLocatie><bestandMediaType xlink:href="http://definities.geostandaarden.nl/imkl2015/id/waarde/BestandMediaTypeValue/PDF"/><bestandIdentificator>nl.imkl-KL1031.profielschets_a7c91e18_b2ab_483c_9ba4_6b4b94921d3a</bestandIdentificator></themabijlagePerNetbeheerder><themabijlagePerNetbeheerder><soortBijlage>profielschets</soortBijlage><bestandLocatie>bronnen/KL1031/nl.imkl-KL1031_21O002385.profielschets_8901c388_7460_45b0_958f_6f585f2c68be.pdf</bestandLocatie><bestandMediaType xlink:href="http://definities.geostandaarden.nl/imkl2015/id/waarde/BestandMediaTypeValue/PDF"/><bestandIdentificator>nl.imkl-KL1031.profielschets_8901c388_7460_45b0_958f_6f585f2c68be</bestandIdentificator></themabijlagePerNetbeheerder><themabijlagePerNetbeheerder><soortBijlage>profielschets</soortBijlage><bestandLocatie>bronnen/KL1031/nl.imkl-KL1031_21O002385.profielschets_5f0010ca_1c58_4ba3_971b_6aaa87c06c75.pdf</bestandLocatie><bestandMediaType xlink:href="http://definities.geostandaarden.nl/imkl2015/id/waarde/BestandMediaTypeValue/PDF"/><bestandIdentificator>nl.imkl-KL1031.profielschets_5f0010ca_1c58_4ba3_971b_6aaa87c06c75</bestandIdentificator></themabijlagePerNetbeheerder><themabijlagePerNetbeheerder><soortBijlage>profielschets</soortBijlage><bestandLocatie>bronnen/KL1031/nl.imkl-KL1031_21O002385.profielschets_63cb6c82_f150_4ae0_93b8_fc82ef1c9811.pdf</bestandLocatie><bestandMediaType xlink:href="http://definities.geostandaarden.nl/imkl2015/id/waarde/BestandMediaTypeValue/PDF"/><bestandIdentificator>nl.imkl-KL1031.profielschets_63cb6c82_f150_4ae0_93b8_fc82ef1c9811</bestandIdentificator></themabijlagePerNetbeheerder><themabijlagePerNetbeheerder><soortBijlage>profielschets</soortBijlage><bestandLocatie>bronnen/KL1031/nl.imkl-KL1031_21O002385.profielschets_bac89752_7d14_474a_9ea2_ea5fd4267f00.pdf</bestandLocatie><bestandMediaType xlink:href="http://definities.geostandaarden.nl/imkl2015/id/waarde/BestandMediaTypeValue/PDF"/><bestandIdentificator>nl.imkl-KL1031.profielschets_bac89752_7d14_474a_9ea2_ea5fd4267f00</bestandIdentificator></themabijlagePerNetbeheerder><themabijlagePerNetbeheerder><soortBijlage>profielschets</soortBijlage><bestandLocatie>bronnen/KL1031/nl.imkl-KL1031_21O002385.profielschets_174b6d26_41b0_486b_9423_e2b2cc3d978f.pdf</bestandLocatie><bestandMediaType xlink:href="http://definities.geostandaarden.nl/imkl2015/id/waarde/BestandMediaTypeValue/PDF"/><bestandIdentificator>nl.imkl-KL1031.profielschets_174b6d26_41b0_486b_9423_e2b2cc3d978f</bestandIdentificator></themabijlagePerNetbeheerder><themabijlagePerNetbeheerder><soortBijlage>profielschets</soortBijlage><bestandLocatie>bronnen/KL1031/nl.imkl-KL1031_21O002385.profielschets_3a84dda4_528d_4f46_85e0_e2a38c506c6f.pdf</bestandLocatie><bestandMediaType xlink:href="http://definities.geostandaarden.nl/imkl2015/id/waarde/BestandMediaTypeValue/PDF"/><bestandIdentificator>nl.imkl-KL1031.profielschets_3a84dda4_528d_4f46_85e0_e2a38c506c6f</bestandIdentificator></themabijlagePerNetbeheerder><themabijlagePerNetbeheerder><soortBijlage>profielschets</soortBijlage><bestandLocatie>bronnen/KL1031/nl.imkl-KL1031_21O002385.profielschets_7fc452a7_b2cd_4d23_ab6a_1ac068073987.pdf</bestandLocatie><bestandMediaType xlink:href="http://definities.geostandaarden.nl/imkl2015/id/waarde/BestandMediaTypeValue/PDF"/><bestandIdentificator>nl.imkl-KL1031.profielschets_7fc452a7_b2cd_4d23_ab6a_1ac068073987</bestandIdentificator></themabijlagePerNetbeheerder><themabijlagePerNetbeheerder><soortBijlage>profielschets</soortBijlage><bestandLocatie>bronnen/KL1031/nl.imkl-KL1031_21O002385.profielschets_877a0bfe_f4c6_4ffd_a28b_369556aebd72.pdf</bestandLocatie><bestandMediaType xlink:href="http://definities.geostandaarden.nl/imkl2015/id/waarde/BestandMediaTypeValue/PDF"/><bestandIdentificator>nl.imkl-KL1031.profielschets_877a0bfe_f4c6_4ffd_a28b_369556aebd72</bestandIdentificator></themabijlagePerNetbeheerder><themabijlagePerNetbeheerder><soortBijlage>eisVoorzorgsmaatregel</soortBijlage><bestandLocatie>bronnen/KL1031/nl.imkl-KL1031_21O002385.EnexisOrientatieEV.001_middenspanning.pdf</bestandLocatie><bestandMediaType xlink:href="http://definities.geostandaarden.nl/imkl2015/id/waarde/BestandMediaTypeValue/PDF"/><bestandIdentificator>nl.imkl-KL1031.EnexisOrientatieEV.001_middenspanning</bestandIdentificator></themabijlagePerNetbeheerder></beheerdersinformatie><beheerdersinformatie><thema xlink:href="http://definities.geostandaarden.nl/imkl2015/id/waarde/Thema/laagspanning"/><eisVoorzorgmaatregel>false</eisVoorzorgmaatregel><themabijlagePerNetbeheerder><soortBijlage>profielschets</soortBijlage><bestandLocatie>bronnen/KL1031/nl.imkl-KL1031_21O002385.profielschets_442fd7e9_2bc7_4b48_ad6d_56fc7f4ef6fa.pdf</bestandLocatie><bestandMediaType xlink:href="http://definities.geostandaarden.nl/imkl2015/id/waarde/BestandMediaTypeValue/PDF"/><bestandIdentificator>nl.imkl-KL1031.profielschets_442fd7e9_2bc7_4b48_ad6d_56fc7f4ef6fa</bestandIdentificator></themabijlagePerNetbeheerder><themabijlagePerNetbeheerder><soortBijlage>profielschets</soortBijlage><bestandLocatie>bronnen/KL1031/nl.imkl-KL1031_21O002385.profielschets_0c32e10f_842b_4484_9346_62138eb3c211.pdf</bestandLocatie><bestandMediaType xlink:href="http://definities.geostandaarden.nl/imkl2015/id/waarde/BestandMediaTypeValue/PDF"/><bestandIdentificator>nl.imkl-KL1031.profielschets_0c32e10f_842b_4484_9346_62138eb3c211</bestandIdentificator></themabijlagePerNetbeheerder><themabijlagePerNetbeheerder><soortBijlage>profielschets</soortBijlage><bestandLocatie>bronnen/KL1031/nl.imkl-KL1031_21O002385.profielschets_45f1463f_c2be_4bec_9129_568a803b0a54.pdf</bestandLocatie><bestandMediaType xlink:href="http://definities.geostandaarden.nl/imkl2015/id/waarde/BestandMediaTypeValue/PDF"/><bestandIdentificator>nl.imkl-KL1031.profielschets_45f1463f_c2be_4bec_9129_568a803b0a54</bestandIdentificator></themabijlagePerNetbeheerder><themabijlagePerNetbeheerder><soortBijlage>profielschets</soortBijlage><bestandLocatie>bronnen/KL1031/nl.imkl-KL1031_21O002385.profielschets_3a84dda4_528d_4f46_85e0_e2a38c506c6f.pdf</bestandLocatie><bestandMediaType xlink:href="http://definities.geostandaarden.nl/imkl2015/id/waarde/BestandMediaTypeValue/PDF"/><bestandIdentificator>nl.imkl-KL1031.profielschets_3a84dda4_528d_4f46_85e0_e2a38c506c6f</bestandIdentificator></themabijlagePerNetbeheerder><themabijlagePerNetbeheerder><soortBijlage>profielschets</soortBijlage><bestandLocatie>bronnen/KL1031/nl.imkl-KL1031_21O002385.profielschets_5a63cb44_65cf_43ec_9ef9_0490f0f420b4.pdf</bestandLocatie><bestandMediaType xlink:href="http://definities.geostandaarden.nl/imkl2015/id/waarde/BestandMediaTypeValue/PDF"/><bestandIdentificator>nl.imkl-KL1031.profielschets_5a63cb44_65cf_43ec_9ef9_0490f0f420b4</bestandIdentificator></themabijlagePerNetbeheerder><themabijlagePerNetbeheerder><soortBijlage>profielschets</soortBijlage><bestandLocatie>bronnen/KL1031/nl.imkl-KL1031_21O002385.profielschets_27e397a2_fb55_4e3c_aaf0_37f19fd9c53c.pdf</bestandLocatie><bestandMediaType xlink:href="http://definities.geostandaarden.nl/imkl2015/id/waarde/BestandMediaTypeValue/PDF"/><bestandIdentificator>nl.imkl-KL1031.profielschets_27e397a2_fb55_4e3c_aaf0_37f19fd9c53c</bestandIdentificator></themabijlagePerNetbeheerder><themabijlagePerNetbeheerder><soortBijlage>profielschets</soortBijlage><bestandLocatie>bronnen/KL1031/nl.imkl-KL1031_21O002385.profielschets_f9e3d7cb_f1e1_4cc1_a0a3_50735ca880e1.pdf</bestandLocatie><bestandMediaType xlink:href="http://definities.geostandaarden.nl/imkl2015/id/waarde/BestandMediaTypeValue/PDF"/><bestandIdentificator>nl.imkl-KL1031.profielschets_f9e3d7cb_f1e1_4cc1_a0a3_50735ca880e1</bestandIdentificator></themabijlagePerNetbeheerder><themabijlagePerNetbeheerder><soortBijlage>profielschets</soortBijlage><bestandLocatie>bronnen/KL1031/nl.imkl-KL1031_21O002385.profielschets_d25afbf6_ce35_41dc_ae83_d19365d72861.pdf</bestandLocatie><bestandMediaType xlink:href="http://definities.geostandaarden.nl/imkl2015/id/waarde/BestandMediaTypeValue/PDF"/><bestandIdentificator>nl.imkl-KL1031.profielschets_d25afbf6_ce35_41dc_ae83_d19365d72861</bestandIdentificator></themabijlagePerNetbeheerder><themabijlagePerNetbeheerder><soortBijlage>profielschets</soortBijlage><bestandLocatie>bronnen/KL1031/nl.imkl-KL1031_21O002385.profielschets_7ee219ec_149f_4175_bc28_15c5e5b61f74.pdf</bestandLocatie><bestandMediaType xlink:href="http://definities.geostandaarden.nl/imkl2015/id/waarde/BestandMediaTypeValue/PDF"/><bestandIdentificator>nl.imkl-KL1031.profielschets_7ee219ec_149f_4175_bc28_15c5e5b61f74</bestandIdentificator></themabijlagePerNetbeheerder><themabijlagePerNetbeheerder><soortBijlage>profielschets</soortBijlage><bestandLocatie>bronnen/KL1031/nl.imkl-KL1031_21O002385.profielschets_cc193e7f_2262_4db6_8ca1_640a9be8c962.pdf</bestandLocatie><bestandMediaType xlink:href="http://definities.geostandaarden.nl/imkl2015/id/waarde/BestandMediaTypeValue/PDF"/><bestandIdentificator>nl.imkl-KL1031.profielschets_cc193e7f_2262_4db6_8ca1_640a9be8c962</bestandIdentificator></themabijlagePerNetbeheerder><themabijlagePerNetbeheerder><soortBijlage>profielschets</soortBijlage><bestandLocatie>bronnen/KL1031/nl.imkl-KL1031_21O002385.profielschets_d1f5fc79_901a_4b01_85a8_9975adf14de1.pdf</bestandLocatie><bestandMediaType xlink:href="http://definities.geostandaarden.nl/imkl2015/id/waarde/BestandMediaTypeValue/PDF"/><bestandIdentificator>nl.imkl-KL1031.profielschets_d1f5fc79_901a_4b01_85a8_9975adf14de1</bestandIdentificator></themabijlagePerNetbeheerder><themabijlagePerNetbeheerder><soortBijlage>profielschets</soortBijlage><bestandLocatie>bronnen/KL1031/nl.imkl-KL1031_21O002385.profielschets_82456e61_f9e2_4dda_aa22_524f14637385.pdf</bestandLocatie><bestandMediaType xlink:href="http://definities.geostandaarden.nl/imkl2015/id/waarde/BestandMediaTypeValue/PDF"/><bestandIdentificator>nl.imkl-KL1031.profielschets_82456e61_f9e2_4dda_aa22_524f14637385</bestandIdentificator></themabijlagePerNetbeheerder><themabijlagePerNetbeheerder><soortBijlage>profielschets</soortBijlage><bestandLocatie>bronnen/KL1031/nl.imkl-KL1031_21O002385.profielschets_ab2ca928_8d53_4f21_8c4b_bbdc323695ad.pdf</bestandLocatie><bestandMediaType xlink:href="http://definities.geostandaarden.nl/imkl2015/id/waarde/BestandMediaTypeValue/PDF"/><bestandIdentificator>nl.imkl-KL1031.profielschets_ab2ca928_8d53_4f21_8c4b_bbdc323695ad</bestandIdentificator></themabijlagePerNetbeheerder><themabijlagePerNetbeheerder><soortBijlage>profielschets</soortBijlage><bestandLocatie>bronnen/KL1031/nl.imkl-KL1031_21O002385.profielschets_114af13a_8d5f_4489_a623_aca0649d4f86.pdf</bestandLocatie><bestandMediaType xlink:href="http://definities.geostandaarden.nl/imkl2015/id/waarde/BestandMediaTypeValue/PDF"/><bestandIdentificator>nl.imkl-KL1031.profielschets_114af13a_8d5f_4489_a623_aca0649d4f86</bestandIdentificator></themabijlagePerNetbeheerder><themabijlagePerNetbeheerder><soortBijlage>profielschets</soortBijlage><bestandLocatie>bronnen/KL1031/nl.imkl-KL1031_21O002385.profielschets_178d15d9_2032_4ae0_b032_592c3c149646.pdf</bestandLocatie><bestandMediaType xlink:href="http://definities.geostandaarden.nl/imkl2015/id/waarde/BestandMediaTypeValue/PDF"/><bestandIdentificator>nl.imkl-KL1031.profielschets_178d15d9_2032_4ae0_b032_592c3c149646</bestandIdentificator></themabijlagePerNetbeheerder><themabijlagePerNetbeheerder><soortBijlage>profielschets</soortBijlage><bestandLocatie>bronnen/KL1031/nl.imkl-KL1031_21O002385.profielschets_787fa481_059a_4572_ad8d_c9f22b1fefb1.pdf</bestandLocatie><bestandMediaType xlink:href="http://definities.geostandaarden.nl/imkl2015/id/waarde/BestandMediaTypeValue/PDF"/><bestandIdentificator>nl.imkl-KL1031.profielschets_787fa481_059a_4572_ad8d_c9f22b1fefb1</bestandIdentificator></themabijlagePerNetbeheerder><themabijlagePerNetbeheerder><soortBijlage>profielschets</soortBijlage><bestandLocatie>bronnen/KL1031/nl.imkl-KL1031_21O002385.profielschets_4b779cb4_bc25_40eb_b5f8_b9f1ef224533.pdf</bestandLocatie><bestandMediaType xlink:href="http://definities.geostandaarden.nl/imkl2015/id/waarde/BestandMediaTypeValue/PDF"/><bestandIdentificator>nl.imkl-KL1031.profielschets_4b779cb4_bc25_40eb_b5f8_b9f1ef224533</bestandIdentificator></themabijlagePerNetbeheerder><themabijlagePerNetbeheerder><soortBijlage>profielschets</soortBijlage><bestandLocatie>bronnen/KL1031/nl.imkl-KL1031_21O002385.profielschets_5d9ddf7e_f61c_4c56_9b97_d7ba5c9cd8a5.pdf</bestandLocatie><bestandMediaType xlink:href="http://definities.geostandaarden.nl/imkl2015/id/waarde/BestandMediaTypeValue/PDF"/><bestandIdentificator>nl.imkl-KL1031.profielschets_5d9ddf7e_f61c_4c56_9b97_d7ba5c9cd8a5</bestandIdentificator></themabijlagePerNetbeheerder><themabijlagePerNetbeheerder><soortBijlage>profielschets</soortBijlage><bestandLocatie>bronnen/KL1031/nl.imkl-KL1031_21O002385.profielschets_4a82196d_d8dc_4eae_92f6_fba138610477.pdf</bestandLocatie><bestandMediaType xlink:href="http://definities.geostandaarden.nl/imkl2015/id/waarde/BestandMediaTypeValue/PDF"/><bestandIdentificator>nl.imkl-KL1031.profielschets_4a82196d_d8dc_4eae_92f6_fba138610477</bestandIdentificator></themabijlagePerNetbeheerder><themabijlagePerNetbeheerder><soortBijlage>profielschets</soortBijlage><bestandLocatie>bronnen/KL1031/nl.imkl-KL1031_21O002385.profielschets_a7059db7_cb5c_4849_af97_6bbc1a7f5961.pdf</bestandLocatie><bestandMediaType xlink:href="http://definities.geostandaarden.nl/imkl2015/id/waarde/BestandMediaTypeValue/PDF"/><bestandIdentificator>nl.imkl-KL1031.profielschets_a7059db7_cb5c_4849_af97_6bbc1a7f5961</bestandIdentificator></themabijlagePerNetbeheerder><themabijlagePerNetbeheerder><soortBijlage>profielschets</soortBijlage><bestandLocatie>bronnen/KL1031/nl.imkl-KL1031_21O002385.profielschets_b62561e1_cbfc_4073_8482_e2eda383de8d.pdf</bestandLocatie><bestandMediaType xlink:href="http://definities.geostandaarden.nl/imkl2015/id/waarde/BestandMediaTypeValue/PDF"/><bestandIdentificator>nl.imkl-KL1031.profielschets_b62561e1_cbfc_4073_8482_e2eda383de8d</bestandIdentificator></themabijlagePerNetbeheerder><themabijlagePerNetbeheerder><soortBijlage>profielschets</soortBijlage><bestandLocatie>bronnen/KL1031/nl.imkl-KL1031_21O002385.profielschets_03ba3df0_ff8d_47c2_8f4c_30149af35fdc.pdf</bestandLocatie><bestandMediaType xlink:href="http://definities.geostandaarden.nl/imkl2015/id/waarde/BestandMediaTypeValue/PDF"/><bestandIdentificator>nl.imkl-KL1031.profielschets_03ba3df0_ff8d_47c2_8f4c_30149af35fdc</bestandIdentificator></themabijlagePerNetbeheerder><themabijlagePerNetbeheerder><soortBijlage>profielschets</soortBijlage><bestandLocatie>bronnen/KL1031/nl.imkl-KL1031_21O002385.profielschets_72d37023_de00_4636_957f_993faa307a04.pdf</bestandLocatie><bestandMediaType xlink:href="http://definities.geostandaarden.nl/imkl2015/id/waarde/BestandMediaTypeValue/PDF"/><bestandIdentificator>nl.imkl-KL1031.profielschets_72d37023_de00_4636_957f_993faa307a04</bestandIdentificator></themabijlagePerNetbeheerder><themabijlagePerNetbeheerder><soortBijlage>profielschets</soortBijlage><bestandLocatie>bronnen/KL1031/nl.imkl-KL1031_21O002385.profielschets_b1814cfb_ddbd_4cd0_ba3b_bf0c8ffa264d.pdf</bestandLocatie><bestandMediaType xlink:href="http://definities.geostandaarden.nl/imkl2015/id/waarde/BestandMediaTypeValue/PDF"/><bestandIdentificator>nl.imkl-KL1031.profielschets_b1814cfb_ddbd_4cd0_ba3b_bf0c8ffa264d</bestandIdentificator></themabijlagePerNetbeheerder><themabijlagePerNetbeheerder><soortBijlage>profielschets</soortBijlage><bestandLocatie>bronnen/KL1031/nl.imkl-KL1031_21O002385.profielschets_becbcb21_e089_4716_b098_8150e6851765.pdf</bestandLocatie><bestandMediaType xlink:href="http://definities.geostandaarden.nl/imkl2015/id/waarde/BestandMediaTypeValue/PDF"/><bestandIdentificator>nl.imkl-KL1031.profielschets_becbcb21_e089_4716_b098_8150e6851765</bestandIdentificator></themabijlagePerNetbeheerder><themabijlagePerNetbeheerder><soortBijlage>profielschets</soortBijlage><bestandLocatie>bronnen/KL1031/nl.imkl-KL1031_21O002385.profielschets_640155a9_954d_4685_8fd8_03c08608a9fc.pdf</bestandLocatie><bestandMediaType xlink:href="http://definities.geostandaarden.nl/imkl2015/id/waarde/BestandMediaTypeValue/PDF"/><bestandIdentificator>nl.imkl-KL1031.profielschets_640155a9_954d_4685_8fd8_03c08608a9fc</bestandIdentificator></themabijlagePerNetbeheerder><themabijlagePerNetbeheerder><soortBijlage>profielschets</soortBijlage><bestandLocatie>bronnen/KL1031/nl.imkl-KL1031_21O002385.profielschets_2ef9fa68_3496_44dd_bd68_26be3ff08470.pdf</bestandLocatie><bestandMediaType xlink:href="http://definities.geostandaarden.nl/imkl2015/id/waarde/BestandMediaTypeValue/PDF"/><bestandIdentificator>nl.imkl-KL1031.profielschets_2ef9fa68_3496_44dd_bd68_26be3ff08470</bestandIdentificator></themabijlagePerNetbeheerder></beheerdersinformatie><beheerdersinformatie><thema xlink:href="http://definities.geostandaarden.nl/imkl2015/id/waarde/Thema/gasHogeDruk"/><eisVoorzorgmaatregel>true</eisVoorzorgmaatregel><themabijlagePerNetbeheerder><soortBijlage>profielschets</soortBijlage><bestandLocatie>bronnen/KL1031/nl.imkl-KL1031_21O002385.profielschets_bcb83aff_c308_4e8b_8f7f_747203ad90bd.pdf</bestandLocatie><bestandMediaType xlink:href="http://definities.geostandaarden.nl/imkl2015/id/waarde/BestandMediaTypeValue/PDF"/><bestandIdentificator>nl.imkl-KL1031.profielschets_bcb83aff_c308_4e8b_8f7f_747203ad90bd</bestandIdentificator></themabijlagePerNetbeheerder><themabijlagePerNetbeheerder><soortBijlage>eisVoorzorgsmaatregel</soortBijlage><bestandLocatie>bronnen/KL1031/nl.imkl-KL1031_21O002385.EnexisOrientatieEV.001_gasHogeDruk.pdf</bestandLocatie><bestandMediaType xlink:href="http://definities.geostandaarden.nl/imkl2015/id/waarde/BestandMediaTypeValue/PDF"/><bestandIdentificator>nl.imkl-KL1031.EnexisOrientatieEV.001_gasHogeDruk</bestandIdentificator></themabijlagePerNetbeheerder></beheerdersinformatie><beheerdersinformatie><thema xlink:href="http://definities.geostandaarden.nl/imkl2015/id/waarde/Thema/gasLageDruk"/><eisVoorzorgmaatregel>true</eisVoorzorgmaatregel><themabijlagePerNetbeheerder><soortBijlage>profielschets</soortBijlage><bestandLocatie>bronnen/KL1031/nl.imkl-KL1031_21O002385.profielschets_21cece54_fadd_4ba0_bc72_7b3e9b4eb4ac.pdf</bestandLocatie><bestandMediaType xlink:href="http://definities.geostandaarden.nl/imkl2015/id/waarde/BestandMediaTypeValue/PDF"/><bestandIdentificator>nl.imkl-KL1031.profielschets_21cece54_fadd_4ba0_bc72_7b3e9b4eb4ac</bestandIdentificator></themabijlagePerNetbeheerder><themabijlagePerNetbeheerder><soortBijlage>profielschets</soortBijlage><bestandLocatie>bronnen/KL1031/nl.imkl-KL1031_21O002385.profielschets_a265f36d_fe57_48e4_83e8_a7b79fd3b46f.pdf</bestandLocatie><bestandMediaType xlink:href="http://definities.geostandaarden.nl/imkl2015/id/waarde/BestandMediaTypeValue/PDF"/><bestandIdentificator>nl.imkl-KL1031.profielschets_a265f36d_fe57_48e4_83e8_a7b79fd3b46f</bestandIdentificator></themabijlagePerNetbeheerder><themabijlagePerNetbeheerder><soortBijlage>profielschets</soortBijlage><bestandLocatie>bronnen/KL1031/nl.imkl-KL1031_21O002385.profielschets_93286888_bed3_4bd9_9f81_728785ecec4e.pdf</bestandLocatie><bestandMediaType xlink:href="http://definities.geostandaarden.nl/imkl2015/id/waarde/BestandMediaTypeValue/PDF"/><bestandIdentificator>nl.imkl-KL1031.profielschets_93286888_bed3_4bd9_9f81_728785ecec4e</bestandIdentificator></themabijlagePerNetbeheerder><themabijlagePerNetbeheerder><soortBijlage>profielschets</soortBijlage><bestandLocatie>bronnen/KL1031/nl.imkl-KL1031_21O002385.profielschets_d48fa08a_60b9_4f4d_abe3_18f571b289b3.pdf</bestandLocatie><bestandMediaType xlink:href="http://definities.geostandaarden.nl/imkl2015/id/waarde/BestandMediaTypeValue/PDF"/><bestandIdentificator>nl.imkl-KL1031.profielschets_d48fa08a_60b9_4f4d_abe3_18f571b289b3</bestandIdentificator></themabijlagePerNetbeheerder><themabijlagePerNetbeheerder><soortBijlage>profielschets</soortBijlage><bestandLocatie>bronnen/KL1031/nl.imkl-KL1031_21O002385.profielschets_bcb33b95_aeb6_4ee9_a1b4_432650428350.pdf</bestandLocatie><bestandMediaType xlink:href="http://definities.geostandaarden.nl/imkl2015/id/waarde/BestandMediaTypeValue/PDF"/><bestandIdentificator>nl.imkl-KL1031.profielschets_bcb33b95_aeb6_4ee9_a1b4_432650428350</bestandIdentificator></themabijlagePerNetbeheerder><themabijlagePerNetbeheerder><soortBijlage>profielschets</soortBijlage><bestandLocatie>bronnen/KL1031/nl.imkl-KL1031_21O002385.profielschets_73ff06bc_af31_4949_8c1c_545189064103.pdf</bestandLocatie><bestandMediaType xlink:href="http://definities.geostandaarden.nl/imkl2015/id/waarde/BestandMediaTypeValue/PDF"/><bestandIdentificator>nl.imkl-KL1031.profielschets_73ff06bc_af31_4949_8c1c_545189064103</bestandIdentificator></themabijlagePerNetbeheerder><themabijlagePerNetbeheerder><soortBijlage>profielschets</soortBijlage><bestandLocatie>bronnen/KL1031/nl.imkl-KL1031_21O002385.profielschets_fe01a7b9_429f_4b81_9933_6f06207c9352.pdf</bestandLocatie><bestandMediaType xlink:href="http://definities.geostandaarden.nl/imkl2015/id/waarde/BestandMediaTypeValue/PDF"/><bestandIdentificator>nl.imkl-KL1031.profielschets_fe01a7b9_429f_4b81_9933_6f06207c9352</bestandIdentificator></themabijlagePerNetbeheerder><themabijlagePerNetbeheerder><soortBijlage>profielschets</soortBijlage><bestandLocatie>bronnen/KL1031/nl.imkl-KL1031_21O002385.profielschets_0bd17876_a478_49ce_9558_2fb5154eae86.pdf</bestandLocatie><bestandMediaType xlink:href="http://definities.geostandaarden.nl/imkl2015/id/waarde/BestandMediaTypeValue/PDF"/><bestandIdentificator>nl.imkl-KL1031.profielschets_0bd17876_a478_49ce_9558_2fb5154eae86</bestandIdentificator></themabijlagePerNetbeheerder><themabijlagePerNetbeheerder><soortBijlage>profielschets</soortBijlage><bestandLocatie>bronnen/KL1031/nl.imkl-KL1031_21O002385.profielschets_ab181dae_dbe8_4545_8153_792b8c9f6c61.pdf</bestandLocatie><bestandMediaType xlink:href="http://definities.geostandaarden.nl/imkl2015/id/waarde/BestandMediaTypeValue/PDF"/><bestandIdentificator>nl.imkl-KL1031.profielschets_ab181dae_dbe8_4545_8153_792b8c9f6c61</bestandIdentificator></themabijlagePerNetbeheerder><themabijlagePerNetbeheerder><soortBijlage>profielschets</soortBijlage><bestandLocatie>bronnen/KL1031/nl.imkl-KL1031_21O002385.profielschets_16b12160_884d_475d_ae52_7fe554a50896.pdf</bestandLocatie><bestandMediaType xlink:href="http://definities.geostandaarden.nl/imkl2015/id/waarde/BestandMediaTypeValue/PDF"/><bestandIdentificator>nl.imkl-KL1031.profielschets_16b12160_884d_475d_ae52_7fe554a50896</bestandIdentificator></themabijlagePerNetbeheerder><themabijlagePerNetbeheerder><soortBijlage>profielschets</soortBijlage><bestandLocatie>bronnen/KL1031/nl.imkl-KL1031_21O002385.profielschets_e88e932a_dcb7_4357_bbb7_9933a2c0c78e.pdf</bestandLocatie><bestandMediaType xlink:href="http://definities.geostandaarden.nl/imkl2015/id/waarde/BestandMediaTypeValue/PDF"/><bestandIdentificator>nl.imkl-KL1031.profielschets_e88e932a_dcb7_4357_bbb7_9933a2c0c78e</bestandIdentificator></themabijlagePerNetbeheerder><themabijlagePerNetbeheerder><soortBijlage>profielschets</soortBijlage><bestandLocatie>bronnen/KL1031/nl.imkl-KL1031_21O002385.profielschets_0d702af3_251c_42e5_8e59_e9a6c0e3ff8c.pdf</bestandLocatie><bestandMediaType xlink:href="http://definities.geostandaarden.nl/imkl2015/id/waarde/BestandMediaTypeValue/PDF"/><bestandIdentificator>nl.imkl-KL1031.profielschets_0d702af3_251c_42e5_8e59_e9a6c0e3ff8c</bestandIdentificator></themabijlagePerNetbeheerder><themabijlagePerNetbeheerder><soortBijlage>profielschets</soortBijlage><bestandLocatie>bronnen/KL1031/nl.imkl-KL1031_21O002385.profielschets_f3490700_74e6_4c3e_870d_ab83ed8e47b9.pdf</bestandLocatie><bestandMediaType xlink:href="http://definities.geostandaarden.nl/imkl2015/id/waarde/BestandMediaTypeValue/PDF"/><bestandIdentificator>nl.imkl-KL1031.profielschets_f3490700_74e6_4c3e_870d_ab83ed8e47b9</bestandIdentificator></themabijlagePerNetbeheerder><themabijlagePerNetbeheerder><soortBijlage>profielschets</soortBijlage><bestandLocatie>bronnen/KL1031/nl.imkl-KL1031_21O002385.profielschets_bc26a1c8_e1b6_4284_bdee_7cba0b17a5ba.pdf</bestandLocatie><bestandMediaType xlink:href="http://definities.geostandaarden.nl/imkl2015/id/waarde/BestandMediaTypeValue/PDF"/><bestandIdentificator>nl.imkl-KL1031.profielschets_bc26a1c8_e1b6_4284_bdee_7cba0b17a5ba</bestandIdentificator></themabijlagePerNetbeheerder><themabijlagePerNetbeheerder><soortBijlage>profielschets</soortBijlage><bestandLocatie>bronnen/KL1031/nl.imkl-KL1031_21O002385.profielschets_23c98c95_f980_4c2d_830d_1686700183bd.pdf</bestandLocatie><bestandMediaType xlink:href="http://definities.geostandaarden.nl/imkl2015/id/waarde/BestandMediaTypeValue/PDF"/><bestandIdentificator>nl.imkl-KL1031.profielschets_23c98c95_f980_4c2d_830d_1686700183bd</bestandIdentificator></themabijlagePerNetbeheerder><themabijlagePerNetbeheerder><soortBijlage>profielschets</soortBijlage><bestandLocatie>bronnen/KL1031/nl.imkl-KL1031_21O002385.profielschets_8f405960_7bc8_4949_8c27_579a7f6b5e95.pdf</bestandLocatie><bestandMediaType xlink:href="http://definities.geostandaarden.nl/imkl2015/id/waarde/BestandMediaTypeValue/PDF"/><bestandIdentificator>nl.imkl-KL1031.profielschets_8f405960_7bc8_4949_8c27_579a7f6b5e95</bestandIdentificator></themabijlagePerNetbeheerder><themabijlagePerNetbeheerder><soortBijlage>profielschets</soortBijlage><bestandLocatie>bronnen/KL1031/nl.imkl-KL1031_21O002385.profielschets_b6c6aa1e_5e38_4f83_8e2b_ae5848bc4c61.pdf</bestandLocatie><bestandMediaType xlink:href="http://definities.geostandaarden.nl/imkl2015/id/waarde/BestandMediaTypeValue/PDF"/><bestandIdentificator>nl.imkl-KL1031.profielschets_b6c6aa1e_5e38_4f83_8e2b_ae5848bc4c61</bestandIdentificator></themabijlagePerNetbeheerder><themabijlagePerNetbeheerder><soortBijlage>profielschets</soortBijlage><bestandLocatie>bronnen/KL1031/nl.imkl-KL1031_21O002385.profielschets_c0b2a982_82c2_47b8_8211_a278310615bf.pdf</bestandLocatie><bestandMediaType xlink:href="http://definities.geostandaarden.nl/imkl2015/id/waarde/BestandMediaTypeValue/PDF"/><bestandIdentificator>nl.imkl-KL1031.profielschets_c0b2a982_82c2_47b8_8211_a278310615bf</bestandIdentificator></themabijlagePerNetbeheerder><themabijlagePerNetbeheerder><soortBijlage>profielschets</soortBijlage><bestandLocatie>bronnen/KL1031/nl.imkl-KL1031_21O002385.profielschets_8249d00f_43c6_4a7a_9c33_99b4efc1aaf7.pdf</bestandLocatie><bestandMediaType xlink:href="http://definities.geostandaarden.nl/imkl2015/id/waarde/BestandMediaTypeValue/PDF"/><bestandIdentificator>nl.imkl-KL1031.profielschets_8249d00f_43c6_4a7a_9c33_99b4efc1aaf7</bestandIdentificator></themabijlagePerNetbeheerder><themabijlagePerNetbeheerder><soortBijlage>profielschets</soortBijlage><bestandLocatie>bronnen/KL1031/nl.imkl-KL1031_21O002385.profielschets_dcc4df1d_6475_4528_bba6_72118e2a77f9.pdf</bestandLocatie><bestandMediaType xlink:href="http://definities.geostandaarden.nl/imkl2015/id/waarde/BestandMediaTypeValue/PDF"/><bestandIdentificator>nl.imkl-KL1031.profielschets_dcc4df1d_6475_4528_bba6_72118e2a77f9</bestandIdentificator></themabijlagePerNetbeheerder><themabijlagePerNetbeheerder><soortBijlage>profielschets</soortBijlage><bestandLocatie>bronnen/KL1031/nl.imkl-KL1031_21O002385.profielschets_06741433_fed5_4787_8ec9_bed8b45288cd.pdf</bestandLocatie><bestandMediaType xlink:href="http://definities.geostandaarden.nl/imkl2015/id/waarde/BestandMediaTypeValue/PDF"/><bestandIdentificator>nl.imkl-KL1031.profielschets_06741433_fed5_4787_8ec9_bed8b45288cd</bestandIdentificator></themabijlagePerNetbeheerder><themabijlagePerNetbeheerder><soortBijlage>profielschets</soortBijlage><bestandLocatie>bronnen/KL1031/nl.imkl-KL1031_21O002385.profielschets_b586d668_390f_45fa_934c_0b2527f4cc5d.pdf</bestandLocatie><bestandMediaType xlink:href="http://definities.geostandaarden.nl/imkl2015/id/waarde/BestandMediaTypeValue/PDF"/><bestandIdentificator>nl.imkl-KL1031.profielschets_b586d668_390f_45fa_934c_0b2527f4cc5d</bestandIdentificator></themabijlagePerNetbeheerder><themabijlagePerNetbeheerder><soortBijlage>profielschets</soortBijlage><bestandLocatie>bronnen/KL1031/nl.imkl-KL1031_21O002385.profielschets_431534c3_e3be_47d9_b4c8_68bc0e951459.pdf</bestandLocatie><bestandMediaType xlink:href="http://definities.geostandaarden.nl/imkl2015/id/waarde/BestandMediaTypeValue/PDF"/><bestandIdentificator>nl.imkl-KL1031.profielschets_431534c3_e3be_47d9_b4c8_68bc0e951459</bestandIdentificator></themabijlagePerNetbeheerder><themabijlagePerNetbeheerder><soortBijlage>profielschets</soortBijlage><bestandLocatie>bronnen/KL1031/nl.imkl-KL1031_21O002385.profielschets_9bf78304_2c33_4659_b080_c58ccafe46af.pdf</bestandLocatie><bestandMediaType xlink:href="http://definities.geostandaarden.nl/imkl2015/id/waarde/BestandMediaTypeValue/PDF"/><bestandIdentificator>nl.imkl-KL1031.profielschets_9bf78304_2c33_4659_b080_c58ccafe46af</bestandIdentificator></themabijlagePerNetbeheerder><themabijlagePerNetbeheerder><soortBijlage>profielschets</soortBijlage><bestandLocatie>bronnen/KL1031/nl.imkl-KL1031_21O002385.profielschets_76dd7d44_b9f0_4bb8_92e3_75d0522a5566.pdf</bestandLocatie><bestandMediaType xlink:href="http://definities.geostandaarden.nl/imkl2015/id/waarde/BestandMediaTypeValue/PDF"/><bestandIdentificator>nl.imkl-KL1031.profielschets_76dd7d44_b9f0_4bb8_92e3_75d0522a5566</bestandIdentificator></themabijlagePerNetbeheerder><themabijlagePerNetbeheerder><soortBijlage>profielschets</soortBijlage><bestandLocatie>bronnen/KL1031/nl.imkl-KL1031_21O002385.profielschets_20558006_223f_4c99_95b8_e76f4337597f.pdf</bestandLocatie><bestandMediaType xlink:href="http://definities.geostandaarden.nl/imkl2015/id/waarde/BestandMediaTypeValue/PDF"/><bestandIdentificator>nl.imkl-KL1031.profielschets_20558006_223f_4c99_95b8_e76f4337597f</bestandIdentificator></themabijlagePerNetbeheerder><themabijlagePerNetbeheerder><soortBijlage>profielschets</soortBijlage><bestandLocatie>bronnen/KL1031/nl.imkl-KL1031_21O002385.profielschets_e50e0569_62b0_4c1e_b29d_694b9813da3c.pdf</bestandLocatie><bestandMediaType xlink:href="http://definities.geostandaarden.nl/imkl2015/id/waarde/BestandMediaTypeValue/PDF"/><bestandIdentificator>nl.imkl-KL1031.profielschets_e50e0569_62b0_4c1e_b29d_694b9813da3c</bestandIdentificator></themabijlagePerNetbeheerder><themabijlagePerNetbeheerder><soortBijlage>profielschets</soortBijlage><bestandLocatie>bronnen/KL1031/nl.imkl-KL1031_21O002385.profielschets_5b6dbba5_5691_454c_9196_67b28a6c86d3.pdf</bestandLocatie><bestandMediaType xlink:href="http://definities.geostandaarden.nl/imkl2015/id/waarde/BestandMediaTypeValue/PDF"/><bestandIdentificator>nl.imkl-KL1031.profielschets_5b6dbba5_5691_454c_9196_67b28a6c86d3</bestandIdentificator></themabijlagePerNetbeheerder><themabijlagePerNetbeheerder><soortBijlage>profielschets</soortBijlage><bestandLocatie>bronnen/KL1031/nl.imkl-KL1031_21O002385.profielschets_09c3256b_2b99_43db_b912_d2c06fdea089.pdf</bestandLocatie><bestandMediaType xlink:href="http://definities.geostandaarden.nl/imkl2015/id/waarde/BestandMediaTypeValue/PDF"/><bestandIdentificator>nl.imkl-KL1031.profielschets_09c3256b_2b99_43db_b912_d2c06fdea089</bestandIdentificator></themabijlagePerNetbeheerder><themabijlagePerNetbeheerder><soortBijlage>profielschets</soortBijlage><bestandLocatie>bronnen/KL1031/nl.imkl-KL1031_21O002385.profielschets_fab0f5da_4a1e_463e_9024_6c852d20ee85.pdf</bestandLocatie><bestandMediaType xlink:href="http://definities.geostandaarden.nl/imkl2015/id/waarde/BestandMediaTypeValue/PDF"/><bestandIdentificator>nl.imkl-KL1031.profielschets_fab0f5da_4a1e_463e_9024_6c852d20ee85</bestandIdentificator></themabijlagePerNetbeheerder><themabijlagePerNetbeheerder><soortBijlage>profielschets</soortBijlage><bestandLocatie>bronnen/KL1031/nl.imkl-KL1031_21O002385.profielschets_fabf7adf_b77e_41c5_b8cb_da39bd887fef.pdf</bestandLocatie><bestandMediaType xlink:href="http://definities.geostandaarden.nl/imkl2015/id/waarde/BestandMediaTypeValue/PDF"/><bestandIdentificator>nl.imkl-KL1031.profielschets_fabf7adf_b77e_41c5_b8cb_da39bd887fef</bestandIdentificator></themabijlagePerNetbeheerder><themabijlagePerNetbeheerder><soortBijlage>profielschets</soortBijlage><bestandLocatie>bronnen/KL1031/nl.imkl-KL1031_21O002385.profielschets_f1489601_fa96_4c8d_a862_0c6c4d0c8dc6.pdf</bestandLocatie><bestandMediaType xlink:href="http://definities.geostandaarden.nl/imkl2015/id/waarde/BestandMediaTypeValue/PDF"/><bestandIdentificator>nl.imkl-KL1031.profielschets_f1489601_fa96_4c8d_a862_0c6c4d0c8dc6</bestandIdentificator></themabijlagePerNetbeheerder><themabijlagePerNetbeheerder><soortBijlage>profielschets</soortBijlage><bestandLocatie>bronnen/KL1031/nl.imkl-KL1031_21O002385.profielschets_8dfe792e_48e7_41ee_8a2f_e4002fa5014c.pdf</bestandLocatie><bestandMediaType xlink:href="http://definities.geostandaarden.nl/imkl2015/id/waarde/BestandMediaTypeValue/PDF"/><bestandIdentificator>nl.imkl-KL1031.profielschets_8dfe792e_48e7_41ee_8a2f_e4002fa5014c</bestandIdentificator></themabijlagePerNetbeheerder><themabijlagePerNetbeheerder><soortBijlage>profielschets</soortBijlage><bestandLocatie>bronnen/KL1031/nl.imkl-KL1031_21O002385.profielschets_08f5e574_5a8d_455e_a146_d04c7b802c5c.pdf</bestandLocatie><bestandMediaType xlink:href="http://definities.geostandaarden.nl/imkl2015/id/waarde/BestandMediaTypeValue/PDF"/><bestandIdentificator>nl.imkl-KL1031.profielschets_08f5e574_5a8d_455e_a146_d04c7b802c5c</bestandIdentificator></themabijlagePerNetbeheerder><themabijlagePerNetbeheerder><soortBijlage>profielschets</soortBijlage><bestandLocatie>bronnen/KL1031/nl.imkl-KL1031_21O002385.profielschets_0d343d4d_3569_4b62_8c70_2044045ba6de.pdf</bestandLocatie><bestandMediaType xlink:href="http://definities.geostandaarden.nl/imkl2015/id/waarde/BestandMediaTypeValue/PDF"/><bestandIdentificator>nl.imkl-KL1031.profielschets_0d343d4d_3569_4b62_8c70_2044045ba6de</bestandIdentificator></themabijlagePerNetbeheerder><themabijlagePerNetbeheerder><soortBijlage>eisVoorzorgsmaatregel</soortBijlage><bestandLocatie>bronnen/KL1031/nl.imkl-KL1031_21O002385.EnexisOrientatieEV.001_gasLageDruk.pdf</bestandLocatie><bestandMediaType xlink:href="http://definities.geostandaarden.nl/imkl2015/id/waarde/BestandMediaTypeValue/PDF"/><bestandIdentificator>nl.imkl-KL1031.EnexisOrientatieEV.001_gasLageDruk</bestandIdentificator></themabijlagePerNetbeheerder></beheerdersinformatie></belanghebbende></Leveringsinformatie>