<?xml version="1.0" encoding="UTF-8" standalone="yes"?>
<Leveringsinformatie xmlns="http://www.kadaster.nl/schemas/klic/leveringsinformatie/v20180418" xmlns:xlink="http://www.w3.org/1999/xlink" xmlns:gml="http://www.opengis.net/gml/3.2">
	<version>2.2</version>
	<bijlagePerLevering>
		<soortBijlage>achtergrondkaart</soortBijlage>
		<bestandLocatie>bronnen/GB_19O900151.png</bestandLocatie>
		<bestandMediaType xlink:href="http://definities.geostandaarden.nl/imkl2015/id/waarde/BestandMediaTypeValue/PNG"/>
		<bestandIdentificator>GB_19O900151</bestandIdentificator>
	</bijlagePerLevering>
	<bijlagePerLevering>
		<soortBijlage>gebiedsinformatieLevering</soortBijlage>
		<bestandLocatie>GI_gebiedsinformatielevering_19O900151_1.xml</bestandLocatie>
		<bestandMediaType xlink:href="http://definities.geostandaarden.nl/imkl2015/id/waarde/BestandMediaTypeValue/XML"/>
		<bestandIdentificator>GI_gebiedsinformatielevering_19O900151_1</bestandIdentificator>
	</bijlagePerLevering>
	<pngFormaat>
		<omsluitendeRechthoek>
			<gml:Envelope srsName="urn:ogc:def:crs:EPSG::28992" srsDimension="2">
				<gml:lowerCorner>154118.0 387820.0</gml:lowerCorner>
				<gml:upperCorner>155250.0 389978.0</gml:upperCorner>
			</gml:Envelope>
		</omsluitendeRechthoek>
		<pixelsBreed>3396</pixelsBreed>
		<pixelsHoog>6474</pixelsHoog>
	</pngFormaat>
	<belanghebbende>
		<bronhoudercode>TS1376</bronhoudercode>
		<beheerdersinformatieVersie>IMKL1.2</beheerdersinformatieVersie>
	</belanghebbende>
	<belanghebbende>
		<bronhoudercode>TS1393</bronhoudercode>
		<beheerdersinformatieVersie>IMKL1.2</beheerdersinformatieVersie>
		<bijlagePerNetbeheerder>
			<soortBijlage>algemeen</soortBijlage>
			<bestandLocatie>bronnen/TS1393/nl.imkl-TS1393_19O900151.algemeen.pdf</bestandLocatie>
			<bestandMediaType xlink:href="http://definities.geostandaarden.nl/imkl2015/id/waarde/BestandMediaTypeValue/PDF"/>
			<bestandIdentificator>nl.imkl-TS1393.algemeen</bestandIdentificator>
		</bijlagePerNetbeheerder>
		<bijlagePerNetbeheerder>
			<soortBijlage>nietBetrokken</soortBijlage>
			<bestandLocatie>bronnen/TS1393/nl.imkl-TS1393_19O900151.nietBetrokken.pdf</bestandLocatie>
			<bestandMediaType xlink:href="http://definities.geostandaarden.nl/imkl2015/id/waarde/BestandMediaTypeValue/PDF"/>
			<bestandIdentificator>nl.imkl-TS1393.nietBetrokken</bestandIdentificator>
		</bijlagePerNetbeheerder>
	</belanghebbende>
	<belanghebbende>
		<bronhoudercode>TS1392</bronhoudercode>
		<beheerdersinformatieVersie>IMKL1.2</beheerdersinformatieVersie>
		<bijlagePerNetbeheerder>
			<soortBijlage>algemeen</soortBijlage>
			<bestandLocatie>bronnen/TS1392/nl.imkl-TS1392_19O900151.algemeen.pdf</bestandLocatie>
			<bestandMediaType xlink:href="http://definities.geostandaarden.nl/imkl2015/id/waarde/BestandMediaTypeValue/PDF"/>
			<bestandIdentificator>nl.imkl-TS1392.algemeen</bestandIdentificator>
		</bijlagePerNetbeheerder>
		<beheerdersinformatie>
			<thema xlink:href="http://definities.geostandaarden.nl/imkl2015/id/waarde/Thema/rioolOnderOverOfOnderdruk"/>
			<eisVoorzorgmaatregel>false</eisVoorzorgmaatregel>
		</beheerdersinformatie>
		<beheerdersinformatie>
			<thema xlink:href="http://definities.geostandaarden.nl/imkl2015/id/waarde/Thema/rioolVrijverval"/>
			<eisVoorzorgmaatregel>false</eisVoorzorgmaatregel>
		</beheerdersinformatie>
		<beheerdersinformatie>
			<thema xlink:href="http://definities.geostandaarden.nl/imkl2015/id/waarde/Thema/landelijkHoogspanningsnet"/>
			<eisVoorzorgmaatregel>false</eisVoorzorgmaatregel>
		</beheerdersinformatie>
		<beheerdersinformatie>
			<thema xlink:href="http://definities.geostandaarden.nl/imkl2015/id/waarde/Thema/water"/>
			<eisVoorzorgmaatregel>false</eisVoorzorgmaatregel>
		</beheerdersinformatie>
		<beheerdersinformatie>
			<thema xlink:href="http://definities.geostandaarden.nl/imkl2015/id/waarde/Thema/laagspanning"/>
			<eisVoorzorgmaatregel>false</eisVoorzorgmaatregel>
		</beheerdersinformatie>
		<beheerdersinformatie>
			<thema xlink:href="http://definities.geostandaarden.nl/imkl2015/id/waarde/Thema/datatransport"/>
			<eisVoorzorgmaatregel>false</eisVoorzorgmaatregel>
			<themabijlagePerNetbeheerder>
				<soortBijlage>aansluiting</soortBijlage>
				<bestandLocatie>bronnen/TS1392/nl.imkl-TS1392_19O900151.DT_aansluiting.pdf</bestandLocatie>
				<bestandMediaType xlink:href="http://definities.geostandaarden.nl/imkl2015/id/waarde/BestandMediaTypeValue/PDF"/>
				<bestandIdentificator>nl.imkl-TS1392.DT_aansluiting</bestandIdentificator>
			</themabijlagePerNetbeheerder>
		</beheerdersinformatie>
		<beheerdersinformatie>
			<thema xlink:href="http://definities.geostandaarden.nl/imkl2015/id/waarde/Thema/warmte"/>
			<eisVoorzorgmaatregel>false</eisVoorzorgmaatregel>
		</beheerdersinformatie>
		<beheerdersinformatie>
			<thema xlink:href="http://definities.geostandaarden.nl/imkl2015/id/waarde/Thema/buisleidingGevaarlijkeInhoud"/>
			<eisVoorzorgmaatregel>true</eisVoorzorgmaatregel>
			<themabijlagePerNetbeheerder>
				<soortBijlage>aansluiting</soortBijlage>
				<bestandLocatie>bronnen/TS1392/nl.imkl-TS1392_19O900151.BGI_aansluiting.pdf</bestandLocatie>
				<bestandMediaType xlink:href="http://definities.geostandaarden.nl/imkl2015/id/waarde/BestandMediaTypeValue/PDF"/>
				<bestandIdentificator>nl.imkl-TS1392.BGI_aansluiting</bestandIdentificator>
			</themabijlagePerNetbeheerder>
			<themabijlagePerNetbeheerder>
				<soortBijlage>aansluiting</soortBijlage>
				<bestandLocatie>bronnen/TS1392/nl.imkl-TS1392_19O900151.BGI_aansluiting-l.pdf</bestandLocatie>
				<bestandMediaType xlink:href="http://definities.geostandaarden.nl/imkl2015/id/waarde/BestandMediaTypeValue/PDF"/>
				<bestandIdentificator>nl.imkl-TS1392.BGI_aansluiting-l</bestandIdentificator>
			</themabijlagePerNetbeheerder>
			<themabijlagePerNetbeheerder>
				<soortBijlage>aansluiting</soortBijlage>
				<bestandLocatie>bronnen/TS1392/nl.imkl-TS1392_19O900151.BGI_aansluiting-v.pdf</bestandLocatie>
				<bestandMediaType xlink:href="http://definities.geostandaarden.nl/imkl2015/id/waarde/BestandMediaTypeValue/PDF"/>
				<bestandIdentificator>nl.imkl-TS1392.BGI_aansluiting-v</bestandIdentificator>
			</themabijlagePerNetbeheerder>
			<themabijlagePerNetbeheerder>
				<soortBijlage>huisaansluiting</soortBijlage>
				<bestandLocatie>bronnen/TS1392/nl.imkl-TS1392_19O900151.BGI_huisaansluiting.pdf</bestandLocatie>
				<bestandMediaType xlink:href="http://definities.geostandaarden.nl/imkl2015/id/waarde/BestandMediaTypeValue/PDF"/>
				<bestandIdentificator>nl.imkl-TS1392.BGI_huisaansluiting</bestandIdentificator>
				<adres>
					<postcode>5685AA</postcode>
					<huisnummerLetterToev>5</huisnummerLetterToev>
					<BAGidAdresseerbaarObject>0753010000010421</BAGidAdresseerbaarObject>
				</adres>
			</themabijlagePerNetbeheerder>
			<themabijlagePerNetbeheerder>
				<soortBijlage>overig</soortBijlage>
				<bestandLocatie>bronnen/TS1392/nl.imkl-TS1392_19O900151.BGI_overig.pdf</bestandLocatie>
				<bestandMediaType xlink:href="http://definities.geostandaarden.nl/imkl2015/id/waarde/BestandMediaTypeValue/PDF"/>
				<bestandIdentificator>nl.imkl-TS1392.BGI_overig</bestandIdentificator>
			</themabijlagePerNetbeheerder>
			<themabijlagePerNetbeheerder>
				<soortBijlage>profielschets</soortBijlage>
				<bestandLocatie>bronnen/TS1392/nl.imkl-TS1392_19O900151.BGI_profielschets.pdf</bestandLocatie>
				<bestandMediaType xlink:href="http://definities.geostandaarden.nl/imkl2015/id/waarde/BestandMediaTypeValue/PDF"/>
				<bestandIdentificator>nl.imkl-TS1392.BGI_profielschets</bestandIdentificator>
			</themabijlagePerNetbeheerder>
			<themabijlagePerNetbeheerder>
				<soortBijlage>eisVoorzorgsmaatregel</soortBijlage>
				<bestandLocatie>bronnen/TS1392/nl.imkl-TS1392_19O900151.EV_buisleidingGevaarlijkeInhoud_T_risicoHoog_buisleidingGevaarlijkeInhoud.pdf</bestandLocatie>
				<bestandMediaType xlink:href="http://definities.geostandaarden.nl/imkl2015/id/waarde/BestandMediaTypeValue/PDF"/>
				<bestandIdentificator>nl.imkl-TS1392.EV_buisleidingGevaarlijkeInhoud_T_risicoHoog_buisleidingGevaarlijkeInhoud</bestandIdentificator>
			</themabijlagePerNetbeheerder>
		</beheerdersinformatie>
		<beheerdersinformatie>
			<thema xlink:href="http://definities.geostandaarden.nl/imkl2015/id/waarde/Thema/middenspanning"/>
			<eisVoorzorgmaatregel>false</eisVoorzorgmaatregel>
		</beheerdersinformatie>
		<beheerdersinformatie>
			<thema xlink:href="http://definities.geostandaarden.nl/imkl2015/id/waarde/Thema/wees"/>
			<eisVoorzorgmaatregel>false</eisVoorzorgmaatregel>
		</beheerdersinformatie>
		<beheerdersinformatie>
			<thema xlink:href="http://definities.geostandaarden.nl/imkl2015/id/waarde/Thema/overig"/>
			<eisVoorzorgmaatregel>false</eisVoorzorgmaatregel>
		</beheerdersinformatie>
		<beheerdersinformatie>
			<thema xlink:href="http://definities.geostandaarden.nl/imkl2015/id/waarde/Thema/hoogspanning"/>
			<eisVoorzorgmaatregel>true</eisVoorzorgmaatregel>
			<themabijlagePerNetbeheerder>
				<soortBijlage>eisVoorzorgsmaatregel</soortBijlage>
				<bestandLocatie>bronnen/TS1392/nl.imkl-TS1392_19O900151.EV_hoogspanning_T_risicoHoog_hoogspanning.pdf</bestandLocatie>
				<bestandMediaType xlink:href="http://definities.geostandaarden.nl/imkl2015/id/waarde/BestandMediaTypeValue/PDF"/>
				<bestandIdentificator>nl.imkl-TS1392.EV_hoogspanning_T_risicoHoog_hoogspanning</bestandIdentificator>
			</themabijlagePerNetbeheerder>
		</beheerdersinformatie>
		<beheerdersinformatie>
			<thema xlink:href="http://definities.geostandaarden.nl/imkl2015/id/waarde/Thema/gasLageDruk"/>
			<eisVoorzorgmaatregel>false</eisVoorzorgmaatregel>
		</beheerdersinformatie>
		<beheerdersinformatie>
			<thema xlink:href="http://definities.geostandaarden.nl/imkl2015/id/waarde/Thema/petrochemie"/>
			<eisVoorzorgmaatregel>false</eisVoorzorgmaatregel>
		</beheerdersinformatie>
		<beheerdersinformatie>
			<thema xlink:href="http://definities.geostandaarden.nl/imkl2015/id/waarde/Thema/gasHogeDruk"/>
			<eisVoorzorgmaatregel>false</eisVoorzorgmaatregel>
		</beheerdersinformatie>
	</belanghebbende>
	<belanghebbende>
		<bronhoudercode>TS1002</bronhoudercode>
		<beheerdersinformatieVersie>IMKL1.2</beheerdersinformatieVersie>
		<bijlagePerNetbeheerder>
			<soortBijlage>algemeen</soortBijlage>
			<bestandLocatie>bronnen/TS1002/nl.imkl-TS1002_19O900151.algemeen.pdf</bestandLocatie>
			<bestandMediaType xlink:href="http://definities.geostandaarden.nl/imkl2015/id/waarde/BestandMediaTypeValue/PDF"/>
			<bestandIdentificator>nl.imkl-TS1002.algemeen</bestandIdentificator>
		</bijlagePerNetbeheerder>
		<beheerdersinformatie>
			<thema xlink:href="http://definities.geostandaarden.nl/imkl2015/id/waarde/Thema/warmte"/>
			<eisVoorzorgmaatregel>false</eisVoorzorgmaatregel>
		</beheerdersinformatie>
	</belanghebbende>
</Leveringsinformatie>
