<?xml version="1.0" encoding="UTF-8" standalone="yes"?>
<!-- bestandsnaam: documentenbeheer_KL5151_2016-08-31.xml -->
<!-- bron: Kadaster-KLIC -->
<!-- _____________________________________________________________________
Toelichting:  
Voorbeeld van meta-informatie voor het actualiseren van documenten in de DocumentenOpslag
van de centrale voorziening KLIC.
De gebruikte voorbeeld-features zijn bedoeld voor demo-doeleinden en zijn niet bedoeld	
om een representatie te geven van de werkelijke situatie ter plaatse. 										
Waar mogelijk is aangesloten op de definities uit IMKL2015, versie 1.2.1 											

Bronhouder: KL5151
 _____________________________________________________________________ -->
<DocumentenBeheer 
xmlns="http://www.kadaster.nl/schemas/klic/20180301/documentenbeheer" 
xmlns:xlink="http://www.w3.org/1999/xlink">
	<versie>1.0</versie>
	<bronhoudercode>KL5151</bronhoudercode>
	<bronhouderNaam>Telecom BV</bronhouderNaam>
	<indAutomatischNaarProductie>false</indAutomatischNaarProductie>
	<aangeleverdeDocumenten>
		<document>
			<documentID>
				<namespace>nl.imkl</namespace>
				<lokaalID>KL5151.HAS_data_5685AC_30</lokaalID>
			</documentID>
			<bestandMediaType xlink:href="http://definities.geostandaarden.nl/imkl2015/id/waarde/BestandMediaTypeValue/PDF"/>
			<bestandsnaam>Telecom_HAS_datatransport_5685AC_30 versie 1994-10-20.pdf</bestandsnaam>
		</document>
	</aangeleverdeDocumenten>
</DocumentenBeheer>
