<?xml version="1.0" encoding="UTF-8"?>
<gml:FeatureCollection gml:id="nl.imkl-KA0000._FeatureCollection_17G008716-1" xsi:schemaLocation="http://www.geostandaarden.nl/imkl/2015/wion/1.2 http://register.geostandaarden.nl/gmlapplicatieschema/imkl2015/1.2.1/imkl2015-wion.xsd" xmlns:us-net-sw="http://inspire.ec.europa.eu/schemas/us-net-sw/4.0" xmlns:us-net-el="http://inspire.ec.europa.eu/schemas/us-net-el/4.0" xmlns:gml="http://www.opengis.net/gml/3.2" xmlns:us-net-wa="http://inspire.ec.europa.eu/schemas/us-net-wa/4.0" xmlns:us-net-tc="http://inspire.ec.europa.eu/schemas/us-net-tc/4.0" xmlns:us-net-ogc="http://inspire.ec.europa.eu/schemas/us-net-ogc/4.0" xmlns:xsi="http://www.w3.org/2001/XMLSchema-instance" xmlns:us-net-th="http://inspire.ec.europa.eu/schemas/us-net-th/4.0" xmlns:base2="http://inspire.ec.europa.eu/schemas/base2/2.0" xmlns:imkl="http://www.geostandaarden.nl/imkl/2015/wion/1.2" xmlns:us-net-common="http://inspire.ec.europa.eu/schemas/us-net-common/4.0" xmlns:net="http://inspire.ec.europa.eu/schemas/net/4.0" xmlns:xlink="http://www.w3.org/1999/xlink" xmlns:base="http://inspire.ec.europa.eu/schemas/base/3.3">
	<gml:boundedBy>
		<gml:Envelope srsName="urn:ogc:def:crs:EPSG::28992" srsDimension="2">
			<gml:lowerCorner>154700.0 389400.0</gml:lowerCorner>
			<gml:upperCorner>154800.0 389500.0</gml:upperCorner>
		</gml:Envelope>
	</gml:boundedBy>
	<gml:featureMember>
		<imkl:GebiedsinformatieLevering gml:id="nl.imkl-KA0000._GebiedsinformatieLevering_17G008716-1">
			<imkl:identificatie>
				<imkl:NEN3610ID>
					<imkl:namespace>nl.imkl</imkl:namespace>
					<imkl:lokaalID>KA0000._GebiedsinformatieLevering_17G008716</imkl:lokaalID>
					<imkl:versie>1</imkl:versie>
				</imkl:NEN3610ID>
			</imkl:identificatie>
			<imkl:beginLifespanVersion>2018-08-23T13:37:29.826+02:00</imkl:beginLifespanVersion>
			<imkl:leveringsvolgnummer>1</imkl:leveringsvolgnummer>
			<imkl:datumLeveringSamengesteld>2018-08-23T13:37:29.826+02:00</imkl:datumLeveringSamengesteld>
			<imkl:indicatieLeveringCompleet>false</imkl:indicatieLeveringCompleet>
			<imkl:achtergrondkaart>
				<imkl:Achtergrondkaart>
					<imkl:achtergrondkaartSoort xlink:href="http://definities.geostandaarden.nl/imkl2015/id/waarde/AchtergrondkaartSoortValue/bgtBestaand"/>
					<imkl:kaartreferentie>bronnen/GB_17G008716.png</imkl:kaartreferentie>
				</imkl:Achtergrondkaart>
			</imkl:achtergrondkaart>
			<imkl:belanghebbende xlink:href="nl.imkl-KL4141._Belanghebbende_17G008716-1"/>
			<imkl:aanvraag xlink:href="nl.imkl-KA0000._GebiedsinformatieAanvraag_17G008716"/>
		</imkl:GebiedsinformatieLevering>
	</gml:featureMember>
	<gml:featureMember>
		<imkl:GebiedsinformatieAanvraag gml:id="nl.imkl-KA0000._GebiedsinformatieAanvraag_17G008716">
			<imkl:identificatie>
				<imkl:NEN3610ID>
					<imkl:namespace>nl.imkl</imkl:namespace>
					<imkl:lokaalID>KA0000._GebiedsinformatieAanvraag_17G008716</imkl:lokaalID>
				</imkl:NEN3610ID>
			</imkl:identificatie>
			<imkl:beginLifespanVersion>2018-08-22T17:15:39.000+02:00</imkl:beginLifespanVersion>
			<imkl:ordernummer>2015018235</imkl:ordernummer>
			<imkl:positienummer>0000000050</imkl:positienummer>
			<imkl:klicMeldnummer>17G008716</imkl:klicMeldnummer>
            <imkl:aanvrager>
                <imkl:Aanvrager>
                    <imkl:contactpersoon>
                        <imkl:Contact>
                            <imkl:naam>Herman de Tester</imkl:naam>
                            <imkl:telefoon>(088) 183 36 30</imkl:telefoon>
                            <imkl:email>Test.Melder@decenter.nl</imkl:email>
                        </imkl:Contact>
                    </imkl:contactpersoon>
                    <imkl:organisatie>
                        <imkl:Organisatie>
                            <imkl:naam>Decenter</imkl:naam>
                            <imkl:bezoekAdres>
                                <imkl:Adres>
                                    <imkl:openbareRuimteNaam>Laan van Westenenk</imkl:openbareRuimteNaam>
                                    <imkl:huisnummer>701</imkl:huisnummer>
                                    <imkl:woonplaatsNaam>APELDOORN</imkl:woonplaatsNaam>
                                    <imkl:postcode>7334 DP</imkl:postcode>
                                    <imkl:landcode>NL</imkl:landcode>
                                </imkl:Adres>
                            </imkl:bezoekAdres>
                        </imkl:Organisatie>
                    </imkl:organisatie>
                </imkl:Aanvrager>
            </imkl:aanvrager>
            <imkl:opdrachtgever>
                <imkl:Opdrachtgever>
                    <imkl:contactpersoon>
                        <imkl:Contact>
                            <imkl:naam>J. Roelofsen</imkl:naam>
                            <imkl:telefoon>(088) 183 20 00</imkl:telefoon>
                            <imkl:email>noreply@gem-apeldoorn.nl</imkl:email>
                        </imkl:Contact>
                    </imkl:contactpersoon>
                    <imkl:organisatie>
                        <imkl:Organisatie>
                            <imkl:naam>Gemeente Apeldoorn</imkl:naam>
                            <imkl:bezoekAdres>
                                <imkl:Adres>
                                    <imkl:openbareRuimteNaam>Hofstraat</imkl:openbareRuimteNaam>
                                    <imkl:huisnummer>110</imkl:huisnummer>
                                    <imkl:woonplaatsNaam>Apeldoorn</imkl:woonplaatsNaam>
                                    <imkl:postcode>7311KZ</imkl:postcode>
                                    <imkl:landcode>NL</imkl:landcode>
                                </imkl:Adres>
                            </imkl:bezoekAdres>
                        </imkl:Organisatie>
                    </imkl:organisatie>
                </imkl:Opdrachtgever>
            </imkl:opdrachtgever>
			<imkl:aanvraagSoort xlink:href="http://definities.geostandaarden.nl/imkl2015/id/waarde/AanvraagSoortValue/graafmelding"/>
			<imkl:aanvraagDatum>2018-08-22T17:15:39.000+02:00</imkl:aanvraagDatum>
			<imkl:soortWerkzaamheden xlink:href="http://definities.geostandaarden.nl/imkl2015/id/waarde/SoortWerkzaamhedenValue/aardingSlaan"/>
			<imkl:soortWerkzaamheden xlink:href="http://definities.geostandaarden.nl/imkl2015/id/waarde/SoortWerkzaamhedenValue/HDPEbuisLeggen"/>
			<imkl:omschrijvingWerkzaamheden>Test met submappen</imkl:omschrijvingWerkzaamheden>
			<imkl:locatieWerkzaamheden>Boomheuvel 19 5685AA Best NL</imkl:locatieWerkzaamheden>
			<imkl:startDatum>2018-08-23</imkl:startDatum>
			<imkl:eindDatum>2018-08-23</imkl:eindDatum>
			<imkl:huisaansluitingAdressen>
				<imkl:Adres>
					<imkl:openbareRuimteNaam>Boomheuvel</imkl:openbareRuimteNaam>
					<imkl:huisnummer>19</imkl:huisnummer>
					<imkl:woonplaatsNaam>Best</imkl:woonplaatsNaam>
					<imkl:postcode>5685AA</imkl:postcode>
					<imkl:BAGidAdresseerbaarObject>0753010000010146</imkl:BAGidAdresseerbaarObject>
				</imkl:Adres>
			</imkl:huisaansluitingAdressen>
			<imkl:graafpolygoon xlink:href="nl.imkl-KA0000._Graafpolygoon_17G008716"/>
		</imkl:GebiedsinformatieAanvraag>
	</gml:featureMember>
	<gml:featureMember>
		<imkl:Graafpolygoon gml:id="nl.imkl-KA0000._Graafpolygoon_17G008716">
			<imkl:identificatie>
				<imkl:NEN3610ID>
					<imkl:namespace>nl.imkl</imkl:namespace>
					<imkl:lokaalID>KA0000._Graafpolygoon_17G008716</imkl:lokaalID>
				</imkl:NEN3610ID>
			</imkl:identificatie>
			<imkl:beginLifespanVersion>2018-08-22T17:15:39.000+02:00</imkl:beginLifespanVersion>
			<imkl:geometrie>
				<gml:Polygon srsName="urn:ogc:def:crs:EPSG::28992" srsDimension="2" gml:id="nl.imkl-KA0000._Graafpolygoon_17G008716_geo">
					<gml:exterior>
						<gml:LinearRing>
							<gml:posList>154700.0 389400.0 154800.0 389400.0 154800.0 389500.0 154700.0 389500.0 154700.0 389400.0</gml:posList>
						</gml:LinearRing>
					</gml:exterior>
				</gml:Polygon>
			</imkl:geometrie>
		</imkl:Graafpolygoon>
	</gml:featureMember>
	<gml:featureMember>
		<imkl:Belanghebbende gml:id="nl.imkl-KL4141._Belanghebbende_17G008716-1">
			<imkl:identificatie>
				<imkl:NEN3610ID>
					<imkl:namespace>nl.imkl</imkl:namespace>
					<imkl:lokaalID>KL4141._Belanghebbende_17G008716</imkl:lokaalID>
					<imkl:versie>1</imkl:versie>
				</imkl:NEN3610ID>
			</imkl:identificatie>
			<imkl:beginLifespanVersion>2018-08-23T13:35:13.000+02:00</imkl:beginLifespanVersion>
			<imkl:beheerdersinformatieGeleverd>true</imkl:beheerdersinformatieGeleverd>
			<imkl:betrokkenBijAanvraag>true</imkl:betrokkenBijAanvraag>
			<imkl:eisVoorzorgsmaatregel>false</imkl:eisVoorzorgsmaatregel>
			<imkl:utiliteitsnet xlink:href="nl.imkl-KL4141.net_data_00571"/>
			<imkl:netbeheerder xlink:href="nl.imkl-KL4141._Beheerder"/>
		</imkl:Belanghebbende>
	</gml:featureMember>
	<gml:featureMember>
		<imkl:Beheerder gml:id="nl.imkl-KL4141._Beheerder">
			<imkl:identificatie>
				<imkl:NEN3610ID>
					<imkl:namespace>nl.imkl</imkl:namespace>
					<imkl:lokaalID>KL4141._Beheerder</imkl:lokaalID>
				</imkl:NEN3610ID>
			</imkl:identificatie>
			<imkl:beginLifespanVersion>2000-01-01T00:00:00.000+01:00</imkl:beginLifespanVersion>
			<imkl:bronhoudercode>KL4141</imkl:bronhoudercode>
            <imkl:websiteKlic>https://www.kadaster.nl/graafsector</imkl:websiteKlic>
			<imkl:organisatie>
				<imkl:Organisatie>
					<imkl:naam>Kadaster Klic-Win</imkl:naam>
				</imkl:Organisatie>
			</imkl:organisatie>
		</imkl:Beheerder>
	</gml:featureMember>
	<gml:featureMember>
		<imkl:ExtraDetailinfo gml:id="nl.imkl-KL4141.aansluiting_data_5685AA_17">
			<imkl:identificatie>
				<imkl:NEN3610ID>
					<imkl:namespace>nl.imkl</imkl:namespace>
					<imkl:lokaalID>KL4141.aansluiting_data_5685AA_17</imkl:lokaalID>
				</imkl:NEN3610ID>
			</imkl:identificatie>
			<imkl:beginLifespanVersion>2005-03-11T08:00:00.00+01:00</imkl:beginLifespanVersion>
			<imkl:label>ED Aansluiting/data - 5685AA-17</imkl:label>
			<imkl:omschrijving>Aansluiting waterfontein 5685AA-17 Best</imkl:omschrijving>
			<imkl:inNetwork xlink:href="nl.imkl-KL4141.net_data_00571"/>
			<imkl:extraInfoType xlink:href="http://definities.geostandaarden.nl/imkl2015/id/waarde/ExtraDetailInfoTypeValue/aansluiting"/>
			<imkl:bestandLocatie>bronnen/KL4141/nl.imkl-KL4141_17G008716.aansluiting_data_5685AA_17.pdf</imkl:bestandLocatie>
			<imkl:bestandMediaType xlink:href="http://definities.geostandaarden.nl/imkl2015/id/waarde/BestandMediaTypeValue/PDF"/>
			<imkl:bestandIdentificator>nl.imkl-KL4141.aansluiting_data_5685AA_17</imkl:bestandIdentificator>
			<imkl:ligging>
				<gml:Curve gml:id="nl.imkl-KL4141.aansluiting_data_5685AA_17_geo" srsDimension="2" srsName="epsg:28992">
					<gml:segments>
						<gml:LineStringSegment>
							<gml:posList>154747 389512 154789 389447 154867 389439</gml:posList>
						</gml:LineStringSegment>
					</gml:segments>
				</gml:Curve>
			</imkl:ligging>
		</imkl:ExtraDetailinfo>
	</gml:featureMember>
	<gml:featureMember>
		<imkl:ExtraDetailinfo gml:id="nl.imkl-KL4141.huisaansluiting_data_5685AK_1">
			<imkl:identificatie>
				<imkl:NEN3610ID>
					<imkl:namespace>nl.imkl</imkl:namespace>
					<imkl:lokaalID>KL4141.huisaansluiting_data_5685AK_1</imkl:lokaalID>
				</imkl:NEN3610ID>
			</imkl:identificatie>
			<imkl:beginLifespanVersion>2017-03-17T09:31:44.00+01:00</imkl:beginLifespanVersion>
			<imkl:inNetwork xlink:href="nl.imkl-KL4141.net_data_00571"/>
			<imkl:adres>
				<imkl:Adres>
					<imkl:openbareRuimteNaam>Galmheuvel</imkl:openbareRuimteNaam>
					<imkl:huisnummer>1</imkl:huisnummer>
					<imkl:woonplaatsNaam>Best</imkl:woonplaatsNaam>
					<imkl:postcode>5685AK</imkl:postcode>
					<imkl:BAGidAdresseerbaarObject>0753010000010020</imkl:BAGidAdresseerbaarObject>
				</imkl:Adres>
			</imkl:adres>
			<imkl:extraInfoType xlink:href="http://definities.geostandaarden.nl/imkl2015/id/waarde/ExtraDetailInfoTypeValue/huisaansluiting"/>
			<imkl:bestandLocatie>bronnen/KL4141/nl.imkl-KL4141_17G008716.Best_Galmheuvel_1.pdf</imkl:bestandLocatie>
			<imkl:bestandMediaType xlink:href="http://definities.geostandaarden.nl/imkl2015/id/waarde/BestandMediaTypeValue/PDF"/>
			<imkl:bestandIdentificator>nl.imkl-KL4141.Best_Galmheuvel_1</imkl:bestandIdentificator>
			<imkl:ligging>
				<gml:Point gml:id="nl.imkl-KL4141.huisaansluiting_data_5685AK_1_geo" srsDimension="2" srsName="epsg:28992">
					<gml:pos>154558.823 389709.193</gml:pos>
				</gml:Point>
			</imkl:ligging>
		</imkl:ExtraDetailinfo>
	</gml:featureMember>
	<gml:featureMember>
		<imkl:ExtraDetailinfo gml:id="nl.imkl-KL4141.huisaansluiting_data_5685AK_3">
			<imkl:identificatie>
				<imkl:NEN3610ID>
					<imkl:namespace>nl.imkl</imkl:namespace>
					<imkl:lokaalID>KL4141.huisaansluiting_data_5685AK_3</imkl:lokaalID>
				</imkl:NEN3610ID>
			</imkl:identificatie>
			<imkl:beginLifespanVersion>2017-03-11T09:31:44.00+01:00</imkl:beginLifespanVersion>
			<imkl:inNetwork xlink:href="nl.imkl-KL4141.net_data_00571"/>
			<imkl:adres>
				<imkl:Adres>
					<imkl:openbareRuimteNaam>Galmheuvel</imkl:openbareRuimteNaam>
					<imkl:huisnummer>3</imkl:huisnummer>
					<imkl:woonplaatsNaam>Best</imkl:woonplaatsNaam>
					<imkl:postcode>5685AK</imkl:postcode>
					<imkl:BAGidAdresseerbaarObject>0753010000010021</imkl:BAGidAdresseerbaarObject>
				</imkl:Adres>
			</imkl:adres>
			<imkl:extraInfoType xlink:href="http://definities.geostandaarden.nl/imkl2015/id/waarde/ExtraDetailInfoTypeValue/huisaansluiting"/>
			<imkl:bestandLocatie>bronnen/KL4141/nl.imkl-KL4141_17G008716.Best_Galmheuvel_3.pdf</imkl:bestandLocatie>
			<imkl:bestandMediaType xlink:href="http://definities.geostandaarden.nl/imkl2015/id/waarde/BestandMediaTypeValue/PDF"/>
			<imkl:bestandIdentificator>nl.imkl-KL4141.Best_Galmheuvel_3</imkl:bestandIdentificator>
			<imkl:ligging>
				<gml:Point gml:id="nl.imkl-KL4141.huisaansluiting_data_5685AK_3_geo" srsDimension="2" srsName="epsg:28992">
					<gml:pos>154560.459 389704.124</gml:pos>
				</gml:Point>
			</imkl:ligging>
		</imkl:ExtraDetailinfo>
	</gml:featureMember>
	<gml:featureMember>
		<imkl:ExtraDetailinfo gml:id="nl.imkl-KL4141.huisaansluiting_data_5685AK_5">
			<imkl:identificatie>
				<imkl:NEN3610ID>
					<imkl:namespace>nl.imkl</imkl:namespace>
					<imkl:lokaalID>KL4141.huisaansluiting_data_5685AK_5</imkl:lokaalID>
				</imkl:NEN3610ID>
			</imkl:identificatie>
			<imkl:beginLifespanVersion>2017-03-17T09:31:44.00+01:00</imkl:beginLifespanVersion>
			<imkl:inNetwork xlink:href="nl.imkl-KL4141.net_data_00571"/>
			<imkl:adres>
				<imkl:Adres>
					<imkl:openbareRuimteNaam>Galmheuvel</imkl:openbareRuimteNaam>
					<imkl:huisnummer>5</imkl:huisnummer>
					<imkl:woonplaatsNaam>Best</imkl:woonplaatsNaam>
					<imkl:postcode>5685AK</imkl:postcode>
					<imkl:BAGidAdresseerbaarObject>0753010000010022</imkl:BAGidAdresseerbaarObject>
				</imkl:Adres>
			</imkl:adres>
			<imkl:extraInfoType xlink:href="http://definities.geostandaarden.nl/imkl2015/id/waarde/ExtraDetailInfoTypeValue/huisaansluiting"/>
			<imkl:bestandLocatie>bronnen/KL4141/nl.imkl-KL4141_17G008716.Best_Galmheuvel_5.pdf</imkl:bestandLocatie>
			<imkl:bestandMediaType xlink:href="http://definities.geostandaarden.nl/imkl2015/id/waarde/BestandMediaTypeValue/PDF"/>
			<imkl:bestandIdentificator>nl.imkl-KL4141.Best_Galmheuvel_5</imkl:bestandIdentificator>
			<imkl:ligging>
				<gml:Point gml:id="nl.imkl-KL4141.huisaansluiting_data_5685AK_5_geo" srsDimension="2" srsName="epsg:28992">
					<gml:pos>154562.169 389698.820</gml:pos>
				</gml:Point>
			</imkl:ligging>
		</imkl:ExtraDetailinfo>
	</gml:featureMember>
	<gml:featureMember>
		<imkl:ExtraDetailinfo gml:id="nl.imkl-KL4141.huisaansluiting_data_5685AK_7">
			<imkl:identificatie>
				<imkl:NEN3610ID>
					<imkl:namespace>nl.imkl</imkl:namespace>
					<imkl:lokaalID>KL4141.huisaansluiting_data_5685AK_7</imkl:lokaalID>
				</imkl:NEN3610ID>
			</imkl:identificatie>
			<imkl:beginLifespanVersion>2017-03-17T09:31:44.00+01:00</imkl:beginLifespanVersion>
			<imkl:inNetwork xlink:href="nl.imkl-KL4141.net_data_00571"/>
			<imkl:adres>
				<imkl:Adres>
					<imkl:openbareRuimteNaam>Galmheuvel</imkl:openbareRuimteNaam>
					<imkl:huisnummer>7</imkl:huisnummer>
					<imkl:woonplaatsNaam>Best</imkl:woonplaatsNaam>
					<imkl:postcode>5685AK</imkl:postcode>
					<imkl:BAGidAdresseerbaarObject>0753010000010023</imkl:BAGidAdresseerbaarObject>
				</imkl:Adres>
			</imkl:adres>
			<imkl:extraInfoType xlink:href="http://definities.geostandaarden.nl/imkl2015/id/waarde/ExtraDetailInfoTypeValue/huisaansluiting"/>
			<imkl:bestandLocatie>bronnen/KL4141/nl.imkl-KL4141_17G008716.Best_Galmheuvel_7.pdf</imkl:bestandLocatie>
			<imkl:bestandMediaType xlink:href="http://definities.geostandaarden.nl/imkl2015/id/waarde/BestandMediaTypeValue/PDF"/>
			<imkl:bestandIdentificator>nl.imkl-KL4141.Best_Galmheuvel_7</imkl:bestandIdentificator>
			<imkl:ligging>
				<gml:Point gml:id="nl.imkl-KL4141.huisaansluiting_data_5685AK_7_geo" srsDimension="2" srsName="epsg:28992">
					<gml:pos>154563.977 389693.216</gml:pos>
				</gml:Point>
			</imkl:ligging>
		</imkl:ExtraDetailinfo>
	</gml:featureMember>
	<gml:featureMember>
		<imkl:Utiliteitsnet gml:id="nl.imkl-KL4141.net_data_00571">
			<us-net-common:utilityNetworkType xlink:href="http://inspire.ec.europa.eu/codelist/UtilityNetworkTypeValue/telecommunications"/>
			<us-net-common:authorityRole xlink:href="http://inspire.ec.europa.eu/codelist/RelatedPartyRoleValue/operator"/>
			<imkl:identificatie>
				<imkl:NEN3610ID>
					<imkl:namespace>nl.imkl</imkl:namespace>
					<imkl:lokaalID>KL4141.net_data_00571</imkl:lokaalID>
				</imkl:NEN3610ID>
			</imkl:identificatie>
			<imkl:beginLifespanVersion>2001-12-17T09:30:47.00+01:00</imkl:beginLifespanVersion>
			<imkl:thema xlink:href="http://definities.geostandaarden.nl/imkl2015/id/waarde/Thema/datatransport"/>
		</imkl:Utiliteitsnet>
	</gml:featureMember>
	<gml:featureMember>
		<imkl:ExtraDetailinfo gml:id="nl.imkl-KL4141.overig_data_5685AG_11">
			<imkl:identificatie>
				<imkl:NEN3610ID>
					<imkl:namespace>nl.imkl</imkl:namespace>
					<imkl:lokaalID>KL4141.overig_data_5685AG_11</imkl:lokaalID>
				</imkl:NEN3610ID>
			</imkl:identificatie>
			<imkl:beginLifespanVersion>1974-03-11T08:00:00.00+01:00</imkl:beginLifespanVersion>
			<imkl:label>ED overig-/data - 5685AG-11</imkl:label>
			<imkl:omschrijving>Inpeiling passage 5685AG-11 Best</imkl:omschrijving>
			<imkl:inNetwork xlink:href="nl.imkl-KL4141.net_data_00571"/>
			<imkl:extraInfoType xlink:href="http://definities.geostandaarden.nl/imkl2015/id/waarde/ExtraDetailInfoTypeValue/overig"/>
			<imkl:bestandLocatie>bronnen/KL4141/nl.imkl-KL4141_17G008716.overig_data_5685AG_11.pdf</imkl:bestandLocatie>
			<imkl:bestandMediaType xlink:href="http://definities.geostandaarden.nl/imkl2015/id/waarde/BestandMediaTypeValue/PDF"/>
			<imkl:bestandIdentificator>nl.imkl-KL4141.overig_data_5685AG_11</imkl:bestandIdentificator>
			<imkl:ligging>
				<gml:LineString gml:id="nl.imkl-KL4141.overig_data_5685AG_11_geo" srsDimension="2" srsName="epsg:28992">
					<gml:posList>154589 389541 154577 389483</gml:posList>
				</gml:LineString>
			</imkl:ligging>
		</imkl:ExtraDetailinfo>
	</gml:featureMember>
	<gml:featureMember>
		<imkl:ExtraDetailinfo gml:id="nl.imkl-KL4141.profielschets_data_154547_389406">
			<imkl:identificatie>
				<imkl:NEN3610ID>
					<imkl:namespace>nl.imkl</imkl:namespace>
					<imkl:lokaalID>KL4141.profielschets_data_154547_389406</imkl:lokaalID>
				</imkl:NEN3610ID>
			</imkl:identificatie>
			<imkl:beginLifespanVersion>2014-11-17T09:31:44.00+01:00</imkl:beginLifespanVersion>
			<imkl:label>Profielschets 5685AG</imkl:label>
			<imkl:omschrijving>Profielschets boring Wilhelminakanaal Best</imkl:omschrijving>
			<imkl:inNetwork xlink:href="nl.imkl-KL4141.net_data_00571"/>
			<imkl:extraInfoType xlink:href="http://definities.geostandaarden.nl/imkl2015/id/waarde/ExtraDetailInfoTypeValue/profielschets"/>
			<imkl:bestandLocatie>bronnen/KL4141/nl.imkl-KL4141_17G008716.PF_data_154547_389406.pdf</imkl:bestandLocatie>
			<imkl:bestandMediaType xlink:href="http://definities.geostandaarden.nl/imkl2015/id/waarde/BestandMediaTypeValue/PDF"/>
			<imkl:bestandIdentificator>nl.imkl-KL4141.PF_data_154547_389406</imkl:bestandIdentificator>
			<imkl:ligging>
				<gml:Polygon gml:id="nl.imkl-KL4141.profielschets_data_154547_389406_geo" srsDimension="2" srsName="epsg:28992">
					<gml:exterior>
						<gml:LinearRing>
							<gml:posList>154552 389505 154526 389390 154545 389387 154571 389502 154552 389505</gml:posList>
						</gml:LinearRing>
					</gml:exterior>
				</gml:Polygon>
			</imkl:ligging>
		</imkl:ExtraDetailinfo>
	</gml:featureMember>
</gml:FeatureCollection>
