<?xml version="1.0" encoding="UTF-8" standalone="yes"?><Leveringsinformatie xmlns="http://www.kadaster.nl/schemas/klic/leveringsinformatie/v20180418" xmlns:xlink="http://www.w3.org/1999/xlink" xmlns:gml="http://www.opengis.net/gml/3.2"><version>2.2</version><bijlagePerLevering><soortBijlage>achtergrondkaart</soortBijlage><bestandLocatie>bronnen/GB_19O000213.png</bestandLocatie><bestandMediaType xlink:href="http://definities.geostandaarden.nl/imkl2015/id/waarde/BestandMediaTypeValue/PNG"/><bestandIdentificator>GB_19O000213</bestandIdentificator></bijlagePerLevering><bijlagePerLevering><soortBijlage>leveringsbrief</soortBijlage><bestandLocatie>LI_19O000213_1.pdf</bestandLocatie><bestandMediaType xlink:href="http://definities.geostandaarden.nl/imkl2015/id/waarde/BestandMediaTypeValue/PDF"/><bestandIdentificator>LI_19O000213_1</bestandIdentificator></bijlagePerLevering><bijlagePerLevering><soortBijlage>gebiedsinformatieLevering</soortBijlage><bestandLocatie>GI_gebiedsinformatielevering_19O000213_1.xml</bestandLocatie><bestandMediaType xlink:href="http://definities.geostandaarden.nl/imkl2015/id/waarde/BestandMediaTypeValue/XML"/><bestandIdentificator>GI_gebiedsinformatielevering_19O000213_1</bestandIdentificator></bijlagePerLevering><pngFormaat><omsluitendeRechthoek><gml:Envelope srsName="urn:ogc:def:crs:EPSG::28992" srsDimension="2"><gml:lowerCorner>189068.0 350697.0</gml:lowerCorner><gml:upperCorner>191440.0 353103.0</gml:upperCorner></gml:Envelope></omsluitendeRechthoek><pixelsBreed>7116</pixelsBreed><pixelsHoog>7218</pixelsHoog></pngFormaat><belanghebbende><bronhoudercode>KL1031</bronhoudercode><beheerdersinformatieVersie>IMKL1.2</beheerdersinformatieVersie><beheerdersinformatie><thema xlink:href="http://definities.geostandaarden.nl/imkl2015/id/waarde/Thema/gasLageDruk"/><eisVoorzorgmaatregel>false</eisVoorzorgmaatregel></beheerdersinformatie><beheerdersinformatie><thema xlink:href="http://definities.geostandaarden.nl/imkl2015/id/waarde/Thema/gasHogeDruk"/><eisVoorzorgmaatregel>true</eisVoorzorgmaatregel><themabijlagePerNetbeheerder><soortBijlage>eisVoorzorgsmaatregel</soortBijlage><bestandLocatie>bronnen/KL1031/nl.imkl-KL1031_19O000213.EVTYPE5.c937c325-89e1-426b-b510-3131be02e565_gasHogeDruk.pdf</bestandLocatie><bestandMediaType xlink:href="http://definities.geostandaarden.nl/imkl2015/id/waarde/BestandMediaTypeValue/PDF"/><bestandIdentificator>nl.imkl-KL1031.EVTYPE5.c937c325-89e1-426b-b510-3131be02e565_gasHogeDruk</bestandIdentificator></themabijlagePerNetbeheerder></beheerdersinformatie><beheerdersinformatie><thema xlink:href="http://definities.geostandaarden.nl/imkl2015/id/waarde/Thema/laagspanning"/><eisVoorzorgmaatregel>false</eisVoorzorgmaatregel><themabijlagePerNetbeheerder><soortBijlage>profielschets</soortBijlage><bestandLocatie>bronnen/KL1031/nl.imkl-KL1031_19O000213.profielschets_ea3d06f5-c8a2-4bed-a1b8-6e078e34ca65.pdf</bestandLocatie><bestandMediaType xlink:href="http://definities.geostandaarden.nl/imkl2015/id/waarde/BestandMediaTypeValue/PDF"/><bestandIdentificator>nl.imkl-KL1031.profielschets_ea3d06f5-c8a2-4bed-a1b8-6e078e34ca65</bestandIdentificator></themabijlagePerNetbeheerder><themabijlagePerNetbeheerder><soortBijlage>profielschets</soortBijlage><bestandLocatie>bronnen/KL1031/nl.imkl-KL1031_19O000213.profielschets_9186554d-2b35-4790-afdf-693a8b690af0.pdf</bestandLocatie><bestandMediaType xlink:href="http://definities.geostandaarden.nl/imkl2015/id/waarde/BestandMediaTypeValue/PDF"/><bestandIdentificator>nl.imkl-KL1031.profielschets_9186554d-2b35-4790-afdf-693a8b690af0</bestandIdentificator></themabijlagePerNetbeheerder></beheerdersinformatie><beheerdersinformatie><thema xlink:href="http://definities.geostandaarden.nl/imkl2015/id/waarde/Thema/middenspanning"/><eisVoorzorgmaatregel>true</eisVoorzorgmaatregel><themabijlagePerNetbeheerder><soortBijlage>eisVoorzorgsmaatregel</soortBijlage><bestandLocatie>bronnen/KL1031/nl.imkl-KL1031_19O000213.EVTYPE3.da36892b-fa2d-4f65-b68f-fedc225b1f3e_middenspanning.pdf</bestandLocatie><bestandMediaType xlink:href="http://definities.geostandaarden.nl/imkl2015/id/waarde/BestandMediaTypeValue/PDF"/><bestandIdentificator>nl.imkl-KL1031.EVTYPE3.da36892b-fa2d-4f65-b68f-fedc225b1f3e_middenspanning</bestandIdentificator></themabijlagePerNetbeheerder><themabijlagePerNetbeheerder><soortBijlage>overig</soortBijlage><bestandLocatie>bronnen/KL1031/nl.imkl-KL1031_19O000213.overig_1234d1c1-ba0c-4497-8589-6de6f60d579f.pdf</bestandLocatie><bestandMediaType xlink:href="http://definities.geostandaarden.nl/imkl2015/id/waarde/BestandMediaTypeValue/PDF"/><bestandIdentificator>nl.imkl-KL1031.overig_1234d1c1-ba0c-4497-8589-6de6f60d579f</bestandIdentificator></themabijlagePerNetbeheerder><themabijlagePerNetbeheerder><soortBijlage>overig</soortBijlage><bestandLocatie>bronnen/KL1031/nl.imkl-KL1031_19O000213.overig_6aea0409-ca2b-4fbe-b0dc-09618cc8bf6c.pdf</bestandLocatie><bestandMediaType xlink:href="http://definities.geostandaarden.nl/imkl2015/id/waarde/BestandMediaTypeValue/PDF"/><bestandIdentificator>nl.imkl-KL1031.overig_6aea0409-ca2b-4fbe-b0dc-09618cc8bf6c</bestandIdentificator></themabijlagePerNetbeheerder></beheerdersinformatie></belanghebbende><belanghebbende><bronhoudercode>KL1110</bronhoudercode><beheerdersinformatieVersie>IMKL1.2</beheerdersinformatieVersie><beheerdersinformatie><thema xlink:href="http://definities.geostandaarden.nl/imkl2015/id/waarde/Thema/water"/><eisVoorzorgmaatregel>true</eisVoorzorgmaatregel><themabijlagePerNetbeheerder><soortBijlage>eisVoorzorgsmaatregel</soortBijlage><bestandLocatie>bronnen/KL1110/nl.imkl-KL1110_19O000213.EvOrientatie.pdf_water.pdf</bestandLocatie><bestandMediaType xlink:href="http://definities.geostandaarden.nl/imkl2015/id/waarde/BestandMediaTypeValue/PDF"/><bestandIdentificator>nl.imkl-KL1110.EvOrientatie.pdf_water</bestandIdentificator></themabijlagePerNetbeheerder></beheerdersinformatie></belanghebbende><belanghebbende><bronhoudercode>GM1641</bronhoudercode><beheerdersinformatieVersie>IMKL1.2</beheerdersinformatieVersie><beheerdersinformatie><thema xlink:href="http://definities.geostandaarden.nl/imkl2015/id/waarde/Thema/rioolOnderOverOfOnderdruk"/><eisVoorzorgmaatregel>false</eisVoorzorgmaatregel></beheerdersinformatie><beheerdersinformatie><thema xlink:href="http://definities.geostandaarden.nl/imkl2015/id/waarde/Thema/laagspanning"/><eisVoorzorgmaatregel>false</eisVoorzorgmaatregel></beheerdersinformatie><beheerdersinformatie><thema xlink:href="http://definities.geostandaarden.nl/imkl2015/id/waarde/Thema/overig"/><eisVoorzorgmaatregel>false</eisVoorzorgmaatregel></beheerdersinformatie><beheerdersinformatie><thema xlink:href="http://definities.geostandaarden.nl/imkl2015/id/waarde/Thema/rioolVrijverval"/><eisVoorzorgmaatregel>false</eisVoorzorgmaatregel></beheerdersinformatie></belanghebbende><belanghebbende><bronhoudercode>KL1021</bronhoudercode><beheerdersinformatieVersie>IMKL1.2</beheerdersinformatieVersie><bijlagePerNetbeheerder><soortBijlage>algemeen</soortBijlage><bestandLocatie>bronnen/KL1021/nl.imkl-KL1021_19O000213.BijlageAlgemeen_1_0.pdf</bestandLocatie><bestandMediaType xlink:href="http://definities.geostandaarden.nl/imkl2015/id/waarde/BestandMediaTypeValue/PDF"/><bestandIdentificator>nl.imkl-KL1021.BijlageAlgemeen_1_0</bestandIdentificator></bijlagePerNetbeheerder><beheerdersinformatie><thema xlink:href="http://definities.geostandaarden.nl/imkl2015/id/waarde/Thema/buisleidingGevaarlijkeInhoud"/><eisVoorzorgmaatregel>true</eisVoorzorgmaatregel><themabijlagePerNetbeheerder><soortBijlage>eisVoorzorgsmaatregel</soortBijlage><bestandLocatie>bronnen/KL1021/nl.imkl-KL1021_19O000213.EV_buisGevaarlijkeInhoud_EV_O_buisleidingGevaarlijkeInhoud.pdf</bestandLocatie><bestandMediaType xlink:href="http://definities.geostandaarden.nl/imkl2015/id/waarde/BestandMediaTypeValue/PDF"/><bestandIdentificator>nl.imkl-KL1021.EV_buisGevaarlijkeInhoud_EV_O_buisleidingGevaarlijkeInhoud</bestandIdentificator></themabijlagePerNetbeheerder></beheerdersinformatie><beheerdersinformatie><thema xlink:href="http://definities.geostandaarden.nl/imkl2015/id/waarde/Thema/overig"/><eisVoorzorgmaatregel>false</eisVoorzorgmaatregel></beheerdersinformatie></belanghebbende><belanghebbende><bronhoudercode>KL1052</bronhoudercode><beheerdersinformatieVersie>IMKL1.2</beheerdersinformatieVersie><beheerdersinformatie><thema xlink:href="http://definities.geostandaarden.nl/imkl2015/id/waarde/Thema/landelijkHoogspanningsnet"/><eisVoorzorgmaatregel>false</eisVoorzorgmaatregel></beheerdersinformatie></belanghebbende></Leveringsinformatie>