<?xml version="1.0" encoding="UTF-8"?>
<!-- bestandsnaam: Voorzorgsmaatregelen KL3131 (GHD).xml -->
<!-- bron: Kadaster-Klic -->
<!-- _____________________________________________________________________________________________________________________ -->
<!-- toelichting:  -->
<!-- Voorbeeld van de aanlevering van document-sjablonen en beslissingsregels voor de bepaling van eis voorzorgsmaatregelen door Kadaster-KLIC. -->
<!-- De gebruikte voorbeeld-features zijn bedoeld voor demo-doeleinden en zijn niet bedoeld om een representatie te geven van de werkelijke situatie ter plaatse. -->
<!-- De inhoud is gebaseerd op de definities uit IMKL2015, versie 1.2.1 -->
<!-- -->
<!-- Het betreft de volgende entiteiten: 																																					-->
<!-- utiliteitsnetAanduiding:								2 x gasHogeDruk																										-->
<!-- werkzaamhedenAanduiding:						12 soorten werkzaamheden, ingedeeld naar 2 werkaanduiding-klasses		-->
<!-- voorzorgsmaatregelBeslissingsregel:	4 beslissingsregels, resulterend in 4 soorten maatregelen								-->
<!-- voorzorgsmaatregelToelichting:				4 maatregelen met toelichting en verwijzingen naar 4 sjablonen					-->
<!-- documentSjabloon:										4 sjablonen met een verwijzing naar een pdf-bestand										-->
<!-- _____________________________________________________________________________________________________________________ -->
<!--
xmlns="http://www.kadaster.nl/schemas/klic/20170801/voorzorgsmaatregelen" 
xmlns:xsi="http://www.w3.org/2001/XMLSchema-instance" 
xsi:schemaLocation="http://www.kadaster.nl/schemas/klic/20170801/voorzorgsmaatregelen file:../KlicVoorzorgsmaatregelenBeheer-0.9.xsd">
-->
<VoorzorgsmaatregelenBeheer 
xmlns="http://www.kadaster.nl/schemas/klic/20170801/voorzorgsmaatregelen" 
xmlns:xsi="http://www.w3.org/2001/XMLSchema-instance" 
xsi:schemaLocation="http://www.kadaster.nl/schemas/klic/20170801/voorzorgsmaatregelen file:../KlicVoorzorgsmaatregelenBeheer-0.9.xsd">
	<versie>0.9</versie>
	<bronhoudercode>KL3131</bronhoudercode>
	<bronhouderNaam>Enander</bronhouderNaam>
	<!-- _________________ documentSjablonen _________________ -->
	<documentSjabloon>
		<sjabloonID>
			<namespace>nl.imkl</namespace>
			<lokaalID>KL3131.EV_gasHogeDruk_risicoHoog</lokaalID>
		</sjabloonID>
		<bestandMediaType>application/pdf</bestandMediaType>
		<bestandsnaam>GHD-risicoHoog.sjabloon_v1.1.pdf</bestandsnaam>
	</documentSjabloon>
	<documentSjabloon>
		<sjabloonID>
			<namespace>nl.imkl</namespace>
			<lokaalID>KL3131.EV_O_gasHogeDruk_risicoHoog</lokaalID>
		</sjabloonID>
		<bestandMediaType>application/pdf</bestandMediaType>
		<bestandsnaam>O_GHD-risicoHoog.sjabloon_v1.1.pdf</bestandsnaam>
	</documentSjabloon>
	<documentSjabloon>
		<sjabloonID>
			<namespace>nl.imkl</namespace>
			<lokaalID>KL3131.EV_gasHogeDruk_risicoMidden</lokaalID>
		</sjabloonID>
		<bestandMediaType>application/pdf</bestandMediaType>
		<bestandsnaam>GHD-risicoMidden.sjabloon_v1.4.pdf</bestandsnaam>
	</documentSjabloon>
	<documentSjabloon>
		<sjabloonID>
			<namespace>nl.imkl</namespace>
			<lokaalID>KL3131.EV_O_gasHogeDruk_risicoMidden</lokaalID>
		</sjabloonID>
		<bestandMediaType>application/pdf</bestandMediaType>
		<bestandsnaam>O_GHD-risicoMidden.sjabloon_v1.4.pdf</bestandsnaam>
	</documentSjabloon>
	<!-- _________________ utiliteitsnetAanduidingen _________________ -->
	<utiliteitsnetAanduiding>
		<thema>gasHogedruk</thema>
		<netbeheerderNetAanduiding>vz-GHD</netbeheerderNetAanduiding>
		<netbeheerderNetOmschrijving>voorzorg-GHD (gas hogedruk leidingen)</netbeheerderNetOmschrijving>
	</utiliteitsnetAanduiding>
	<utiliteitsnetAanduiding>
		<thema>gasHogedruk</thema>
		<netbeheerderNetAanduiding>vz-GHD-orientatiebuffer</netbeheerderNetAanduiding>
		<netbeheerderNetOmschrijving>voorzorg-GHD (gas hogedruk leidingen) - bij orientatie</netbeheerderNetOmschrijving>
	</utiliteitsnetAanduiding>
	<!-- _________________ werkzaamhedenAanduidingen _________________ -->
	<!-- Werkzh-klasse 3 (W3-hoog) -->
	<werkzaamhedenAanduiding>
		<soortWerkzaamheden>baggerwerk</soortWerkzaamheden>
		<netbeheerderWerkAanduiding>Werkzh-klasse 3 (W3-hoog)</netbeheerderWerkAanduiding>
	</werkzaamhedenAanduiding>
	<werkzaamhedenAanduiding>
		<soortWerkzaamheden>damwandBeschoeiingSlaan</soortWerkzaamheden>
		<netbeheerderWerkAanduiding>Werkzh-klasse 3 (W3-hoog)</netbeheerderWerkAanduiding>
	</werkzaamhedenAanduiding>
	<werkzaamhedenAanduiding>
		<soortWerkzaamheden>diepploegen</soortWerkzaamheden>
		<netbeheerderWerkAanduiding>Werkzh-klasse 3 (W3-hoog)</netbeheerderWerkAanduiding>
	</werkzaamhedenAanduiding>
	<werkzaamhedenAanduiding>
		<soortWerkzaamheden>drainage</soortWerkzaamheden>
		<netbeheerderWerkAanduiding>Werkzh-klasse 3 (W3-hoog)</netbeheerderWerkAanduiding>
	</werkzaamhedenAanduiding>
	<werkzaamhedenAanduiding>
		<soortWerkzaamheden>heien</soortWerkzaamheden>
		<netbeheerderWerkAanduiding>Werkzh-klasse 3 (W3-hoog)</netbeheerderWerkAanduiding>
	</werkzaamhedenAanduiding>
	<werkzaamhedenAanduiding>
		<soortWerkzaamheden>leggenHoogspanning</soortWerkzaamheden>
		<netbeheerderWerkAanduiding>Werkzh-klasse 3 (W3-hoog)</netbeheerderWerkAanduiding>
	</werkzaamhedenAanduiding>
	<werkzaamhedenAanduiding>
		<soortWerkzaamheden>persingBoring</soortWerkzaamheden>
		<netbeheerderWerkAanduiding>Werkzh-klasse 3 (W3-hoog)</netbeheerderWerkAanduiding>
	</werkzaamhedenAanduiding>
	<werkzaamhedenAanduiding>
		<soortWerkzaamheden>rioleringswerkzaamheden</soortWerkzaamheden>
		<netbeheerderWerkAanduiding>Werkzh-klasse 3 (W3-hoog)</netbeheerderWerkAanduiding>
	</werkzaamhedenAanduiding>
	<werkzaamhedenAanduiding>
		<soortWerkzaamheden>zinkerMaken</soortWerkzaamheden>
		<netbeheerderWerkAanduiding>Werkzh-klasse 3 (W3-hoog)</netbeheerderWerkAanduiding>
	</werkzaamhedenAanduiding>
	<!-- Werkzh-klasse 2 (W2-midden) -->
	<werkzaamhedenAanduiding>
		<soortWerkzaamheden>kabelsLeidingenVerleggen</soortWerkzaamheden>
		<netbeheerderWerkAanduiding>Werkzh-klasse 2 (W2-midden)</netbeheerderWerkAanduiding>
	</werkzaamhedenAanduiding>
	<werkzaamhedenAanduiding>
		<soortWerkzaamheden>reconstructiewerkzaamheden</soortWerkzaamheden>
		<netbeheerderWerkAanduiding>Werkzh-klasse 2 (W2-midden)</netbeheerderWerkAanduiding>
	</werkzaamhedenAanduiding>
	<werkzaamhedenAanduiding>
		<soortWerkzaamheden>waterleidingLeggen</soortWerkzaamheden>
		<netbeheerderWerkAanduiding>Werkzh-klasse 2 (W2-midden)</netbeheerderWerkAanduiding>
	</werkzaamhedenAanduiding>
	<!-- _________________ voorzorgsmaatregelBeslissingsregels _________________ -->
	<!-- vz-GHD -->
	<voorzorgsmaatregelBeslissingsregel>
		<thema>gasHogedruk</thema>
		<netbeheerderNetAanduiding>vz-GHD</netbeheerderNetAanduiding>
		<aanvraagSoort>graafmelding</aanvraagSoort>
		<netbeheerderWerkAanduiding>Werkzh-klasse 3 (W3-hoog)</netbeheerderWerkAanduiding>
		<maatregel>G_GHD-W3-hoog</maatregel>
		<maatregelPrioriteit>9</maatregelPrioriteit>
	</voorzorgsmaatregelBeslissingsregel>
	<voorzorgsmaatregelBeslissingsregel>
		<thema>gasHogedruk</thema>
		<netbeheerderNetAanduiding>vz-GHD</netbeheerderNetAanduiding>
		<aanvraagSoort>graafmelding</aanvraagSoort>
		<netbeheerderWerkAanduiding>Werkzh-klasse 2 (W2-midden)</netbeheerderWerkAanduiding>
		<maatregel>G_GHD-W2</maatregel>
		<maatregelPrioriteit>6</maatregelPrioriteit>
	</voorzorgsmaatregelBeslissingsregel>
	<!-- vz-GHD-orientatiebuffer -->
	<voorzorgsmaatregelBeslissingsregel>
		<thema>gasHogedruk</thema>
		<netbeheerderNetAanduiding>vz-GHD-orientatiebuffer</netbeheerderNetAanduiding>
		<aanvraagSoort>orientatieverzoek</aanvraagSoort>
		<netbeheerderWerkAanduiding>Werkzh-klasse 3 (W3-hoog)</netbeheerderWerkAanduiding>
		<maatregel>O_GHD-W3-hoog</maatregel>
		<maatregelPrioriteit>9</maatregelPrioriteit>
	</voorzorgsmaatregelBeslissingsregel>
	<voorzorgsmaatregelBeslissingsregel>
		<thema>gasHogedruk</thema>
		<netbeheerderNetAanduiding>vz-GHD-orientatiebuffer</netbeheerderNetAanduiding>
		<aanvraagSoort>orientatieverzoek</aanvraagSoort>
		<netbeheerderWerkAanduiding>Werkzh-klasse 2 (W2-midden)</netbeheerderWerkAanduiding>
		<maatregel>O_GHD-W2</maatregel>
		<maatregelPrioriteit>6</maatregelPrioriteit>
	</voorzorgsmaatregelBeslissingsregel>
	<!-- _________________ voorzorgsmaatregelToelichtingen _________________ -->
	<voorzorgsmaatregelToelichting>
		<maatregel>G_GHD-W3-hoog</maatregel>
		<toelichting>GHD - risico HOOG (bij deze werkzaamheden)</toelichting>
		<sjabloonID>
			<namespace>nl.imkl</namespace>
			<lokaalID>KL3131.EV_gasHogeDruk_risicoHoog</lokaalID>
		</sjabloonID>
	</voorzorgsmaatregelToelichting>
	<voorzorgsmaatregelToelichting>
		<maatregel>O_GHD-W3-hoog</maatregel>
		<toelichting>GHD - risico HOOG (bij deze werkzaamheden)</toelichting>
		<sjabloonID>
			<namespace>nl.imkl</namespace>
			<lokaalID>KL3131.EV_O_gasHogeDruk_risicoHoog</lokaalID>
		</sjabloonID>
	</voorzorgsmaatregelToelichting>
	<voorzorgsmaatregelToelichting>
		<maatregel>G_GHD-W2</maatregel>
		<toelichting>GHD - extra attententie bij uitvoering van deze werkzaamheden)</toelichting>
		<sjabloonID>
			<namespace>nl.imkl</namespace>
			<lokaalID>KL3131.EV_gasHogeDruk_risicoMidden</lokaalID>
		</sjabloonID>
	</voorzorgsmaatregelToelichting>
	<voorzorgsmaatregelToelichting>
		<maatregel>O_GHD-W2</maatregel>
		<toelichting>GHD - extra attententie bij uitvoering van deze werkzaamheden)</toelichting>
		<sjabloonID>
			<namespace>nl.imkl</namespace>
			<lokaalID>KL3131.EV_O_gasHogeDruk_risicoMidden</lokaalID>
		</sjabloonID>
	</voorzorgsmaatregelToelichting>
</VoorzorgsmaatregelenBeheer>
