<?xml version="1.0" encoding="UTF-8"?>
<!-- bestandsnaam: Voorbeeld aanlevering voorzorgsmaatregelen KL3131 (diverse thema's-beslissingsregels).xml -->
<!-- bron: Kadaster-Klic -->
<!-- _______________________________________________________________________________________
Toelichting:
Voorbeeld van de aanlevering van document-sjablonen en beslissingsregels voor de bepaling van 
eis voorzorgsmaatregelen door Kadaster-KLIC.
De gebruikte voorbeeld-features zijn bedoeld voor demo-doeleinden en zijn niet bedoeld om een representatie te
geven van de werkelijke situatie ter plaatse.
De inhoud is gebaseerd op de definities uit IMKL2015, versie 1.2.1.

Het betreft de volgende entiteiten:
	- utiliteitsnetAanduiding:								4 x middenspanning, 1 x hoogspanning
	- werkzaamhedenAanduiding:						10 soorten werkzaamheden, ingedeeld naar 3 werkaanduiding-klasses
	- voorzorgsmaatregelBeslissingsregel:		23 beslissingsregels, resulterend in 13 soorten maatregelen
	- voorzorgsmaatregelToelichting:				13 maatregelen met toelichting en verwijzingen naar 7 sjablonen
	- documentSjabloon:										7 sjablonen met een verwijzing naar een pdf-bestand
_______________________________________________________________________________________ -->

<VoorzorgsmaatregelenBeheer 
xmlns="http://www.kadaster.nl/schemas/klic/voorzorgsmaatregelen/v20180418" 
xmlns:xlink="http://www.w3.org/1999/xlink"> 
	<versie>1.0</versie>
	<bronhoudercode>KL3131</bronhoudercode>
	<bronhouderNaam>Enander</bronhouderNaam>
	<!-- _________________ documentSjablonen _________________ -->
	<documentSjabloon>
		<sjabloonID>
			<namespace>nl.imkl</namespace>
			<lokaalID>KL3131.EV_middenspanning_T_risicoHoog</lokaalID>
		</sjabloonID>
		<bestandMediaType xlink:href="http://definities.geostandaarden.nl/imkl2015/id/waarde/BestandMediaTypeValue/PDF"/>
		<bestandsnaam>MS-T-risicoHoog.sjabloon_v1.3.pdf</bestandsnaam>
	</documentSjabloon>
	<documentSjabloon>
		<sjabloonID>
			<namespace>nl.imkl</namespace>
			<lokaalID>KL3131.EV_middenspanning_T_standaard</lokaalID>
		</sjabloonID>
		<bestandMediaType xlink:href="http://definities.geostandaarden.nl/imkl2015/id/waarde/BestandMediaTypeValue/PDF"/>
		<bestandsnaam>MS-T-standaard.sjabloon_v1.1.pdf</bestandsnaam>
	</documentSjabloon>
	<documentSjabloon>
		<sjabloonID>
			<namespace>nl.imkl</namespace>
			<lokaalID>KL3131.EV_middenspanning_T_standaard_orientatie</lokaalID>
		</sjabloonID>
		<bestandMediaType xlink:href="http://definities.geostandaarden.nl/imkl2015/id/waarde/BestandMediaTypeValue/PDF"/>
		<bestandsnaam>MS-T-standaard_orientatie.sjabloon_v1.1.pdf</bestandsnaam>
	</documentSjabloon>
	<documentSjabloon>
		<sjabloonID>
			<namespace>nl.imkl</namespace>
			<lokaalID>KL3131.EV_middenspanning_D_risicoHoog</lokaalID>
		</sjabloonID>
		<bestandMediaType xlink:href="http://definities.geostandaarden.nl/imkl2015/id/waarde/BestandMediaTypeValue/PDF"/>
		<bestandsnaam>MS-D-risicoHoog.sjabloon_v1.4.pdf</bestandsnaam>
	</documentSjabloon>
	<documentSjabloon>
		<sjabloonID>
			<namespace>nl.imkl</namespace>
			<lokaalID>KL3131.EV_middenspanning_D_standaard</lokaalID>
		</sjabloonID>
		<bestandMediaType xlink:href="http://definities.geostandaarden.nl/imkl2015/id/waarde/BestandMediaTypeValue/PDF"/>
		<bestandsnaam>MS-D-standaard.sjabloon_v1.0.pdf</bestandsnaam>
	</documentSjabloon>
	<documentSjabloon>
		<sjabloonID>
			<namespace>nl.imkl</namespace>
			<lokaalID>KL3131.EV_middenspanning_3_standaard</lokaalID>
		</sjabloonID>
		<bestandMediaType xlink:href="http://definities.geostandaarden.nl/imkl2015/id/waarde/BestandMediaTypeValue/PDF"/>
		<bestandsnaam>MS3.sjabloon_v1.0.pdf</bestandsnaam>
	</documentSjabloon>
	<documentSjabloon>
		<sjabloonID>
			<namespace>nl.imkl</namespace>
			<lokaalID>KL3131.EV_hoogspanning_3_standaard</lokaalID>
		</sjabloonID>
		<bestandMediaType xlink:href="http://definities.geostandaarden.nl/imkl2015/id/waarde/BestandMediaTypeValue/PDF"/>
		<bestandsnaam>HS-W3.sjabloon_v1.0.pdf</bestandsnaam>
	</documentSjabloon>
	<!-- _________________ utiliteitsnetAanduidingen _________________ -->
	<utiliteitsnetAanduiding>
		<thema xlink:href="http://definities.geostandaarden.nl/imkl2015/id/waarde/Thema/middenspanning"/>
		<netbeheerderNetAanduiding>transport_4-100kV</netbeheerderNetAanduiding>
		<netbeheerderNetOmschrijving>EV-gebied transportleiding 4-100kV</netbeheerderNetOmschrijving>
	</utiliteitsnetAanduiding>
	<utiliteitsnetAanduiding>
		<thema xlink:href="http://definities.geostandaarden.nl/imkl2015/id/waarde/Thema/middenspanning"/>
		<netbeheerderNetAanduiding>transport_4-100kV_orientatiebuffer</netbeheerderNetAanduiding>
		<netbeheerderNetOmschrijving>EV-gebied transportleiding 4-100kV met orientatiebuffer</netbeheerderNetOmschrijving>
	</utiliteitsnetAanduiding>
	<utiliteitsnetAanduiding>
		<thema xlink:href="http://definities.geostandaarden.nl/imkl2015/id/waarde/Thema/middenspanning"/>
		<netbeheerderNetAanduiding>distributie_4-100kV</netbeheerderNetAanduiding>
		<netbeheerderNetOmschrijving>EV-gebied distributieleiding 4-100kV</netbeheerderNetOmschrijving>
	</utiliteitsnetAanduiding>
	<utiliteitsnetAanduiding>
		<thema xlink:href="http://definities.geostandaarden.nl/imkl2015/id/waarde/Thema/middenspanning"/>
		<netbeheerderNetAanduiding>distributie_tot4kV</netbeheerderNetAanduiding>
		<netbeheerderNetOmschrijving>EV-gebied distributieleiding &lt;4kV</netbeheerderNetOmschrijving>
	</utiliteitsnetAanduiding>
	<utiliteitsnetAanduiding>
		<thema xlink:href="http://definities.geostandaarden.nl/imkl2015/id/waarde/Thema/hoogspanning"/>
		<netbeheerderNetAanduiding>transport_HS</netbeheerderNetAanduiding>
		<netbeheerderNetOmschrijving>EV-gebied transport_HS</netbeheerderNetOmschrijving>
	</utiliteitsnetAanduiding>
	<!-- _________________ werkzaamhedenAanduidingen _________________ -->
	<werkzaamhedenAanduiding>
		<soortWerkzaamheden xlink:href="http://definities.geostandaarden.nl/imkl2015/id/waarde/SoortWerkzaamhedenValue/archeologischOnderzoek"/>
		<netbeheerderWerkAanduiding>W1-laag</netbeheerderWerkAanduiding>
	</werkzaamhedenAanduiding>
	<werkzaamhedenAanduiding>
		<soortWerkzaamheden xlink:href="http://definities.geostandaarden.nl/imkl2015/id/waarde/SoortWerkzaamhedenValue/bestratingswerk"/>
		<netbeheerderWerkAanduiding>W1-laag</netbeheerderWerkAanduiding>
	</werkzaamhedenAanduiding>
	<werkzaamhedenAanduiding>
		<soortWerkzaamheden xlink:href="http://definities.geostandaarden.nl/imkl2015/id/waarde/SoortWerkzaamhedenValue/hoveniersWerkzaamheden"/>
		<netbeheerderWerkAanduiding>W1-laag</netbeheerderWerkAanduiding>
	</werkzaamhedenAanduiding>
	<werkzaamhedenAanduiding>
		<soortWerkzaamheden xlink:href="http://definities.geostandaarden.nl/imkl2015/id/waarde/SoortWerkzaamhedenValue/aardingSlaan"/>
		<netbeheerderWerkAanduiding>W2-midden</netbeheerderWerkAanduiding>
	</werkzaamhedenAanduiding>
	<werkzaamhedenAanduiding>
		<soortWerkzaamheden xlink:href="http://definities.geostandaarden.nl/imkl2015/id/waarde/SoortWerkzaamhedenValue/bodemonderzoekSonderingen"/>
		<netbeheerderWerkAanduiding>W2-midden</netbeheerderWerkAanduiding>
	</werkzaamhedenAanduiding>
	<werkzaamhedenAanduiding>
		<soortWerkzaamheden xlink:href="http://definities.geostandaarden.nl/imkl2015/id/waarde/SoortWerkzaamhedenValue/bomenRooienOfPlanten"/>
		<netbeheerderWerkAanduiding>W2-midden</netbeheerderWerkAanduiding>
	</werkzaamhedenAanduiding>
	<werkzaamhedenAanduiding>
		<soortWerkzaamheden xlink:href="http://definities.geostandaarden.nl/imkl2015/id/waarde/SoortWerkzaamhedenValue/funderingswerk"/>
		<netbeheerderWerkAanduiding>W2-midden</netbeheerderWerkAanduiding>
	</werkzaamhedenAanduiding>
	<werkzaamhedenAanduiding>
		<soortWerkzaamheden xlink:href="http://definities.geostandaarden.nl/imkl2015/id/waarde/SoortWerkzaamhedenValue/damwandBeschoeiingSlaan"/>
		<netbeheerderWerkAanduiding>W3-hoog</netbeheerderWerkAanduiding>
	</werkzaamhedenAanduiding>
	<werkzaamhedenAanduiding>
		<soortWerkzaamheden xlink:href="http://definities.geostandaarden.nl/imkl2015/id/waarde/SoortWerkzaamhedenValue/diepPloegen"/>
		<netbeheerderWerkAanduiding>W3-hoog</netbeheerderWerkAanduiding>
	</werkzaamhedenAanduiding>
	<werkzaamhedenAanduiding>
		<soortWerkzaamheden xlink:href="http://definities.geostandaarden.nl/imkl2015/id/waarde/SoortWerkzaamhedenValue/heien"/>
		<netbeheerderWerkAanduiding>W3-hoog</netbeheerderWerkAanduiding>
	</werkzaamhedenAanduiding>
	<!-- _________________ voorzorgsmaatregelBeslissingsregels _________________ -->
	<!-- transport_4-100kV -->
	<voorzorgsmaatregelBeslissingsregel>
		<thema xlink:href="http://definities.geostandaarden.nl/imkl2015/id/waarde/Thema/middenspanning"/>
		<netbeheerderNetAanduiding>transport_4-100kV</netbeheerderNetAanduiding>
		<aanvraagSoort xlink:href="http://definities.geostandaarden.nl/imkl2015/id/waarde/AanvraagSoortValue/graafmelding"/>
		<netbeheerderWerkAanduiding>W3-hoog</netbeheerderWerkAanduiding>
		<maatregel>MS-T-W3</maatregel>
		<maatregelPrioriteit>9</maatregelPrioriteit>
	</voorzorgsmaatregelBeslissingsregel>
	<voorzorgsmaatregelBeslissingsregel>
		<thema xlink:href="http://definities.geostandaarden.nl/imkl2015/id/waarde/Thema/middenspanning"/>
		<netbeheerderNetAanduiding>transport_4-100kV</netbeheerderNetAanduiding>
		<aanvraagSoort xlink:href="http://definities.geostandaarden.nl/imkl2015/id/waarde/AanvraagSoortValue/graafmelding"/>
		<netbeheerderWerkAanduiding>W2-midden</netbeheerderWerkAanduiding>
		<maatregel>MS-T-W2</maatregel>
		<maatregelPrioriteit>6</maatregelPrioriteit>
	</voorzorgsmaatregelBeslissingsregel>
	<voorzorgsmaatregelBeslissingsregel>
		<thema xlink:href="http://definities.geostandaarden.nl/imkl2015/id/waarde/Thema/middenspanning"/>
		<netbeheerderNetAanduiding>transport_4-100kV</netbeheerderNetAanduiding>
		<aanvraagSoort xlink:href="http://definities.geostandaarden.nl/imkl2015/id/waarde/AanvraagSoortValue/graafmelding"/>
		<netbeheerderWerkAanduiding>W1-laag</netbeheerderWerkAanduiding>
		<maatregel>MS-T-W1</maatregel>
		<maatregelPrioriteit>2</maatregelPrioriteit>
	</voorzorgsmaatregelBeslissingsregel>
	<voorzorgsmaatregelBeslissingsregel>
		<thema xlink:href="http://definities.geostandaarden.nl/imkl2015/id/waarde/Thema/middenspanning"/>
		<netbeheerderNetAanduiding>transport_4-100kV</netbeheerderNetAanduiding>
		<aanvraagSoort xlink:href="http://definities.geostandaarden.nl/imkl2015/id/waarde/AanvraagSoortValue/calamiteitenmelding"/>
		<maatregel>MS-T-W3</maatregel>
		<maatregelPrioriteit>9</maatregelPrioriteit>
	</voorzorgsmaatregelBeslissingsregel>
	<!-- transport_4-100kV_orientatiebuffer -->
	<voorzorgsmaatregelBeslissingsregel>
		<thema xlink:href="http://definities.geostandaarden.nl/imkl2015/id/waarde/Thema/middenspanning"/>
		<netbeheerderNetAanduiding>transport_4-100kV_orientatiebuffer</netbeheerderNetAanduiding>
		<aanvraagSoort xlink:href="http://definities.geostandaarden.nl/imkl2015/id/waarde/AanvraagSoortValue/orientatieverzoek"/>
		<netbeheerderWerkAanduiding>W3-hoog</netbeheerderWerkAanduiding>
		<maatregel>MS-T-W3-O</maatregel>
		<maatregelPrioriteit>9</maatregelPrioriteit>
	</voorzorgsmaatregelBeslissingsregel>
	<voorzorgsmaatregelBeslissingsregel>
		<thema xlink:href="http://definities.geostandaarden.nl/imkl2015/id/waarde/Thema/middenspanning"/>
		<netbeheerderNetAanduiding>transport_4-100kV_orientatiebuffer</netbeheerderNetAanduiding>
		<aanvraagSoort xlink:href="http://definities.geostandaarden.nl/imkl2015/id/waarde/AanvraagSoortValue/orientatieverzoek"/>
		<netbeheerderWerkAanduiding>W2-midden</netbeheerderWerkAanduiding>
		<maatregel>MS-T-W2-O</maatregel>
		<maatregelPrioriteit>6</maatregelPrioriteit>
	</voorzorgsmaatregelBeslissingsregel>
	<voorzorgsmaatregelBeslissingsregel>
		<thema xlink:href="http://definities.geostandaarden.nl/imkl2015/id/waarde/Thema/middenspanning"/>
		<netbeheerderNetAanduiding>transport_4-100kV_orientatiebuffer</netbeheerderNetAanduiding>
		<aanvraagSoort xlink:href="http://definities.geostandaarden.nl/imkl2015/id/waarde/AanvraagSoortValue/orientatieverzoek"/>
		<netbeheerderWerkAanduiding>W1-laag</netbeheerderWerkAanduiding>
		<maatregel>MS-T-W1-O</maatregel>
		<maatregelPrioriteit>2</maatregelPrioriteit>
	</voorzorgsmaatregelBeslissingsregel>
	<!-- distributie_4-100kV -->
	<voorzorgsmaatregelBeslissingsregel>
		<thema xlink:href="http://definities.geostandaarden.nl/imkl2015/id/waarde/Thema/middenspanning"/>
		<netbeheerderNetAanduiding>distributie_4-100kV</netbeheerderNetAanduiding>
		<aanvraagSoort xlink:href="http://definities.geostandaarden.nl/imkl2015/id/waarde/AanvraagSoortValue/graafmelding"/>
		<netbeheerderWerkAanduiding>W3-hoog</netbeheerderWerkAanduiding>
		<maatregel>MS-D-W3</maatregel>
		<maatregelPrioriteit>6</maatregelPrioriteit>
	</voorzorgsmaatregelBeslissingsregel>
	<voorzorgsmaatregelBeslissingsregel>
		<thema xlink:href="http://definities.geostandaarden.nl/imkl2015/id/waarde/Thema/middenspanning"/>
		<netbeheerderNetAanduiding>distributie_4-100kV</netbeheerderNetAanduiding>
		<aanvraagSoort xlink:href="http://definities.geostandaarden.nl/imkl2015/id/waarde/AanvraagSoortValue/graafmelding"/>
		<netbeheerderWerkAanduiding>W2-midden</netbeheerderWerkAanduiding>
		<maatregel>MS-D-W2</maatregel>
		<maatregelPrioriteit>4</maatregelPrioriteit>
	</voorzorgsmaatregelBeslissingsregel>
	<voorzorgsmaatregelBeslissingsregel>
		<thema xlink:href="http://definities.geostandaarden.nl/imkl2015/id/waarde/Thema/middenspanning"/>
		<netbeheerderNetAanduiding>distributie_4-100kV</netbeheerderNetAanduiding>
		<aanvraagSoort xlink:href="http://definities.geostandaarden.nl/imkl2015/id/waarde/AanvraagSoortValue/graafmelding"/>
		<netbeheerderWerkAanduiding>W1-laag</netbeheerderWerkAanduiding>
		<maatregel>MS-D-W1</maatregel>
		<maatregelPrioriteit>2</maatregelPrioriteit>
	</voorzorgsmaatregelBeslissingsregel>
	<voorzorgsmaatregelBeslissingsregel>
		<thema xlink:href="http://definities.geostandaarden.nl/imkl2015/id/waarde/Thema/middenspanning"/>
		<netbeheerderNetAanduiding>distributie_4-100kV</netbeheerderNetAanduiding>
		<aanvraagSoort xlink:href="http://definities.geostandaarden.nl/imkl2015/id/waarde/AanvraagSoortValue/calamiteitenmelding"/>
		<maatregel>MS-D-W3</maatregel>
		<maatregelPrioriteit>6</maatregelPrioriteit>
	</voorzorgsmaatregelBeslissingsregel>
	<!-- distributie_tot4kV -->
	<voorzorgsmaatregelBeslissingsregel>
		<thema xlink:href="http://definities.geostandaarden.nl/imkl2015/id/waarde/Thema/middenspanning"/>
		<netbeheerderNetAanduiding>distributie_tot4kV</netbeheerderNetAanduiding>
		<aanvraagSoort xlink:href="http://definities.geostandaarden.nl/imkl2015/id/waarde/AanvraagSoortValue/graafmelding"/>
		<netbeheerderWerkAanduiding>W3-hoog</netbeheerderWerkAanduiding>
		<maatregel>MS3-W3</maatregel>
		<maatregelPrioriteit>3</maatregelPrioriteit>
	</voorzorgsmaatregelBeslissingsregel>
	<voorzorgsmaatregelBeslissingsregel>
		<thema xlink:href="http://definities.geostandaarden.nl/imkl2015/id/waarde/Thema/middenspanning"/>
		<netbeheerderNetAanduiding>distributie_tot4kV</netbeheerderNetAanduiding>
		<aanvraagSoort xlink:href="http://definities.geostandaarden.nl/imkl2015/id/waarde/AanvraagSoortValue/graafmelding"/>
		<netbeheerderWerkAanduiding>W2-midden</netbeheerderWerkAanduiding>
		<maatregel>MS3-W2</maatregel>
		<maatregelPrioriteit>2</maatregelPrioriteit>
	</voorzorgsmaatregelBeslissingsregel>
	<voorzorgsmaatregelBeslissingsregel>
		<thema xlink:href="http://definities.geostandaarden.nl/imkl2015/id/waarde/Thema/middenspanning"/>
		<netbeheerderNetAanduiding>distributie_tot4kV</netbeheerderNetAanduiding>
		<aanvraagSoort xlink:href="http://definities.geostandaarden.nl/imkl2015/id/waarde/AanvraagSoortValue/graafmelding"/>
		<netbeheerderWerkAanduiding>W1-laag</netbeheerderWerkAanduiding>
		<maatregel>MS3-W1</maatregel>
		<maatregelPrioriteit>1</maatregelPrioriteit>
	</voorzorgsmaatregelBeslissingsregel>
	<voorzorgsmaatregelBeslissingsregel>
		<thema xlink:href="http://definities.geostandaarden.nl/imkl2015/id/waarde/Thema/middenspanning"/>
		<netbeheerderNetAanduiding>distributie_tot4kV</netbeheerderNetAanduiding>
		<aanvraagSoort xlink:href="http://definities.geostandaarden.nl/imkl2015/id/waarde/AanvraagSoortValue/calamiteitenmelding"/>
		<maatregel>MS3-W3</maatregel>
		<maatregelPrioriteit>3</maatregelPrioriteit>
	</voorzorgsmaatregelBeslissingsregel>
	<!-- transport_HS -->
	<voorzorgsmaatregelBeslissingsregel>
		<thema xlink:href="http://definities.geostandaarden.nl/imkl2015/id/waarde/Thema/hoogspanning"/>
		<netbeheerderNetAanduiding>transport_HS</netbeheerderNetAanduiding>
		<aanvraagSoort xlink:href="http://definities.geostandaarden.nl/imkl2015/id/waarde/AanvraagSoortValue/graafmelding"/>
		<netbeheerderWerkAanduiding>W3-hoog</netbeheerderWerkAanduiding>
		<maatregel>HS-W3</maatregel>
		<maatregelPrioriteit>3</maatregelPrioriteit>
	</voorzorgsmaatregelBeslissingsregel>
	<voorzorgsmaatregelBeslissingsregel>
		<thema xlink:href="http://definities.geostandaarden.nl/imkl2015/id/waarde/Thema/hoogspanning"/>
		<netbeheerderNetAanduiding>transport_HS</netbeheerderNetAanduiding>
		<aanvraagSoort xlink:href="http://definities.geostandaarden.nl/imkl2015/id/waarde/AanvraagSoortValue/calamiteitenmelding"/>
		<maatregel>HS-W3</maatregel>
		<maatregelPrioriteit>3</maatregelPrioriteit>
	</voorzorgsmaatregelBeslissingsregel>
	<!-- _________________ voorzorgsmaatregelToelichtingen _________________ -->
	<voorzorgsmaatregelToelichting>
		<maatregel>MS-T-W3</maatregel>
		<toelichting>transport_4-100kV risico HOOG (bij deze werkzaamheden)</toelichting>
		<sjabloonID>
			<namespace>nl.imkl</namespace>
			<lokaalID>KL3131.EV_middenspanning_T_risicoHoog</lokaalID>
		</sjabloonID>
	</voorzorgsmaatregelToelichting>
	<voorzorgsmaatregelToelichting>
		<maatregel>MS-T-W2</maatregel>
		<toelichting>transport_4-100kV risico gemiddeld</toelichting>
		<sjabloonID>
			<namespace>nl.imkl</namespace>
			<lokaalID>KL3131.EV_middenspanning_T_standaard</lokaalID>
		</sjabloonID>
	</voorzorgsmaatregelToelichting>
	<voorzorgsmaatregelToelichting>
		<maatregel>MS-T-W1</maatregel>
		<toelichting>transport_4-100kV risico laag</toelichting>
		<sjabloonID>
			<namespace>nl.imkl</namespace>
			<lokaalID>KL3131.EV_middenspanning_T_standaard</lokaalID>
		</sjabloonID>
	</voorzorgsmaatregelToelichting>
	<voorzorgsmaatregelToelichting>
		<maatregel>MS-T-W3-O</maatregel>
		<toelichting>transport_4-100kV risico HOOG (bij deze werkzaamheden)</toelichting>
		<sjabloonID>
			<namespace>nl.imkl</namespace>
			<lokaalID>KL3131.EV_middenspanning_T_standaard_orientatie</lokaalID>
		</sjabloonID>
	</voorzorgsmaatregelToelichting>
	<voorzorgsmaatregelToelichting>
		<maatregel>MS-T-W2-O</maatregel>
		<toelichting>transport_4-100kV risico gemiddeld</toelichting>
		<sjabloonID>
			<namespace>nl.imkl</namespace>
			<lokaalID>KL3131.EV_middenspanning_T_standaard_orientatie</lokaalID>
		</sjabloonID>
	</voorzorgsmaatregelToelichting>
	<voorzorgsmaatregelToelichting>
		<maatregel>MS-T-W1-O</maatregel>
		<toelichting>transport_4-100kV risico laag</toelichting>
		<sjabloonID>
			<namespace>nl.imkl</namespace>
			<lokaalID>KL3131.EV_middenspanning_T_standaard_orientatie</lokaalID>
		</sjabloonID>
	</voorzorgsmaatregelToelichting>
	<voorzorgsmaatregelToelichting>
		<maatregel>MS-D-W3</maatregel>
		<toelichting>distributie 4-100kV risico HOOG (bij deze werkzaamheden)</toelichting>
		<sjabloonID>
			<namespace>nl.imkl</namespace>
			<lokaalID>KL3131.EV_middenspanning_D_risicoHoog</lokaalID>
		</sjabloonID>
	</voorzorgsmaatregelToelichting>
	<voorzorgsmaatregelToelichting>
		<maatregel>MS-D-W2</maatregel>
		<toelichting>distributie 4-100kV risico gemiddeld</toelichting>
		<sjabloonID>
			<namespace>nl.imkl</namespace>
			<lokaalID>KL3131.EV_middenspanning_D_standaard</lokaalID>
		</sjabloonID>
	</voorzorgsmaatregelToelichting>
	<voorzorgsmaatregelToelichting>
		<maatregel>MS-D-W1</maatregel>
		<toelichting>distributie 4-100kV risico laag</toelichting>
		<sjabloonID>
			<namespace>nl.imkl</namespace>
			<lokaalID>KL3131.EV_middenspanning_D_standaard</lokaalID>
		</sjabloonID>
	</voorzorgsmaatregelToelichting>
	<voorzorgsmaatregelToelichting>
		<maatregel>MS3-W3</maatregel>
		<toelichting>distributie &lt;4kV risico HOOG (bij deze werkzaamheden)</toelichting>
		<sjabloonID>
			<namespace>nl.imkl</namespace>
			<lokaalID>KL3131.EV_middenspanning_3_risicoHoog</lokaalID>
		</sjabloonID>
	</voorzorgsmaatregelToelichting>
	<voorzorgsmaatregelToelichting>
		<maatregel>MS3-W2</maatregel>
		<toelichting>distributie &lt;4kV  risico gemiddeld</toelichting>
		<sjabloonID>
			<namespace>nl.imkl</namespace>
			<lokaalID>KL3131.EV_middenspanning_3_standaard</lokaalID>
		</sjabloonID>
	</voorzorgsmaatregelToelichting>
	<voorzorgsmaatregelToelichting>
		<maatregel>MS3-W1</maatregel>
		<toelichting>distributie &lt;4kV risico laag</toelichting>
		<sjabloonID>
			<namespace>nl.imkl</namespace>
			<lokaalID>KL3131.EV_middenspanning_3_standaard</lokaalID>
		</sjabloonID>
	</voorzorgsmaatregelToelichting>
	<voorzorgsmaatregelToelichting>
		<maatregel>HS-W3</maatregel>
		<toelichting>hoogspanning risico standaard</toelichting>
		<sjabloonID>
			<namespace>nl.imkl</namespace>
			<lokaalID>KL3131.EV_hoogspanning_3_standaard</lokaalID>
		</sjabloonID>
	</voorzorgsmaatregelToelichting>
</VoorzorgsmaatregelenBeheer>