<?xml version="1.0" encoding="UTF-8" standalone="yes"?>
<Leveringsinformatie xmlns="http://www.kadaster.nl/schemas/klic/leveringsinformatie/v20180418" xmlns:xlink="http://www.w3.org/1999/xlink" xmlns:gml="http://www.opengis.net/gml/3.2">
	<version>2.1</version>
	<bijlagePerLevering>
		<soortBijlage>achtergrondkaart</soortBijlage>
		<bestandLocatie>bronnen/GB_18O000097.png</bestandLocatie>
		<bestandMediaType xlink:href="http://definities.geostandaarden.nl/imkl2015/id/waarde/BestandMediaTypeValue/PNG"/>
		<bestandIdentificator>GB_18O000097</bestandIdentificator>
	</bijlagePerLevering>
	<bijlagePerLevering>
		<soortBijlage>geselecteerdGebied</soortBijlage>
		<bestandLocatie>bronnen/SEL_18O000097.png</bestandLocatie>
		<bestandMediaType xlink:href="http://definities.geostandaarden.nl/imkl2015/id/waarde/BestandMediaTypeValue/PNG"/>
		<bestandIdentificator>SEL_18O000097</bestandIdentificator>
	</bijlagePerLevering>
	<bijlagePerLevering>
		<soortBijlage>leveringsbrief</soortBijlage>
		<bestandLocatie>bronnen/LI_18O000097_1.pdf</bestandLocatie>
		<bestandMediaType xlink:href="http://definities.geostandaarden.nl/imkl2015/id/waarde/BestandMediaTypeValue/PDF"/>
		<bestandIdentificator>LI_18O000097_1</bestandIdentificator>
	</bijlagePerLevering>
	<bijlagePerLevering>
		<soortBijlage>gebiedsinformatieLevering</soortBijlage>
		<bestandLocatie>GI_gebiedsinformatielevering_18O000097_1.xml</bestandLocatie>
		<bestandMediaType xlink:href="http://definities.geostandaarden.nl/imkl2015/id/waarde/BestandMediaTypeValue/XML"/>
		<bestandIdentificator>GI_gebiedsinformatielevering_18O000097_1</bestandIdentificator>
	</bijlagePerLevering>
	<pngFormaat>
		<omsluitendeRechthoek>
			<gml:Envelope srsName="urn:ogc:def:crs:EPSG::28992" srsDimension="2">
				<gml:lowerCorner>154692.0 389377.0</gml:lowerCorner>
				<gml:upperCorner>155182.0 389639.0</gml:upperCorner>
			</gml:Envelope>
		</omsluitendeRechthoek>
		<pixelsBreed>6860</pixelsBreed>
		<pixelsHoog>3668</pixelsHoog>
	</pngFormaat>
	<belanghebbende>
		<bronhoudercode>nbreg1</bronhoudercode>
		<beheerdersinformatieVersie>klassiek</beheerdersinformatieVersie>
		<netbeheerderContact>
			<contact>
				<naam>Contact Beschadiging Naam DUMMY</naam>
				<telefoon>1234567890</telefoon>
				<email>ContactBeschadigingEmailDummy@kadaster.nl</email>
			</contact>
			<beschadigingsnummer>1234567890</beschadigingsnummer>
		</netbeheerderContact>
		<beheerdersinformatie>
			<thema xlink:href="http://definities.geostandaarden.nl/imkl2015/id/waarde/Thema/gasHogeDruk"/>
			<eisVoorzorgmaatregel>false</eisVoorzorgmaatregel>
			<themabijlagePerNetbeheerder>
				<soortBijlage>ligging</soortBijlage>
				<bestandLocatie>bronnen/nbreg1/LG_gas+hoge+druk_Naam+Netbeheerder+0000949108_0000949108_18O000097.png</bestandLocatie>
				<bestandMediaType xlink:href="http://definities.geostandaarden.nl/imkl2015/id/waarde/BestandMediaTypeValue/PNG"/>
				<bestandIdentificator>LG_gas+hoge+druk_Naam+Netbeheerder+0000949108_0000949108_18O000097</bestandIdentificator>
			</themabijlagePerNetbeheerder>
		</beheerdersinformatie>
	</belanghebbende>
	<belanghebbende>
		<bronhoudercode>nbact2</bronhoudercode>
		<beheerdersinformatieVersie>IMKL1.2</beheerdersinformatieVersie>
		<bijlagePerNetbeheerder>
			<soortBijlage>algemeen</soortBijlage>
			<bestandLocatie>bronnen/nbact2/nl.imkl-nbact2.algemeen.pdf</bestandLocatie>
			<bestandMediaType xlink:href="http://definities.geostandaarden.nl/imkl2015/id/waarde/BestandMediaTypeValue/PDF"/>
			<bestandIdentificator>nl.imkl-nbact2.algemeen</bestandIdentificator>
		</bijlagePerNetbeheerder>
		<bijlagePerNetbeheerder>
			<soortBijlage>nietBetrokken</soortBijlage>
			<bestandLocatie>bronnen/nbact2/nl.imkl-nbact2.nietBetrokken.pdf</bestandLocatie>
			<bestandMediaType xlink:href="http://definities.geostandaarden.nl/imkl2015/id/waarde/BestandMediaTypeValue/PDF"/>
			<bestandIdentificator>nl.imkl-nbact2.nietBetrokken</bestandIdentificator>
		</bijlagePerNetbeheerder>
	</belanghebbende>
	<belanghebbende>
		<bronhoudercode>nbact3</bronhoudercode>
		<beheerdersinformatieVersie>IMKL1.2</beheerdersinformatieVersie>
	</belanghebbende>
	<belanghebbende>
		<bronhoudercode>nbact4</bronhoudercode>
		<beheerdersinformatieVersie>IMKL1.2</beheerdersinformatieVersie>
	</belanghebbende>
	<belanghebbende>
		<bronhoudercode>guni01</bronhoudercode>
		<beheerdersinformatieVersie>IMKL1.2</beheerdersinformatieVersie>
		<bijlagePerNetbeheerder>
			<soortBijlage>nietBetrokken</soortBijlage>
			<bestandLocatie>bronnen/guni01/nl.imkl-guni01.nietBetrokken.pdf</bestandLocatie>
			<bestandMediaType xlink:href="http://definities.geostandaarden.nl/imkl2015/id/waarde/BestandMediaTypeValue/PDF"/>
			<bestandIdentificator>nl.imkl-guni01.nietBetrokken</bestandIdentificator>
		</bijlagePerNetbeheerder>
	</belanghebbende>
	<belanghebbende>
		<bronhoudercode>braw04</bronhoudercode>
		<beheerdersinformatieVersie>IMKL1.2</beheerdersinformatieVersie>
		<bijlagePerNetbeheerder>
			<soortBijlage>algemeen</soortBijlage>
			<bestandLocatie>bronnen/braw04/nl.imkl-braw04.algemeen.pdf</bestandLocatie>
			<bestandMediaType xlink:href="http://definities.geostandaarden.nl/imkl2015/id/waarde/BestandMediaTypeValue/PDF"/>
			<bestandIdentificator>nl.imkl-braw04.algemeen</bestandIdentificator>
		</bijlagePerNetbeheerder>
		<bijlagePerNetbeheerder>
			<soortBijlage>eigenTopo</soortBijlage>
			<bestandLocatie>bronnen/braw04/ET_Brabant+Water+04_0000949794_18O000097.png</bestandLocatie>
			<bestandMediaType xlink:href="http://definities.geostandaarden.nl/imkl2015/id/waarde/BestandMediaTypeValue/PNG"/>
			<bestandIdentificator>ET_Brabant+Water+04_0000949794_18O000097</bestandIdentificator>
		</bijlagePerNetbeheerder>
		<beheerdersinformatie>
			<thema xlink:href="http://definities.geostandaarden.nl/imkl2015/id/waarde/Thema/warmte"/>
			<eisVoorzorgmaatregel>true</eisVoorzorgmaatregel>
			<themabijlagePerNetbeheerder>
				<soortBijlage>ligging</soortBijlage>
				<bestandLocatie>bronnen/braw04/LG_warmte_Brabant+Water+04_0000949794_18O000097.png</bestandLocatie>
				<bestandMediaType xlink:href="http://definities.geostandaarden.nl/imkl2015/id/waarde/BestandMediaTypeValue/PNG"/>
				<bestandIdentificator>LG_warmte_Brabant+Water+04_0000949794_18O000097</bestandIdentificator>
			</themabijlagePerNetbeheerder>
			<themabijlagePerNetbeheerder>
				<soortBijlage>maatvoering</soortBijlage>
				<bestandLocatie>bronnen/braw04/MV_warmte_Brabant+Water+04_0000949794_18O000097.png</bestandLocatie>
				<bestandMediaType xlink:href="http://definities.geostandaarden.nl/imkl2015/id/waarde/BestandMediaTypeValue/PNG"/>
				<bestandIdentificator>MV_warmte_Brabant+Water+04_0000949794_18O000097</bestandIdentificator>
			</themabijlagePerNetbeheerder>
			<themabijlagePerNetbeheerder>
				<soortBijlage>annotatie</soortBijlage>
				<bestandLocatie>bronnen/braw04/AN_warmte_Brabant+Water+04_0000949794_18O000097.png</bestandLocatie>
				<bestandMediaType xlink:href="http://definities.geostandaarden.nl/imkl2015/id/waarde/BestandMediaTypeValue/PNG"/>
				<bestandIdentificator>AN_warmte_Brabant+Water+04_0000949794_18O000097</bestandIdentificator>
			</themabijlagePerNetbeheerder>
			<themabijlagePerNetbeheerder>
				<soortBijlage>profielschets</soortBijlage>
				<bestandLocatie>bronnen/braw04/nl.imkl-braw04.profielschets.pdf</bestandLocatie>
				<bestandMediaType xlink:href="http://definities.geostandaarden.nl/imkl2015/id/waarde/BestandMediaTypeValue/PDF"/>
				<bestandIdentificator>nl.imkl-braw04.profielschets</bestandIdentificator>
			</themabijlagePerNetbeheerder>
			<themabijlagePerNetbeheerder>
				<soortBijlage>aansluiting</soortBijlage>
				<bestandLocatie>bronnen/braw04/nl.imkl-braw04.aansluiting.pdf</bestandLocatie>
				<bestandMediaType xlink:href="http://definities.geostandaarden.nl/imkl2015/id/waarde/BestandMediaTypeValue/PDF"/>
				<bestandIdentificator>nl.imkl-braw04.aansluiting</bestandIdentificator>
			</themabijlagePerNetbeheerder>
			<themabijlagePerNetbeheerder>
				<soortBijlage>huisaansluiting</soortBijlage>
				<bestandLocatie>bronnen/braw04/nl.imkl-braw04.huisaansluiting.pdf</bestandLocatie>
				<bestandMediaType xlink:href="http://definities.geostandaarden.nl/imkl2015/id/waarde/BestandMediaTypeValue/PDF"/>
				<bestandIdentificator>nl.imkl-braw04.huisaansluiting</bestandIdentificator>
			</themabijlagePerNetbeheerder>
			<themabijlagePerNetbeheerder>
				<soortBijlage>overig</soortBijlage>
				<bestandLocatie>bronnen/braw04/nl.imkl-braw04.overig.pdf</bestandLocatie>
				<bestandMediaType xlink:href="http://definities.geostandaarden.nl/imkl2015/id/waarde/BestandMediaTypeValue/PDF"/>
				<bestandIdentificator>nl.imkl-braw04.overig</bestandIdentificator>
			</themabijlagePerNetbeheerder>
			<themabijlagePerNetbeheerder>
				<soortBijlage>eisVoorzorgsmaatregel</soortBijlage>
				<bestandLocatie>bronnen/braw04/nl.imkl-braw04.evb1.pdf</bestandLocatie>
				<bestandMediaType xlink:href="http://definities.geostandaarden.nl/imkl2015/id/waarde/BestandMediaTypeValue/PDF"/>
				<bestandIdentificator>nl.imkl-braw04.evb1</bestandIdentificator>
			</themabijlagePerNetbeheerder>
			<themabijlagePerNetbeheerder>
				<soortBijlage>eisVoorzorgsmaatregel</soortBijlage>
				<bestandLocatie>bronnen/braw04/nl.imkl-braw04.evb2.pdf</bestandLocatie>
				<bestandMediaType xlink:href="http://definities.geostandaarden.nl/imkl2015/id/waarde/BestandMediaTypeValue/PDF"/>
				<bestandIdentificator>nl.imkl-braw04.evb2</bestandIdentificator>
			</themabijlagePerNetbeheerder>
		</beheerdersinformatie>
	</belanghebbende>
	<belanghebbende>
		<bronhoudercode>nbact1</bronhoudercode>
		<beheerdersinformatieVersie>IMKL1.2</beheerdersinformatieVersie>
		<bijlagePerNetbeheerder>
			<soortBijlage>algemeen</soortBijlage>
			<bestandLocatie>bronnen/nbact1/nl.imkl-nbact1.algemeen.pdf</bestandLocatie>
			<bestandMediaType xlink:href="http://definities.geostandaarden.nl/imkl2015/id/waarde/BestandMediaTypeValue/PDF"/>
			<bestandIdentificator>nl.imkl-nbact1.algemeen</bestandIdentificator>
		</bijlagePerNetbeheerder>
		<bijlagePerNetbeheerder>
			<soortBijlage>eigenTopo</soortBijlage>
			<bestandLocatie>bronnen/nbact1/ET_Netbeheerder+Actualiseren01_0000949099_18O000097.png</bestandLocatie>
			<bestandMediaType xlink:href="http://definities.geostandaarden.nl/imkl2015/id/waarde/BestandMediaTypeValue/PNG"/>
			<bestandIdentificator>ET_Netbeheerder+Actualiseren01_0000949099_18O000097</bestandIdentificator>
		</bijlagePerNetbeheerder>
		<beheerdersinformatie>
			<thema xlink:href="http://definities.geostandaarden.nl/imkl2015/id/waarde/Thema/datatransport"/>
			<eisVoorzorgmaatregel>false</eisVoorzorgmaatregel>
			<themabijlagePerNetbeheerder>
				<soortBijlage>ligging</soortBijlage>
				<bestandLocatie>bronnen/nbact1/LG_datatransport_Netbeheerder+Actualiseren01_0000949099_18O000097.png</bestandLocatie>
				<bestandMediaType xlink:href="http://definities.geostandaarden.nl/imkl2015/id/waarde/BestandMediaTypeValue/PNG"/>
				<bestandIdentificator>LG_datatransport_Netbeheerder+Actualiseren01_0000949099_18O000097</bestandIdentificator>
			</themabijlagePerNetbeheerder>
		</beheerdersinformatie>
		<beheerdersinformatie>
			<thema xlink:href="http://definities.geostandaarden.nl/imkl2015/id/waarde/Thema/water"/>
			<eisVoorzorgmaatregel>false</eisVoorzorgmaatregel>
			<themabijlagePerNetbeheerder>
				<soortBijlage>ligging</soortBijlage>
				<bestandLocatie>bronnen/nbact1/LG_water_Netbeheerder+Actualiseren01_0000949099_18O000097.png</bestandLocatie>
				<bestandMediaType xlink:href="http://definities.geostandaarden.nl/imkl2015/id/waarde/BestandMediaTypeValue/PNG"/>
				<bestandIdentificator>LG_water_Netbeheerder+Actualiseren01_0000949099_18O000097</bestandIdentificator>
			</themabijlagePerNetbeheerder>
		</beheerdersinformatie>
		<beheerdersinformatie>
			<thema xlink:href="http://definities.geostandaarden.nl/imkl2015/id/waarde/Thema/rioolVrijverval"/>
			<eisVoorzorgmaatregel>false</eisVoorzorgmaatregel>
			<themabijlagePerNetbeheerder>
				<soortBijlage>ligging</soortBijlage>
				<bestandLocatie>bronnen/nbact1/LG_rioolVrijverval_Netbeheerder+Actualiseren01_0000949099_18O000097.png</bestandLocatie>
				<bestandMediaType xlink:href="http://definities.geostandaarden.nl/imkl2015/id/waarde/BestandMediaTypeValue/PNG"/>
				<bestandIdentificator>LG_rioolVrijverval_Netbeheerder+Actualiseren01_0000949099_18O000097</bestandIdentificator>
			</themabijlagePerNetbeheerder>
			<themabijlagePerNetbeheerder>
				<soortBijlage>maatvoering</soortBijlage>
				<bestandLocatie>bronnen/nbact1/MV_rioolVrijverval_Netbeheerder+Actualiseren01_0000949099_18O000097.png</bestandLocatie>
				<bestandMediaType xlink:href="http://definities.geostandaarden.nl/imkl2015/id/waarde/BestandMediaTypeValue/PNG"/>
				<bestandIdentificator>MV_rioolVrijverval_Netbeheerder+Actualiseren01_0000949099_18O000097</bestandIdentificator>
			</themabijlagePerNetbeheerder>
		</beheerdersinformatie>
		<beheerdersinformatie>
			<thema xlink:href="http://definities.geostandaarden.nl/imkl2015/id/waarde/Thema/middenspanning"/>
			<eisVoorzorgmaatregel>false</eisVoorzorgmaatregel>
			<themabijlagePerNetbeheerder>
				<soortBijlage>ligging</soortBijlage>
				<bestandLocatie>bronnen/nbact1/LG_middenspanning_Netbeheerder+Actualiseren01_0000949099_18O000097.png</bestandLocatie>
				<bestandMediaType xlink:href="http://definities.geostandaarden.nl/imkl2015/id/waarde/BestandMediaTypeValue/PNG"/>
				<bestandIdentificator>LG_middenspanning_Netbeheerder+Actualiseren01_0000949099_18O000097</bestandIdentificator>
			</themabijlagePerNetbeheerder>
		</beheerdersinformatie>
		<beheerdersinformatie>
			<thema xlink:href="http://definities.geostandaarden.nl/imkl2015/id/waarde/Thema/hoogspanning"/>
			<eisVoorzorgmaatregel>false</eisVoorzorgmaatregel>
			<themabijlagePerNetbeheerder>
				<soortBijlage>annotatie</soortBijlage>
				<bestandLocatie>bronnen/nbact1/AN_hoogspanning_Netbeheerder+Actualiseren01_0000949099_18O000097.png</bestandLocatie>
				<bestandMediaType xlink:href="http://definities.geostandaarden.nl/imkl2015/id/waarde/BestandMediaTypeValue/PNG"/>
				<bestandIdentificator>AN_hoogspanning_Netbeheerder+Actualiseren01_0000949099_18O000097</bestandIdentificator>
			</themabijlagePerNetbeheerder>
			<themabijlagePerNetbeheerder>
				<soortBijlage>ligging</soortBijlage>
				<bestandLocatie>bronnen/nbact1/LG_hoogspanning_Netbeheerder+Actualiseren01_0000949099_18O000097.png</bestandLocatie>
				<bestandMediaType xlink:href="http://definities.geostandaarden.nl/imkl2015/id/waarde/BestandMediaTypeValue/PNG"/>
				<bestandIdentificator>LG_hoogspanning_Netbeheerder+Actualiseren01_0000949099_18O000097</bestandIdentificator>
			</themabijlagePerNetbeheerder>
			<themabijlagePerNetbeheerder>
				<soortBijlage>profielschets</soortBijlage>
				<bestandLocatie>bronnen/nbact1/nl.imkl-nbact1.profielschets.pdf</bestandLocatie>
				<bestandMediaType xlink:href="http://definities.geostandaarden.nl/imkl2015/id/waarde/BestandMediaTypeValue/PDF"/>
				<bestandIdentificator>nl.imkl-nbact1.profielschets</bestandIdentificator>
			</themabijlagePerNetbeheerder>
			<themabijlagePerNetbeheerder>
				<soortBijlage>aansluiting</soortBijlage>
				<bestandLocatie>bronnen/nbact1/nl.imkl-nbact1.aansluiting.pdf</bestandLocatie>
				<bestandMediaType xlink:href="http://definities.geostandaarden.nl/imkl2015/id/waarde/BestandMediaTypeValue/PDF"/>
				<bestandIdentificator>nl.imkl-nbact1.aansluiting</bestandIdentificator>
			</themabijlagePerNetbeheerder>
			<themabijlagePerNetbeheerder>
				<soortBijlage>huisaansluiting</soortBijlage>
				<bestandLocatie>bronnen/nbact1/nl.imkl-nbact1.huisaansluiting.pdf</bestandLocatie>
				<bestandMediaType xlink:href="http://definities.geostandaarden.nl/imkl2015/id/waarde/BestandMediaTypeValue/PDF"/>
				<bestandIdentificator>nl.imkl-nbact1.huisaansluiting</bestandIdentificator>
			</themabijlagePerNetbeheerder>
			<themabijlagePerNetbeheerder>
				<soortBijlage>overig</soortBijlage>
				<bestandLocatie>bronnen/nbact1/nl.imkl-nbact1.overig.pdf</bestandLocatie>
				<bestandMediaType xlink:href="http://definities.geostandaarden.nl/imkl2015/id/waarde/BestandMediaTypeValue/PDF"/>
				<bestandIdentificator>nl.imkl-nbact1.overig</bestandIdentificator>
			</themabijlagePerNetbeheerder>
		</beheerdersinformatie>
		<beheerdersinformatie>
			<thema xlink:href="http://definities.geostandaarden.nl/imkl2015/id/waarde/Thema/laagspanning"/>
			<eisVoorzorgmaatregel>false</eisVoorzorgmaatregel>
			<themabijlagePerNetbeheerder>
				<soortBijlage>ligging</soortBijlage>
				<bestandLocatie>bronnen/nbact1/LG_laagspanning_Netbeheerder+Actualiseren01_0000949099_18O000097.png</bestandLocatie>
				<bestandMediaType xlink:href="http://definities.geostandaarden.nl/imkl2015/id/waarde/BestandMediaTypeValue/PNG"/>
				<bestandIdentificator>LG_laagspanning_Netbeheerder+Actualiseren01_0000949099_18O000097</bestandIdentificator>
			</themabijlagePerNetbeheerder>
		</beheerdersinformatie>
	</belanghebbende>
	<belanghebbende>
		<bronhoudercode>TS0020</bronhoudercode>
		<beheerdersinformatieVersie>klassiek</beheerdersinformatieVersie>
		<netbeheerderContact>
			<contact>
				<naam>Contact Beschadiging Naam DUMMY</naam>
				<telefoon>1234567890</telefoon>
				<email>ContactBeschadigingEmailDummy@kadaster.nl</email>
			</contact>
			<beschadigingsnummer>1234567890</beschadigingsnummer>
		</netbeheerderContact>
		<bijlagePerNetbeheerder>
			<soortBijlage>eigenTopo</soortBijlage>
			<bestandLocatie>bronnen/TS0020/ET_Naam+Netbeheerder+0000949186_0000949186_18O000097.png</bestandLocatie>
			<bestandMediaType xlink:href="http://definities.geostandaarden.nl/imkl2015/id/waarde/BestandMediaTypeValue/PNG"/>
			<bestandIdentificator>ET_Naam+Netbeheerder+0000949186_0000949186_18O000097</bestandIdentificator>
		</bijlagePerNetbeheerder>
		<bijlagePerNetbeheerder>
			<soortBijlage>eigenTopoPlan</soortBijlage>
			<bestandLocatie>bronnen/TS0020/PT_Naam+Netbeheerder+0000949186_0000949186_18O000097.png</bestandLocatie>
			<bestandMediaType xlink:href="http://definities.geostandaarden.nl/imkl2015/id/waarde/BestandMediaTypeValue/PNG"/>
			<bestandIdentificator>PT_Naam+Netbeheerder+0000949186_0000949186_18O000097</bestandIdentificator>
		</bijlagePerNetbeheerder>
		<bijlagePerNetbeheerder>
			<soortBijlage>bijlage</soortBijlage>
			<bestandLocatie>bronnen/TS0020/BL_Naam+Netbeheerder+0000949186_0000949186_18O000097_willekeurigenaam.pdf</bestandLocatie>
			<bestandMediaType xlink:href="http://definities.geostandaarden.nl/imkl2015/id/waarde/BestandMediaTypeValue/PDF"/>
			<bestandIdentificator>BL_Naam+Netbeheerder+0000949186_0000949186_18O000097_willekeurigenaam</bestandIdentificator>
		</bijlagePerNetbeheerder>
		<beheerdersinformatie>
			<thema xlink:href="http://definities.geostandaarden.nl/imkl2015/id/waarde/Thema/petrochemie"/>
			<eisVoorzorgmaatregel>false</eisVoorzorgmaatregel>
			<themabijlagePerNetbeheerder>
				<soortBijlage>ligging</soortBijlage>
				<bestandLocatie>bronnen/TS0020/LG_(petro)+chemie_Naam+Netbeheerder+0000949186_0000949186_18O000097.png</bestandLocatie>
				<bestandMediaType xlink:href="http://definities.geostandaarden.nl/imkl2015/id/waarde/BestandMediaTypeValue/PNG"/>
				<bestandIdentificator>LG_(petro)+chemie_Naam+Netbeheerder+0000949186_0000949186_18O000097</bestandIdentificator>
			</themabijlagePerNetbeheerder>
		</beheerdersinformatie>
		<beheerdersinformatie>
			<thema xlink:href="http://definities.geostandaarden.nl/imkl2015/id/waarde/Thema/buisleidingGevaarlijkeInhoud"/>
			<eisVoorzorgmaatregel>false</eisVoorzorgmaatregel>
			<themabijlagePerNetbeheerder>
				<soortBijlage>ligging</soortBijlage>
				<bestandLocatie>bronnen/TS0020/LG_buisleiding+gevaarlijke+inhoud_Naam+Netbeheerder+0000949186_0000949186_18O000097.png</bestandLocatie>
				<bestandMediaType xlink:href="http://definities.geostandaarden.nl/imkl2015/id/waarde/BestandMediaTypeValue/PNG"/>
				<bestandIdentificator>LG_buisleiding+gevaarlijke+inhoud_Naam+Netbeheerder+0000949186_0000949186_18O000097</bestandIdentificator>
			</themabijlagePerNetbeheerder>
		</beheerdersinformatie>
		<beheerdersinformatie>
			<thema xlink:href="http://definities.geostandaarden.nl/imkl2015/id/waarde/Thema/gasHogeDruk"/>
			<eisVoorzorgmaatregel>true</eisVoorzorgmaatregel>
			<themabijlagePerNetbeheerder>
				<soortBijlage>themabijlage</soortBijlage>
				<bestandLocatie>bronnen/TS0020/TB_gas+hoge+druk_Naam+Netbeheerder+0000949186_0000949186_18O000097_willekeurigenaam.pdf</bestandLocatie>
				<bestandMediaType xlink:href="http://definities.geostandaarden.nl/imkl2015/id/waarde/BestandMediaTypeValue/PDF"/>
				<bestandIdentificator>TB_gas+hoge+druk_Naam+Netbeheerder+0000949186_0000949186_18O000097_willekeurigenaam</bestandIdentificator>
			</themabijlagePerNetbeheerder>
			<themabijlagePerNetbeheerder>
				<soortBijlage>ligging</soortBijlage>
				<bestandLocatie>bronnen/TS0020/LG_gas+hoge+druk_Naam+Netbeheerder+0000949186_0000949186_18O000097.png</bestandLocatie>
				<bestandMediaType xlink:href="http://definities.geostandaarden.nl/imkl2015/id/waarde/BestandMediaTypeValue/PNG"/>
				<bestandIdentificator>LG_gas+hoge+druk_Naam+Netbeheerder+0000949186_0000949186_18O000097</bestandIdentificator>
			</themabijlagePerNetbeheerder>
			<themabijlagePerNetbeheerder>
				<soortBijlage>eisVoorzorgsmaatregel</soortBijlage>
				<bestandLocatie>bronnen/TS0020/EV_gas+hoge+druk_Naam+Netbeheerder+0000949186_0000949186_18O000097.pdf</bestandLocatie>
				<bestandMediaType xlink:href="http://definities.geostandaarden.nl/imkl2015/id/waarde/BestandMediaTypeValue/PDF"/>
				<bestandIdentificator>EV_gas+hoge+druk_Naam+Netbeheerder+0000949186_0000949186_18O000097</bestandIdentificator>
			</themabijlagePerNetbeheerder>
		</beheerdersinformatie>
	</belanghebbende>
	<belanghebbende>
		<bronhoudercode>nbact5</bronhoudercode>
		<beheerdersinformatieVersie>IMKL1.2</beheerdersinformatieVersie>
		<beheerdersinformatie>
			<thema xlink:href="http://definities.geostandaarden.nl/imkl2015/id/waarde/Thema/gasHogeDruk"/>
			<eisVoorzorgmaatregel>true</eisVoorzorgmaatregel>
			<themabijlagePerNetbeheerder>
				<soortBijlage>ligging</soortBijlage>
				<bestandLocatie>bronnen/nbact5/LG_gasHogeDruk_Netbeheerder+Actualiseren05_0000949084_18O000097.png</bestandLocatie>
				<bestandMediaType xlink:href="http://definities.geostandaarden.nl/imkl2015/id/waarde/BestandMediaTypeValue/PNG"/>
				<bestandIdentificator>LG_gasHogeDruk_Netbeheerder+Actualiseren05_0000949084_18O000097</bestandIdentificator>
			</themabijlagePerNetbeheerder>
			<themabijlagePerNetbeheerder>
				<soortBijlage>eisVoorzorgsmaatregel</soortBijlage>
				<bestandLocatie>bronnen/nbact5/nl.imkl-nbact5.EV_gasHogeDruk_T_standaard_orientatie_gasHogeDruk.pdf</bestandLocatie>
				<bestandMediaType xlink:href="http://definities.geostandaarden.nl/imkl2015/id/waarde/BestandMediaTypeValue/PDF"/>
				<bestandIdentificator>nl.imkl-nbact5.EV_gasHogeDruk_T_standaard_orientatie_gasHogeDruk</bestandIdentificator>
			</themabijlagePerNetbeheerder>
		</beheerdersinformatie>
	</belanghebbende>
	<belanghebbende>
		<bronhoudercode>braw02</bronhoudercode>
		<beheerdersinformatieVersie>IMKL1.2</beheerdersinformatieVersie>
		<bijlagePerNetbeheerder>
			<soortBijlage>algemeen</soortBijlage>
			<bestandLocatie>bronnen/braw02/nl.imkl-braw02.algemeen.pdf</bestandLocatie>
			<bestandMediaType xlink:href="http://definities.geostandaarden.nl/imkl2015/id/waarde/BestandMediaTypeValue/PDF"/>
			<bestandIdentificator>nl.imkl-braw02.algemeen</bestandIdentificator>
		</bijlagePerNetbeheerder>
		<bijlagePerNetbeheerder>
			<soortBijlage>eigenTopo</soortBijlage>
			<bestandLocatie>bronnen/braw02/ET_Brabant+Water+02_0000949784_18O000097.png</bestandLocatie>
			<bestandMediaType xlink:href="http://definities.geostandaarden.nl/imkl2015/id/waarde/BestandMediaTypeValue/PNG"/>
			<bestandIdentificator>ET_Brabant+Water+02_0000949784_18O000097</bestandIdentificator>
		</bijlagePerNetbeheerder>
		<beheerdersinformatie>
			<thema xlink:href="http://definities.geostandaarden.nl/imkl2015/id/waarde/Thema/warmte"/>
			<eisVoorzorgmaatregel>true</eisVoorzorgmaatregel>
			<themabijlagePerNetbeheerder>
				<soortBijlage>ligging</soortBijlage>
				<bestandLocatie>bronnen/braw02/LG_warmte_Brabant+Water+02_0000949784_18O000097.png</bestandLocatie>
				<bestandMediaType xlink:href="http://definities.geostandaarden.nl/imkl2015/id/waarde/BestandMediaTypeValue/PNG"/>
				<bestandIdentificator>LG_warmte_Brabant+Water+02_0000949784_18O000097</bestandIdentificator>
			</themabijlagePerNetbeheerder>
			<themabijlagePerNetbeheerder>
				<soortBijlage>maatvoering</soortBijlage>
				<bestandLocatie>bronnen/braw02/MV_warmte_Brabant+Water+02_0000949784_18O000097.png</bestandLocatie>
				<bestandMediaType xlink:href="http://definities.geostandaarden.nl/imkl2015/id/waarde/BestandMediaTypeValue/PNG"/>
				<bestandIdentificator>MV_warmte_Brabant+Water+02_0000949784_18O000097</bestandIdentificator>
			</themabijlagePerNetbeheerder>
			<themabijlagePerNetbeheerder>
				<soortBijlage>annotatie</soortBijlage>
				<bestandLocatie>bronnen/braw02/AN_warmte_Brabant+Water+02_0000949784_18O000097.png</bestandLocatie>
				<bestandMediaType xlink:href="http://definities.geostandaarden.nl/imkl2015/id/waarde/BestandMediaTypeValue/PNG"/>
				<bestandIdentificator>AN_warmte_Brabant+Water+02_0000949784_18O000097</bestandIdentificator>
			</themabijlagePerNetbeheerder>
			<themabijlagePerNetbeheerder>
				<soortBijlage>profielschets</soortBijlage>
				<bestandLocatie>bronnen/braw02/nl.imkl-braw02.profielschets.pdf</bestandLocatie>
				<bestandMediaType xlink:href="http://definities.geostandaarden.nl/imkl2015/id/waarde/BestandMediaTypeValue/PDF"/>
				<bestandIdentificator>nl.imkl-braw02.profielschets</bestandIdentificator>
			</themabijlagePerNetbeheerder>
			<themabijlagePerNetbeheerder>
				<soortBijlage>aansluiting</soortBijlage>
				<bestandLocatie>bronnen/braw02/nl.imkl-braw02.aansluiting.pdf</bestandLocatie>
				<bestandMediaType xlink:href="http://definities.geostandaarden.nl/imkl2015/id/waarde/BestandMediaTypeValue/PDF"/>
				<bestandIdentificator>nl.imkl-braw02.aansluiting</bestandIdentificator>
			</themabijlagePerNetbeheerder>
			<themabijlagePerNetbeheerder>
				<soortBijlage>huisaansluiting</soortBijlage>
				<bestandLocatie>bronnen/braw02/nl.imkl-braw02.huisaansluiting.pdf</bestandLocatie>
				<bestandMediaType xlink:href="http://definities.geostandaarden.nl/imkl2015/id/waarde/BestandMediaTypeValue/PDF"/>
				<bestandIdentificator>nl.imkl-braw02.huisaansluiting</bestandIdentificator>
			</themabijlagePerNetbeheerder>
			<themabijlagePerNetbeheerder>
				<soortBijlage>overig</soortBijlage>
				<bestandLocatie>bronnen/braw02/nl.imkl-braw02.overig.pdf</bestandLocatie>
				<bestandMediaType xlink:href="http://definities.geostandaarden.nl/imkl2015/id/waarde/BestandMediaTypeValue/PDF"/>
				<bestandIdentificator>nl.imkl-braw02.overig</bestandIdentificator>
			</themabijlagePerNetbeheerder>
			<themabijlagePerNetbeheerder>
				<soortBijlage>eisVoorzorgsmaatregel</soortBijlage>
				<bestandLocatie>bronnen/braw02/nl.imkl-braw02.evb1.pdf</bestandLocatie>
				<bestandMediaType xlink:href="http://definities.geostandaarden.nl/imkl2015/id/waarde/BestandMediaTypeValue/PDF"/>
				<bestandIdentificator>nl.imkl-braw02.evb1</bestandIdentificator>
			</themabijlagePerNetbeheerder>
			<themabijlagePerNetbeheerder>
				<soortBijlage>eisVoorzorgsmaatregel</soortBijlage>
				<bestandLocatie>bronnen/braw02/nl.imkl-braw02.evb2.pdf</bestandLocatie>
				<bestandMediaType xlink:href="http://definities.geostandaarden.nl/imkl2015/id/waarde/BestandMediaTypeValue/PDF"/>
				<bestandIdentificator>nl.imkl-braw02.evb2</bestandIdentificator>
			</themabijlagePerNetbeheerder>
		</beheerdersinformatie>
	</belanghebbende>
	<belanghebbende>
		<bronhoudercode>TS1381</bronhoudercode>
		<beheerdersinformatieVersie>IMKL1.2</beheerdersinformatieVersie>
		<bijlagePerNetbeheerder>
			<soortBijlage>algemeen</soortBijlage>
			<bestandLocatie>bronnen/TS1381/nl.imkl-TS1381.algemeen.pdf</bestandLocatie>
			<bestandMediaType xlink:href="http://definities.geostandaarden.nl/imkl2015/id/waarde/BestandMediaTypeValue/PDF"/>
			<bestandIdentificator>nl.imkl-TS1381.algemeen</bestandIdentificator>
		</bijlagePerNetbeheerder>
		<bijlagePerNetbeheerder>
			<soortBijlage>eigenTopo</soortBijlage>
			<bestandLocatie>bronnen/TS1381/ET_Netbeheerder+Regressie05_0000950360_18O000097.png</bestandLocatie>
			<bestandMediaType xlink:href="http://definities.geostandaarden.nl/imkl2015/id/waarde/BestandMediaTypeValue/PNG"/>
			<bestandIdentificator>ET_Netbeheerder+Regressie05_0000950360_18O000097</bestandIdentificator>
		</bijlagePerNetbeheerder>
		<beheerdersinformatie>
			<thema xlink:href="http://definities.geostandaarden.nl/imkl2015/id/waarde/Thema/warmte"/>
			<eisVoorzorgmaatregel>false</eisVoorzorgmaatregel>
			<themabijlagePerNetbeheerder>
				<soortBijlage>ligging</soortBijlage>
				<bestandLocatie>bronnen/TS1381/LG_warmte_Netbeheerder+Regressie05_0000950360_18O000097.png</bestandLocatie>
				<bestandMediaType xlink:href="http://definities.geostandaarden.nl/imkl2015/id/waarde/BestandMediaTypeValue/PNG"/>
				<bestandIdentificator>LG_warmte_Netbeheerder+Regressie05_0000950360_18O000097</bestandIdentificator>
			</themabijlagePerNetbeheerder>
			<themabijlagePerNetbeheerder>
				<soortBijlage>maatvoering</soortBijlage>
				<bestandLocatie>bronnen/TS1381/MV_warmte_Netbeheerder+Regressie05_0000950360_18O000097.png</bestandLocatie>
				<bestandMediaType xlink:href="http://definities.geostandaarden.nl/imkl2015/id/waarde/BestandMediaTypeValue/PNG"/>
				<bestandIdentificator>MV_warmte_Netbeheerder+Regressie05_0000950360_18O000097</bestandIdentificator>
			</themabijlagePerNetbeheerder>
			<themabijlagePerNetbeheerder>
				<soortBijlage>annotatie</soortBijlage>
				<bestandLocatie>bronnen/TS1381/AN_warmte_Netbeheerder+Regressie05_0000950360_18O000097.png</bestandLocatie>
				<bestandMediaType xlink:href="http://definities.geostandaarden.nl/imkl2015/id/waarde/BestandMediaTypeValue/PNG"/>
				<bestandIdentificator>AN_warmte_Netbeheerder+Regressie05_0000950360_18O000097</bestandIdentificator>
			</themabijlagePerNetbeheerder>
			<themabijlagePerNetbeheerder>
				<soortBijlage>profielschets</soortBijlage>
				<bestandLocatie>bronnen/TS1381/nl.imkl-TS1381.profielschets.pdf</bestandLocatie>
				<bestandMediaType xlink:href="http://definities.geostandaarden.nl/imkl2015/id/waarde/BestandMediaTypeValue/PDF"/>
				<bestandIdentificator>nl.imkl-TS1381.profielschets</bestandIdentificator>
			</themabijlagePerNetbeheerder>
			<themabijlagePerNetbeheerder>
				<soortBijlage>aansluiting</soortBijlage>
				<bestandLocatie>bronnen/TS1381/nl.imkl-TS1381.aansluiting.pdf</bestandLocatie>
				<bestandMediaType xlink:href="http://definities.geostandaarden.nl/imkl2015/id/waarde/BestandMediaTypeValue/PDF"/>
				<bestandIdentificator>nl.imkl-TS1381.aansluiting</bestandIdentificator>
			</themabijlagePerNetbeheerder>
			<themabijlagePerNetbeheerder>
				<soortBijlage>huisaansluiting</soortBijlage>
				<bestandLocatie>bronnen/TS1381/nl.imkl-TS1381.huisaansluiting.pdf</bestandLocatie>
				<bestandMediaType xlink:href="http://definities.geostandaarden.nl/imkl2015/id/waarde/BestandMediaTypeValue/PDF"/>
				<bestandIdentificator>nl.imkl-TS1381.huisaansluiting</bestandIdentificator>
			</themabijlagePerNetbeheerder>
			<themabijlagePerNetbeheerder>
				<soortBijlage>overig</soortBijlage>
				<bestandLocatie>bronnen/TS1381/nl.imkl-TS1381.overig.pdf</bestandLocatie>
				<bestandMediaType xlink:href="http://definities.geostandaarden.nl/imkl2015/id/waarde/BestandMediaTypeValue/PDF"/>
				<bestandIdentificator>nl.imkl-TS1381.overig</bestandIdentificator>
			</themabijlagePerNetbeheerder>
		</beheerdersinformatie>
	</belanghebbende>
	<belanghebbende>
		<bronhoudercode>KL1040</bronhoudercode>
		<beheerdersinformatieVersie>IMKL1.2</beheerdersinformatieVersie>
		<bijlagePerNetbeheerder>
			<soortBijlage>algemeen</soortBijlage>
			<bestandLocatie>bronnen/KL1040/nl.imkl-KL1040.algemeen.pdf</bestandLocatie>
			<bestandMediaType xlink:href="http://definities.geostandaarden.nl/imkl2015/id/waarde/BestandMediaTypeValue/PDF"/>
			<bestandIdentificator>nl.imkl-KL1040.algemeen</bestandIdentificator>
		</bijlagePerNetbeheerder>
		<bijlagePerNetbeheerder>
			<soortBijlage>eigenTopo</soortBijlage>
			<bestandLocatie>bronnen/KL1040/ET_Netbeheerder+Centrale+Database_0000949152_18O000097.png</bestandLocatie>
			<bestandMediaType xlink:href="http://definities.geostandaarden.nl/imkl2015/id/waarde/BestandMediaTypeValue/PNG"/>
			<bestandIdentificator>ET_Netbeheerder+Centrale+Database_0000949152_18O000097</bestandIdentificator>
		</bijlagePerNetbeheerder>
		<beheerdersinformatie>
			<thema xlink:href="http://definities.geostandaarden.nl/imkl2015/id/waarde/Thema/datatransport"/>
			<eisVoorzorgmaatregel>false</eisVoorzorgmaatregel>
			<themabijlagePerNetbeheerder>
				<soortBijlage>ligging</soortBijlage>
				<bestandLocatie>bronnen/KL1040/LG_datatransport_Netbeheerder+Centrale+Database_0000949152_18O000097.png</bestandLocatie>
				<bestandMediaType xlink:href="http://definities.geostandaarden.nl/imkl2015/id/waarde/BestandMediaTypeValue/PNG"/>
				<bestandIdentificator>LG_datatransport_Netbeheerder+Centrale+Database_0000949152_18O000097</bestandIdentificator>
			</themabijlagePerNetbeheerder>
		</beheerdersinformatie>
		<beheerdersinformatie>
			<thema xlink:href="http://definities.geostandaarden.nl/imkl2015/id/waarde/Thema/water"/>
			<eisVoorzorgmaatregel>false</eisVoorzorgmaatregel>
			<themabijlagePerNetbeheerder>
				<soortBijlage>ligging</soortBijlage>
				<bestandLocatie>bronnen/KL1040/LG_water_Netbeheerder+Centrale+Database_0000949152_18O000097.png</bestandLocatie>
				<bestandMediaType xlink:href="http://definities.geostandaarden.nl/imkl2015/id/waarde/BestandMediaTypeValue/PNG"/>
				<bestandIdentificator>LG_water_Netbeheerder+Centrale+Database_0000949152_18O000097</bestandIdentificator>
			</themabijlagePerNetbeheerder>
		</beheerdersinformatie>
		<beheerdersinformatie>
			<thema xlink:href="http://definities.geostandaarden.nl/imkl2015/id/waarde/Thema/rioolVrijverval"/>
			<eisVoorzorgmaatregel>false</eisVoorzorgmaatregel>
			<themabijlagePerNetbeheerder>
				<soortBijlage>ligging</soortBijlage>
				<bestandLocatie>bronnen/KL1040/LG_rioolVrijverval_Netbeheerder+Centrale+Database_0000949152_18O000097.png</bestandLocatie>
				<bestandMediaType xlink:href="http://definities.geostandaarden.nl/imkl2015/id/waarde/BestandMediaTypeValue/PNG"/>
				<bestandIdentificator>LG_rioolVrijverval_Netbeheerder+Centrale+Database_0000949152_18O000097</bestandIdentificator>
			</themabijlagePerNetbeheerder>
			<themabijlagePerNetbeheerder>
				<soortBijlage>maatvoering</soortBijlage>
				<bestandLocatie>bronnen/KL1040/MV_rioolVrijverval_Netbeheerder+Centrale+Database_0000949152_18O000097.png</bestandLocatie>
				<bestandMediaType xlink:href="http://definities.geostandaarden.nl/imkl2015/id/waarde/BestandMediaTypeValue/PNG"/>
				<bestandIdentificator>MV_rioolVrijverval_Netbeheerder+Centrale+Database_0000949152_18O000097</bestandIdentificator>
			</themabijlagePerNetbeheerder>
		</beheerdersinformatie>
		<beheerdersinformatie>
			<thema xlink:href="http://definities.geostandaarden.nl/imkl2015/id/waarde/Thema/middenspanning"/>
			<eisVoorzorgmaatregel>false</eisVoorzorgmaatregel>
			<themabijlagePerNetbeheerder>
				<soortBijlage>ligging</soortBijlage>
				<bestandLocatie>bronnen/KL1040/LG_middenspanning_Netbeheerder+Centrale+Database_0000949152_18O000097.png</bestandLocatie>
				<bestandMediaType xlink:href="http://definities.geostandaarden.nl/imkl2015/id/waarde/BestandMediaTypeValue/PNG"/>
				<bestandIdentificator>LG_middenspanning_Netbeheerder+Centrale+Database_0000949152_18O000097</bestandIdentificator>
			</themabijlagePerNetbeheerder>
		</beheerdersinformatie>
		<beheerdersinformatie>
			<thema xlink:href="http://definities.geostandaarden.nl/imkl2015/id/waarde/Thema/hoogspanning"/>
			<eisVoorzorgmaatregel>false</eisVoorzorgmaatregel>
			<themabijlagePerNetbeheerder>
				<soortBijlage>annotatie</soortBijlage>
				<bestandLocatie>bronnen/KL1040/AN_hoogspanning_Netbeheerder+Centrale+Database_0000949152_18O000097.png</bestandLocatie>
				<bestandMediaType xlink:href="http://definities.geostandaarden.nl/imkl2015/id/waarde/BestandMediaTypeValue/PNG"/>
				<bestandIdentificator>AN_hoogspanning_Netbeheerder+Centrale+Database_0000949152_18O000097</bestandIdentificator>
			</themabijlagePerNetbeheerder>
			<themabijlagePerNetbeheerder>
				<soortBijlage>ligging</soortBijlage>
				<bestandLocatie>bronnen/KL1040/LG_hoogspanning_Netbeheerder+Centrale+Database_0000949152_18O000097.png</bestandLocatie>
				<bestandMediaType xlink:href="http://definities.geostandaarden.nl/imkl2015/id/waarde/BestandMediaTypeValue/PNG"/>
				<bestandIdentificator>LG_hoogspanning_Netbeheerder+Centrale+Database_0000949152_18O000097</bestandIdentificator>
			</themabijlagePerNetbeheerder>
			<themabijlagePerNetbeheerder>
				<soortBijlage>profielschets</soortBijlage>
				<bestandLocatie>bronnen/KL1040/nl.imkl-KL1040.profielschets.pdf</bestandLocatie>
				<bestandMediaType xlink:href="http://definities.geostandaarden.nl/imkl2015/id/waarde/BestandMediaTypeValue/PDF"/>
				<bestandIdentificator>nl.imkl-KL1040.profielschets</bestandIdentificator>
			</themabijlagePerNetbeheerder>
			<themabijlagePerNetbeheerder>
				<soortBijlage>aansluiting</soortBijlage>
				<bestandLocatie>bronnen/KL1040/nl.imkl-KL1040.aansluiting.pdf</bestandLocatie>
				<bestandMediaType xlink:href="http://definities.geostandaarden.nl/imkl2015/id/waarde/BestandMediaTypeValue/PDF"/>
				<bestandIdentificator>nl.imkl-KL1040.aansluiting</bestandIdentificator>
			</themabijlagePerNetbeheerder>
			<themabijlagePerNetbeheerder>
				<soortBijlage>huisaansluiting</soortBijlage>
				<bestandLocatie>bronnen/KL1040/nl.imkl-KL1040.huisaansluiting.pdf</bestandLocatie>
				<bestandMediaType xlink:href="http://definities.geostandaarden.nl/imkl2015/id/waarde/BestandMediaTypeValue/PDF"/>
				<bestandIdentificator>nl.imkl-KL1040.huisaansluiting</bestandIdentificator>
			</themabijlagePerNetbeheerder>
			<themabijlagePerNetbeheerder>
				<soortBijlage>overig</soortBijlage>
				<bestandLocatie>bronnen/KL1040/nl.imkl-KL1040.overig.pdf</bestandLocatie>
				<bestandMediaType xlink:href="http://definities.geostandaarden.nl/imkl2015/id/waarde/BestandMediaTypeValue/PDF"/>
				<bestandIdentificator>nl.imkl-KL1040.overig</bestandIdentificator>
			</themabijlagePerNetbeheerder>
		</beheerdersinformatie>
		<beheerdersinformatie>
			<thema xlink:href="http://definities.geostandaarden.nl/imkl2015/id/waarde/Thema/laagspanning"/>
			<eisVoorzorgmaatregel>false</eisVoorzorgmaatregel>
			<themabijlagePerNetbeheerder>
				<soortBijlage>ligging</soortBijlage>
				<bestandLocatie>bronnen/KL1040/LG_laagspanning_Netbeheerder+Centrale+Database_0000949152_18O000097.png</bestandLocatie>
				<bestandMediaType xlink:href="http://definities.geostandaarden.nl/imkl2015/id/waarde/BestandMediaTypeValue/PNG"/>
				<bestandIdentificator>LG_laagspanning_Netbeheerder+Centrale+Database_0000949152_18O000097</bestandIdentificator>
			</themabijlagePerNetbeheerder>
		</beheerdersinformatie>
	</belanghebbende>
	<belanghebbende>
		<bronhoudercode>TS1376</bronhoudercode>
		<beheerdersinformatieVersie>IMKL1.2</beheerdersinformatieVersie>
		<bijlagePerNetbeheerder>
			<soortBijlage>algemeen</soortBijlage>
			<bestandLocatie>bronnen/TS1376/nl.imkl-TS1376.algemeen.pdf</bestandLocatie>
			<bestandMediaType xlink:href="http://definities.geostandaarden.nl/imkl2015/id/waarde/BestandMediaTypeValue/PDF"/>
			<bestandIdentificator>nl.imkl-TS1376.algemeen</bestandIdentificator>
		</bijlagePerNetbeheerder>
		<bijlagePerNetbeheerder>
			<soortBijlage>eigenTopo</soortBijlage>
			<bestandLocatie>bronnen/TS1376/ET_Netbeheerder+Regressie01_0000950346_18O000097.png</bestandLocatie>
			<bestandMediaType xlink:href="http://definities.geostandaarden.nl/imkl2015/id/waarde/BestandMediaTypeValue/PNG"/>
			<bestandIdentificator>ET_Netbeheerder+Regressie01_0000950346_18O000097</bestandIdentificator>
		</bijlagePerNetbeheerder>
		<beheerdersinformatie>
			<thema xlink:href="http://definities.geostandaarden.nl/imkl2015/id/waarde/Thema/warmte"/>
			<eisVoorzorgmaatregel>true</eisVoorzorgmaatregel>
			<themabijlagePerNetbeheerder>
				<soortBijlage>ligging</soortBijlage>
				<bestandLocatie>bronnen/TS1376/LG_warmte_Netbeheerder+Regressie01_0000950346_18O000097.png</bestandLocatie>
				<bestandMediaType xlink:href="http://definities.geostandaarden.nl/imkl2015/id/waarde/BestandMediaTypeValue/PNG"/>
				<bestandIdentificator>LG_warmte_Netbeheerder+Regressie01_0000950346_18O000097</bestandIdentificator>
			</themabijlagePerNetbeheerder>
			<themabijlagePerNetbeheerder>
				<soortBijlage>maatvoering</soortBijlage>
				<bestandLocatie>bronnen/TS1376/MV_warmte_Netbeheerder+Regressie01_0000950346_18O000097.png</bestandLocatie>
				<bestandMediaType xlink:href="http://definities.geostandaarden.nl/imkl2015/id/waarde/BestandMediaTypeValue/PNG"/>
				<bestandIdentificator>MV_warmte_Netbeheerder+Regressie01_0000950346_18O000097</bestandIdentificator>
			</themabijlagePerNetbeheerder>
			<themabijlagePerNetbeheerder>
				<soortBijlage>annotatie</soortBijlage>
				<bestandLocatie>bronnen/TS1376/AN_warmte_Netbeheerder+Regressie01_0000950346_18O000097.png</bestandLocatie>
				<bestandMediaType xlink:href="http://definities.geostandaarden.nl/imkl2015/id/waarde/BestandMediaTypeValue/PNG"/>
				<bestandIdentificator>AN_warmte_Netbeheerder+Regressie01_0000950346_18O000097</bestandIdentificator>
			</themabijlagePerNetbeheerder>
			<themabijlagePerNetbeheerder>
				<soortBijlage>profielschets</soortBijlage>
				<bestandLocatie>bronnen/TS1376/nl.imkl-TS1376.profielschets.pdf</bestandLocatie>
				<bestandMediaType xlink:href="http://definities.geostandaarden.nl/imkl2015/id/waarde/BestandMediaTypeValue/PDF"/>
				<bestandIdentificator>nl.imkl-TS1376.profielschets</bestandIdentificator>
			</themabijlagePerNetbeheerder>
			<themabijlagePerNetbeheerder>
				<soortBijlage>aansluiting</soortBijlage>
				<bestandLocatie>bronnen/TS1376/nl.imkl-TS1376.aansluiting.pdf</bestandLocatie>
				<bestandMediaType xlink:href="http://definities.geostandaarden.nl/imkl2015/id/waarde/BestandMediaTypeValue/PDF"/>
				<bestandIdentificator>nl.imkl-TS1376.aansluiting</bestandIdentificator>
			</themabijlagePerNetbeheerder>
			<themabijlagePerNetbeheerder>
				<soortBijlage>huisaansluiting</soortBijlage>
				<bestandLocatie>bronnen/TS1376/nl.imkl-TS1376.huisaansluiting.pdf</bestandLocatie>
				<bestandMediaType xlink:href="http://definities.geostandaarden.nl/imkl2015/id/waarde/BestandMediaTypeValue/PDF"/>
				<bestandIdentificator>nl.imkl-TS1376.huisaansluiting</bestandIdentificator>
			</themabijlagePerNetbeheerder>
			<themabijlagePerNetbeheerder>
				<soortBijlage>overig</soortBijlage>
				<bestandLocatie>bronnen/TS1376/nl.imkl-TS1376.overig.pdf</bestandLocatie>
				<bestandMediaType xlink:href="http://definities.geostandaarden.nl/imkl2015/id/waarde/BestandMediaTypeValue/PDF"/>
				<bestandIdentificator>nl.imkl-TS1376.overig</bestandIdentificator>
			</themabijlagePerNetbeheerder>
			<themabijlagePerNetbeheerder>
				<soortBijlage>eisVoorzorgsmaatregel</soortBijlage>
				<bestandLocatie>bronnen/TS1376/nl.imkl-TS1376.evb1.pdf</bestandLocatie>
				<bestandMediaType xlink:href="http://definities.geostandaarden.nl/imkl2015/id/waarde/BestandMediaTypeValue/PDF"/>
				<bestandIdentificator>nl.imkl-TS1376.evb1</bestandIdentificator>
			</themabijlagePerNetbeheerder>
			<themabijlagePerNetbeheerder>
				<soortBijlage>eisVoorzorgsmaatregel</soortBijlage>
				<bestandLocatie>bronnen/TS1376/nl.imkl-TS1376.evb2.pdf</bestandLocatie>
				<bestandMediaType xlink:href="http://definities.geostandaarden.nl/imkl2015/id/waarde/BestandMediaTypeValue/PDF"/>
				<bestandIdentificator>nl.imkl-TS1376.evb2</bestandIdentificator>
			</themabijlagePerNetbeheerder>
		</beheerdersinformatie>
	</belanghebbende>
</Leveringsinformatie>
