<?xml version="1.0" encoding="UTF-8"?>
<!-- bestandsnaam: GI_GebiedsinformatieLevering_18G030795_2 (Belang v2008).xml -->
<!-- bron: Kadaster-KLIC -->
<!-- _____________________________________________________________________
Toelichting:  
Voorbeeld van een complete levering van gebiedsinformatie..
De gebruikte voorbeeld-features zijn bedoeld voor demo-doeleinden en zijn niet bedoeld	
om een representatie te geven van de werkelijke situatie ter plaatse. 										
De inhoud is gebaseerd op de definities uit IMKL2015, versie 1.2.1 											

Het voorbeeld is gebaseerd op een werkelijke gebiedsinformatie-aanvraag.
NB 1. Buiten beschouwing: Informatiepolygoon
NB 2. Belangen nog zonder uitbreiding met ContactNetinformatie, ContactBeschadiging

De volgende features zijn opgenomen:						
  - GebiedsinformatieLevering 18G030795-2 (#1)	
  - GebiedsinformatieAanvraag 18G030795 (#1)		
  - Graafpolygoon (#1)														
met voor de betreffende belanghebbende(n):												
  - Belanghebbende KL1031, e.a.
  - Beheerder KL1031, e.a.
  - Belang(en KL1031, e.a.

Voor elke belanghebbende is aangegeven:
  - beheerdersinformatieGeleverd; heeft deze belanghebbende geleverd?
  - betrokkenBijAanvraag; zo ja, is deze belanghebbende betrokken?
  - eisVoorzorgsmaatregel; zo ja, is er een thema met een eis voorzorgsmaatregel?
 _____________________________________________________________________ -->

<gml:FeatureCollection 
xmlns:imkl="http://www.geostandaarden.nl/imkl/2015/wion/1.2" 
xmlns:us-net-wa="http://inspire.ec.europa.eu/schemas/us-net-wa/4.0" 
xmlns:us-net-sw="http://inspire.ec.europa.eu/schemas/us-net-sw/4.0" 
xmlns:us-net-th="http://inspire.ec.europa.eu/schemas/us-net-th/4.0" 
xmlns:us-net-common="http://inspire.ec.europa.eu/schemas/us-net-common/4.0" 
xmlns:us-net-el="http://inspire.ec.europa.eu/schemas/us-net-el/4.0" 
xmlns:us-net-tc="http://inspire.ec.europa.eu/schemas/us-net-tc/4.0" 
xmlns:us-net-ogc="http://inspire.ec.europa.eu/schemas/us-net-ogc/4.0" 
xmlns:net="http://inspire.ec.europa.eu/schemas/net/4.0" 
xmlns:base="http://inspire.ec.europa.eu/schemas/base/3.3" 
xmlns:base2="http://inspire.ec.europa.eu/schemas/base2/2.0" 
xmlns:gml="http://www.opengis.net/gml/3.2" 
xmlns:xsi="http://www.w3.org/2001/XMLSchema-instance" 
xmlns:xlink="http://www.w3.org/1999/xlink" 
gml:id="FeatureCollection_nl.imkl-KA0000._GebiedsinformatieLevering_18G030795-2" 
xsi:schemaLocation="http://www.geostandaarden.nl/imkl/2015/wion/1.2 http://register.geostandaarden.nl/gmlapplicatieschema/imkl2015/1.2.1/imkl2015-wion.xsd">
    <gml:boundedBy>
        <gml:Envelope srsName="epsg:28992" srsDimension="2">
            <gml:lowerCorner>153622.0 389504.0</gml:lowerCorner>
            <gml:upperCorner>154112.0 389917.0</gml:upperCorner>
        </gml:Envelope>
    </gml:boundedBy>

	<!--________________ GebiedsinformatieLevering ________________-->
	<gml:featureMember>
		<imkl:GebiedsinformatieLevering gml:id="nl.imkl-KA0000._GebiedsinformatieLevering_18G030795-2">
			<imkl:identificatie>
				<imkl:NEN3610ID>
					<imkl:namespace>nl.imkl</imkl:namespace>
					<imkl:lokaalID>KA0000._GebiedsinformatieLevering_18G030795</imkl:lokaalID>
					<imkl:versie>2</imkl:versie>
				</imkl:NEN3610ID>
			</imkl:identificatie>
			<imkl:beginLifespanVersion>2018-01-19T14:06:11+01:00</imkl:beginLifespanVersion>
			<imkl:leveringsvolgnummer>2</imkl:leveringsvolgnummer>
			<imkl:datumLeveringSamengesteld>2018-01-19T14:06:11+01:00</imkl:datumLeveringSamengesteld>
			<imkl:indicatieLeveringCompleet>false</imkl:indicatieLeveringCompleet>
			<imkl:achtergrondkaart>
				<imkl:Achtergrondkaart>
					<imkl:achtergrondkaartSoort xlink:href="http://definities.geostandaarden.nl/imkl2015/id/waarde/AchtergrondkaartSoortValue/bgtBestaand"/>
					<imkl:kaartreferentie>bronnen/GB_18G030795.png</imkl:kaartreferentie>
				</imkl:Achtergrondkaart>
			</imkl:achtergrondkaart>
			<imkl:achtergrondkaart>
				<imkl:Achtergrondkaart>
					<imkl:achtergrondkaartSoort xlink:href="http://definities.geostandaarden.nl/imkl2015/id/waarde/AchtergrondkaartSoortValue/bgtPlan"/>
					<imkl:kaartreferentie>bronnen/GP_18G030795.png</imkl:kaartreferentie>
				</imkl:Achtergrondkaart>
			</imkl:achtergrondkaart>
			<imkl:belanghebbende xlink:href="nl.imkl-GM0753._Belanghebbende_18G030795-1"/>
			<imkl:belanghebbende xlink:href="nl.imkl-KL1001._Belanghebbende_18G030795-1"/>
			<imkl:belanghebbende xlink:href="nl.imkl-KL1010._Belanghebbende_18G030795-1"/>
			<imkl:belanghebbende xlink:href="nl.imkl-KL1011._Belanghebbende_18G030795-1"/>
			<imkl:belanghebbende xlink:href="nl.imkl-KL1015._Belanghebbende_18G030795-1"/>
			<imkl:belanghebbende xlink:href="nl.imkl-KL1020._Belanghebbende_18G030795-1"/>
			<imkl:belanghebbende xlink:href="nl.imkl-KL1027._Belanghebbende_18G030795-1"/>
			<imkl:belanghebbende xlink:href="nl.imkl-KL1031._Belanghebbende_18G030795-1"/>
			<imkl:belanghebbende xlink:href="nl.imkl-KL1049._Belanghebbende_18G030795-1"/>
			<imkl:belanghebbende xlink:href="nl.imkl-KL1051._Belanghebbende_18G030795-1"/>
			<imkl:belanghebbende xlink:href="nl.imkl-KL1053._Belanghebbende_18G030795-1"/>
			<imkl:aanvraag xlink:href="nl.imkl-KA0000._GebiedsinformatieAanvraag_18G030795"/>
		</imkl:GebiedsinformatieLevering>
	</gml:featureMember>
	<!--________________ GebiedsinformatieAanvraag ________________-->
	<gml:featureMember>
		<imkl:GebiedsinformatieAanvraag gml:id="nl.imkl-KA0000._GebiedsinformatieAanvraag_18G030795">
			<imkl:identificatie>
				<imkl:NEN3610ID>
					<imkl:namespace>nl.imkl</imkl:namespace>
					<imkl:lokaalID>KA0000._GebiedsinformatieAanvraag_18G030795</imkl:lokaalID>
				</imkl:NEN3610ID>
			</imkl:identificatie>
			<imkl:beginLifespanVersion>2018-01-18T16:15:06+01:00</imkl:beginLifespanVersion>
			<imkl:ordernummer>9807992518</imkl:ordernummer>
			<imkl:positienummer>000010</imkl:positienummer>
			<imkl:klicMeldnummer>18G030795</imkl:klicMeldnummer>
			<imkl:aanvrager>
				<imkl:Aanvrager>
					<imkl:contactpersoon>
						<imkl:Contact>
							<imkl:naam>J. Aanvrager</imkl:naam>
							<imkl:telefoon>088-1838911</imkl:telefoon>
							<imkl:email>j.aanvrager@grondroerdererX.nl</imkl:email>
						</imkl:Contact>
					</imkl:contactpersoon>
					<imkl:organisatie>
						<imkl:Organisatie>
							<imkl:naam>GrondroerderX B.V.</imkl:naam>
							<imkl:naam>afd. KLIC</imkl:naam>
							<imkl:kvkNummer>0035384940</imkl:kvkNummer>
							<imkl:bezoekAdres>
								<imkl:Adres>
									<imkl:openbareRuimteNaam>Brabantse straatweg</imkl:openbareRuimteNaam>
									<imkl:huisnummer>701</imkl:huisnummer>
									<imkl:woonplaatsNaam>Best</imkl:woonplaatsNaam>
									<imkl:postcode>5685AA</imkl:postcode>
								</imkl:Adres>
							</imkl:bezoekAdres>
							<imkl:telefoon>088-0234567</imkl:telefoon>
							<imkl:fax>088-0234568</imkl:fax>
							<imkl:email>info@grondroerderX.nl</imkl:email>
						</imkl:Organisatie>
					</imkl:organisatie>
					<imkl:extraEmail>p.werkvoorbereider@grondroerderX.nl</imkl:extraEmail>
				</imkl:Aanvrager>
			</imkl:aanvrager>
			<imkl:referentie>Voorbeeld ZIP-levering</imkl:referentie>
			<imkl:opdrachtgever>
				<imkl:Opdrachtgever>
					<imkl:contactpersoon>
						<imkl:Contact>
							<imkl:naam>J. Opdrachtgever</imkl:naam>
							<imkl:telefoon>088-4273534</imkl:telefoon>
							<imkl:email>j.opdrachtgever@gemeentebest.nl</imkl:email>
						</imkl:Contact>
					</imkl:contactpersoon>
					<imkl:organisatie>
						<imkl:Organisatie>
							<imkl:naam>Gemeente Best</imkl:naam>
							<imkl:naam>afd. grondwerken</imkl:naam>
							<imkl:kvkNummer>0035384999</imkl:kvkNummer>
							<imkl:bezoekAdres>
								<imkl:Adres>
									<imkl:openbareRuimteNaam>Eindhovense Straatweg</imkl:openbareRuimteNaam>
									<imkl:huisnummer>69</imkl:huisnummer>
									<imkl:woonplaatsNaam>Best</imkl:woonplaatsNaam>
									<imkl:postcode>5685OO</imkl:postcode>
								</imkl:Adres>
							</imkl:bezoekAdres>
							<imkl:telefoon>088-1234567</imkl:telefoon>
							<imkl:fax>088-1234568</imkl:fax>
							<imkl:email>klic@gemeentebest.nl</imkl:email>
						</imkl:Organisatie>
					</imkl:organisatie>
				</imkl:Opdrachtgever>
			</imkl:opdrachtgever>
			<imkl:aanvraagSoort xlink:href="http://definities.geostandaarden.nl/imkl2015/id/waarde/AanvraagSoortValue/graafmelding"/>
			<imkl:aanvraagDatum>2018-01-18T16:15:06+01:00</imkl:aanvraagDatum>
			<imkl:soortWerkzaamheden xlink:href="http://definities.geostandaarden.nl/imkl2015/id/waarde/SoortWerkzaamheden/proefsleuvenGraven"/>
			<imkl:soortWerkzaamheden xlink:href="http://definities.geostandaarden.nl/imkl2015/id/waarde/SoortWerkzaamheden/bestratingswerk"/>
			<imkl:omschrijvingWerkzaamheden>Voorbereiding graafwerkzaamheden, omgeving Best. Zie projectnr. XX-3526-YY</imkl:omschrijvingWerkzaamheden>
			<imkl:locatieWerkzaamheden>Wensheuvel 3, 5685CG Best</imkl:locatieWerkzaamheden>
			<imkl:startDatum>2018-01-19</imkl:startDatum>
			<imkl:eindDatum>2018-04-12</imkl:eindDatum>
			<imkl:huisaansluitingAdressen>
				<imkl:Adres>
					<imkl:openbareRuimteNaam>Heuveleindseweg</imkl:openbareRuimteNaam>
					<imkl:huisnummer>15</imkl:huisnummer>
					<imkl:woonplaatsNaam>Best</imkl:woonplaatsNaam>
					<imkl:postcode>5684NC</imkl:postcode>
					<imkl:BAGidAdresseerbaarObject>0753010000042716</imkl:BAGidAdresseerbaarObject>
				</imkl:Adres>
			</imkl:huisaansluitingAdressen>
			<imkl:huisaansluitingAdressen>
				<imkl:Adres>
					<imkl:openbareRuimteNaam>Nestheuvel</imkl:openbareRuimteNaam>
					<imkl:huisnummer>8</imkl:huisnummer>
					<imkl:woonplaatsNaam>Best</imkl:woonplaatsNaam>
					<imkl:postcode>5685BL</imkl:postcode>
					<imkl:BAGidAdresseerbaarObject>0753010000010590</imkl:BAGidAdresseerbaarObject>
				</imkl:Adres>
			</imkl:huisaansluitingAdressen>
			<imkl:huisaansluitingAdressen>
				<imkl:Adres>
					<imkl:openbareRuimteNaam>Nestheuvel</imkl:openbareRuimteNaam>
					<imkl:huisnummer>9</imkl:huisnummer>
					<imkl:woonplaatsNaam>Best</imkl:woonplaatsNaam>
					<imkl:postcode>5685BL</imkl:postcode>
					<imkl:BAGidAdresseerbaarObject>0753010000010644</imkl:BAGidAdresseerbaarObject>
				</imkl:Adres>
			</imkl:huisaansluitingAdressen>
			<imkl:huisaansluitingAdressen>
				<imkl:Adres>
					<imkl:openbareRuimteNaam>Nestheuvel</imkl:openbareRuimteNaam>
					<imkl:huisnummer>10</imkl:huisnummer>
					<imkl:woonplaatsNaam>Best</imkl:woonplaatsNaam>
					<imkl:postcode>5685BL</imkl:postcode>
					<imkl:BAGidAdresseerbaarObject>0753010000010591</imkl:BAGidAdresseerbaarObject>
				</imkl:Adres>
			</imkl:huisaansluitingAdressen>
			<imkl:huisaansluitingAdressen>
				<imkl:Adres>
					<imkl:openbareRuimteNaam>Nestheuvel</imkl:openbareRuimteNaam>
					<imkl:huisnummer>11</imkl:huisnummer>
					<imkl:woonplaatsNaam>Best</imkl:woonplaatsNaam>
					<imkl:postcode>5685BL</imkl:postcode>
					<imkl:BAGidAdresseerbaarObject>0753010000010645</imkl:BAGidAdresseerbaarObject>
				</imkl:Adres>
			</imkl:huisaansluitingAdressen>
			<imkl:huisaansluitingAdressen>
				<imkl:Adres>
					<imkl:openbareRuimteNaam>Nestheuvel</imkl:openbareRuimteNaam>
					<imkl:huisnummer>12</imkl:huisnummer>
					<imkl:woonplaatsNaam>Best</imkl:woonplaatsNaam>
					<imkl:postcode>5685BL</imkl:postcode>
					<imkl:BAGidAdresseerbaarObject>0753010000010592</imkl:BAGidAdresseerbaarObject>
				</imkl:Adres>
			</imkl:huisaansluitingAdressen>
			<imkl:huisaansluitingAdressen>
				<imkl:Adres>
					<imkl:openbareRuimteNaam>Nestheuvel</imkl:openbareRuimteNaam>
					<imkl:huisnummer>13</imkl:huisnummer>
					<imkl:woonplaatsNaam>Best</imkl:woonplaatsNaam>
					<imkl:postcode>5685BL</imkl:postcode>
					<imkl:BAGidAdresseerbaarObject>0753010000010646</imkl:BAGidAdresseerbaarObject>
				</imkl:Adres>
			</imkl:huisaansluitingAdressen>
			<imkl:huisaansluitingAdressen>
				<imkl:Adres>
					<imkl:openbareRuimteNaam>Nestheuvel</imkl:openbareRuimteNaam>
					<imkl:huisnummer>14</imkl:huisnummer>
					<imkl:woonplaatsNaam>Best</imkl:woonplaatsNaam>
					<imkl:postcode>5685BL</imkl:postcode>
					<imkl:BAGidAdresseerbaarObject>0753010000010593</imkl:BAGidAdresseerbaarObject>
				</imkl:Adres>
			</imkl:huisaansluitingAdressen>
			<imkl:huisaansluitingAdressen>
				<imkl:Adres>
					<imkl:openbareRuimteNaam>Nestheuvel</imkl:openbareRuimteNaam>
					<imkl:huisnummer>15</imkl:huisnummer>
					<imkl:woonplaatsNaam>Best</imkl:woonplaatsNaam>
					<imkl:postcode>5685BL</imkl:postcode>
					<imkl:BAGidAdresseerbaarObject>0753010000010647</imkl:BAGidAdresseerbaarObject>
				</imkl:Adres>
			</imkl:huisaansluitingAdressen>
			<imkl:huisaansluitingAdressen>
				<imkl:Adres>
					<imkl:openbareRuimteNaam>Nestheuvel</imkl:openbareRuimteNaam>
					<imkl:huisnummer>16</imkl:huisnummer>
					<imkl:woonplaatsNaam>Best</imkl:woonplaatsNaam>
					<imkl:postcode>5685BL</imkl:postcode>
					<imkl:BAGidAdresseerbaarObject>0753010000010595</imkl:BAGidAdresseerbaarObject>
				</imkl:Adres>
			</imkl:huisaansluitingAdressen>
			<imkl:huisaansluitingAdressen>
				<imkl:Adres>
					<imkl:openbareRuimteNaam>Nestheuvel</imkl:openbareRuimteNaam>
					<imkl:huisnummer>17</imkl:huisnummer>
					<imkl:woonplaatsNaam>Best</imkl:woonplaatsNaam>
					<imkl:postcode>5685BL</imkl:postcode>
					<imkl:BAGidAdresseerbaarObject>0753010000010648</imkl:BAGidAdresseerbaarObject>
				</imkl:Adres>
			</imkl:huisaansluitingAdressen>
			<imkl:huisaansluitingAdressen>
				<imkl:Adres>
					<imkl:openbareRuimteNaam>Nestheuvel</imkl:openbareRuimteNaam>
					<imkl:huisnummer>18</imkl:huisnummer>
					<imkl:woonplaatsNaam>Best</imkl:woonplaatsNaam>
					<imkl:postcode>5685BL</imkl:postcode>
					<imkl:BAGidAdresseerbaarObject>0753010000010596</imkl:BAGidAdresseerbaarObject>
				</imkl:Adres>
			</imkl:huisaansluitingAdressen>
			<imkl:huisaansluitingAdressen>
				<imkl:Adres>
					<imkl:openbareRuimteNaam>Nestheuvel</imkl:openbareRuimteNaam>
					<imkl:huisnummer>19</imkl:huisnummer>
					<imkl:woonplaatsNaam>Best</imkl:woonplaatsNaam>
					<imkl:postcode>5685BL</imkl:postcode>
					<imkl:BAGidAdresseerbaarObject>0753010000010649</imkl:BAGidAdresseerbaarObject>
				</imkl:Adres>
			</imkl:huisaansluitingAdressen>
			<imkl:huisaansluitingAdressen>
				<imkl:Adres>
					<imkl:openbareRuimteNaam>Wensheuvel</imkl:openbareRuimteNaam>
					<imkl:huisnummer>3</imkl:huisnummer>
					<imkl:woonplaatsNaam>Best</imkl:woonplaatsNaam>
					<imkl:postcode>5685CG</imkl:postcode>
					<imkl:BAGidAdresseerbaarObject>0753010000010738</imkl:BAGidAdresseerbaarObject>
				</imkl:Adres>
			</imkl:huisaansluitingAdressen>
			<imkl:graafpolygoon xlink:href="nl.imkl-KA0000._Graafpolygoon_18G030795"/>
		</imkl:GebiedsinformatieAanvraag>
	</gml:featureMember>
	<!--________________ Graafpolygoon ________________-->
	<gml:featureMember>
		<imkl:Graafpolygoon gml:id="nl.imkl-KA0000._Graafpolygoon_18G030795">
			<imkl:identificatie>
				<imkl:NEN3610ID>
					<imkl:namespace>nl.imkl</imkl:namespace>
					<imkl:lokaalID>KA0000._Graafpolygoon_18G030795</imkl:lokaalID>
				</imkl:NEN3610ID>
			</imkl:identificatie>
			<imkl:beginLifespanVersion>2018-01-18T16:15:06+01:00</imkl:beginLifespanVersion>
			<imkl:geometrie>
				<gml:Polygon srsName="epsg:28992" srsDimension="2" gml:id="nl.imkl-KA0000._Graafpolygoon_18G030795_geo">
					<gml:exterior>
						<gml:LinearRing>
							<gml:posList>153645 389917 153622 389578 154112 389504 154092 389854 153645 389917</gml:posList>
						</gml:LinearRing>
					</gml:exterior>
				</gml:Polygon>
			</imkl:geometrie>
		</imkl:Graafpolygoon>
	</gml:featureMember>
<!--

________________ Beheerdersinformatie Belanghebbende GM0753 ________________-
-->
	<gml:featureMember>
		<imkl:Belanghebbende gml:id="nl.imkl-GM0753._Belanghebbende_18G030795-1">
			<imkl:identificatie>
				<imkl:NEN3610ID>
					<imkl:namespace>nl.imkl</imkl:namespace>
					<imkl:lokaalID>GM0753._Belanghebbende_18G030795</imkl:lokaalID>
					<imkl:versie>1</imkl:versie>
				</imkl:NEN3610ID>
			</imkl:identificatie>
			<imkl:beginLifespanVersion>2018-01-19T14:06:11+01:00</imkl:beginLifespanVersion>
			<imkl:beheerdersinformatieGeleverd>true</imkl:beheerdersinformatieGeleverd>
			<imkl:betrokkenBijAanvraag>true</imkl:betrokkenBijAanvraag>
			<imkl:eisVoorzorgsmaatregel>false</imkl:eisVoorzorgsmaatregel>
			<imkl:geraaktBelangBijGraafpolygoon xlink:href="nl.imkl-GM0753._Belang_5001916-1"/>
			<imkl:netbeheerder xlink:href="nl.imkl-GM0753._Beheerder"/>
		</imkl:Belanghebbende>
	</gml:featureMember>
	<!--________________ Beheerder GM0753________________-->
	<gml:featureMember>
		<imkl:Beheerder gml:id="nl.imkl-GM0753._Beheerder">
			<imkl:identificatie>
				<imkl:NEN3610ID>
					<imkl:namespace>nl.imkl</imkl:namespace>
					<imkl:lokaalID>GM0753._Beheerder</imkl:lokaalID>
					<imkl:versie/>
				</imkl:NEN3610ID>
			</imkl:identificatie>
			<imkl:beginLifespanVersion>2008-01-01T00:00:00+01:00</imkl:beginLifespanVersion>
			<imkl:bronhoudercode>GM0753</imkl:bronhoudercode>
			<imkl:organisatie>
				<imkl:Organisatie>
					<imkl:naam>Gemeente Best Afd.Beheer</imkl:naam>
					<imkl:kvkNummer>17273055</imkl:kvkNummer>
				</imkl:Organisatie>
			</imkl:organisatie>
		</imkl:Beheerder>
	</gml:featureMember>
	<!--________________ Belangen ________________-->
	<gml:featureMember>
		<imkl:Belang gml:id="nl.imkl-GM0753._Belang_5001916-1">
			<imkl:identificatie>
				<imkl:NEN3610ID>
					<imkl:namespace>nl.imkl</imkl:namespace>
					<imkl:lokaalID>GM0753._Belang_5001916</imkl:lokaalID>
					<imkl:versie>1</imkl:versie>
				</imkl:NEN3610ID>
			</imkl:identificatie>
			<imkl:beginLifespanVersion>2008-01-01T00:00:00+01:00</imkl:beginLifespanVersion>
			<imkl:omschrijving>1GBET_1</imkl:omschrijving>
			<imkl:contactAanvraag>
				<imkl:AanvraagSoortContact>
						<imkl:aanvraagSoort xlink:href="http://definities.geostandaarden.nl/imkl2015/id/waarde/AanvraagSoortValue/graafmelding"/>
						<imkl:naam>P. Houtman</imkl:naam>
						<imkl:telefoon>0499360423</imkl:telefoon>
						<imkl:email>p.houtman@gembest.nl</imkl:email>
				</imkl:AanvraagSoortContact>
			</imkl:contactAanvraag>
			<imkl:thema xlink:href="http://definities.geostandaarden.nl/imkl2015/id/waarde/Thema/rioolVrijverval"/>
		</imkl:Belang>
	</gml:featureMember>
<!--
________________ Beheerdersinformatie Belanghebbende KL1001 ________________-
-->
	<gml:featureMember>
		<imkl:Belanghebbende gml:id="nl.imkl-KL1001._Belanghebbende_18G030795-1">
			<imkl:identificatie>
				<imkl:NEN3610ID>
					<imkl:namespace>nl.imkl</imkl:namespace>
					<imkl:lokaalID>KL1001._Belanghebbende_18G030795</imkl:lokaalID>
					<imkl:versie>1</imkl:versie>
				</imkl:NEN3610ID>
			</imkl:identificatie>
			<imkl:beginLifespanVersion>2018-01-19T14:06:11+01:00</imkl:beginLifespanVersion>
			<imkl:beheerdersinformatieGeleverd>true</imkl:beheerdersinformatieGeleverd>
			<imkl:betrokkenBijAanvraag>true</imkl:betrokkenBijAanvraag>
			<imkl:eisVoorzorgsmaatregel>false</imkl:eisVoorzorgsmaatregel>
			<imkl:geraaktBelangBijGraafpolygoon xlink:href="nl.imkl-KL1001._Belang_5002241-2"/>
			<imkl:netbeheerder xlink:href="nl.imkl-KL1001._Beheerder"/>
		</imkl:Belanghebbende>
	</gml:featureMember>
	<!--________________ Beheerder KL1001________________-->
	<gml:featureMember>
		<imkl:Beheerder gml:id="nl.imkl-KL1001._Beheerder">
			<imkl:identificatie>
				<imkl:NEN3610ID>
					<imkl:namespace>nl.imkl</imkl:namespace>
					<imkl:lokaalID>KL1001._Beheerder</imkl:lokaalID>
					<imkl:versie/>
				</imkl:NEN3610ID>
			</imkl:identificatie>
			<imkl:beginLifespanVersion>2008-01-01T00:00:00+01:00</imkl:beginLifespanVersion>
			<imkl:bronhoudercode>KL1001</imkl:bronhoudercode>
			<imkl:organisatie>
				<imkl:Organisatie>
					<imkl:naam>Brabant Water</imkl:naam>
					<imkl:kvkNummer>16005077</imkl:kvkNummer>
				</imkl:Organisatie>
			</imkl:organisatie>
		</imkl:Beheerder>
	</gml:featureMember>
	<!--________________ Belangen ________________-->
	<gml:featureMember>
		<imkl:Belang gml:id="nl.imkl-KL1001._Belang_5002241-2">
			<imkl:identificatie>
				<imkl:NEN3610ID>
					<imkl:namespace>nl.imkl</imkl:namespace>
					<imkl:lokaalID>KL1001._Belang_5002241</imkl:lokaalID>
					<imkl:versie>2</imkl:versie>
				</imkl:NEN3610ID>
			</imkl:identificatie>
			<imkl:beginLifespanVersion>2008-01-01T00:00:00+01:00</imkl:beginLifespanVersion>
			<imkl:omschrijving>Regio Zuidoost</imkl:omschrijving>
			<imkl:contactAanvraag>
				<imkl:AanvraagSoortContact>
						<imkl:aanvraagSoort xlink:href="http://definities.geostandaarden.nl/imkl2015/id/waarde/AanvraagSoortValue/graafmelding"/>
						<imkl:naam>Regio Zuidoost</imkl:naam>
						<imkl:telefoon>0736838850</imkl:telefoon>
						<imkl:email>regiozuidoostadministratie@brabantwater.nl</imkl:email>
				</imkl:AanvraagSoortContact>
			</imkl:contactAanvraag>
			<imkl:thema xlink:href="http://definities.geostandaarden.nl/imkl2015/id/waarde/Thema/water"/>
		</imkl:Belang>
	</gml:featureMember>
<!--
________________ Beheerdersinformatie Belanghebbende KL1010 ________________-
-->
	<gml:featureMember>
		<imkl:Belanghebbende gml:id="nl.imkl-KL1010._Belanghebbende_18G030795-1">
			<imkl:identificatie>
				<imkl:NEN3610ID>
					<imkl:namespace>nl.imkl</imkl:namespace>
					<imkl:lokaalID>KL1010._Belanghebbende_18G030795</imkl:lokaalID>
					<imkl:versie>1</imkl:versie>
				</imkl:NEN3610ID>
			</imkl:identificatie>
			<imkl:beginLifespanVersion>2018-01-19T14:06:11+01:00</imkl:beginLifespanVersion>
			<imkl:beheerdersinformatieGeleverd>true</imkl:beheerdersinformatieGeleverd>
			<imkl:betrokkenBijAanvraag>false</imkl:betrokkenBijAanvraag>
			<imkl:eisVoorzorgsmaatregel>false</imkl:eisVoorzorgsmaatregel>
			<imkl:geraaktBelangBijGraafpolygoon xlink:href="nl.imkl-KL1010._Belang_5014212-16"/>
			<imkl:geraaktBelangBijGraafpolygoon xlink:href="nl.imkl-KL1010._Belang_5014542-12"/>
			<imkl:geraaktBelangBijGraafpolygoon xlink:href="nl.imkl-KL1010._Belang_5014826-8"/>
			<imkl:geraaktBelangBijGraafpolygoon xlink:href="nl.imkl-KL1010._Belang_5015024-17"/>
			<imkl:geraaktBelangBijGraafpolygoon xlink:href="nl.imkl-KL1010._Belang_5015484-1"/>
			<imkl:netbeheerder xlink:href="nl.imkl-KL1010._Beheerder"/>
		</imkl:Belanghebbende>
	</gml:featureMember>
	<!--________________ Beheerder KL1010________________-->
	<gml:featureMember>
		<imkl:Beheerder gml:id="nl.imkl-KL1010._Beheerder">
			<imkl:identificatie>
				<imkl:NEN3610ID>
					<imkl:namespace>nl.imkl</imkl:namespace>
					<imkl:lokaalID>KL1010._Beheerder</imkl:lokaalID>
					<imkl:versie/>
				</imkl:NEN3610ID>
			</imkl:identificatie>
			<imkl:beginLifespanVersion>2008-01-01T00:00:00+01:00</imkl:beginLifespanVersion>
			<imkl:bronhoudercode>KL1010</imkl:bronhoudercode>
			<imkl:organisatie>
				<imkl:Organisatie>
					<imkl:naam>Eurofiber Nederland B.V.</imkl:naam>
				</imkl:Organisatie>
			</imkl:organisatie>
		</imkl:Beheerder>
	</gml:featureMember>
	<!--________________ Belangen ________________-->
	<gml:featureMember>
		<imkl:Belang gml:id="nl.imkl-KL1010._Belang_5014212-16">
			<imkl:identificatie>
				<imkl:NEN3610ID>
					<imkl:namespace>nl.imkl</imkl:namespace>
					<imkl:lokaalID>KL1010._Belang_5014212</imkl:lokaalID>
					<imkl:versie>16</imkl:versie>
				</imkl:NEN3610ID>
			</imkl:identificatie>
			<imkl:beginLifespanVersion>2008-01-01T00:00:00+01:00</imkl:beginLifespanVersion>
			<imkl:omschrijving>Netwerk Eurofiber 2017-01</imkl:omschrijving>
			<imkl:contactAanvraag>
				<imkl:AanvraagSoortContact>
						<imkl:aanvraagSoort xlink:href="http://definities.geostandaarden.nl/imkl2015/id/waarde/AanvraagSoortValue/graafmelding"/>
						<imkl:naam>J.F. Tetelepta</imkl:naam>
						<imkl:telefoon>0302428700</imkl:telefoon>
						<imkl:email>vooroverleg@eurofiber.com</imkl:email>
				</imkl:AanvraagSoortContact>
			</imkl:contactAanvraag>
			<imkl:thema xlink:href="http://definities.geostandaarden.nl/imkl2015/id/waarde/Thema/datatransport"/>
		</imkl:Belang>
	</gml:featureMember>
	<gml:featureMember>
		<imkl:Belang gml:id="nl.imkl-KL1010._Belang_5014542-12">
			<imkl:identificatie>
				<imkl:NEN3610ID>
					<imkl:namespace>nl.imkl</imkl:namespace>
					<imkl:lokaalID>KL1010._Belang_5014542</imkl:lokaalID>
					<imkl:versie>12</imkl:versie>
				</imkl:NEN3610ID>
			</imkl:identificatie>
			<imkl:beginLifespanVersion>2008-01-01T00:00:00+01:00</imkl:beginLifespanVersion>
			<imkl:omschrijving>Netwerk Eurofiber 2017-02</imkl:omschrijving>
			<imkl:contactAanvraag>
				<imkl:AanvraagSoortContact>
						<imkl:aanvraagSoort xlink:href="http://definities.geostandaarden.nl/imkl2015/id/waarde/AanvraagSoortValue/graafmelding"/>
						<imkl:naam>J.F. Tetelepta</imkl:naam>
						<imkl:telefoon>0302428700</imkl:telefoon>
						<imkl:email>vooroverleg@eurofiber.com</imkl:email>
				</imkl:AanvraagSoortContact>
			</imkl:contactAanvraag>
			<imkl:thema xlink:href="http://definities.geostandaarden.nl/imkl2015/id/waarde/Thema/datatransport"/>
		</imkl:Belang>
	</gml:featureMember>
	<gml:featureMember>
		<imkl:Belang gml:id="nl.imkl-KL1010._Belang_5014826-8">
			<imkl:identificatie>
				<imkl:NEN3610ID>
					<imkl:namespace>nl.imkl</imkl:namespace>
					<imkl:lokaalID>KL1010._Belang_5014826</imkl:lokaalID>
					<imkl:versie>8</imkl:versie>
				</imkl:NEN3610ID>
			</imkl:identificatie>
			<imkl:beginLifespanVersion>2008-01-01T00:00:00+01:00</imkl:beginLifespanVersion>
			<imkl:omschrijving>Netwerk Eurofiber 2017-03</imkl:omschrijving>
			<imkl:contactAanvraag>
				<imkl:AanvraagSoortContact>
						<imkl:aanvraagSoort xlink:href="http://definities.geostandaarden.nl/imkl2015/id/waarde/AanvraagSoortValue/graafmelding"/>
						<imkl:naam>J.F. Tetelepta</imkl:naam>
						<imkl:telefoon>0302428700</imkl:telefoon>
						<imkl:email>vooroverleg@eurofiber.com</imkl:email>
				</imkl:AanvraagSoortContact>
			</imkl:contactAanvraag>
			<imkl:thema xlink:href="http://definities.geostandaarden.nl/imkl2015/id/waarde/Thema/datatransport"/>
		</imkl:Belang>
	</gml:featureMember>
	<gml:featureMember>
		<imkl:Belang gml:id="nl.imkl-KL1010._Belang_5015024-17">
			<imkl:identificatie>
				<imkl:NEN3610ID>
					<imkl:namespace>nl.imkl</imkl:namespace>
					<imkl:lokaalID>KL1010._Belang_5015024</imkl:lokaalID>
					<imkl:versie>17</imkl:versie>
				</imkl:NEN3610ID>
			</imkl:identificatie>
			<imkl:beginLifespanVersion>2008-01-01T00:00:00+01:00</imkl:beginLifespanVersion>
			<imkl:omschrijving>Netwerk Eurofiber 2017-04</imkl:omschrijving>
			<imkl:contactAanvraag>
				<imkl:AanvraagSoortContact>
						<imkl:aanvraagSoort xlink:href="http://definities.geostandaarden.nl/imkl2015/id/waarde/AanvraagSoortValue/graafmelding"/>
						<imkl:naam>J.F. Tetelepta</imkl:naam>
						<imkl:telefoon>0302428700</imkl:telefoon>
						<imkl:email>vooroverleg@eurofiber.com</imkl:email>
				</imkl:AanvraagSoortContact>
			</imkl:contactAanvraag>
			<imkl:thema xlink:href="http://definities.geostandaarden.nl/imkl2015/id/waarde/Thema/datatransport"/>
		</imkl:Belang>
	</gml:featureMember>
	<gml:featureMember>
		<imkl:Belang gml:id="nl.imkl-KL1010._Belang_5015484-1">
			<imkl:identificatie>
				<imkl:NEN3610ID>
					<imkl:namespace>nl.imkl</imkl:namespace>
					<imkl:lokaalID>KL1010._Belang_5015484</imkl:lokaalID>
					<imkl:versie>1</imkl:versie>
				</imkl:NEN3610ID>
			</imkl:identificatie>
			<imkl:beginLifespanVersion>2008-01-01T00:00:00+01:00</imkl:beginLifespanVersion>
			<imkl:omschrijving>Netwerk Eurofiber 2018-01</imkl:omschrijving>
			<imkl:contactAanvraag>
				<imkl:AanvraagSoortContact>
						<imkl:aanvraagSoort xlink:href="http://definities.geostandaarden.nl/imkl2015/id/waarde/AanvraagSoortValue/graafmelding"/>
						<imkl:naam>J.F. Tetelepta</imkl:naam>
						<imkl:telefoon>0302428700</imkl:telefoon>
						<imkl:email>vooroverleg@eurofiber.com</imkl:email>
				</imkl:AanvraagSoortContact>
			</imkl:contactAanvraag>
			<imkl:thema xlink:href="http://definities.geostandaarden.nl/imkl2015/id/waarde/Thema/datatransport"/>
		</imkl:Belang>
	</gml:featureMember>
<!--
________________ Beheerdersinformatie Belanghebbende KL1011 ________________-
-->
	<gml:featureMember>
		<imkl:Belanghebbende gml:id="nl.imkl-KL1011._Belanghebbende_18G030795-1">
			<imkl:identificatie>
				<imkl:NEN3610ID>
					<imkl:namespace>nl.imkl</imkl:namespace>
					<imkl:lokaalID>KL1011._Belanghebbende_18G030795</imkl:lokaalID>
					<imkl:versie>1</imkl:versie>
				</imkl:NEN3610ID>
			</imkl:identificatie>
			<imkl:beginLifespanVersion>2018-01-19T14:06:11+01:00</imkl:beginLifespanVersion>
			<imkl:beheerdersinformatieGeleverd>true</imkl:beheerdersinformatieGeleverd>
			<imkl:betrokkenBijAanvraag>true</imkl:betrokkenBijAanvraag>
			<imkl:eisVoorzorgsmaatregel>false</imkl:eisVoorzorgsmaatregel>
			<imkl:geraaktBelangBijGraafpolygoon xlink:href="nl.imkl-KL1011._Belang_5000358-6"/>
			<imkl:netbeheerder xlink:href="nl.imkl-KL1011._Beheerder"/>
		</imkl:Belanghebbende>
	</gml:featureMember>
	<!--________________ Beheerder KL1011________________-->
	<gml:featureMember>
		<imkl:Beheerder gml:id="nl.imkl-KL1011._Beheerder">
			<imkl:identificatie>
				<imkl:NEN3610ID>
					<imkl:namespace>nl.imkl</imkl:namespace>
					<imkl:lokaalID>KL1011._Beheerder</imkl:lokaalID>
					<imkl:versie/>
				</imkl:NEN3610ID>
			</imkl:identificatie>
			<imkl:beginLifespanVersion>2008-01-01T00:00:00+01:00</imkl:beginLifespanVersion>
			<imkl:bronhoudercode>KL1011</imkl:bronhoudercode>
			<imkl:organisatie>
				<imkl:Organisatie>
					<imkl:naam>Ziggo B.V.</imkl:naam>
					<imkl:kvkNummer>37026706</imkl:kvkNummer>
				</imkl:Organisatie>
			</imkl:organisatie>
		</imkl:Beheerder>
	</gml:featureMember>
	<!--________________ Belangen ________________-->
	<gml:featureMember>
		<imkl:Belang gml:id="nl.imkl-KL1011._Belang_5000358-6">
			<imkl:identificatie>
				<imkl:NEN3610ID>
					<imkl:namespace>nl.imkl</imkl:namespace>
					<imkl:lokaalID>KL1011._Belang_5000358</imkl:lokaalID>
					<imkl:versie>6</imkl:versie>
				</imkl:NEN3610ID>
			</imkl:identificatie>
			<imkl:beginLifespanVersion>2008-01-01T00:00:00+01:00</imkl:beginLifespanVersion>
			<imkl:omschrijving>Regio Zuid</imkl:omschrijving>
			<imkl:contactAanvraag>
				<imkl:AanvraagSoortContact>
						<imkl:aanvraagSoort xlink:href="http://definities.geostandaarden.nl/imkl2015/id/waarde/AanvraagSoortValue/graafmelding"/>
						<imkl:naam>Network Infrastructure South</imkl:naam>
						<imkl:telefoon>0887168723</imkl:telefoon>
						<imkl:email>topografie.zuid@office.ziggo.nl</imkl:email>
				</imkl:AanvraagSoortContact>
			</imkl:contactAanvraag>
			<imkl:thema xlink:href="http://definities.geostandaarden.nl/imkl2015/id/waarde/Thema/datatransport"/>
		</imkl:Belang>
	</gml:featureMember>
<!--
________________ Beheerdersinformatie Belanghebbende KL1015 ________________-
-->
	<gml:featureMember>
		<imkl:Belanghebbende gml:id="nl.imkl-KL1015._Belanghebbende_18G030795-1">
			<imkl:identificatie>
				<imkl:NEN3610ID>
					<imkl:namespace>nl.imkl</imkl:namespace>
					<imkl:lokaalID>KL1015._Belanghebbende_18G030795</imkl:lokaalID>
					<imkl:versie>1</imkl:versie>
				</imkl:NEN3610ID>
			</imkl:identificatie>
			<imkl:beginLifespanVersion>2018-01-19T14:06:11+01:00</imkl:beginLifespanVersion>
			<imkl:beheerdersinformatieGeleverd>true</imkl:beheerdersinformatieGeleverd>
			<imkl:betrokkenBijAanvraag>false</imkl:betrokkenBijAanvraag>
			<imkl:eisVoorzorgsmaatregel>false</imkl:eisVoorzorgsmaatregel>
			<imkl:geraaktBelangBijGraafpolygoon xlink:href="nl.imkl-KL1015._Belang_5000837-5"/>
			<imkl:netbeheerder xlink:href="nl.imkl-KL1015._Beheerder"/>
		</imkl:Belanghebbende>
	</gml:featureMember>
	<!--________________ Beheerder KL1015________________-->
	<gml:featureMember>
		<imkl:Beheerder gml:id="nl.imkl-KL1015._Beheerder">
			<imkl:identificatie>
				<imkl:NEN3610ID>
					<imkl:namespace>nl.imkl</imkl:namespace>
					<imkl:lokaalID>KL1015._Beheerder</imkl:lokaalID>
					<imkl:versie/>
				</imkl:NEN3610ID>
			</imkl:identificatie>
			<imkl:beginLifespanVersion>2008-01-01T00:00:00+01:00</imkl:beginLifespanVersion>
			<imkl:bronhoudercode>KL1015</imkl:bronhoudercode>
			<imkl:organisatie>
				<imkl:Organisatie>
					<imkl:naam>Ziggo Services</imkl:naam>
					<imkl:kvkNummer>62393944</imkl:kvkNummer>
				</imkl:Organisatie>
			</imkl:organisatie>
		</imkl:Beheerder>
	</gml:featureMember>
	<!--________________ Belangen ________________-->
	<gml:featureMember>
		<imkl:Belang gml:id="nl.imkl-KL1015._Belang_5000837-5">
			<imkl:identificatie>
				<imkl:NEN3610ID>
					<imkl:namespace>nl.imkl</imkl:namespace>
					<imkl:lokaalID>KL1015._Belang_5000837</imkl:lokaalID>
					<imkl:versie>5</imkl:versie>
				</imkl:NEN3610ID>
			</imkl:identificatie>
			<imkl:beginLifespanVersion>2008-01-01T00:00:00+01:00</imkl:beginLifespanVersion>
			<imkl:omschrijving>UPCR_1</imkl:omschrijving>
			<imkl:contactAanvraag>
				<imkl:AanvraagSoortContact>
						<imkl:aanvraagSoort xlink:href="http://definities.geostandaarden.nl/imkl2015/id/waarde/AanvraagSoortValue/graafmelding"/>
						<imkl:naam>Afdeling NI&amp;C - Klic &amp; Inlichtingen</imkl:naam>
						<imkl:telefoon>058-2348800</imkl:telefoon>
						<imkl:email>klicnl@office.ziggo.nl</imkl:email>
				</imkl:AanvraagSoortContact>
			</imkl:contactAanvraag>
			<imkl:thema xlink:href="http://definities.geostandaarden.nl/imkl2015/id/waarde/Thema/datatransport"/>
		</imkl:Belang>
	</gml:featureMember>
<!--
________________ Beheerdersinformatie Belanghebbende KL1020 ________________-
-->
	<gml:featureMember>
		<imkl:Belanghebbende gml:id="nl.imkl-KL1020._Belanghebbende_18G030795-1">
			<imkl:identificatie>
				<imkl:NEN3610ID>
					<imkl:namespace>nl.imkl</imkl:namespace>
					<imkl:lokaalID>KL1020._Belanghebbende_18G030795</imkl:lokaalID>
					<imkl:versie>1</imkl:versie>
				</imkl:NEN3610ID>
			</imkl:identificatie>
			<imkl:beginLifespanVersion>2018-01-19T14:06:11+01:00</imkl:beginLifespanVersion>
			<imkl:beheerdersinformatieGeleverd>true</imkl:beheerdersinformatieGeleverd>
			<imkl:betrokkenBijAanvraag>true</imkl:betrokkenBijAanvraag>
			<imkl:eisVoorzorgsmaatregel>false</imkl:eisVoorzorgsmaatregel>
			<imkl:geraaktBelangBijGraafpolygoon xlink:href="nl.imkl-KL1020._Belang_5002261-10"/>
			<imkl:netbeheerder xlink:href="nl.imkl-KL1020._Beheerder"/>
		</imkl:Belanghebbende>
	</gml:featureMember>
	<!--________________ Beheerder KL1020________________-->
	<gml:featureMember>
		<imkl:Beheerder gml:id="nl.imkl-KL1020._Beheerder">
			<imkl:identificatie>
				<imkl:NEN3610ID>
					<imkl:namespace>nl.imkl</imkl:namespace>
					<imkl:lokaalID>KL1020._Beheerder</imkl:lokaalID>
					<imkl:versie/>
				</imkl:NEN3610ID>
			</imkl:identificatie>
			<imkl:beginLifespanVersion>2008-01-01T00:00:00+01:00</imkl:beginLifespanVersion>
			<imkl:bronhoudercode>KL1020</imkl:bronhoudercode>
			<imkl:organisatie>
				<imkl:Organisatie>
					<imkl:naam>RWS ZN district West</imkl:naam>
				</imkl:Organisatie>
			</imkl:organisatie>
		</imkl:Beheerder>
	</gml:featureMember>
	<!--________________ Belangen ________________-->
	<gml:featureMember>
		<imkl:Belang gml:id="nl.imkl-KL1020._Belang_5002261-10">
			<imkl:identificatie>
				<imkl:NEN3610ID>
					<imkl:namespace>nl.imkl</imkl:namespace>
					<imkl:lokaalID>KL1020._Belang_5002261</imkl:lokaalID>
					<imkl:versie>10</imkl:versie>
				</imkl:NEN3610ID>
			</imkl:identificatie>
			<imkl:beginLifespanVersion>2008-01-01T00:00:00+01:00</imkl:beginLifespanVersion>
			<imkl:omschrijving>1RWWW_1 10mei2012</imkl:omschrijving>
			<imkl:contactAanvraag>
				<imkl:AanvraagSoortContact>
						<imkl:aanvraagSoort xlink:href="http://definities.geostandaarden.nl/imkl2015/id/waarde/AanvraagSoortValue/graafmelding"/>
						<imkl:naam>Areaalloket Zuid-Nederland</imkl:naam>
						<imkl:telefoon>0135491491</imkl:telefoon>
						<imkl:email>zn-areaalgegevens@rws.nl</imkl:email>
				</imkl:AanvraagSoortContact>
			</imkl:contactAanvraag>
			<imkl:thema xlink:href="http://definities.geostandaarden.nl/imkl2015/id/waarde/Thema/petrochemie"/>
			<imkl:thema xlink:href="http://definities.geostandaarden.nl/imkl2015/id/waarde/Thema/datatransport"/>
			<imkl:thema xlink:href="http://definities.geostandaarden.nl/imkl2015/id/waarde/Thema/gasLageDruk"/>
			<imkl:thema xlink:href="http://definities.geostandaarden.nl/imkl2015/id/waarde/Thema/laagspanning"/>
			<imkl:thema xlink:href="http://definities.geostandaarden.nl/imkl2015/id/waarde/Thema/middenspanning"/>
			<imkl:thema xlink:href="http://definities.geostandaarden.nl/imkl2015/id/waarde/Thema/hoogspanning"/>
			<imkl:thema xlink:href="http://definities.geostandaarden.nl/imkl2015/id/waarde/Thema/water"/>
			<imkl:thema xlink:href="http://definities.geostandaarden.nl/imkl2015/id/waarde/Thema/warmte"/>
			<imkl:thema xlink:href="http://definities.geostandaarden.nl/imkl2015/id/waarde/Thema/rioolOnderOverOfOnderdruk"/>
			<imkl:thema xlink:href="http://definities.geostandaarden.nl/imkl2015/id/waarde/Thema/rioolVrijverval"/>
			<imkl:thema xlink:href="http://definities.geostandaarden.nl/imkl2015/id/waarde/Thema/overig"/>
		</imkl:Belang>
	</gml:featureMember>
<!--
________________ Beheerdersinformatie Belanghebbende KL1027 ________________-
-->
	<gml:featureMember>
		<imkl:Belanghebbende gml:id="nl.imkl-KL1027._Belanghebbende_18G030795-1">
			<imkl:identificatie>
				<imkl:NEN3610ID>
					<imkl:namespace>nl.imkl</imkl:namespace>
					<imkl:lokaalID>KL1027._Belanghebbende_18G030795</imkl:lokaalID>
					<imkl:versie>1</imkl:versie>
				</imkl:NEN3610ID>
			</imkl:identificatie>
			<imkl:beginLifespanVersion>2018-01-19T14:06:11+01:00</imkl:beginLifespanVersion>
			<imkl:beheerdersinformatieGeleverd>true</imkl:beheerdersinformatieGeleverd>
			<imkl:betrokkenBijAanvraag>true</imkl:betrokkenBijAanvraag>
			<imkl:eisVoorzorgsmaatregel>true</imkl:eisVoorzorgsmaatregel>
			<imkl:geraaktBelangBijGraafpolygoon xlink:href="nl.imkl-KL1027._Belang_5008382-5"/>
			<imkl:geraaktBelangBijGraafpolygoon xlink:href="nl.imkl-KL1027._Belang_5010216-4"/>
			<imkl:geraaktBelangBijGraafpolygoon xlink:href="nl.imkl-KL1027._Belang_5008656-13"/>
			<imkl:netbeheerder xlink:href="nl.imkl-KL1027._Beheerder"/>
		</imkl:Belanghebbende>
	</gml:featureMember>
	<!--________________ Beheerder KL1027________________-->
	<gml:featureMember>
		<imkl:Beheerder gml:id="nl.imkl-KL1027._Beheerder">
			<imkl:identificatie>
				<imkl:NEN3610ID>
					<imkl:namespace>nl.imkl</imkl:namespace>
					<imkl:lokaalID>KL1027._Beheerder</imkl:lokaalID>
					<imkl:versie/>
				</imkl:NEN3610ID>
			</imkl:identificatie>
			<imkl:beginLifespanVersion>2008-01-01T00:00:00+01:00</imkl:beginLifespanVersion>
			<imkl:bronhoudercode>KL1027</imkl:bronhoudercode>
			<imkl:organisatie>
				<imkl:Organisatie>
					<imkl:naam>N.V. Nederlandse Gasunie West</imkl:naam>
					<imkl:kvkNummer>02029700</imkl:kvkNummer>
				</imkl:Organisatie>
			</imkl:organisatie>
		</imkl:Beheerder>
	</gml:featureMember>
	<!--________________ Belangen ________________-->
	<gml:featureMember>
		<imkl:Belang gml:id="nl.imkl-KL1027._Belang_5008382-5">
			<imkl:identificatie>
				<imkl:NEN3610ID>
					<imkl:namespace>nl.imkl</imkl:namespace>
					<imkl:lokaalID>KL1027._Belang_5008382</imkl:lokaalID>
					<imkl:versie>5</imkl:versie>
				</imkl:NEN3610ID>
			</imkl:identificatie>
			<imkl:beginLifespanVersion>2008-01-01T00:00:00+01:00</imkl:beginLifespanVersion>
			<imkl:omschrijving>Gasunie_West_BGI</imkl:omschrijving>
			<imkl:contactAanvraag>
				<imkl:AanvraagSoortContact>
						<imkl:aanvraagSoort xlink:href="http://definities.geostandaarden.nl/imkl2015/id/waarde/AanvraagSoortValue/graafmelding"/>
						<imkl:naam>CTA</imkl:naam>
						<imkl:telefoon>31 182 62 33 68</imkl:telefoon>
						<imkl:email>cta@gasunie.nl</imkl:email>
				</imkl:AanvraagSoortContact>
			</imkl:contactAanvraag>
			<imkl:thema xlink:href="http://definities.geostandaarden.nl/imkl2015/id/waarde/Thema/buisleidingGevaarlijkeInhoud"/>
		</imkl:Belang>
	</gml:featureMember>
	<gml:featureMember>
		<imkl:Belang gml:id="nl.imkl-KL1027._Belang_5010216-4">
			<imkl:identificatie>
				<imkl:NEN3610ID>
					<imkl:namespace>nl.imkl</imkl:namespace>
					<imkl:lokaalID>KL1027._Belang_5010216</imkl:lokaalID>
					<imkl:versie>4</imkl:versie>
				</imkl:NEN3610ID>
			</imkl:identificatie>
			<imkl:beginLifespanVersion>2008-01-01T00:00:00+01:00</imkl:beginLifespanVersion>
			<imkl:omschrijving>Gasunie_West_Overig</imkl:omschrijving>
			<imkl:contactAanvraag>
				<imkl:AanvraagSoortContact>
						<imkl:aanvraagSoort xlink:href="http://definities.geostandaarden.nl/imkl2015/id/waarde/AanvraagSoortValue/graafmelding"/>
						<imkl:naam>CTA</imkl:naam>
						<imkl:telefoon>31 182 62 33 68</imkl:telefoon>
						<imkl:email>cta@gasunie.nl</imkl:email>
				</imkl:AanvraagSoortContact>
			</imkl:contactAanvraag>
			<imkl:thema xlink:href="http://definities.geostandaarden.nl/imkl2015/id/waarde/Thema/overig"/>
		</imkl:Belang>
	</gml:featureMember>
	<gml:featureMember>
		<imkl:Belang gml:id="nl.imkl-KL1027._Belang_5008656-13">
			<imkl:identificatie>
				<imkl:NEN3610ID>
					<imkl:namespace>nl.imkl</imkl:namespace>
					<imkl:lokaalID>KL1027._Belang_5008656</imkl:lokaalID>
					<imkl:versie>13</imkl:versie>
				</imkl:NEN3610ID>
			</imkl:identificatie>
			<imkl:beginLifespanVersion>2008-01-01T00:00:00+01:00</imkl:beginLifespanVersion>
			<imkl:omschrijving>Gasunie_West_Flex</imkl:omschrijving>
			<imkl:contactAanvraag>
				<imkl:AanvraagSoortContact>
						<imkl:aanvraagSoort xlink:href="http://definities.geostandaarden.nl/imkl2015/id/waarde/AanvraagSoortValue/graafmelding"/>
						<imkl:naam>CTA</imkl:naam>
						<imkl:telefoon>31 182 62 33 68</imkl:telefoon>
						<imkl:email>cta@gasunie.nl</imkl:email>
				</imkl:AanvraagSoortContact>
			</imkl:contactAanvraag>
			<imkl:thema xlink:href="http://definities.geostandaarden.nl/imkl2015/id/waarde/Thema/buisleidingGevaarlijkeInhoud"/>
		</imkl:Belang>
	</gml:featureMember>
<!--
________________ Beheerdersinformatie Belanghebbende KL1031 ________________-
-->
	<gml:featureMember>
		<imkl:Belanghebbende gml:id="nl.imkl-KL1031._Belanghebbende_18G030795-1">
			<imkl:identificatie>
				<imkl:NEN3610ID>
					<imkl:namespace>nl.imkl</imkl:namespace>
					<imkl:lokaalID>KL1031._Belanghebbende_18G030795</imkl:lokaalID>
					<imkl:versie>1</imkl:versie>
				</imkl:NEN3610ID>
			</imkl:identificatie>
			<imkl:beginLifespanVersion>2018-01-19T14:06:11+01:00</imkl:beginLifespanVersion>
			<imkl:beheerdersinformatieGeleverd>true</imkl:beheerdersinformatieGeleverd>
			<imkl:betrokkenBijAanvraag>true</imkl:betrokkenBijAanvraag>
			<imkl:eisVoorzorgsmaatregel>false</imkl:eisVoorzorgsmaatregel>
			<imkl:geraaktBelangBijGraafpolygoon xlink:href="nl.imkl-KL1031._Belang_5002515-3"/>
			<imkl:netbeheerder xlink:href="nl.imkl-KL1031._Beheerder"/>
		</imkl:Belanghebbende>
	</gml:featureMember>
	<!--________________ Beheerder KL1031________________-->
	<gml:featureMember>
		<imkl:Beheerder gml:id="nl.imkl-KL1031._Beheerder">
			<imkl:identificatie>
				<imkl:NEN3610ID>
					<imkl:namespace>nl.imkl</imkl:namespace>
					<imkl:lokaalID>KL1031._Beheerder</imkl:lokaalID>
					<imkl:versie/>
				</imkl:NEN3610ID>
			</imkl:identificatie>
			<imkl:beginLifespanVersion>2008-01-01T00:00:00+01:00</imkl:beginLifespanVersion>
			<imkl:bronhoudercode>KL1031</imkl:bronhoudercode>
			<imkl:organisatie>
				<imkl:Organisatie>
					<imkl:naam>Enexis B.V.</imkl:naam>
					<imkl:naam>Klant contactcentrum</imkl:naam>
					<imkl:kvkNummer>17131139</imkl:kvkNummer>
				</imkl:Organisatie>
			</imkl:organisatie>
		</imkl:Beheerder>
	</gml:featureMember>
	<!--________________ Belangen ________________-->
	<gml:featureMember>
		<imkl:Belang gml:id="nl.imkl-KL1031._Belang_5002515-3">
			<imkl:identificatie>
				<imkl:NEN3610ID>
					<imkl:namespace>nl.imkl</imkl:namespace>
					<imkl:lokaalID>KL1031._Belang_5002515</imkl:lokaalID>
					<imkl:versie>3</imkl:versie>
				</imkl:NEN3610ID>
			</imkl:identificatie>
			<imkl:beginLifespanVersion>2008-01-01T00:00:00+01:00</imkl:beginLifespanVersion>
			<imkl:omschrijving>ENEXIS</imkl:omschrijving>
			<imkl:contactAanvraag>
				<imkl:AanvraagSoortContact>
						<imkl:aanvraagSoort xlink:href="http://definities.geostandaarden.nl/imkl2015/id/waarde/AanvraagSoortValue/graafmelding"/>
						<imkl:naam>KLICINFO</imkl:naam>
						<imkl:telefoon>0888577271</imkl:telefoon>
						<imkl:email>klicinfo@enexis.nl</imkl:email>
				</imkl:AanvraagSoortContact>
			</imkl:contactAanvraag>
			<imkl:thema xlink:href="http://definities.geostandaarden.nl/imkl2015/id/waarde/Thema/gasHogeDruk"/>
			<imkl:thema xlink:href="http://definities.geostandaarden.nl/imkl2015/id/waarde/Thema/gasLageDruk"/>
			<imkl:thema xlink:href="http://definities.geostandaarden.nl/imkl2015/id/waarde/Thema/laagspanning"/>
			<imkl:thema xlink:href="http://definities.geostandaarden.nl/imkl2015/id/waarde/Thema/middenspanning"/>
		</imkl:Belang>
	</gml:featureMember>
<!--
________________ Beheerdersinformatie Belanghebbende KL1049 ________________-
-->
	<gml:featureMember>
		<imkl:Belanghebbende gml:id="nl.imkl-KL1049._Belanghebbende_18G030795-1">
			<imkl:identificatie>
				<imkl:NEN3610ID>
					<imkl:namespace>nl.imkl</imkl:namespace>
					<imkl:lokaalID>KL1049._Belanghebbende_18G030795</imkl:lokaalID>
					<imkl:versie>1</imkl:versie>
				</imkl:NEN3610ID>
			</imkl:identificatie>
			<imkl:beginLifespanVersion>2018-01-19T14:06:11+01:00</imkl:beginLifespanVersion>
			<imkl:beheerdersinformatieGeleverd>true</imkl:beheerdersinformatieGeleverd>
			<imkl:betrokkenBijAanvraag>true</imkl:betrokkenBijAanvraag>
			<imkl:eisVoorzorgsmaatregel>false</imkl:eisVoorzorgsmaatregel>
			<imkl:geraaktBelangBijGraafpolygoon xlink:href="nl.imkl-KL1049._Belang_5011167-1"/>
			<imkl:netbeheerder xlink:href="nl.imkl-KL1049._Beheerder"/>
		</imkl:Belanghebbende>
	</gml:featureMember>
	<!--________________ Beheerder KL1049________________-->
	<gml:featureMember>
		<imkl:Beheerder gml:id="nl.imkl-KL1049._Beheerder">
			<imkl:identificatie>
				<imkl:NEN3610ID>
					<imkl:namespace>nl.imkl</imkl:namespace>
					<imkl:lokaalID>KL1049._Beheerder</imkl:lokaalID>
					<imkl:versie/>
				</imkl:NEN3610ID>
			</imkl:identificatie>
			<imkl:beginLifespanVersion>2008-01-01T00:00:00+01:00</imkl:beginLifespanVersion>
			<imkl:bronhoudercode>KL1049</imkl:bronhoudercode>
			<imkl:organisatie>
				<imkl:Organisatie>
					<imkl:naam>Reggefiber Operator B.V.</imkl:naam>
					<imkl:kvkNummer>08155796</imkl:kvkNummer>
				</imkl:Organisatie>
			</imkl:organisatie>
		</imkl:Beheerder>
	</gml:featureMember>
	<!--________________ Belangen ________________-->
	<gml:featureMember>
		<imkl:Belang gml:id="nl.imkl-KL1049._Belang_5011167-1">
			<imkl:identificatie>
				<imkl:NEN3610ID>
					<imkl:namespace>nl.imkl</imkl:namespace>
					<imkl:lokaalID>KL1049._Belang_5011167</imkl:lokaalID>
					<imkl:versie>1</imkl:versie>
				</imkl:NEN3610ID>
			</imkl:identificatie>
			<imkl:beginLifespanVersion>2008-01-01T00:00:00+01:00</imkl:beginLifespanVersion>
			<imkl:omschrijving>Regio Zuid</imkl:omschrijving>
			<imkl:contactAanvraag>
				<imkl:AanvraagSoortContact>
						<imkl:aanvraagSoort xlink:href="http://definities.geostandaarden.nl/imkl2015/id/waarde/AanvraagSoortValue/graafmelding"/>
						<imkl:naam>Regio Zuid</imkl:naam>
						<imkl:telefoon>0548800893</imkl:telefoon>
						<imkl:email>klic-zuid@reggefiber.nl</imkl:email>
				</imkl:AanvraagSoortContact>
			</imkl:contactAanvraag>
			<imkl:thema xlink:href="http://definities.geostandaarden.nl/imkl2015/id/waarde/Thema/datatransport"/>
		</imkl:Belang>
	</gml:featureMember>
<!--
________________ Beheerdersinformatie Belanghebbende KL1051 ________________-
-->
	<gml:featureMember>
		<imkl:Belanghebbende gml:id="nl.imkl-KL1051._Belanghebbende_18G030795-1">
			<imkl:identificatie>
				<imkl:NEN3610ID>
					<imkl:namespace>nl.imkl</imkl:namespace>
					<imkl:lokaalID>KL1051._Belanghebbende_18G030795</imkl:lokaalID>
					<imkl:versie>1</imkl:versie>
				</imkl:NEN3610ID>
			</imkl:identificatie>
			<imkl:beginLifespanVersion>2018-01-19T14:06:11+01:00</imkl:beginLifespanVersion>
			<imkl:beheerdersinformatieGeleverd>true</imkl:beheerdersinformatieGeleverd>
			<imkl:betrokkenBijAanvraag>true</imkl:betrokkenBijAanvraag>
			<imkl:eisVoorzorgsmaatregel>false</imkl:eisVoorzorgsmaatregel>
			<imkl:geraaktBelangBijGraafpolygoon xlink:href="nl.imkl-KL1051._Belang_5002912-7"/>
			<imkl:netbeheerder xlink:href="nl.imkl-KL1051._Beheerder"/>
		</imkl:Belanghebbende>
	</gml:featureMember>
	<!--________________ Beheerder KL1051________________-->
	<gml:featureMember>
		<imkl:Beheerder gml:id="nl.imkl-KL1051._Beheerder">
			<imkl:identificatie>
				<imkl:NEN3610ID>
					<imkl:namespace>nl.imkl</imkl:namespace>
					<imkl:lokaalID>KL1051._Beheerder</imkl:lokaalID>
					<imkl:versie/>
				</imkl:NEN3610ID>
			</imkl:identificatie>
			<imkl:beginLifespanVersion>2008-01-01T00:00:00+01:00</imkl:beginLifespanVersion>
			<imkl:bronhoudercode>KL1051</imkl:bronhoudercode>
			<imkl:organisatie>
				<imkl:Organisatie>
					<imkl:naam>KPN B.V.</imkl:naam>
					<imkl:kvkNummer>27124701</imkl:kvkNummer>
				</imkl:Organisatie>
			</imkl:organisatie>
		</imkl:Beheerder>
	</gml:featureMember>
	<!--________________ Belangen ________________-->
	<gml:featureMember>
		<imkl:Belang gml:id="nl.imkl-KL1051._Belang_5002912-7">
			<imkl:identificatie>
				<imkl:NEN3610ID>
					<imkl:namespace>nl.imkl</imkl:namespace>
					<imkl:lokaalID>KL1051._Belang_5002912</imkl:lokaalID>
					<imkl:versie>7</imkl:versie>
				</imkl:NEN3610ID>
			</imkl:identificatie>
			<imkl:beginLifespanVersion>2008-01-01T00:00:00+01:00</imkl:beginLifespanVersion>
			<imkl:omschrijving>KPN_1</imkl:omschrijving>
			<imkl:contactAanvraag>
				<imkl:AanvraagSoortContact>
						<imkl:aanvraagSoort xlink:href="http://definities.geostandaarden.nl/imkl2015/id/waarde/AanvraagSoortValue/graafmelding"/>
						<imkl:naam>KPN Klic-loket</imkl:naam>
						<imkl:telefoon>(030) 255 33 34</imkl:telefoon>
						<imkl:email>orderintakeplan@kpn.com</imkl:email>
				</imkl:AanvraagSoortContact>
			</imkl:contactAanvraag>
			<imkl:thema xlink:href="http://definities.geostandaarden.nl/imkl2015/id/waarde/Thema/datatransport"/>
		</imkl:Belang>
	</gml:featureMember>
<!--
________________ Beheerdersinformatie Belanghebbende KL1053 ________________-
-->
	<gml:featureMember>
		<imkl:Belanghebbende gml:id="nl.imkl-KL1053._Belanghebbende_18G030795-1">
			<imkl:identificatie>
				<imkl:NEN3610ID>
					<imkl:namespace>nl.imkl</imkl:namespace>
					<imkl:lokaalID>KL1053._Belanghebbende_18G030795</imkl:lokaalID>
					<imkl:versie>1</imkl:versie>
				</imkl:NEN3610ID>
			</imkl:identificatie>
			<imkl:beginLifespanVersion>2018-01-19T14:06:11+01:00</imkl:beginLifespanVersion>
			<imkl:beheerdersinformatieGeleverd>true</imkl:beheerdersinformatieGeleverd>
			<imkl:betrokkenBijAanvraag>false</imkl:betrokkenBijAanvraag>
			<imkl:eisVoorzorgsmaatregel>false</imkl:eisVoorzorgsmaatregel>
			<imkl:geraaktBelangBijGraafpolygoon xlink:href="nl.imkl-KL1053._Belang_5014955-1"/>
			<imkl:netbeheerder xlink:href="nl.imkl-KL1053._Beheerder"/>
		</imkl:Belanghebbende>
	</gml:featureMember>
	<!--________________ Beheerder KL1053________________-->
	<gml:featureMember>
		<imkl:Beheerder gml:id="nl.imkl-KL1053._Beheerder">
			<imkl:identificatie>
				<imkl:NEN3610ID>
					<imkl:namespace>nl.imkl</imkl:namespace>
					<imkl:lokaalID>KL1053._Beheerder</imkl:lokaalID>
					<imkl:versie/>
				</imkl:NEN3610ID>
			</imkl:identificatie>
			<imkl:beginLifespanVersion>2008-01-01T00:00:00+01:00</imkl:beginLifespanVersion>
			<imkl:bronhoudercode>KL1053</imkl:bronhoudercode>
			<imkl:organisatie>
				<imkl:Organisatie>
					<imkl:naam>Defensie Pijpleiding Organisatie</imkl:naam>
					<imkl:kvkNummer>27370985</imkl:kvkNummer>
				</imkl:Organisatie>
			</imkl:organisatie>
		</imkl:Beheerder>
	</gml:featureMember>
	<!--________________ Belangen ________________-->
	<gml:featureMember>
		<imkl:Belang gml:id="nl.imkl-KL1053._Belang_5014955-1">
			<imkl:identificatie>
				<imkl:NEN3610ID>
					<imkl:namespace>nl.imkl</imkl:namespace>
					<imkl:lokaalID>KL1053._Belang_5014955</imkl:lokaalID>
					<imkl:versie>1</imkl:versie>
				</imkl:NEN3610ID>
			</imkl:identificatie>
			<imkl:beginLifespanVersion>2008-01-01T00:00:00+01:00</imkl:beginLifespanVersion>
			<imkl:omschrijving>2016 november</imkl:omschrijving>
			<imkl:contactAanvraag>
				<imkl:AanvraagSoortContact>
						<imkl:aanvraagSoort xlink:href="http://definities.geostandaarden.nl/imkl2015/id/waarde/AanvraagSoortValue/graafmelding"/>
						<imkl:naam>T. Dijk Van</imkl:naam>
						<imkl:telefoon>0703163155</imkl:telefoon>
						<imkl:email>VGI@dpo.mindef.nl</imkl:email>
				</imkl:AanvraagSoortContact>
			</imkl:contactAanvraag>
			<imkl:thema xlink:href="http://definities.geostandaarden.nl/imkl2015/id/waarde/Thema/buisleidingGevaarlijkeInhoud"/>
		</imkl:Belang>
	</gml:featureMember>

</gml:FeatureCollection>