<?xml version="1.0" encoding="UTF-8" standalone="yes"?>
<!-- bestandsnaam: LI_18G030795_2.xml -->
<!-- bron: Kadaster-KLIC -->
<!-- _____________________________________________________________________
Toelichting:  
Voorbeeld van leveringsinformatie bij een uitlevering van gebiedsinformatie (ZIP-levering).
De gebruikte voorbeeld-features zijn bedoeld voor demo-doeleinden en zijn niet bedoeld	
om een representatie te geven van de werkelijke situatie ter plaatse. 										
De inhoud is gebaseerd op de definities uit IMKL2015, versie 1.2.1 											

De levering is ingedeeld naar de beoogde structuur voor toepassing van IMKL1.2, bijv.
- gebruikte mappenstructuur, gebaseerd op bronhoudercodes
- detail-informatie over de levering, aanvraag, belanghebbenden en belangen is opgenomen
  in de bijbehorende feature-file (GI_GebiedsinformatieLevering_<klcMeldnummer>_<volgnr>.xml)
- de leveringsinformatie geeft een overzicht van de meegeleverde kaarten en bijlagen
- de leveringsinformatie levert voor de klassieke beheerdersinformatie (BMKL1.2)
  (in de overgangsperiode) nog enkele kenmerken die door de netbeheerder zijn aangeleverd.

Bronhouders klassiek:
- alle (#11)
Bronhouders IMKL1.2:
- geen
 _____________________________________________________________________ -->

<Leveringsinformatie
xmlns="http://www.kadaster.nl/schemas/klic/20180201/leveringsinformatie" 
xmlns:gml="http://www.opengis.net/gml/3.2" 
xmlns:xlink="http://www.w3.org/1999/xlink" 
xmlns:xsi="http://www.w3.org/2001/XMLSchema-instance" 
xsi:schemaLocation="http://www.kadaster.nl/schemas/klic/20180201/leveringsinformatie ../../Leveringsinformatie-2.1.xsd">

	<version>2.1</version>
	<!--________________ Bijlagen per levering ________________-->
	<bijlagePerLevering>
		<soortBijlage>gebiedsinformatieLevering</soortBijlage>
		<bestandLocatie>GI_GebiedsinformatieLevering_18G030795_2.xml</bestandLocatie>
		<bestandMediaType xlink:href="http://definities.geostandaarden.nl/imkl2015/id/waarde/BestandMediaTypeValue/XML"/>
		<bestandIdentificator>GI_GebiedsinformatieLevering_18G030795_2</bestandIdentificator>
	</bijlagePerLevering>
	<bijlagePerLevering>
		<soortBijlage>achtergrondkaart</soortBijlage>
		<bestandLocatie>bronnen/GB_18G030795.png</bestandLocatie>
		<bestandMediaType xlink:href="http://definities.geostandaarden.nl/imkl2015/id/waarde/BestandMediaTypeValue/PNG"/>
		<bestandIdentificator>GB_18G030795</bestandIdentificator>
	</bijlagePerLevering>
	<bijlagePerLevering>
		<soortBijlage>achtergrondkaartPlan</soortBijlage>
		<bestandLocatie>bronnen/GP_18G030795.png</bestandLocatie>
		<bestandMediaType xlink:href="http://definities.geostandaarden.nl/imkl2015/id/waarde/BestandMediaTypeValue/PNG"/>
		<bestandIdentificator>GP_18G030795</bestandIdentificator>
	</bijlagePerLevering>
	<bijlagePerLevering>
		<soortBijlage>geselecteerdGebied</soortBijlage>
		<bestandLocatie>bronnen/SEL_18G030795.png</bestandLocatie>
		<bestandMediaType xlink:href="http://definities.geostandaarden.nl/imkl2015/id/waarde/BestandMediaTypeValue/PNG"/>
		<bestandIdentificator>SEL_18G030795</bestandIdentificator>
	</bijlagePerLevering>
	<bijlagePerLevering>
		<soortBijlage>leveringsbrief</soortBijlage>
		<bestandLocatie>LI_18G030795_2.pdf</bestandLocatie>
		<bestandMediaType xlink:href="http://definities.geostandaarden.nl/imkl2015/id/waarde/BestandMediaTypeValue/PDF"/>
		<bestandIdentificator>LI_18G030795_2</bestandIdentificator>
	</bijlagePerLevering>
	<!--________________ pngFormaat ________________-->	
	<pngFormaat>
		<omsluitendeRechthoek>
			<gml:Envelope srsName="epsg:28992" srsDimension="2">
				<gml:lowerCorner>153622 389504</gml:lowerCorner>
				<gml:upperCorner>154112 389917</gml:upperCorner>
			</gml:Envelope>
		</omsluitendeRechthoek>
		<pixelsBreed>6860</pixelsBreed>
		<pixelsHoog>5782</pixelsHoog>
	</pngFormaat>
<!--
________________ Belanghebbende GM0753 ________________
-->
	<belanghebbende>
		<bronhoudercode>GM0753</bronhoudercode>
		<beheerdersinformatieVersie>klassiek</beheerdersinformatieVersie>
		<netbeheerderContact>
			<contact>
				<naam>Medewerker kabel en leiding beheer</naam>
				<telefoon>0172-632032</telefoon>
				<email>Klic_best@bam.nl</email>
			</contact>
			<storingsnummer>0499-360360</storingsnummer>
			<beschadigingsnummer>0499-360360</beschadigingsnummer>
		</netbeheerderContact>
		<!--________________ Bijlagen per netbeheerder ________________-->
		<bijlagePerNetbeheerder>
			<soortBijlage>bijlage</soortBijlage>
			<bestandLocatie>bronnen/GM0753/BL_vdbgembest_0000590513_18G030795_Voorwaarden+gemeenten+v3.pdf</bestandLocatie>
			<bestandMediaType xlink:href="http://definities.geostandaarden.nl/imkl2015/id/waarde/BestandMediaTypeValue/PDF"/>
			<bestandIdentificator>BL_vdbgembest_0000590513_18G030795_Voorwaarden+gemeenten+v3</bestandIdentificator>
		</bijlagePerNetbeheerder>
		<bijlagePerNetbeheerder>
			<soortBijlage>bijlage</soortBijlage>
			<bestandLocatie>bronnen/GM0753/BL_vdbgembest_0000590513_18G030795_Belang+graaf.pdf</bestandLocatie>
			<bestandMediaType xlink:href="http://definities.geostandaarden.nl/imkl2015/id/waarde/BestandMediaTypeValue/PDF"/>
			<bestandIdentificator>BL_vdbgembest_0000590513_18G030795_Belang+graaf</bestandIdentificator>
		</bijlagePerNetbeheerder>
		<!--________________ Bijlagen per netbeheerder / thema ________________-->
		<beheerdersinformatie>
			<thema xlink:href="http://definities.geostandaarden.nl/imkl2015/id/waarde/Thema/laagspanning"/>
			<eisVoorzorgmaatregel>false</eisVoorzorgmaatregel>
			<themabijlagePerNetbeheerder>
				<soortBijlage>annotatie</soortBijlage>
				<bestandLocatie>bronnen/GM0753/AN_laagspanning_vdbgembest_0000590513_18G030795.png</bestandLocatie>
				<bestandMediaType xlink:href="http://definities.geostandaarden.nl/imkl2015/id/waarde/BestandMediaTypeValue/PNG"/>
				<bestandIdentificator>AN_laagspanning_vdbgembest_0000590513_18G030795</bestandIdentificator>
			</themabijlagePerNetbeheerder>
			<themabijlagePerNetbeheerder>
				<soortBijlage>ligging</soortBijlage>
				<bestandLocatie>bronnen/GM0753/LG_laagspanning_vdbgembest_0000590513_18G030795.png</bestandLocatie>
				<bestandMediaType xlink:href="http://definities.geostandaarden.nl/imkl2015/id/waarde/BestandMediaTypeValue/PNG"/>
				<bestandIdentificator>LG_laagspanning_vdbgembest_0000590513_18G030795</bestandIdentificator>
			</themabijlagePerNetbeheerder>
			<themabijlagePerNetbeheerder>
				<soortBijlage>maatvoering</soortBijlage>
				<bestandLocatie>bronnen/GM0753/MV_laagspanning_vdbgembest_0000590513_18G030795.png</bestandLocatie>
				<bestandMediaType xlink:href="http://definities.geostandaarden.nl/imkl2015/id/waarde/BestandMediaTypeValue/PNG"/>
				<bestandIdentificator>MV_laagspanning_vdbgembest_0000590513_18G030795</bestandIdentificator>
			</themabijlagePerNetbeheerder>
		</beheerdersinformatie>
		<beheerdersinformatie>
			<thema xlink:href="http://definities.geostandaarden.nl/imkl2015/id/waarde/Thema/rioolOnderOverOfOnderdruk"/>
			<eisVoorzorgmaatregel>false</eisVoorzorgmaatregel>
			<themabijlagePerNetbeheerder>
				<soortBijlage>ligging</soortBijlage>
				<bestandLocatie>bronnen/GM0753/LG_riool+onder+druk_vdbgembest_0000590513_18G030795.png</bestandLocatie>
				<bestandMediaType xlink:href="http://definities.geostandaarden.nl/imkl2015/id/waarde/BestandMediaTypeValue/PNG"/>
				<bestandIdentificator>LG_riool+onder+druk_vdbgembest_0000590513_18G030795</bestandIdentificator>
			</themabijlagePerNetbeheerder>
		</beheerdersinformatie>
		<beheerdersinformatie>
			<thema xlink:href="http://definities.geostandaarden.nl/imkl2015/id/waarde/Thema/rioolVrijverval"/>
			<eisVoorzorgmaatregel>false</eisVoorzorgmaatregel>
			<themabijlagePerNetbeheerder>
				<soortBijlage>annotatie</soortBijlage>
				<bestandLocatie>bronnen/GM0753/AN_riool+vrijverval_vdbgembest_0000590513_18G030795.png</bestandLocatie>
				<bestandMediaType xlink:href="http://definities.geostandaarden.nl/imkl2015/id/waarde/BestandMediaTypeValue/PNG"/>
				<bestandIdentificator>AN_riool+vrijverval_vdbgembest_0000590513_18G030795</bestandIdentificator>
			</themabijlagePerNetbeheerder>
			<themabijlagePerNetbeheerder>
				<soortBijlage>ligging</soortBijlage>
				<bestandLocatie>bronnen/GM0753/LG_riool+vrijverval_vdbgembest_0000590513_18G030795.png</bestandLocatie>
				<bestandMediaType xlink:href="http://definities.geostandaarden.nl/imkl2015/id/waarde/BestandMediaTypeValue/PNG"/>
				<bestandIdentificator>LG_riool+vrijverval_vdbgembest_0000590513_18G030795</bestandIdentificator>
			</themabijlagePerNetbeheerder>
			<themabijlagePerNetbeheerder>
				<soortBijlage>maatvoering</soortBijlage>
				<bestandLocatie>bronnen/GM0753/MV_riool+vrijverval_vdbgembest_0000590513_18G030795.png</bestandLocatie>
				<bestandMediaType xlink:href="http://definities.geostandaarden.nl/imkl2015/id/waarde/BestandMediaTypeValue/PNG"/>
				<bestandIdentificator>MV_riool+vrijverval_vdbgembest_0000590513_18G030795</bestandIdentificator>
			</themabijlagePerNetbeheerder>
		</beheerdersinformatie>
	</belanghebbende>
<!--
________________ Belanghebbende KL1001 ________________
-->
	<belanghebbende>
		<bronhoudercode>KL1001</bronhoudercode>
		<beheerdersinformatieVersie>klassiek</beheerdersinformatieVersie>
		<netbeheerderContact>
			<contact>
				<naam>Administratie van de regio</naam>
				<telefoon>073-6838888</telefoon>
				<email>wion@brabantwater.nl</email>
			</contact>
			<storingsnummer>073-6838888</storingsnummer>
			<beschadigingsnummer>073-6838888</beschadigingsnummer>
		</netbeheerderContact>
		<!--________________ Bijlagen per netbeheerder ________________-->
		<bijlagePerNetbeheerder>
			<soortBijlage>bijlage</soortBijlage>
			<bestandLocatie>bronnen/KL1001/BL_bw_0000551269_18G030795_brief.pdf</bestandLocatie>
			<bestandMediaType xlink:href="http://definities.geostandaarden.nl/imkl2015/id/waarde/BestandMediaTypeValue/PDF"/>
			<bestandIdentificator>BL_bw_0000551269_18G030795_brief</bestandIdentificator>
		</bijlagePerNetbeheerder>
		<!--________________ Bijlagen per netbeheerder / thema ________________-->
		<beheerdersinformatie>
			<thema xlink:href="http://definities.geostandaarden.nl/imkl2015/id/waarde/Thema/water"/>
			<toezichthouder>
				<naam>via administratie van de regio (zie brief)</naam>			
				<telefoon>073-6838888</telefoon>
				<email>regioadministratiexxx@brabantwater.nl</email>
			</toezichthouder>
			<eisVoorzorgmaatregel>false</eisVoorzorgmaatregel>
			<themabijlagePerNetbeheerder>
				<soortBijlage>annotatie</soortBijlage>
				<bestandLocatie>bronnen/KL1001/AN_water_bw_0000551269_18G030795.png</bestandLocatie>
				<bestandMediaType xlink:href="http://definities.geostandaarden.nl/imkl2015/id/waarde/BestandMediaTypeValue/PNG"/>
				<bestandIdentificator>AN_water_bw_0000551269_18G030795</bestandIdentificator>
			</themabijlagePerNetbeheerder>
			<themabijlagePerNetbeheerder>
				<soortBijlage>ligging</soortBijlage>
				<bestandLocatie>bronnen/KL1001/LG_water_bw_0000551269_18G030795.png</bestandLocatie>
				<bestandMediaType xlink:href="http://definities.geostandaarden.nl/imkl2015/id/waarde/BestandMediaTypeValue/PNG"/>
				<bestandIdentificator>LG_water_bw_0000551269_18G030795</bestandIdentificator>
			</themabijlagePerNetbeheerder>
			<themabijlagePerNetbeheerder>
				<soortBijlage>maatvoering</soortBijlage>
				<bestandLocatie>bronnen/KL1001/MV_water_bw_0000551269_18G030795.png</bestandLocatie>
				<bestandMediaType xlink:href="http://definities.geostandaarden.nl/imkl2015/id/waarde/BestandMediaTypeValue/PNG"/>
				<bestandIdentificator>MV_water_bw_0000551269_18G030795</bestandIdentificator>
			</themabijlagePerNetbeheerder>
		</beheerdersinformatie>
	</belanghebbende>
<!--
________________ Belanghebbende KL1010 ________________
-->
	<belanghebbende>
		<bronhoudercode>KL1010</bronhoudercode>
		<beheerdersinformatieVersie>klassiek</beheerdersinformatieVersie>
		<netbeheerderContact>
			<contact>
				<naam>Speer IT</naam>
				<email>wion.eurofiber@speerit.nl</email>
			</contact>
		</netbeheerderContact>
		<!--________________ Bijlagen per netbeheerder ________________-->
		<bijlagePerNetbeheerder>
			<soortBijlage>bijlage</soortBijlage>
			<bestandLocatie>bronnen/KL1010/BL_Eurofiber_0000560460_18G030795_Brief-GeenBelang.pdf</bestandLocatie>
			<bestandMediaType xlink:href="http://definities.geostandaarden.nl/imkl2015/id/waarde/BestandMediaTypeValue/PDF"/>
			<bestandIdentificator>BL_Eurofiber_0000560460_18G030795_Brief-GeenBelang</bestandIdentificator>
		</bijlagePerNetbeheerder>
	</belanghebbende>
<!--
________________ Belanghebbende KL1011 ________________
-->
	<belanghebbende>
		<bronhoudercode>KL1011</bronhoudercode>
		<beheerdersinformatieVersie>klassiek</beheerdersinformatieVersie>
		<netbeheerderContact>
			<contact>
				<naam>Afd. ROS Regional Project Infrastructure</naam>
				<telefoon>088 - 717 3025</telefoon>
				<email>topografie.zuid@office.ziggo.nl</email>
			</contact>
			<storingsnummer>088 - 717 4402</storingsnummer>
			<beschadigingsnummer>088 - 717 4402</beschadigingsnummer>
		</netbeheerderContact>
		<!--________________ Bijlagen per netbeheerder ________________-->
		<bijlagePerNetbeheerder>
			<soortBijlage>eigenTopoPlan</soortBijlage>
			<bestandLocatie>bronnen/KL1011/PT_Ziggo+BV_0000546674_18G030795.png</bestandLocatie>
			<bestandMediaType xlink:href="http://definities.geostandaarden.nl/imkl2015/id/waarde/BestandMediaTypeValue/PNG"/>
			<bestandIdentificator>PT_Ziggo+BV_0000546674_18G030795</bestandIdentificator>
		</bijlagePerNetbeheerder>
		<!--________________ Bijlagen per netbeheerder / thema ________________-->
		<beheerdersinformatie>
			<thema xlink:href="http://definities.geostandaarden.nl/imkl2015/id/waarde/Thema/datatransport"/>
			<eisVoorzorgmaatregel>false</eisVoorzorgmaatregel>
			<themabijlagePerNetbeheerder>
				<soortBijlage>annotatie</soortBijlage>
				<bestandLocatie>bronnen/KL1011/AN_datatransport_Ziggo+BV_0000546674_18G030795.png</bestandLocatie>
				<bestandMediaType xlink:href="http://definities.geostandaarden.nl/imkl2015/id/waarde/BestandMediaTypeValue/PNG"/>
				<bestandIdentificator>AN_datatransport_Ziggo+BV_0000546674_18G030795</bestandIdentificator>
			</themabijlagePerNetbeheerder>
			<themabijlagePerNetbeheerder>
				<soortBijlage>ligging</soortBijlage>
				<bestandLocatie>bronnen/KL1011/LG_datatransport_Ziggo+BV_0000546674_18G030795.png</bestandLocatie>
				<bestandMediaType xlink:href="http://definities.geostandaarden.nl/imkl2015/id/waarde/BestandMediaTypeValue/PNG"/>
				<bestandIdentificator>LG_datatransport_Ziggo+BV_0000546674_18G030795</bestandIdentificator>
			</themabijlagePerNetbeheerder>
			<themabijlagePerNetbeheerder>
				<soortBijlage>maatvoering</soortBijlage>
				<bestandLocatie>bronnen/KL1011/MV_datatransport_Ziggo+BV_0000546674_18G030795.png</bestandLocatie>
				<bestandMediaType xlink:href="http://definities.geostandaarden.nl/imkl2015/id/waarde/BestandMediaTypeValue/PNG"/>
				<bestandIdentificator>MV_datatransport_Ziggo+BV_0000546674_18G030795</bestandIdentificator>
			</themabijlagePerNetbeheerder>
			<themabijlagePerNetbeheerder>
				<soortBijlage>themabijlage</soortBijlage>
				<bestandLocatie>bronnen/KL1011/TB_datatransport_Ziggo+BV_0000546674_18G030795_Regiobrief.pdf</bestandLocatie>
				<bestandMediaType xlink:href="http://definities.geostandaarden.nl/imkl2015/id/waarde/BestandMediaTypeValue/PDF"/>
				<bestandIdentificator>TB_datatransport_Ziggo+BV_0000546674_18G030795_Regiobrief</bestandIdentificator>
			</themabijlagePerNetbeheerder>
		</beheerdersinformatie>
	</belanghebbende>
<!--
________________ Belanghebbende KL1015 ________________
-->
	<belanghebbende>
		<bronhoudercode>KL1015</bronhoudercode>
		<beheerdersinformatieVersie>klassiek</beheerdersinformatieVersie>
		<netbeheerderContact>
			<contact>
				<naam>Ziggo Services</naam>
				<telefoon>0582348800</telefoon>
				<email>klicnl@office.ziggo.nl</email>
			</contact>
			<storingsnummer>08002200022</storingsnummer>
			<beschadigingsnummer>08002200022</beschadigingsnummer>
		</netbeheerderContact>
		<!--________________ Bijlagen per netbeheerder ________________-->
		<bijlagePerNetbeheerder>
			<soortBijlage>bijlage</soortBijlage>
			<bestandLocatie>bronnen/KL1015/BL_Ziggo+Services_0000565862_18G030795_letter.pdf</bestandLocatie>
			<bestandMediaType xlink:href="http://definities.geostandaarden.nl/imkl2015/id/waarde/BestandMediaTypeValue/PDF"/>
			<bestandIdentificator>BL_Ziggo+Services_0000565862_18G030795_letter</bestandIdentificator>
		</bijlagePerNetbeheerder>
		<bijlagePerNetbeheerder>
			<soortBijlage>bijlage</soortBijlage>
			<bestandLocatie>bronnen/KL1015/BL_Ziggo+Services_0000565862_18G030795_voorwaarden.pdf</bestandLocatie>
			<bestandMediaType xlink:href="http://definities.geostandaarden.nl/imkl2015/id/waarde/BestandMediaTypeValue/PDF"/>
			<bestandIdentificator>BL_Ziggo+Services_0000565862_18G030795_voorwaarden</bestandIdentificator>
		</bijlagePerNetbeheerder>
	</belanghebbende>
<!--
________________ Belanghebbende KL1020 ________________
-->
	<belanghebbende>
		<bronhoudercode>KL1020</bronhoudercode>
		<beheerdersinformatieVersie>klassiek</beheerdersinformatieVersie>
		<netbeheerderContact>
			<contact>
				<naam>Arie Heefer</naam>
				<telefoon>0882461333</telefoon>
				<email>Arie.heefer@rws.nl</email>
			</contact>
			<storingsnummer>0135491449</storingsnummer>
			<beschadigingsnummer>0135491449</beschadigingsnummer>
		</netbeheerderContact>
		<!--________________ Bijlagen per netbeheerder ________________-->
		<bijlagePerNetbeheerder>
			<soortBijlage>bijlage</soortBijlage>
			<bestandLocatie>bronnen/KL1020/BL_rwswaterbrabant_0000584719_18G030795_20170606+begeleidingsbrief+KLIC+melding+Zuid+Nederland+V1_8b.pdf</bestandLocatie>
			<bestandMediaType xlink:href="http://definities.geostandaarden.nl/imkl2015/id/waarde/BestandMediaTypeValue/PDF"/>
			<bestandIdentificator>BL_rwswaterbrabant_0000584719_18G030795_20170606+begeleidingsbrief+KLIC+melding+Zuid+Nederland+V1_8b</bestandIdentificator>
		</bijlagePerNetbeheerder>
		<bijlagePerNetbeheerder>
			<soortBijlage>eigenTopoPlan</soortBijlage>
			<bestandLocatie>bronnen/KL1020/PT_rwswaterbrabant_0000584719_18G030795.png</bestandLocatie>
			<bestandMediaType xlink:href="http://definities.geostandaarden.nl/imkl2015/id/waarde/BestandMediaTypeValue/PNG"/>
			<bestandIdentificator>PT_rwswaterbrabant_0000584719_18G030795</bestandIdentificator>
		</bijlagePerNetbeheerder>
		<!--________________ Bijlagen per netbeheerder / thema ________________-->
		<beheerdersinformatie>
			<thema xlink:href="http://definities.geostandaarden.nl/imkl2015/id/waarde/Thema/datatransport"/>
			<eisVoorzorgmaatregel>false</eisVoorzorgmaatregel>
			<themabijlagePerNetbeheerder>
				<soortBijlage>annotatie</soortBijlage>
				<bestandLocatie>bronnen/KL1020/AN_datatransport_rwswaterbrabant_0000584719_18G030795.png</bestandLocatie>
				<bestandMediaType xlink:href="http://definities.geostandaarden.nl/imkl2015/id/waarde/BestandMediaTypeValue/PNG"/>
				<bestandIdentificator>AN_datatransport_rwswaterbrabant_0000584719_18G030795</bestandIdentificator>
			</themabijlagePerNetbeheerder>
			<themabijlagePerNetbeheerder>
				<soortBijlage>ligging</soortBijlage>
				<bestandLocatie>bronnen/KL1020/LG_datatransport_rwswaterbrabant_0000584719_18G030795.png</bestandLocatie>
				<bestandMediaType xlink:href="http://definities.geostandaarden.nl/imkl2015/id/waarde/BestandMediaTypeValue/PNG"/>
				<bestandIdentificator>LG_datatransport_rwswaterbrabant_0000584719_18G030795</bestandIdentificator>
			</themabijlagePerNetbeheerder>
		</beheerdersinformatie>
		<beheerdersinformatie>
			<thema xlink:href="http://definities.geostandaarden.nl/imkl2015/id/waarde/Thema/overig"/>
			<eisVoorzorgmaatregel>false</eisVoorzorgmaatregel>
			<themabijlagePerNetbeheerder>
				<soortBijlage>annotatie</soortBijlage>
				<bestandLocatie>bronnen/KL1020/AN_overig_rwswaterbrabant_0000584719_18G030795.png</bestandLocatie>
				<bestandMediaType xlink:href="http://definities.geostandaarden.nl/imkl2015/id/waarde/BestandMediaTypeValue/PNG"/>
				<bestandIdentificator>AN_overig_rwswaterbrabant_0000584719_18G030795</bestandIdentificator>
			</themabijlagePerNetbeheerder>
			<themabijlagePerNetbeheerder>
				<soortBijlage>ligging</soortBijlage>
				<bestandLocatie>bronnen/KL1020/LG_overig_rwswaterbrabant_0000584719_18G030795.png</bestandLocatie>
				<bestandMediaType xlink:href="http://definities.geostandaarden.nl/imkl2015/id/waarde/BestandMediaTypeValue/PNG"/>
				<bestandIdentificator>LG_overig_rwswaterbrabant_0000584719_18G030795</bestandIdentificator>
			</themabijlagePerNetbeheerder>
		</beheerdersinformatie>
	</belanghebbende>
<!--
________________ Belanghebbende KL1027 ________________
-->
	<belanghebbende>
		<bronhoudercode>KL1027</bronhoudercode>
		<beheerdersinformatieVersie>klassiek</beheerdersinformatieVersie>
		<netbeheerderContact>
			<contact>
				<naam>N.V. Nederlandse Gasunie</naam>
				<telefoon>0182-623368</telefoon>
				<email>CTA@gasunie.nl</email>
			</contact>
			<storingsnummer>0182-623368</storingsnummer>
			<beschadigingsnummer>050-5211500</beschadigingsnummer>
		</netbeheerderContact>
		<!--________________ Bijlagen per netbeheerder ________________-->
		<bijlagePerNetbeheerder>
			<soortBijlage>bijlage</soortBijlage>
			<bestandLocatie>bronnen/KL1027/BL_gasuniewest_0000572472_18G030795_overzichtskaart.pdf</bestandLocatie>
			<bestandMediaType xlink:href="http://definities.geostandaarden.nl/imkl2015/id/waarde/BestandMediaTypeValue/PDF"/>
			<bestandIdentificator>BL_gasuniewest_0000572472_18G030795_overzichtskaart</bestandIdentificator>
		</bijlagePerNetbeheerder>
		<!--________________ Bijlagen per netbeheerder / thema ________________-->
		<beheerdersinformatie>
			<thema xlink:href="http://definities.geostandaarden.nl/imkl2015/id/waarde/Thema/buisleidingGevaarlijkeInhoud"/>
			<toezichthouder>
				<naam>N.V. Nederlandse Gasunie West SBW</naam>
				<telefoon>0182 623 368</telefoon>
				<email>KaaS-West@gasunie.nl</email>
			</toezichthouder>
			<eisVoorzorgmaatregel>true</eisVoorzorgmaatregel>
			<themabijlagePerNetbeheerder>
				<soortBijlage>eisVoorzorgsmaatregel</soortBijlage>
				<bestandLocatie>bronnen/KL1027/EV_buisleiding+gevaarlijke+inhoud_gasuniewest_0000572472_18G030795.pdf</bestandLocatie>
				<bestandMediaType xlink:href="http://definities.geostandaarden.nl/imkl2015/id/waarde/BestandMediaTypeValue/PDF"/>
				<bestandIdentificator>EV_buisleiding+gevaarlijke+inhoud_gasuniewest_0000572472_18G030795</bestandIdentificator>
			</themabijlagePerNetbeheerder>
			<themabijlagePerNetbeheerder>
				<soortBijlage>ligging</soortBijlage>
				<bestandLocatie>bronnen/KL1027/LG_buisleiding+gevaarlijke+inhoud_gasuniewest_0000572472_18G030795.png</bestandLocatie>
				<bestandMediaType xlink:href="http://definities.geostandaarden.nl/imkl2015/id/waarde/BestandMediaTypeValue/PNG"/>
				<bestandIdentificator>LG_buisleiding+gevaarlijke+inhoud_gasuniewest_0000572472_18G030795</bestandIdentificator>
			</themabijlagePerNetbeheerder>
		</beheerdersinformatie>
		<beheerdersinformatie>
			<thema xlink:href="http://definities.geostandaarden.nl/imkl2015/id/waarde/Thema/overig"/>
			<toezichthouder>
				<naam>N.V. Nederlandse Gasunie</naam>
				<telefoon>0182-623368</telefoon>
				<email>CTA@gasunie.nl</email>
			</toezichthouder>
			<eisVoorzorgmaatregel>false</eisVoorzorgmaatregel>
			<themabijlagePerNetbeheerder>
				<soortBijlage>ligging</soortBijlage>
				<bestandLocatie>bronnen/KL1027/LG_overig_gasuniewest_0000572472_18G030795.png</bestandLocatie>
				<bestandMediaType xlink:href="http://definities.geostandaarden.nl/imkl2015/id/waarde/BestandMediaTypeValue/PNG"/>
				<bestandIdentificator>LG_overig_gasuniewest_0000572472_18G030795</bestandIdentificator>
			</themabijlagePerNetbeheerder>
		</beheerdersinformatie>
	</belanghebbende>
<!--
________________ Belanghebbende KL1031 ________________
-->
	<belanghebbende>
		<bronhoudercode>KL1031</bronhoudercode>
		<beheerdersinformatieVersie>klassiek</beheerdersinformatieVersie>
		<netbeheerderContact>
			<contact>
				<naam>Binnendienst Preventie Graafschade</naam>
				<telefoon>088-8577271</telefoon>
				<email>klicinfo@enexis.nl</email>
			</contact>
			<storingsnummer>0800-9009</storingsnummer>
			<beschadigingsnummer>0800-9009</beschadigingsnummer>
		</netbeheerderContact>
		<!--________________ Bijlagen per netbeheerder ________________-->
		<bijlagePerNetbeheerder>
			<soortBijlage>bijlage</soortBijlage>
			<bestandLocatie>bronnen/KL1031/BL_Enexis_0000729946_18G030795_BriefAlgemeen_2014_GC.pdf</bestandLocatie>
			<bestandMediaType xlink:href="http://definities.geostandaarden.nl/imkl2015/id/waarde/BestandMediaTypeValue/PDF"/>
			<bestandIdentificator>BL_Enexis_0000729946_18G030795_BriefAlgemeen_2014_GC</bestandIdentificator>
		</bijlagePerNetbeheerder>
		<!--________________ Bijlagen per netbeheerder / thema ________________-->
		<beheerdersinformatie>
			<thema xlink:href="http://definities.geostandaarden.nl/imkl2015/id/waarde/Thema/gasLageDruk"/>
			<eisVoorzorgmaatregel>false</eisVoorzorgmaatregel>
			<themabijlagePerNetbeheerder>
				<soortBijlage>annotatie</soortBijlage>
				<bestandLocatie>bronnen/KL1031/AN_gas+lage+druk_Enexis_0000729946_18G030795.png</bestandLocatie>
				<bestandMediaType xlink:href="http://definities.geostandaarden.nl/imkl2015/id/waarde/BestandMediaTypeValue/PNG"/>
				<bestandIdentificator>AN_gas+lage+druk_Enexis_0000729946_18G030795</bestandIdentificator>
			</themabijlagePerNetbeheerder>
			<themabijlagePerNetbeheerder>
				<soortBijlage>ligging</soortBijlage>
				<bestandLocatie>bronnen/KL1031/LG_gas+lage+druk_Enexis_0000729946_18G030795.png</bestandLocatie>
				<bestandMediaType xlink:href="http://definities.geostandaarden.nl/imkl2015/id/waarde/BestandMediaTypeValue/PNG"/>
				<bestandIdentificator>LG_gas+lage+druk_Enexis_0000729946_18G030795</bestandIdentificator>
			</themabijlagePerNetbeheerder>
			<themabijlagePerNetbeheerder>
				<soortBijlage>maatvoering</soortBijlage>
				<bestandLocatie>bronnen/KL1031/MV_gas+lage+druk_Enexis_0000729946_18G030795.png</bestandLocatie>
				<bestandMediaType xlink:href="http://definities.geostandaarden.nl/imkl2015/id/waarde/BestandMediaTypeValue/PNG"/>
				<bestandIdentificator>MV_gas+lage+druk_Enexis_0000729946_18G030795</bestandIdentificator>
			</themabijlagePerNetbeheerder>
		</beheerdersinformatie>
		<beheerdersinformatie>
			<thema xlink:href="http://definities.geostandaarden.nl/imkl2015/id/waarde/Thema/laagspanning"/>
			<eisVoorzorgmaatregel>false</eisVoorzorgmaatregel>
			<themabijlagePerNetbeheerder>
				<soortBijlage>annotatie</soortBijlage>
				<bestandLocatie>bronnen/KL1031/AN_laagspanning_Enexis_0000729946_18G030795.png</bestandLocatie>
				<bestandMediaType xlink:href="http://definities.geostandaarden.nl/imkl2015/id/waarde/BestandMediaTypeValue/PNG"/>
				<bestandIdentificator>AN_laagspanning_Enexis_0000729946_18G030795</bestandIdentificator>
			</themabijlagePerNetbeheerder>
			<themabijlagePerNetbeheerder>
				<soortBijlage>ligging</soortBijlage>
				<bestandLocatie>bronnen/KL1031/LG_laagspanning_Enexis_0000729946_18G030795.png</bestandLocatie>
				<bestandMediaType xlink:href="http://definities.geostandaarden.nl/imkl2015/id/waarde/BestandMediaTypeValue/PNG"/>
				<bestandIdentificator>LG_laagspanning_Enexis_0000729946_18G030795</bestandIdentificator>
			</themabijlagePerNetbeheerder>
			<themabijlagePerNetbeheerder>
				<soortBijlage>maatvoering</soortBijlage>
				<bestandLocatie>bronnen/KL1031/MV_laagspanning_Enexis_0000729946_18G030795.png</bestandLocatie>
				<bestandMediaType xlink:href="http://definities.geostandaarden.nl/imkl2015/id/waarde/BestandMediaTypeValue/PNG"/>
				<bestandIdentificator>MV_laagspanning_Enexis_0000729946_18G030795</bestandIdentificator>
			</themabijlagePerNetbeheerder>
		</beheerdersinformatie>
		<beheerdersinformatie>
			<thema xlink:href="http://definities.geostandaarden.nl/imkl2015/id/waarde/Thema/middenspanning"/>
			<eisVoorzorgmaatregel>false</eisVoorzorgmaatregel>
			<themabijlagePerNetbeheerder>
				<soortBijlage>annotatie</soortBijlage>
				<bestandLocatie>bronnen/KL1031/AN_middenspanning_Enexis_0000729946_18G030795.png</bestandLocatie>
				<bestandMediaType xlink:href="http://definities.geostandaarden.nl/imkl2015/id/waarde/BestandMediaTypeValue/PNG"/>
				<bestandIdentificator>AN_middenspanning_Enexis_0000729946_18G030795</bestandIdentificator>
			</themabijlagePerNetbeheerder>
			<themabijlagePerNetbeheerder>
				<soortBijlage>ligging</soortBijlage>
				<bestandLocatie>bronnen/KL1031/LG_middenspanning_Enexis_0000729946_18G030795.png</bestandLocatie>
				<bestandMediaType xlink:href="http://definities.geostandaarden.nl/imkl2015/id/waarde/BestandMediaTypeValue/PNG"/>
				<bestandIdentificator>LG_middenspanning_Enexis_0000729946_18G030795</bestandIdentificator>
			</themabijlagePerNetbeheerder>
			<themabijlagePerNetbeheerder>
				<soortBijlage>maatvoering</soortBijlage>
				<bestandLocatie>bronnen/KL1031/MV_middenspanning_Enexis_0000729946_18G030795.png</bestandLocatie>
				<bestandMediaType xlink:href="http://definities.geostandaarden.nl/imkl2015/id/waarde/BestandMediaTypeValue/PNG"/>
				<bestandIdentificator>MV_middenspanning_Enexis_0000729946_18G030795</bestandIdentificator>
			</themabijlagePerNetbeheerder>
		</beheerdersinformatie>
	</belanghebbende>
<!--
________________ Belanghebbende KL1049 ________________
-->
	<belanghebbende>
		<bronhoudercode>KL1049</bronhoudercode>
		<beheerdersinformatieVersie>klassiek</beheerdersinformatieVersie>
		<netbeheerderContact>
			<contact>
				<naam>Reggefiber Operator bv</naam>
				<email>ReggefiberKliconMail@speerit.nl</email>
			</contact>
			<storingsnummer>0800-9009</storingsnummer>
			<beschadigingsnummer>0800-9009</beschadigingsnummer>
		</netbeheerderContact>
		<!--________________ Bijlagen per netbeheerder ________________-->
		<bijlagePerNetbeheerder>
			<soortBijlage>bijlage</soortBijlage>
			<bestandLocatie>bronnen/KL1049/BL_Reggefiber_0000579733_18G030795_Brief-Belang+Regio+Zuid.pdf</bestandLocatie>
			<bestandMediaType xlink:href="http://definities.geostandaarden.nl/imkl2015/id/waarde/BestandMediaTypeValue/PDF"/>
			<bestandIdentificator>BL_Reggefiber_0000579733_18G030795_Brief-Belang+Regio+Zuid</bestandIdentificator>
		</bijlagePerNetbeheerder>
		<!--________________ Bijlagen per netbeheerder / thema ________________-->
		<beheerdersinformatie>
			<thema xlink:href="http://definities.geostandaarden.nl/imkl2015/id/waarde/Thema/datatransport"/>
			<toezichthouder>
				<naam>Reggefiber Operator bv</naam>
				<telefoon>+31 (0)548 800 8</telefoon>
				<email>beheerpassief@reggefiber.nl</email>
			</toezichthouder>
			<eisVoorzorgmaatregel>false</eisVoorzorgmaatregel>
			<themabijlagePerNetbeheerder>
				<soortBijlage>annotatie</soortBijlage>
				<bestandLocatie>bronnen/KL1049/AN_datatransport_Reggefiber_0000579733_18G030795.png</bestandLocatie>
				<bestandMediaType xlink:href="http://definities.geostandaarden.nl/imkl2015/id/waarde/BestandMediaTypeValue/PNG"/>
				<bestandIdentificator>AN_datatransport_Reggefiber_0000579733_18G030795</bestandIdentificator>
			</themabijlagePerNetbeheerder>
			<themabijlagePerNetbeheerder>
				<soortBijlage>ligging</soortBijlage>
				<bestandLocatie>bronnen/KL1049/LG_datatransport_Reggefiber_0000579733_18G030795.png</bestandLocatie>
				<bestandMediaType xlink:href="http://definities.geostandaarden.nl/imkl2015/id/waarde/BestandMediaTypeValue/PNG"/>
				<bestandIdentificator>LG_datatransport_Reggefiber_0000579733_18G030795</bestandIdentificator>
			</themabijlagePerNetbeheerder>
			<themabijlagePerNetbeheerder>
				<soortBijlage>maatvoering</soortBijlage>
				<bestandLocatie>bronnen/KL1049/MV_datatransport_Reggefiber_0000579733_18G030795.png</bestandLocatie>
				<bestandMediaType xlink:href="http://definities.geostandaarden.nl/imkl2015/id/waarde/BestandMediaTypeValue/PNG"/>
				<bestandIdentificator>MV_datatransport_Reggefiber_0000579733_18G030795</bestandIdentificator>
			</themabijlagePerNetbeheerder>
			<themabijlagePerNetbeheerder>
				<soortBijlage>detailkaart</soortBijlage>
				<bestandLocatie>bronnen/KL1049/DK_datatransport_Reggefiber_0000579733_18G030795_Details.pdf</bestandLocatie>
				<bestandMediaType xlink:href="http://definities.geostandaarden.nl/imkl2015/id/waarde/BestandMediaTypeValue/PDF"/>
				<bestandIdentificator>DK_datatransport_Reggefiber_0000579733_18G030795_Details</bestandIdentificator>
			</themabijlagePerNetbeheerder>
		</beheerdersinformatie>
	</belanghebbende>
<!--
________________ Belanghebbende KL1051 ________________
-->
	<belanghebbende>
		<bronhoudercode>KL1051</bronhoudercode>
		<beheerdersinformatieVersie>klassiek</beheerdersinformatieVersie>
		<netbeheerderContact>
			<contact>
				<naam>KPN KLIC-loket</naam>
				<telefoon>030-25 53334</telefoon>
				<email>orderintakeplan@kpn.com</email>
			</contact>
			<storingsnummer>0800 023 01 93</storingsnummer>
			<beschadigingsnummer>0800 023 01 93</beschadigingsnummer>
		</netbeheerderContact>
		<!--________________ Bijlagen per netbeheerder ________________-->
		<bijlagePerNetbeheerder>
			<soortBijlage>eigenTopo</soortBijlage>
			<bestandLocatie>bronnen/KL1051/ET_KPN_0000546663_18G030795.png</bestandLocatie>
			<bestandMediaType xlink:href="http://definities.geostandaarden.nl/imkl2015/id/waarde/BestandMediaTypeValue/PNG"/>
			<bestandIdentificator>ET_KPN_0000546663_18G030795</bestandIdentificator>
		</bijlagePerNetbeheerder>
		<bijlagePerNetbeheerder>
			<soortBijlage>eigenTopoPlan</soortBijlage>
			<bestandLocatie>bronnen/KL1051/PT_KPN_0000546663_18G030795.png</bestandLocatie>
			<bestandMediaType xlink:href="http://definities.geostandaarden.nl/imkl2015/id/waarde/BestandMediaTypeValue/PNG"/>
			<bestandIdentificator>PT_KPN_0000546663_18G030795</bestandIdentificator>
		</bijlagePerNetbeheerder>
		<!--________________ Bijlagen per netbeheerder / thema ________________-->
		<beheerdersinformatie>
			<thema xlink:href="http://definities.geostandaarden.nl/imkl2015/id/waarde/Thema/datatransport"/>
			<toezichthouder>
				<naam>KPN KLIC-loket</naam>
				<telefoon>030-25 53334</telefoon>
				<email>orderintakeplan@kpn.com</email>
			</toezichthouder>
			<eisVoorzorgmaatregel>false</eisVoorzorgmaatregel>
			<themabijlagePerNetbeheerder>
				<soortBijlage>annotatie</soortBijlage>
				<bestandLocatie>bronnen/KL1051/AN_datatransport_KPN_0000546663_18G030795.png</bestandLocatie>
				<bestandMediaType xlink:href="http://definities.geostandaarden.nl/imkl2015/id/waarde/BestandMediaTypeValue/PNG"/>
				<bestandIdentificator>AN_datatransport_KPN_0000546663_18G030795</bestandIdentificator>
			</themabijlagePerNetbeheerder>
			<themabijlagePerNetbeheerder>
				<soortBijlage>ligging</soortBijlage>
				<bestandLocatie>bronnen/KL1051/LG_datatransport_KPN_0000546663_18G030795.png</bestandLocatie>
				<bestandMediaType xlink:href="http://definities.geostandaarden.nl/imkl2015/id/waarde/BestandMediaTypeValue/PNG"/>
				<bestandIdentificator>LG_datatransport_KPN_0000546663_18G030795</bestandIdentificator>
			</themabijlagePerNetbeheerder>
			<themabijlagePerNetbeheerder>
				<soortBijlage>maatvoering</soortBijlage>
				<bestandLocatie>bronnen/KL1051/MV_datatransport_KPN_0000546663_18G030795.png</bestandLocatie>
				<bestandMediaType xlink:href="http://definities.geostandaarden.nl/imkl2015/id/waarde/BestandMediaTypeValue/PNG"/>
				<bestandIdentificator>MV_datatransport_KPN_0000546663_18G030795</bestandIdentificator>
			</themabijlagePerNetbeheerder>
			<themabijlagePerNetbeheerder>
				<soortBijlage>themabijlage</soortBijlage>
				<bestandLocatie>bronnen/KL1051/TB_datatransport_KPN_0000546663_18G030795_Waterkruisingen.PDF</bestandLocatie>
				<bestandMediaType xlink:href="http://definities.geostandaarden.nl/imkl2015/id/waarde/BestandMediaTypeValue/PDF"/>
				<bestandIdentificator>TB_datatransport_KPN_0000546663_18G030795_Waterkruisingen</bestandIdentificator>
			</themabijlagePerNetbeheerder>
		<!--________________ huisaansluitingen ________________-->
			<themabijlagePerNetbeheerder>
				<soortBijlage>huisaansluiting</soortBijlage>
				<bestandLocatie>bronnen/KL1051/HA_datatransport_KPN_0000546663_18G030795_5685BL_8.PDF</bestandLocatie>
				<bestandMediaType xlink:href="http://definities.geostandaarden.nl/imkl2015/id/waarde/BestandMediaTypeValue/PDF"/>
				<bestandIdentificator>HA_datatransport_KPN_0000546663_18G030795_5685BL_8</bestandIdentificator>
				<adres>
					<postcode>5685BL</postcode>
					<huisnummerLetterToev>8</huisnummerLetterToev>
				</adres>
			</themabijlagePerNetbeheerder>
			<themabijlagePerNetbeheerder>
				<soortBijlage>huisaansluiting</soortBijlage>
				<bestandLocatie>bronnen/KL1051/HA_datatransport_KPN_0000546663_18G030795_5685BL_9.PDF</bestandLocatie>
				<bestandMediaType xlink:href="http://definities.geostandaarden.nl/imkl2015/id/waarde/BestandMediaTypeValue/PDF"/>
				<bestandIdentificator>HA_datatransport_KPN_0000546663_18G030795_5685BL_9</bestandIdentificator>
				<adres>
					<postcode>5685BL</postcode>
					<huisnummerLetterToev>9</huisnummerLetterToev>
				</adres>
			</themabijlagePerNetbeheerder>
			<themabijlagePerNetbeheerder>
				<soortBijlage>huisaansluiting</soortBijlage>
				<bestandLocatie>bronnen/KL1051/HA_datatransport_KPN_0000546663_18G030795_5685BL_10.PDF</bestandLocatie>
				<bestandMediaType xlink:href="http://definities.geostandaarden.nl/imkl2015/id/waarde/BestandMediaTypeValue/PDF"/>
				<bestandIdentificator>HA_datatransport_KPN_0000546663_18G030795_5685BL_10</bestandIdentificator>
				<adres>
					<postcode>5685BL</postcode>
					<huisnummerLetterToev>10</huisnummerLetterToev>
				</adres>
			</themabijlagePerNetbeheerder>
			<themabijlagePerNetbeheerder>
				<soortBijlage>huisaansluiting</soortBijlage>
				<bestandLocatie>bronnen/KL1051/HA_datatransport_KPN_0000546663_18G030795_5685BL_11.PDF</bestandLocatie>
				<bestandMediaType xlink:href="http://definities.geostandaarden.nl/imkl2015/id/waarde/BestandMediaTypeValue/PDF"/>
				<bestandIdentificator>HA_datatransport_KPN_0000546663_18G030795_5685BL_11</bestandIdentificator>
				<adres>
					<postcode>5685BL</postcode>
					<huisnummerLetterToev>11</huisnummerLetterToev>
				</adres>
			</themabijlagePerNetbeheerder>
			<themabijlagePerNetbeheerder>
				<soortBijlage>huisaansluiting</soortBijlage>
				<bestandLocatie>bronnen/KL1051/HA_datatransport_KPN_0000546663_18G030795_5685BL_12.PDF</bestandLocatie>
				<bestandMediaType xlink:href="http://definities.geostandaarden.nl/imkl2015/id/waarde/BestandMediaTypeValue/PDF"/>
				<bestandIdentificator>HA_datatransport_KPN_0000546663_18G030795_5685BL_12</bestandIdentificator>
				<adres>
					<postcode>5685BL</postcode>
					<huisnummerLetterToev>12</huisnummerLetterToev>
				</adres>
			</themabijlagePerNetbeheerder>
			<themabijlagePerNetbeheerder>
				<soortBijlage>huisaansluiting</soortBijlage>
				<bestandLocatie>bronnen/KL1051/HA_datatransport_KPN_0000546663_18G030795_5685BL_13.PDF</bestandLocatie>
				<bestandMediaType xlink:href="http://definities.geostandaarden.nl/imkl2015/id/waarde/BestandMediaTypeValue/PDF"/>
				<bestandIdentificator>HA_datatransport_KPN_0000546663_18G030795_5685BL_13</bestandIdentificator>
				<adres>
					<postcode>5685BL</postcode>
					<huisnummerLetterToev>13</huisnummerLetterToev>
				</adres>
			</themabijlagePerNetbeheerder>
			<themabijlagePerNetbeheerder>
				<soortBijlage>huisaansluiting</soortBijlage>
				<bestandLocatie>bronnen/KL1051/HA_datatransport_KPN_0000546663_18G030795_5685BL_14.PDF</bestandLocatie>
				<bestandMediaType xlink:href="http://definities.geostandaarden.nl/imkl2015/id/waarde/BestandMediaTypeValue/PDF"/>
				<bestandIdentificator>HA_datatransport_KPN_0000546663_18G030795_5685BL_14</bestandIdentificator>
				<adres>
					<postcode>5685BL</postcode>
					<huisnummerLetterToev>14</huisnummerLetterToev>
				</adres>
			</themabijlagePerNetbeheerder>
			<themabijlagePerNetbeheerder>
				<soortBijlage>huisaansluiting</soortBijlage>
				<bestandLocatie>bronnen/KL1051/HA_datatransport_KPN_0000546663_18G030795_5685BL_15.PDF</bestandLocatie>
				<bestandMediaType xlink:href="http://definities.geostandaarden.nl/imkl2015/id/waarde/BestandMediaTypeValue/PDF"/>
				<bestandIdentificator>HA_datatransport_KPN_0000546663_18G030795_5685BL_15</bestandIdentificator>
				<adres>
					<postcode>5685BL</postcode>
					<huisnummerLetterToev>15</huisnummerLetterToev>
				</adres>
			</themabijlagePerNetbeheerder>
			<themabijlagePerNetbeheerder>
				<soortBijlage>huisaansluiting</soortBijlage>
				<bestandLocatie>bronnen/KL1051/HA_datatransport_KPN_0000546663_18G030795_5685BL_16.PDF</bestandLocatie>
				<bestandMediaType xlink:href="http://definities.geostandaarden.nl/imkl2015/id/waarde/BestandMediaTypeValue/PDF"/>
				<bestandIdentificator>HA_datatransport_KPN_0000546663_18G030795_5685BL_16</bestandIdentificator>
				<adres>
					<postcode>5685BL</postcode>
					<huisnummerLetterToev>16</huisnummerLetterToev>
				</adres>
			</themabijlagePerNetbeheerder>
			<themabijlagePerNetbeheerder>
				<soortBijlage>huisaansluiting</soortBijlage>
				<bestandLocatie>bronnen/KL1051/HA_datatransport_KPN_0000546663_18G030795_5685BL_17.PDF</bestandLocatie>
				<bestandMediaType xlink:href="http://definities.geostandaarden.nl/imkl2015/id/waarde/BestandMediaTypeValue/PDF"/>
				<bestandIdentificator>HA_datatransport_KPN_0000546663_18G030795_5685BL_17</bestandIdentificator>
				<adres>
					<postcode>5685BL</postcode>
					<huisnummerLetterToev>17</huisnummerLetterToev>
				</adres>
			</themabijlagePerNetbeheerder>
			<themabijlagePerNetbeheerder>
				<soortBijlage>huisaansluiting</soortBijlage>
				<bestandLocatie>bronnen/KL1051/HA_datatransport_KPN_0000546663_18G030795_5685BL_18.PDF</bestandLocatie>
				<bestandMediaType xlink:href="http://definities.geostandaarden.nl/imkl2015/id/waarde/BestandMediaTypeValue/PDF"/>
				<bestandIdentificator>HA_datatransport_KPN_0000546663_18G030795_5685BL_18</bestandIdentificator>
				<adres>
					<postcode>5685BL</postcode>
					<huisnummerLetterToev>18</huisnummerLetterToev>
				</adres>
			</themabijlagePerNetbeheerder>
			<themabijlagePerNetbeheerder>
				<soortBijlage>huisaansluiting</soortBijlage>
				<bestandLocatie>bronnen/KL1051/HA_datatransport_KPN_0000546663_18G030795_5685BL_19.PDF</bestandLocatie>
				<bestandMediaType xlink:href="http://definities.geostandaarden.nl/imkl2015/id/waarde/BestandMediaTypeValue/PDF"/>
				<bestandIdentificator>HA_datatransport_KPN_0000546663_18G030795_5685BL_19</bestandIdentificator>
				<adres>
					<postcode>5685BL</postcode>
					<huisnummerLetterToev>19</huisnummerLetterToev>
				</adres>
			</themabijlagePerNetbeheerder>
		</beheerdersinformatie>
	</belanghebbende>
<!--
________________ Belanghebbende KL1053 ________________
-->
	<belanghebbende>
		<bronhoudercode>KL1053</bronhoudercode>
		<beheerdersinformatieVersie>klassiek</beheerdersinformatieVersie>
		<netbeheerderContact>
			<contact>
				<naam>Jan van Velsen</naam>
				<telefoon>070-3163155</telefoon>
				<email>vgi@dpo.mindef.nl</email>
			</contact>
			<storingsnummer>010-5061555</storingsnummer>
			<beschadigingsnummer>010-5061555</beschadigingsnummer>
		</netbeheerderContact>
		<!--________________ Bijlagen per netbeheerder ________________-->
		<bijlagePerNetbeheerder>
			<soortBijlage>bijlage</soortBijlage>
			<bestandLocatie>bronnen/KL1053/BL_dpo_0000546659_18G030795_overzichtskaart.pdf</bestandLocatie>
			<bestandMediaType xlink:href="http://definities.geostandaarden.nl/imkl2015/id/waarde/BestandMediaTypeValue/PDF"/>
			<bestandIdentificator>BL_dpo_0000546659_18G030795_overzichtskaart</bestandIdentificator>
		</bijlagePerNetbeheerder>
		<bijlagePerNetbeheerder>
			<soortBijlage>bijlage</soortBijlage>
			<bestandLocatie>bronnen/KL1053/BL_dpo_0000546659_18G030795_G_nvt_dpo.pdf</bestandLocatie>
			<bestandMediaType xlink:href="http://definities.geostandaarden.nl/imkl2015/id/waarde/BestandMediaTypeValue/PDF"/>
			<bestandIdentificator>BL_dpo_0000546659_18G030795_G_nvt_dpo</bestandIdentificator>
		</bijlagePerNetbeheerder>
	</belanghebbende>

</Leveringsinformatie>