<?xml version="1.0" encoding="UTF-8"?>
<!-- bestandsnaam: Voorbeeld GebiedsinformatieAanvraag 17C100112.xml -->
<!-- bron: Kadaster-KLIC -->
<!-- _____________________________________________________________________	-->
<!-- toelichting:  -->
<!-- Voorbeeld van een aanvraag van gebiedsinformatie bij Kadaster-KLIC. 									-->
<!-- De gebruikte voorbeeld-features zijn bedoeld voor demo-doeleinden en zijn niet bedoeld	-->
<!-- om een representatie te geven van de werkelijke situatie ter plaatse. 										-->
<!-- De inhoud is gebaseerd op de definities uit IMKL2015, versie 1.2.1 											-->
<!-- -->
<!-- De volgende features zijn opgenomen:																								-->
<!--   - GebiedsinformatieAanvraag 17C100112 (#1)																				-->
<!--   - Graafpolygoon (#1)																																-->
<!-- _____________________________________________________________________	-->

<gml:FeatureCollection 
xmlns:imkl="http://www.geostandaarden.nl/imkl/2015/wion/1.2" 
xmlns:us-net-wa="http://inspire.ec.europa.eu/schemas/us-net-wa/4.0" 
xmlns:us-net-sw="http://inspire.ec.europa.eu/schemas/us-net-sw/4.0" 
xmlns:us-net-th="http://inspire.ec.europa.eu/schemas/us-net-th/4.0" 
xmlns:us-net-common="http://inspire.ec.europa.eu/schemas/us-net-common/4.0" 
xmlns:us-net-el="http://inspire.ec.europa.eu/schemas/us-net-el/4.0" 
xmlns:us-net-tc="http://inspire.ec.europa.eu/schemas/us-net-tc/4.0" 
xmlns:us-net-ogc="http://inspire.ec.europa.eu/schemas/us-net-ogc/4.0" 
xmlns:net="http://inspire.ec.europa.eu/schemas/net/4.0" 
xmlns:base="http://inspire.ec.europa.eu/schemas/base/3.3" 
xmlns:base2="http://inspire.ec.europa.eu/schemas/base2/2.0" 
xmlns:gml="http://www.opengis.net/gml/3.2" 
xmlns:xsi="http://www.w3.org/2001/XMLSchema-instance" 
xmlns:xlink="http://www.w3.org/1999/xlink" 
gml:id="ID_1c0c5554-5c4a-467a-a9ef-9f36b5af2bfq" 
xsi:schemaLocation="http://www.geostandaarden.nl/imkl/2015/wion/1.2 http://register.geostandaarden.nl/gmlapplicatieschema/imkl2015/1.2.1/imkl2015-wion.xsd">

	<!--________________ GebiedsinformatieAanvraag ________________-->
	<gml:featureMember>
		<imkl:GebiedsinformatieAanvraag gml:id="nl.imkl-KA0000._GebiedsinformatieAanvraag_17C100112">
			<imkl:identificatie>
				<imkl:NEN3610ID>
					<imkl:namespace>nl.imkl</imkl:namespace>
					<imkl:lokaalID>KA0000._GebiedsinformatieAanvraag_17C100112</imkl:lokaalID>
				</imkl:NEN3610ID>
			</imkl:identificatie>
			<imkl:beginLifespanVersion>2017-11-23T09:09:23.00+01:00</imkl:beginLifespanVersion>
			<imkl:ordernummer>9806747112</imkl:ordernummer>
			<imkl:positienummer>000010</imkl:positienummer>
			<imkl:klicMeldnummer>17C100112</imkl:klicMeldnummer>
			<imkl:aanvrager>
				<imkl:Aanvrager>
					<imkl:contactpersoon>
						<imkl:Contact>
							<imkl:naam>J. Aanvrager</imkl:naam>
							<imkl:telefoon>088-1838911</imkl:telefoon>
							<imkl:email>j.aanvrager@grondroerdererX.nl</imkl:email>
						</imkl:Contact>
					</imkl:contactpersoon>
					<imkl:organisatie>
						<imkl:Organisatie>
							<imkl:naam>GrondroerderX B.V.</imkl:naam>
							<imkl:naam>afd. KLIC</imkl:naam>
							<imkl:kvkNummer>0035384940</imkl:kvkNummer>
							<imkl:bezoekAdres>
								<imkl:Adres>
									<imkl:openbareRuimteNaam>Laan van Westenenk</imkl:openbareRuimteNaam>
									<imkl:huisnummer>701</imkl:huisnummer>
									<imkl:woonplaatsNaam>Apeldoorn</imkl:woonplaatsNaam>
									<imkl:postcode>7320XY</imkl:postcode>
								</imkl:Adres>
							</imkl:bezoekAdres>
							<imkl:telefoon>088-1234567</imkl:telefoon>
							<imkl:fax>088-1234568</imkl:fax>
							<imkl:email>info@grondroerderX.nl</imkl:email>
						</imkl:Organisatie>
					</imkl:organisatie>
					<imkl:extraEmail>p.werkvoorbereider@grondroerderX.nl</imkl:extraEmail>
				</imkl:Aanvrager>
			</imkl:aanvrager>
			<imkl:referentie>Calamiteitenmelding 17C100112 (EV-Best)</imkl:referentie>
			<imkl:aanvraagSoort xlink:href="http://definities.geostandaarden.nl/imkl2015/id/waarde/AanvraagSoortValue/calamiteitenmelding"/>
			<imkl:aanvraagDatum>2017-11-23T09:09:23.00+01:00</imkl:aanvraagDatum>
			<imkl:locatieWerkzaamheden>Praalheuvel 39 5685BM Best</imkl:locatieWerkzaamheden>
			<imkl:graafpolygoon xlink:href="nl.imkl-KA0000._Graafpolygoon_17C100112"/>
		</imkl:GebiedsinformatieAanvraag>
	</gml:featureMember>
	<!--________________ Graafpolygoon ________________-->
	<gml:featureMember>
		<imkl:Graafpolygoon gml:id="nl.imkl-KA0000._Graafpolygoon_17C100112">
			<imkl:identificatie>
				<imkl:NEN3610ID>
					<imkl:namespace>nl.imkl</imkl:namespace>
					<imkl:lokaalID>KA0000._Graafpolygoon_17C100112</imkl:lokaalID>
				</imkl:NEN3610ID>
			</imkl:identificatie>
			<imkl:beginLifespanVersion>2017-11-23T09:09:23.00+01:00</imkl:beginLifespanVersion>
			<imkl:geometrie>
				<gml:Polygon srsName="epsg:28992" srsDimension="2" axisLabels="x y" uomLabels="m m" gml:id="pol82643743954027304">
					<gml:exterior>
						<gml:LinearRing>
							<gml:posList>153684 389636 153783 389636 153783 389760 153784 389760 153684 389636</gml:posList>
						</gml:LinearRing>
					</gml:exterior>
				</gml:Polygon>
			</imkl:geometrie>
		</imkl:Graafpolygoon>
	</gml:featureMember>
</gml:FeatureCollection>
