<?xml version="1.0" encoding="UTF-8"?>
<!-- bestandsnaam: Voorbeeld 1. Beheerdersinformatie KL4141.xml -->
<!-- bron: Kadaster-KLIC -->
<!-- _____________________________________________________________________
Toelichting:
Voorbeeld voor een aanlevering van beheerdersinformatie door een decentrale netbeheerder.
De gebruikte voorbeeld-features zijn bedoeld voor demo-doeleinden en zijn niet bedoeld om een
representatie te geven van de werkelijke situatie ter plaatse.
De inhoud is gebaseerd op de definities uit IMKL2015, versie 1.2.1.

Het voorbeeld betreft een kleine aanlevering van beheerdersinformatie door een decentrale netbeheerder.
De netbeheerder geeft als "Belanghebbende" zijn bronhoudercode mee in het "Beheerder"-object.  Zie:
	<imkl:Belanghebbende gml:id="nl.imkl-KL1031._Belanghebbende_17G000041">
	<imkl:Beheerder gml:id="nl.imkl-KL1031._Beheerder">

Als belanghebbende netbeheerder geeft hij bovendien aan dat hij betrokken is bij de aanvraag (er worden
immers "Utiliteitsnet"-objecten geleverd met onderliggende kabel- en leidinginformatie. Zie:
	<imkl:Utiliteitsnet gml:id="nl.imkl-KL4141.net_data_00571">
	<imkl:Utiliteitsnet gml:id="nl.imkl-KL4141.net_w_00003">

Conform de KLO-doelstelling wordt GEEN "Bijlage" van het type 'algemeen' meegestuurd
NB. KLIC geeft de netbeheerder straks de mogelijkheid om een referentie naar een Klic-website op te geven.

De netbeheerder levert ook een "AanduidingEisVoorzorgsmaatregel" mee bij het thema 'warmte' en geeft aan
in een "EisVoorzorgsmaatregelBijlage" aan welke maatregel van toepassing is. Zie respectievelijk:
	<imkl:AanduidingEisVoorzorgsmaatregel gml:id="nl.imkl-KL4141.aev_warmte_5241004">
	<imkl:EisVoorzorgsmaatregelBijlage gml:id="nl.imkl-KL4141.mijnEVBL_17G000041_warmte">

Als bijzonder extraatje worden ook nog een tweetal "EigenTopografie"-objecten meegeleverd. Zie:
	<imkl:EigenTopografie gml:id="nl.imkl-KL4141.etop_00550">
	<imkl:EigenTopografie gml:id="nl.imkl-KL4141.etop_00557">

Resumerend zijn de volgende features opgenomen:
beheerdersinformatie:
	- Belanghebbende KL4141
	- Beheerder KL4141
	- EisVoorzorgsmaatregelBijlage (#1)
	- EigenTopografie (#2)
met bijbehorende netinformatie:
	- Utiliteitsnet (#2)
	- Telecommunicatiekabel (#1)
	- ThermischePijpleiding (#1)
	- AanduidingEisVoorzorgsmaatregel (#1)
	- Appurtenance (#1)
	- UtilityLink (#2)
 _____________________________________________________________________ -->

<gml:FeatureCollection 
xmlns:imkl="http://www.geostandaarden.nl/imkl/2015/wion/1.2" 
xmlns:us-net-wa="http://inspire.ec.europa.eu/schemas/us-net-wa/4.0" 
xmlns:us-net-sw="http://inspire.ec.europa.eu/schemas/us-net-sw/4.0" 
xmlns:us-net-th="http://inspire.ec.europa.eu/schemas/us-net-th/4.0" 
xmlns:us-net-common="http://inspire.ec.europa.eu/schemas/us-net-common/4.0" 
xmlns:us-net-el="http://inspire.ec.europa.eu/schemas/us-net-el/4.0" 
xmlns:us-net-tc="http://inspire.ec.europa.eu/schemas/us-net-tc/4.0" 
xmlns:us-net-ogc="http://inspire.ec.europa.eu/schemas/us-net-ogc/4.0" 
xmlns:net="http://inspire.ec.europa.eu/schemas/net/4.0" 
xmlns:base="http://inspire.ec.europa.eu/schemas/base/3.3" 
xmlns:base2="http://inspire.ec.europa.eu/schemas/base2/2.0" 
xmlns:gml="http://www.opengis.net/gml/3.2" 
xmlns:xsi="http://www.w3.org/2001/XMLSchema-instance" 
xmlns:xlink="http://www.w3.org/1999/xlink" 
gml:id="ID_beheerdersinformatie_KL4141_2017-10-10"
xsi:schemaLocation="http://www.geostandaarden.nl/imkl/2015/wion/1.2 http://register.geostandaarden.nl/gmlapplicatieschema/imkl2015/1.2.1/imkl2015-wion.xsd">

	<!--________________ Belanghebbende ________________-->
	<gml:featureMember>
		<imkl:Belanghebbende gml:id="nl.imkl-KL4141._Belanghebbende_17G000041">
			<imkl:identificatie>
				<imkl:NEN3610ID>
					<imkl:namespace>nl.imkl</imkl:namespace>
					<imkl:lokaalID>KL4141._Belanghebbende_17G000041</imkl:lokaalID>
				</imkl:NEN3610ID>
			</imkl:identificatie>
			<imkl:beginLifespanVersion>2001-12-17T09:30:47.00+01:00</imkl:beginLifespanVersion>
			<imkl:betrokkenBijAanvraag>true</imkl:betrokkenBijAanvraag>
			<imkl:eisVoorzorgsmaatregel>true</imkl:eisVoorzorgsmaatregel>
			<imkl:utiliteitsnet xlink:href="nl.imkl-KL4141.net_data_00571"/>
			<imkl:utiliteitsnet xlink:href="nl.imkl-KL4141.net_w_00003"/>
			<imkl:bijlage xlink:href="nl.imkl-KL4141.mijnEVBL_17G000041_warmte"/>
			<imkl:netbeheerder xlink:href="nl.imkl-KL4141._Beheerder"/>
		</imkl:Belanghebbende>
	</gml:featureMember>
	<!--________________ Beheerder ________________-->
	<gml:featureMember>
		<imkl:Beheerder gml:id="nl.imkl-KL4141._Beheerder">
			<imkl:identificatie>
				<imkl:NEN3610ID>
					<imkl:namespace>nl.imkl</imkl:namespace>
					<imkl:lokaalID>KL4141._Beheerder</imkl:lokaalID>
				</imkl:NEN3610ID>
			</imkl:identificatie>
			<imkl:beginLifespanVersion>2001-12-17T09:30:47.00+01:00</imkl:beginLifespanVersion>
			<imkl:bronhoudercode>KL4141</imkl:bronhoudercode>
		</imkl:Beheerder>
	</gml:featureMember>
	
	<gml:featureMember>
		<imkl:Utiliteitsnet gml:id="nl.imkl-KL4141.net_data_00571">
			<us-net-common:utilityNetworkType xlink:href="http://inspire.ec.europa.eu/codelist/UtilityNetworkTypeValue/telecommunications"/>
			<us-net-common:authorityRole xlink:href="http://inspire.ec.europa.eu/codelist/RelatedPartyRoleValue/operator"/>
			<imkl:identificatie>
				<imkl:NEN3610ID>
					<imkl:namespace>nl.imkl</imkl:namespace>
					<imkl:lokaalID>KL4141.net_data_00571</imkl:lokaalID>
				</imkl:NEN3610ID>
			</imkl:identificatie>
			<imkl:beginLifespanVersion>2001-12-17T09:30:47.00+01:00</imkl:beginLifespanVersion>
			<imkl:thema xlink:href="http://definities.geostandaarden.nl/imkl2015/id/waarde/Thema/datatransport"/>
		</imkl:Utiliteitsnet>
	</gml:featureMember>

	<gml:featureMember>
		<imkl:Telecommunicatiekabel gml:id="nl.imkl-KL4141.tckabel_00573">
			<net:beginLifespanVersion>2001-12-17T09:30:47.00+01:00</net:beginLifespanVersion>
			<net:inspireId>
				<base:Identifier>
					<base:localId>KL4141.tckabel_00573</base:localId>
					<base:namespace>nl.imkl</base:namespace>
				</base:Identifier>
			</net:inspireId>
			<net:endLifespanVersion>2031-12-17T09:30:48.0</net:endLifespanVersion>
			<net:inNetwork xlink:href="nl.imkl-KL4141.net_data_00571"/>
			<net:link xlink:href="nl.imkl-KL4141.ulink_data_00394"/>
			<us-net-common:currentStatus xlink:href="http://inspire.ec.europa.eu/codelist/ConditionOfFacilityValue/functional"/>
			<us-net-common:validFrom>2001-12-17T09:30:47.0</us-net-common:validFrom>
			<us-net-common:validTo>2021-12-17T09:30:47.0</us-net-common:validTo>
			<us-net-common:verticalPosition>underground</us-net-common:verticalPosition>
			<us-net-common:utilityFacilityReference xsi:nil="true"/>
			<us-net-common:utilityDeliveryType xlink:href="http://inspire.ec.europa.eu/codelist/UtilityDeliveryTypeValue/private"/>
			<us-net-common:warningType xlink:href="http://inspire.ec.europa.eu/codelist/WarningTypeValue/net"/>
			<us-net-tc:telecommunicationsCableMaterialType xlink:href="http://definities.geostandaarden.nl/imkl2015/id/waarde/TelecommunicationsCableMaterialTypeIMKLValue/coaxial"/>
			<imkl:geoNauwkeurigheidXY xlink:href="http://definities.geostandaarden.nl/imkl2015/id/waarde/NauwkeurigheidXYvalue/tot100cm"/>
			<imkl:toelichting>Toelichting op Telecom kabel</imkl:toelichting>
			<imkl:label>Label tc-ls11 Telecommunicatiekabel</imkl:label>
			<imkl:omschrijving>Omschrijving tc-ls11 Telecommunicatiekabel</imkl:omschrijving>
			<imkl:kabelDiameter uom="urn:ogc:def:uom:OGC::cm">2</imkl:kabelDiameter>
		</imkl:Telecommunicatiekabel>
	</gml:featureMember>

	<gml:featureMember>
		<imkl:Utiliteitsnet gml:id="nl.imkl-KL4141.net_w_00003">
			<us-net-common:utilityNetworkType xlink:href="http://inspire.ec.europa.eu/codelist/UtilityNetworkTypeValue/thermal"/>
			<us-net-common:authorityRole xlink:href="http://inspire.ec.europa.eu/codelist/RelatedPartyRoleValue/operator"/>
			<imkl:identificatie>
				<imkl:NEN3610ID>
					<imkl:namespace>nl.imkl</imkl:namespace>
					<imkl:lokaalID>KL4141.net_w_00003</imkl:lokaalID>
				</imkl:NEN3610ID>
			</imkl:identificatie>
			<imkl:beginLifespanVersion>2001-12-17T09:30:47.00+01:00</imkl:beginLifespanVersion>
			<imkl:thema xlink:href="http://definities.geostandaarden.nl/imkl2015/id/waarde/Thema/warmte"/>
		</imkl:Utiliteitsnet>
	</gml:featureMember>

	<gml:featureMember>
		<imkl:ThermischePijpleiding gml:id="nl.imkl-KL4141.thpijp_00803">
			<net:beginLifespanVersion>2001-12-17T09:30:47.00+01:00</net:beginLifespanVersion>
			<net:inspireId>
				<base:Identifier>
					<base:localId>KL4141.thpijp_00803</base:localId>
					<base:namespace>nl.imkl</base:namespace>
				</base:Identifier>
			</net:inspireId>
			<net:inNetwork xlink:href="nl.imkl-KL4141.net_w_00003"/>
			<net:link xlink:href="nl.imkl-KL4141.ulink_w_00572"/>
			<us-net-common:currentStatus xlink:href="http://inspire.ec.europa.eu/codelist/ConditionOfFacilityValue/functional"/>
			<us-net-common:validFrom>2001-12-17T09:30:47.0</us-net-common:validFrom>
			<us-net-common:validTo>2021-12-17T09:30:47.0</us-net-common:validTo>
			<us-net-common:verticalPosition>underground</us-net-common:verticalPosition>
			<us-net-common:utilityFacilityReference xsi:nil="true"/>
			<us-net-common:utilityDeliveryType xlink:href="http://inspire.ec.europa.eu/codelist/UtilityDeliveryTypeValue/private"/>
			<us-net-common:warningType xlink:href="http://inspire.ec.europa.eu/codelist/WarningTypeValue/net"/>
			<us-net-common:pipeDiameter uom="urn:ogc:def:uom:OGC::cm">14</us-net-common:pipeDiameter>
			<us-net-common:pressure uom="urn:ogc:def:uom:OGC::bar">3.5</us-net-common:pressure>
			<us-net-th:thermalProductType xlink:href="http://definities.geostandaarden.nl/imkl2015/id/waarde/ThermalProductTypeIMKLValue/waterHT"/>
		</imkl:ThermischePijpleiding>
	</gml:featureMember>
	
	<gml:featureMember>
		<imkl:Appurtenance gml:id="nl.imkl-KL4141.app_w_pomp00002">
			<net:beginLifespanVersion>2001-12-17T09:30:47.00+01:00</net:beginLifespanVersion>
			<net:inspireId>
				<base:Identifier>
					<base:localId>KL4141.app_w_pomp00002</base:localId>
					<base:namespace>nl.imkl</base:namespace>
				</base:Identifier>
			</net:inspireId>
			<net:inNetwork xlink:href="nl.imkl-KL4141.net_w_00003"/>
			<net:geometry>
				<gml:Point srsName="epsg:28992" srsDimension="2" gml:id="nl.imkl-KL4141.app_w_pomp00002_geo">
					<gml:pos>155203.526 389052.316</gml:pos>
				</gml:Point>
			</net:geometry>
			<us-net-common:currentStatus xlink:href="http://inspire.ec.europa.eu/codelist/ConditionOfFacilityValue/functional"/>
			<us-net-common:validFrom>2001-12-17T09:30:47.00+01:00</us-net-common:validFrom>
			<us-net-common:validTo>2001-12-17T09:30:47.00+01:00</us-net-common:validTo>
			<us-net-common:verticalPosition>onGroundSurface</us-net-common:verticalPosition>
			<us-net-common:appurtenanceType xlink:href="http://definities.geostandaarden.nl/imkl2015/id/waarde/ThermalAppurtenanceTypeIMKLValue/pompstation"/>
		</imkl:Appurtenance>
	</gml:featureMember>
	
	<gml:featureMember>
		<imkl:EigenTopografie gml:id="nl.imkl-KL4141.etop_00550">
			<imkl:identificatie>
				<imkl:NEN3610ID>
					<imkl:namespace>nl.imkl</imkl:namespace>
					<imkl:lokaalID>KL4141.etop_00550</imkl:lokaalID>
				</imkl:NEN3610ID>
			</imkl:identificatie>
			<imkl:beginLifespanVersion>2001-12-17T09:30:47.00+01:00</imkl:beginLifespanVersion>
			<imkl:endLifespanVersion>9999-01-01T09:30:47.0</imkl:endLifespanVersion>
			<imkl:label>Label ET-00001 Eigen Topografie</imkl:label>
			<imkl:omschrijving>Omschrijving ET-00001 Eigen Topografie</imkl:omschrijving>
			<imkl:status xlink:href="http://definities.geostandaarden.nl/imkl2015/id/waarde/EigenTopografieStatusValue/plan"/>
			<imkl:typeTopografischObject xlink:href="http://definities.geostandaarden.nl/imkl2015/id/waarde/TopografischObjectTypeValue/erf"/>
			<imkl:ligging>
				<gml:Curve srsName="epsg:28992" srsDimension="2" gml:id="nl.imkl-KL4141.etop_00550_geo">
					<gml:segments>
						<gml:LineStringSegment>
							<gml:posList>154906.446 389256.988 154901.704 389216.340
                                154916.608 389214.307 154913.898 389191.273 154952.175 389187.208
                                154981.984 389183.482 154986.727 389229.550 154984.694 389237.003
                                154979.274 389243.439 154975.887 389248.520 154970.128 389251.230 154963.015
                                389252.246 154906.446 389259.020 154906.446 389257.327
                            </gml:posList>
						</gml:LineStringSegment>
					</gml:segments>
				</gml:Curve>
			</imkl:ligging>
		</imkl:EigenTopografie>
	</gml:featureMember>
	
	<gml:featureMember>
		<imkl:EigenTopografie gml:id="nl.imkl-KL4141.etop_00557">
			<imkl:identificatie>
				<imkl:NEN3610ID>
					<imkl:namespace>nl.imkl</imkl:namespace>
					<imkl:lokaalID>KL4141.etop_00557</imkl:lokaalID>
				</imkl:NEN3610ID>
			</imkl:identificatie>
			<imkl:beginLifespanVersion>2001-12-17T09:30:47.00+01:00</imkl:beginLifespanVersion>
			<imkl:endLifespanVersion>9999-01-01T09:30:47.0</imkl:endLifespanVersion>
			<imkl:label>Label ET-00001 Eigen Topografie</imkl:label>
			<imkl:omschrijving>Omschrijving ET-00001 Eigen Topografie</imkl:omschrijving>
			<imkl:status xlink:href="http://definities.geostandaarden.nl/imkl2015/id/waarde/EigenTopografieStatusValue/bestaand"/>
			<imkl:typeTopografischObject xlink:href="http://definities.geostandaarden.nl/imkl2015/id/waarde/TopografischObjectTypeValue/erf"/>
			<imkl:ligging>
				<gml:Curve srsName="epsg:28992" srsDimension="2" gml:id="nl.imkl-KL4141.etop_00557_geo">
					<gml:segments>
						<gml:LineStringSegment>
							<gml:posList>155006.446 389256.988 155001.704 389216.340
                                155016.608 389214.307 155013.898 389191.273 155052.175 389187.208
                                155081.984 389183.482 155086.727 389229.550 155084.694 389237.003
                                155079.274 389243.439 155075.88 389248.52 155070.128 389251.23 155063.01
                                389252.246 155006.446 389259.02 155006.446 389257.327
                            </gml:posList>
						</gml:LineStringSegment>
					</gml:segments>
				</gml:Curve>
			</imkl:ligging>
		</imkl:EigenTopografie>
	</gml:featureMember>
	
	<gml:featureMember>
		<imkl:EisVoorzorgsmaatregelBijlage gml:id="nl.imkl-KL4141.mijnEVBL_17G000041_warmte">
			<imkl:identificatie>
				<imkl:NEN3610ID>
					<imkl:namespace>nl.imkl</imkl:namespace>
					<imkl:lokaalID>KL4141.mijnEVBL_17G000041_warmte</imkl:lokaalID>
				</imkl:NEN3610ID>
			</imkl:identificatie>
			<imkl:beginLifespanVersion>2017-03-17T09:30:47.00+01:00</imkl:beginLifespanVersion>
			<imkl:bijlageType xlink:href="http://definities.geostandaarden.nl/imkl2015/id/waarde/BijlageTypeValue/eisVoorzorgsmaatregel"/>
			<imkl:bestandLocatie>EV_warmtetransport_SBW_warmte.pdf</imkl:bestandLocatie>
			<imkl:bestandMediaType xlink:href="http://definities.geostandaarden.nl/imkl2015/id/waarde/BestandMediaTypeValue/PDF"/>
			<imkl:bestandIdentificator>nl.imkl-KL4141.EV_warmtetransport_SBW</imkl:bestandIdentificator>
			<imkl:thema xlink:href="http://definities.geostandaarden.nl/imkl2015/id/waarde/Thema/warmte"/>
			<imkl:eisVoorzorgsmaatregel>Warmtetransport_SBW</imkl:eisVoorzorgsmaatregel>
		</imkl:EisVoorzorgsmaatregelBijlage>
	</gml:featureMember>

	<gml:featureMember>
		<us-net-common:UtilityLink gml:id="nl.imkl-KL4141.ulink_w_00572">
			<net:beginLifespanVersion>2001-12-17T09:30:47.00+01:00</net:beginLifespanVersion>
			<net:inspireId>
				<base:Identifier>
					<base:localId>KL4141.ulink_w_00572</base:localId>
					<base:namespace>nl.imkl</base:namespace>
				</base:Identifier>
			</net:inspireId>
			<net:inNetwork xlink:href="nl.imkl-KL4141.net_w_00003"/>
			<net:centrelineGeometry>
				<gml:Curve srsName="epsg:28992" srsDimension="2" gml:id="nl.imkl-KL4141.ulink_w_00572_geo">
					<gml:segments>
						<gml:LineStringSegment>
							<gml:posList>154430.610 389766.544 154469.610 389704.544
                                154299.210 389609.344
                            </gml:posList>
						</gml:LineStringSegment>
					</gml:segments>
				</gml:Curve>
			</net:centrelineGeometry>
			<net:fictitious>false</net:fictitious>
			<us-net-common:currentStatus xlink:href="http://inspire.ec.europa.eu/codelist/ConditionOfFacilityValue/functional"/>
			<us-net-common:validFrom>2001-12-17T09:30:47.00+01:00</us-net-common:validFrom>
			<us-net-common:validTo>2001-12-17T09:30:47.00+01:00</us-net-common:validTo>
			<us-net-common:verticalPosition xsi:nil="true" nilReason="unknown"/>
		</us-net-common:UtilityLink>
	</gml:featureMember>
	
	<gml:featureMember>
		<imkl:AanduidingEisVoorzorgsmaatregel gml:id="nl.imkl-KL4141.aev_warmte_5241004">
			<imkl:identificatie>
				<imkl:NEN3610ID>
					<imkl:namespace>nl.imkl</imkl:namespace>
					<imkl:lokaalID>KL4141.aev_warmte_5241004</imkl:lokaalID>
				</imkl:NEN3610ID>
			</imkl:identificatie>
			<imkl:beginLifespanVersion>2001-12-17T09:30:47.00+01:00</imkl:beginLifespanVersion>
			<imkl:inNetwork xlink:href="nl.imkl-KL4141.net_w_00003"/>
			<imkl:contactVoorzorgsmaatregel>
				<imkl:Contact>
					<imkl:naam>Enander, afdeling EV-warmte</imkl:naam>
					<imkl:telefoon>(+31)6-87654301</imkl:telefoon>
					<imkl:email>ev-afhandeling@enander.nl</imkl:email>
				</imkl:Contact>
			</imkl:contactVoorzorgsmaatregel>
			<imkl:netbeheerderNetAanduiding>warmte_transport_Cat.3</imkl:netbeheerderNetAanduiding>
			<imkl:geometrie>
				<gml:Polygon srsName="epsg:28992" srsDimension="2" gml:id="nl.imkl-KL4141.aev_warmte_5241004_geo">
					<gml:exterior>
						<gml:LinearRing>
							<gml:posList>154450 389766 154500 389700 154299 389609 154450 389766</gml:posList>
						</gml:LinearRing>
					</gml:exterior>
				</gml:Polygon>
			</imkl:geometrie>
		</imkl:AanduidingEisVoorzorgsmaatregel>
	</gml:featureMember>

	<gml:featureMember>
		<us-net-common:UtilityLink gml:id="nl.imkl-KL4141.ulink_data_00394">
			<net:beginLifespanVersion>2001-12-17T09:30:47.00+01:00</net:beginLifespanVersion>
			<net:inspireId>
				<base:Identifier>
					<base:localId>KL4141.ulink_data_00394</base:localId>
					<base:namespace>nl.imkl</base:namespace>
				</base:Identifier>
			</net:inspireId>
			<net:inNetwork xlink:href="nl.imkl-KL4141.net_data_00571"/>
			<net:centrelineGeometry>
				<gml:Curve srsName="epsg:28992" srsDimension="2" gml:id="nl.imkl-KL4141.ulink_data_00394_geo">
					<gml:segments>
						<gml:LineStringSegment>
							<gml:posList>154715.687 389335.499 154741.054 389330.276 154762.691
                                389322.069 154774.629 389319.085 154849.239 389305.655
                            </gml:posList>
						</gml:LineStringSegment>
					</gml:segments>
				</gml:Curve>
			</net:centrelineGeometry>
			<net:fictitious>false</net:fictitious>
			<us-net-common:currentStatus xlink:href="http://inspire.ec.europa.eu/codelist/ConditionOfFacilityValue/functional"/>
			<us-net-common:validFrom>2001-12-17T09:30:47.00+01:00</us-net-common:validFrom>
			<us-net-common:verticalPosition xsi:nil="true" nilReason="Unknown"/>
		</us-net-common:UtilityLink>
	</gml:featureMember>

</gml:FeatureCollection>