<?xml version="1.0" encoding="UTF-8"?>
<!-- bestandsnaam: Voorbeeld GebiedsinformatieLevering 18O007025.xml -->
<!-- bron: Kadaster-KLIC -->
<!-- _____________________________________________________________________
Toelichting:
Voorbeeld van een levering van gebiedsinformatie bij Kadaster-KLIC.
De gebruikte voorbeeld-features zijn bedoeld voor demo-doeleinden en zijn niet bedoeld
om een representatie te geven van de werkelijke situatie ter plaatse.
De inhoud is gebaseerd op de definities uit IMKL2015, versie 1.2.1.

Het voorbeeld is niet compleet uitgewerkt, maar laat zien hoe een levering er uit kan zien
als een netbeheerder - die niet betrokken is - Bijlage-objecten meelevert van het type
- algemeen
- nietBetrokken.
De volgende features zijn opgenomen:
	- GebiedsinformatieAanvraag 18O007025 (#1)
	- Orientatiepolygoon (#1)
met beheerdersinformatie voor:
	- Belanghebbende KL3131
	- Beheerder KL3131
	- Belang (#1)
	en:
	- Bijlage 'algemeen'
	- Bijlage 'nietBetrokken'
_____________________________________________________________________	-->

<gml:FeatureCollection 
xmlns:imkl="http://www.geostandaarden.nl/imkl/2015/wion/1.2" 
xmlns:us-net-wa="http://inspire.ec.europa.eu/schemas/us-net-wa/4.0" 
xmlns:us-net-sw="http://inspire.ec.europa.eu/schemas/us-net-sw/4.0" 
xmlns:us-net-th="http://inspire.ec.europa.eu/schemas/us-net-th/4.0" 
xmlns:us-net-common="http://inspire.ec.europa.eu/schemas/us-net-common/4.0" 
xmlns:us-net-el="http://inspire.ec.europa.eu/schemas/us-net-el/4.0" 
xmlns:us-net-tc="http://inspire.ec.europa.eu/schemas/us-net-tc/4.0" 
xmlns:us-net-ogc="http://inspire.ec.europa.eu/schemas/us-net-ogc/4.0" 
xmlns:net="http://inspire.ec.europa.eu/schemas/net/4.0" 
xmlns:base="http://inspire.ec.europa.eu/schemas/base/3.3" 
xmlns:base2="http://inspire.ec.europa.eu/schemas/base2/2.0" 
xmlns:gml="http://www.opengis.net/gml/3.2" 
xmlns:xsi="http://www.w3.org/2001/XMLSchema-instance" 
xmlns:xlink="http://www.w3.org/1999/xlink" 
gml:id="FeatureCollection_nl.imkl-KA0000._GebiedsinformatieLevering_18O007025-1" 
xsi:schemaLocation="http://www.geostandaarden.nl/imkl/2015/wion/1.2 http://register.geostandaarden.nl/gmlapplicatieschema/imkl2015/1.2.1/imkl2015-wion.xsd">

	<!--________________ GebiedsinformatieLevering ________________-->
	<gml:featureMember>
		<imkl:GebiedsinformatieLevering gml:id="nl.imkl-KA0000._GebiedsinformatieLevering_18O007025-1">
			<imkl:identificatie>
				<imkl:NEN3610ID>
					<imkl:namespace>nl.imkl</imkl:namespace>
					<imkl:lokaalID>KA0000._GebiedsinformatieLevering_18O007025</imkl:lokaalID>
					<imkl:versie>1</imkl:versie>
				</imkl:NEN3610ID>
			</imkl:identificatie>
			<imkl:beginLifespanVersion>2017-01-11T09:09:11.00+01:00</imkl:beginLifespanVersion>
			<imkl:leveringsvolgnummer>1</imkl:leveringsvolgnummer>
			<imkl:datumLeveringSamengesteld>2017-01-11T09:09:11+01:00</imkl:datumLeveringSamengesteld>
			<imkl:indicatieLeveringCompleet>false</imkl:indicatieLeveringCompleet>
			<imkl:achtergrondkaart>
				<imkl:Achtergrondkaart>
					<imkl:achtergrondkaartSoort xlink:href="http://definities.geostandaarden.nl/imkl2015/id/waarde/AchtergrondkaartSoortValue/bgtBestaand"/>
					<imkl:kaartreferentie>bronnen/GB_18O007025.png</imkl:kaartreferentie>
				</imkl:Achtergrondkaart>
			</imkl:achtergrondkaart>
			<imkl:belanghebbende xlink:href="nl.imkl-KL3131._Belanghebbende_18O007025-1"/>
			<!-- -->
			<imkl:aanvraag xlink:href="nl.imkl-KA0000._GebiedsinformatieAanvraag_18O007025"/>
		</imkl:GebiedsinformatieLevering>
	</gml:featureMember>
	<!--________________ GebiedsinformatieAanvraag ________________-->
	<gml:featureMember>
		<imkl:GebiedsinformatieAanvraag gml:id="nl.imkl-KA0000._GebiedsinformatieAanvraag_18O007025">
			<imkl:identificatie>
				<imkl:NEN3610ID>
					<imkl:namespace>nl.imkl</imkl:namespace>
					<imkl:lokaalID>KA0000._GebiedsinformatieAanvraag_18O007025</imkl:lokaalID>
				</imkl:NEN3610ID>
			</imkl:identificatie>
			<imkl:beginLifespanVersion>2017-11-08T09:09:23.00+01:00</imkl:beginLifespanVersion>
			<imkl:ordernummer>9804947010</imkl:ordernummer>
			<imkl:positienummer>000010</imkl:positienummer>
			<imkl:klicMeldnummer>18O007025</imkl:klicMeldnummer>
			<imkl:aanvrager>
				<imkl:Aanvrager>
					<imkl:contactpersoon>
						<imkl:Contact>
							<imkl:naam>J. Aanvrager</imkl:naam>
							<imkl:telefoon>088-1838911</imkl:telefoon>
							<imkl:email>j.aanvrager@grondroerdererX.nl</imkl:email>
						</imkl:Contact>
					</imkl:contactpersoon>
					<imkl:organisatie>
						<imkl:Organisatie>
							<imkl:naam>GrondroerderX B.V.</imkl:naam>
							<imkl:naam>afd. KLIC</imkl:naam>
							<imkl:kvkNummer>0035384940</imkl:kvkNummer>
							<imkl:bezoekAdres>
								<imkl:Adres>
									<imkl:openbareRuimteNaam>Laan van Westenenk</imkl:openbareRuimteNaam>
									<imkl:huisnummer>701</imkl:huisnummer>
									<imkl:woonplaatsNaam>Apeldoorn</imkl:woonplaatsNaam>
									<imkl:postcode>7320XY</imkl:postcode>
								</imkl:Adres>
							</imkl:bezoekAdres>
							<imkl:telefoon>088-1234567</imkl:telefoon>
							<imkl:fax>088-1234568</imkl:fax>
							<imkl:email>info@grondroerderX.nl</imkl:email>
						</imkl:Organisatie>
					</imkl:organisatie>
					<imkl:extraEmail>p.werkvoorbereider@grondroerderX.nl</imkl:extraEmail>
				</imkl:Aanvrager>
			</imkl:aanvrager>
			<imkl:referentie>Orientatieverzoek documentreferenties</imkl:referentie>
			<imkl:aanvraagSoort xlink:href="http://definities.geostandaarden.nl/imkl2015/id/waarde/AanvraagSoortValue/orientatieverzoek"/>
			<imkl:aanvraagDatum>2017-11-08T09:09:23.00+01:00</imkl:aanvraagDatum>
			<imkl:soortWerkzaamheden xlink:href="http://definities.geostandaarden.nl/imkl2015/id/waarde/SoortWerkzaamhedenValue/heien"/>
			<imkl:soortWerkzaamheden xlink:href="http://definities.geostandaarden.nl/imkl2015/id/waarde/SoortWerkzaamhedenValue/funderingswerk"/>
			<imkl:soortWerkzaamheden xlink:href="http://definities.geostandaarden.nl/imkl2015/id/waarde/SoortWerkzaamhedenValue/bestratingswerk"/>
			<imkl:omschrijvingWerkzaamheden>Vernieuwen aansluiting middenspanning-leiding bij overlaadstation. Zie projectnr. XX-3520-basis</imkl:omschrijvingWerkzaamheden>
			<imkl:locatieWerkzaamheden>Hoefblad 113 5684JW Best</imkl:locatieWerkzaamheden>
			<imkl:startDatum>2017-11-23</imkl:startDatum>
			<imkl:eindDatum>2017-12-31</imkl:eindDatum>
			<imkl:huisaansluitingAdressen>
				<imkl:Adres>
					<imkl:openbareRuimteNaam>Aardheuvel</imkl:openbareRuimteNaam>
					<imkl:huisnummer>30</imkl:huisnummer>
					<imkl:woonplaatsNaam>Best</imkl:woonplaatsNaam>
					<imkl:postcode>5685AC</imkl:postcode>
					<imkl:BAGidAdresseerbaarObject>0753010000009963</imkl:BAGidAdresseerbaarObject>
				</imkl:Adres>
			</imkl:huisaansluitingAdressen>
			<imkl:orientatiepolygoon xlink:href="nl.imkl-KA0000._Orientatiepolygoon_18O007025"/>
		</imkl:GebiedsinformatieAanvraag>
	</gml:featureMember>
	<!--________________ Orientatiepolygoon ________________-->
	<gml:featureMember>
		<imkl:Orientatiepolygoon gml:id="nl.imkl-KA0000._Orientatiepolygoon_18O007025">
			<imkl:identificatie>
				<imkl:NEN3610ID>
					<imkl:namespace>nl.imkl</imkl:namespace>
					<imkl:lokaalID>KA0000._Orientatiepolygoon_18O007025</imkl:lokaalID>
				</imkl:NEN3610ID>
			</imkl:identificatie>
			<imkl:beginLifespanVersion>2017-11-08T09:09:23.00+01:00</imkl:beginLifespanVersion>
			<imkl:geometrie>
				<gml:Polygon srsName="epsg:28992" srsDimension="2" gml:id="nl.imkl-KA0000._Orientatiepolygoon_18O007025_geo">
					<gml:exterior>
						<gml:LinearRing>
							<gml:posList>154699 389083 155438 389096 155434 389764 154707 389760 154699 389083</gml:posList>
						</gml:LinearRing>
					</gml:exterior>
				</gml:Polygon>
			</imkl:geometrie>
		</imkl:Orientatiepolygoon>
	</gml:featureMember>

	<!--________________ Beheerdersinformatie ______________________-->
	<!--________________ Belanghebbende KL3131 ________________-->
	<gml:featureMember>
		<imkl:Belanghebbende gml:id="nl.imkl-KL3131._Belanghebbende_18O007025-1">
			<imkl:identificatie>
				<imkl:NEN3610ID>
					<imkl:namespace>nl.imkl</imkl:namespace>
					<imkl:lokaalID>KL3131._Belanghebbende_18O007025</imkl:lokaalID>
					<imkl:versie>1</imkl:versie>
				</imkl:NEN3610ID>
			</imkl:identificatie>
			<imkl:beginLifespanVersion>2017-01-11T09:09:11.00+01:00</imkl:beginLifespanVersion>
			<imkl:beheerdersinformatieGeleverd>true</imkl:beheerdersinformatieGeleverd>
			<imkl:betrokkenBijAanvraag>false</imkl:betrokkenBijAanvraag>
			<imkl:bijlage></imkl:bijlage>
			<imkl:geraaktBelangBijOrientatiepolygoon xlink:href="nl.imkl-KL3131._Belang_54423-17"/>
			<imkl:netbeheerder xlink:href="nl.imkl-KL3131._Beheerder"/>
		</imkl:Belanghebbende>
	</gml:featureMember>
	<!--________________ Beheerder KL3131________________-->
	<gml:featureMember>
		<imkl:Beheerder gml:id="nl.imkl-KL3131._Beheerder">
			<imkl:identificatie>
				<imkl:NEN3610ID>
					<imkl:namespace>nl.imkl</imkl:namespace>
					<imkl:lokaalID>KL3131._Beheerder</imkl:lokaalID>
					<imkl:versie/>
				</imkl:NEN3610ID>
			</imkl:identificatie>
			<imkl:beginLifespanVersion>2017-01-01T00:00:00.00+01:00</imkl:beginLifespanVersion>
			<imkl:bronhoudercode>KL3131</imkl:bronhoudercode>
			<imkl:websiteKlic>https://werkenbijEnander.nl/vestigingen</imkl:websiteKlic>
			<imkl:organisatie>
				<imkl:Organisatie>
					<imkl:naam>Enander B.V.[3131]</imkl:naam>
					<imkl:naam>Afdeling KLIC</imkl:naam>
					<imkl:kvkNummer>17131139</imkl:kvkNummer>
				</imkl:Organisatie>
			</imkl:organisatie>
		</imkl:Beheerder>
	</gml:featureMember>
	<!--________________ Belangen ________________-->
	<gml:featureMember>
		<imkl:Belang gml:id="nl.imkl-KL3131._Belang_54423-17">
			<imkl:identificatie>
				<imkl:NEN3610ID>
					<imkl:namespace>nl.imkl</imkl:namespace>
					<imkl:lokaalID>KL3131._Belang_54423</imkl:lokaalID>
					<imkl:versie>17</imkl:versie>
				</imkl:NEN3610ID>
			</imkl:identificatie>
			<imkl:beginLifespanVersion>2017-02-28T19:30:47.00+01:00</imkl:beginLifespanVersion>
			<imkl:omschrijving>MS+LS+GLD, regio Zuid-Oost</imkl:omschrijving>
			<imkl:contactAanvraag>
				<imkl:AanvraagSoortContact>
						<imkl:aanvraagSoort xlink:href="http://definities.geostandaarden.nl/imkl2015/id/waarde/AanvraagSoortValue/orientatieverzoek"/>
						<imkl:naam>Klic-helpdesk Enander</imkl:naam>
						<imkl:telefoon>088-4545450</imkl:telefoon>
						<imkl:email>klic.helpdesk@enander.nl</imkl:email>
				</imkl:AanvraagSoortContact>
			</imkl:contactAanvraag>
			<imkl:thema xlink:href="http://definities.geostandaarden.nl/imkl2015/id/waarde/Thema/middenspanning"/>
			<imkl:thema xlink:href="http://definities.geostandaarden.nl/imkl2015/id/waarde/Thema/laagspanning"/>
			<imkl:thema xlink:href="http://definities.geostandaarden.nl/imkl2015/id/waarde/Thema/gasLageDruk"/>
			<imkl:contactNetinformatie>
				<imkl:AanvraagSoortContact>
					<imkl:aanvraagSoort xlink:href="http://definities.geostandaarden.nl/imkl2015/id/waarde/AanvraagSoortValue/orientatieverzoek"/>
					<imkl:naam>G. ToezichthouderGHD</imkl:naam>
					<imkl:telefoon>088-4567890</imkl:telefoon>
					<imkl:email>G.ToezichthouderGHD@kl-organisatie</imkl:email>
				</imkl:AanvraagSoortContact>
			</imkl:contactNetinformatie>
			<imkl:contactBeschadiging>
				<imkl:Contact>
					<imkl:naam>beschadigingsnummer middenspanning</imkl:naam>
					<imkl:telefoon>0900-1399</imkl:telefoon>
				</imkl:Contact>
			</imkl:contactBeschadiging>
		</imkl:Belang>
	</gml:featureMember>

	<!-- Bijlage - algemeen -->
	<gml:featureMember>
		<imkl:Bijlage gml:id="nl.imkl-KL3131.BijlageAlgemeen">
			<imkl:identificatie>
				<imkl:NEN3610ID>
					<imkl:namespace>nl.imkl</imkl:namespace>
					<imkl:lokaalID>KL3131.BijlageAlgemeen</imkl:lokaalID>
				</imkl:NEN3610ID>
			</imkl:identificatie>
			<imkl:beginLifespanVersion>2001-12-17T09:30:47.00+01:00</imkl:beginLifespanVersion>
			<imkl:bijlageType  xlink:href="http://definities.geostandaarden.nl/imkl2015/id/waarde/BijlageTypeValue/algemeen"/>
			<imkl:bestandLocatie>bronnen/KL3131/nl.imkl-KL3131_18O007025.BijlageAlgemeen_1_1.pdf</imkl:bestandLocatie>
			<imkl:bestandMediaType xlink:href="http://definities.geostandaarden.nl/imkl2015/id/waarde/BestandMediaTypeValue/PDF"/>
			<imkl:bestandIdentificator>nl.imkl-KL3131.BijlageAlgemeen_1_1</imkl:bestandIdentificator>
		</imkl:Bijlage>
	</gml:featureMember>
	<!-- Bijlage - nietBetrokken -->
	<gml:featureMember>
		<imkl:Bijlage gml:id="nl.imkl-KL3131.BijlageNietBetrokken">
			<imkl:identificatie>
				<imkl:NEN3610ID>
					<imkl:namespace>nl.imkl</imkl:namespace>
					<imkl:lokaalID>KL3131.BijlageNietBetrokken</imkl:lokaalID>
				</imkl:NEN3610ID>
			</imkl:identificatie>
			<imkl:beginLifespanVersion>2001-12-17T09:30:47.00+01:00</imkl:beginLifespanVersion>
			<imkl:bijlageType  xlink:href="http://definities.geostandaarden.nl/imkl2015/id/waarde/BijlageTypeValue/nietBetrokken"/>
			<imkl:bestandLocatie>bronnen/KL3131/nl.imkl-KL3131_18O007025.BijlageNietBetrokken_6.pdf</imkl:bestandLocatie>
			<imkl:bestandMediaType xlink:href="http://definities.geostandaarden.nl/imkl2015/id/waarde/BestandMediaTypeValue/PDF"/>
			<imkl:bestandIdentificator>nl.imkl-KL3131.BijlageNietBetrokken_6</imkl:bestandIdentificator>
		</imkl:Bijlage>
	</gml:featureMember>

</gml:FeatureCollection>
