<?xml version="1.0" encoding="UTF-8" standalone="yes"?>
<!-- bestandsnaam: LI_18O007025_1.xml -->
<!-- bron: Kadaster-KLIC -->
<!-- _____________________________________________________________________
Toelichting:  
Voorbeeld van leveringsinformatie bij een levering van gebiedsinformatie (ZIP-levering).
De gebruikte voorbeeld-features zijn bedoeld voor demo-doeleinden en zijn niet bedoeld
om een representatie te geven van de werkelijke situatie ter plaatse.
De inhoud is gebaseerd op de definities uit IMKL2015, versie 1.2.1.

Het voorbeeld is niet compleet uitgewerkt, maar laat zien hoe een levering er uit kan zien
als een netbeheerder - die niet betrokken is - Bijlage-objecten meelevert van het type
- algemeen
- nietBetrokken.
Bronhouders IMKL1.2:
- KL3131 (geleverd, nietBetrokken)
 _____________________________________________________________________ -->
 
 <Leveringsinformatie
xmlns="http://www.kadaster.nl/schemas/klic/leveringsinformatie/v20180418" 
xmlns:gml="http://www.opengis.net/gml/3.2" 
xmlns:xlink="http://www.w3.org/1999/xlink">

	<version>2.1</version>
	<!--________________ Bijlagen per levering ________________-->
	<bijlagePerLevering>
		<soortBijlage>gebiedsinformatieLevering</soortBijlage>
		<bestandLocatie>GI_GebiedsinformatieLevering_18O007025_1.xml</bestandLocatie>
		<bestandMediaType xlink:href="http://definities.geostandaarden.nl/imkl2015/id/waarde/BestandMediaTypeValue/XML"/>
		<bestandIdentificator>GI_GebiedsinformatieLevering_18O007025_1</bestandIdentificator>
	</bijlagePerLevering>
	<bijlagePerLevering>
		<soortBijlage>achtergrondkaart</soortBijlage>
		<bestandLocatie>bronnen/GB_18O007025.png</bestandLocatie>
		<bestandMediaType xlink:href="http://definities.geostandaarden.nl/imkl2015/id/waarde/BestandMediaTypeValue/PNG"/>
		<bestandIdentificator>GB_18O007025</bestandIdentificator>
	</bijlagePerLevering>
	<bijlagePerLevering>
		<soortBijlage>geselecteerdGebied</soortBijlage>
		<bestandLocatie>bronnen/SEL_18O007025.png</bestandLocatie>
		<bestandMediaType xlink:href="http://definities.geostandaarden.nl/imkl2015/id/waarde/BestandMediaTypeValue/PNG"/>
		<bestandIdentificator>SEL_18O007025</bestandIdentificator>
	</bijlagePerLevering>
	<bijlagePerLevering>
		<soortBijlage>leveringsbrief</soortBijlage>
		<bestandLocatie>LI_18O007025_1_DUMMY.pdf</bestandLocatie>
		<bestandMediaType xlink:href="http://definities.geostandaarden.nl/imkl2015/id/waarde/BestandMediaTypeValue/PDF"/>
		<bestandIdentificator>LI_18O007025_1</bestandIdentificator>
	</bijlagePerLevering>
	<!--________________ pngFormaat ________________-->
	<pngFormaat>
		<omsluitendeRechthoek>
			<gml:Envelope srsName="epsg:28992" srsDimension="2">
				<gml:lowerCorner>153622 389504</gml:lowerCorner>
				<gml:upperCorner>154112 389917</gml:upperCorner>
			</gml:Envelope>
		</omsluitendeRechthoek>
		<pixelsBreed>6860</pixelsBreed>
		<pixelsHoog>5782</pixelsHoog>
	</pngFormaat>
	<!--
________________ Belanghebbende KL3131 ________________
-->
	<belanghebbende>
		<bronhoudercode>KL3131</bronhoudercode>
		<beheerdersinformatieVersie>IMKL1.2</beheerdersinformatieVersie>
		<!--________________ Bijlagen per netbeheerder ________________-->
		<bijlagePerNetbeheerder>
			<soortBijlage>algemeen</soortBijlage>
			<bestandLocatie>bronnen/KL3131/nl.imkl-KL3131_18O007025.BijlageAlgemeen_1_1.pdf</bestandLocatie>
			<bestandMediaType xlink:href="http://definities.geostandaarden.nl/imkl2015/id/waarde/BestandMediaTypeValue/PDF"/>
			<bestandIdentificator>nl.imkl-KL3131.BijlageAlgemeen_1_1</bestandIdentificator>
		</bijlagePerNetbeheerder>
		<bijlagePerNetbeheerder>
			<soortBijlage>nietBetrokken</soortBijlage>
			<bestandLocatie>bronnen/KL3131/nl.imkl-KL3131_18O007025.BijlageNietBetrokken_6.pdf</bestandLocatie>
			<bestandMediaType xlink:href="http://definities.geostandaarden.nl/imkl2015/id/waarde/BestandMediaTypeValue/PDF"/>
			<bestandIdentificator>nl.imkl-KL3131.BijlageNietBetrokken_6</bestandIdentificator>
		</bijlagePerNetbeheerder>
		<!--________________ Bijlagen per netbeheerder / thema ________________-->
	</belanghebbende>

</Leveringsinformatie>