<?xml version="1.0" encoding="UTF-8" standalone="yes"?><Leveringsinformatie xmlns="http://www.kadaster.nl/schemas/klic/leveringsinformatie/v20180418" xmlns:xlink="http://www.w3.org/1999/xlink" xmlns:gml="http://www.opengis.net/gml/3.2"><version>2.2</version><bijlagePerLevering><soortBijlage>achtergrondkaart</soortBijlage><bestandLocatie>bronnen/GB_19G001903.png</bestandLocatie><bestandMediaType xlink:href="http://definities.geostandaarden.nl/imkl2015/id/waarde/BestandMediaTypeValue/PNG"/><bestandIdentificator>GB_19G001903</bestandIdentificator></bijlagePerLevering><bijlagePerLevering><soortBijlage>gebiedsinformatieLevering</soortBijlage><bestandLocatie>GI_gebiedsinformatielevering_19G001903_1.xml</bestandLocatie><bestandMediaType xlink:href="http://definities.geostandaarden.nl/imkl2015/id/waarde/BestandMediaTypeValue/XML"/><bestandIdentificator>GI_gebiedsinformatielevering_19G001903_1</bestandIdentificator></bijlagePerLevering><pngFormaat><omsluitendeRechthoek><gml:Envelope srsName="urn:ogc:def:crs:EPSG::28992" srsDimension="2"><gml:lowerCorner>189645.0 353996.0</gml:lowerCorner><gml:upperCorner>190139.0 354369.0</gml:upperCorner></gml:Envelope></omsluitendeRechthoek><pixelsBreed>6916</pixelsBreed><pixelsHoog>5222</pixelsHoog></pngFormaat><belanghebbende><bronhoudercode>KL1021</bronhoudercode><beheerdersinformatieVersie>IMKL1.2</beheerdersinformatieVersie><bijlagePerNetbeheerder><soortBijlage>algemeen</soortBijlage><bestandLocatie>bronnen/KL1021/nl.imkl-KL1021_19G001903.BijlageAlgemeen_1_0.pdf</bestandLocatie><bestandMediaType xlink:href="http://definities.geostandaarden.nl/imkl2015/id/waarde/BestandMediaTypeValue/PDF"/><bestandIdentificator>nl.imkl-KL1021.BijlageAlgemeen_1_0</bestandIdentificator></bijlagePerNetbeheerder><beheerdersinformatie><thema xlink:href="http://definities.geostandaarden.nl/imkl2015/id/waarde/Thema/overig"/><eisVoorzorgmaatregel>false</eisVoorzorgmaatregel></beheerdersinformatie><beheerdersinformatie><thema xlink:href="http://definities.geostandaarden.nl/imkl2015/id/waarde/Thema/buisleidingGevaarlijkeInhoud"/><eisVoorzorgmaatregel>true</eisVoorzorgmaatregel><themabijlagePerNetbeheerder><soortBijlage>eisVoorzorgsmaatregel</soortBijlage><bestandLocatie>bronnen/KL1021/nl.imkl-KL1021_19G001903.EV_buisGevaarlijkeInhoud_EV_buisleidingGevaarlijkeInhoud.pdf</bestandLocatie><bestandMediaType xlink:href="http://definities.geostandaarden.nl/imkl2015/id/waarde/BestandMediaTypeValue/PDF"/><bestandIdentificator>nl.imkl-KL1021.EV_buisGevaarlijkeInhoud_EV_buisleidingGevaarlijkeInhoud</bestandIdentificator></themabijlagePerNetbeheerder></beheerdersinformatie></belanghebbende></Leveringsinformatie>