<?xml version="1.0" encoding="UTF-8" standalone="yes"?>
<!-- bestandsnaam: documentenbeheer_bijlagen_KL3131.xml -->
<!-- bron: Kadaster-KLIC -->
<!-- _____________________________________________________________________
Toelichting:  
Voorbeeld van meta-informatie voor het actualiseren van bijlagen van het type
- algemeen
- nietBetrokken
in de DocumentenOpslag van de centrale voorziening KLIC.
De gebruikte voorbeeld-features zijn bedoeld voor demo-doeleinden en zijn niet bedoeld	
om een representatie te geven van de werkelijke situatie ter plaatse. 										
Waar mogelijk is aangesloten op de definities uit IMKL2015, versie 1.2.1 											

Bronhouder: KL3131
 _____________________________________________________________________ -->
<DocumentenBeheer 
xmlns="http://www.kadaster.nl/schemas/klic/documentenbeheer/v20180418" 
xmlns:xlink="http://www.w3.org/1999/xlink">
	<versie>1.0</versie>
	<bronhoudercode>KL3131</bronhoudercode>
	<bronhouderNaam>Enander</bronhouderNaam>
	<indAutomatischNaarProductie>false</indAutomatischNaarProductie>
	<aangeleverdeDocumenten>
		<document>
			<!-- document bedoeld voor gebruik als algemene bijlage. -->
			<documentID>
				<namespace>nl.imkl</namespace>
				<lokaalID>KL3131.BijlageAlgemeen_1_1</lokaalID>
			</documentID>
			<bestandMediaType xlink:href="http://definities.geostandaarden.nl/imkl2015/id/waarde/BestandMediaTypeValue/PDF"/>
			<bestandsnaam>Enander_BriefAlgemeen versie1.1.pdf</bestandsnaam>
		</document>
			<!-- document bedoeld voor gebruik als nietBetrokken bijlage. -->
		<document>
			<documentID>
				<namespace>nl.imkl</namespace>
				<lokaalID>KL3131.BijlageNietBetrokken_6</lokaalID>
			</documentID>
			<bestandMediaType xlink:href="http://definities.geostandaarden.nl/imkl2015/id/waarde/BestandMediaTypeValue/PDF"/>
			<bestandsnaam>Enander_NietBetrokkenBijlage versie-2016-1.pdf</bestandsnaam>
		</document>
	</aangeleverdeDocumenten>
</DocumentenBeheer>
