<?xml version="1.0" encoding="UTF-8"?>
<!-- bestandsnaam: Voorbeeld aanlevering voorzorgsmaatregelen KL3131 (demo Best).xml -->
<!-- bron: Kadaster-Klic -->
<!-- _______________________________________________________________________________________
Toelichting:
Voorbeeld van de aanlevering van document-sjablonen en beslissingsregels voor de bepaling van 
eis voorzorgsmaatregelen door Kadaster-KLIC.
De gebruikte voorbeeld-features zijn bedoeld voor demo-doeleinden en zijn niet bedoeld om een representatie te
geven van de werkelijke situatie ter plaatse.
De inhoud is gebaseerd op de definities uit IMKL2015, versie 1.2.1.

Het betreft de volgende entiteiten:
	- utiliteitsnetAanduiding:								3 x gasHogeDruk, 1 x gasLageDruk
	- werkzaamhedenAanduiding:						10 soorten werkzaamheden, ingedeeld naar 3 werkaanduiding-klasses
	- voorzorgsmaatregelBeslissingsregel:		13 beslissingsregels, resulterend in 10 soorten maatregelen
	- voorzorgsmaatregelToelichting:				10 maatregelen met toelichting en verwijzingen naar 6 sjablonen
	- documentSjabloon:										6 sjablonen met een verwijzing naar een pdf-bestand
_______________________________________________________________________________________ -->

<VoorzorgsmaatregelenBeheer 
xmlns="http://www.kadaster.nl/schemas/klic/voorzorgsmaatregelen/v20180418" 
xmlns:xlink="http://www.w3.org/1999/xlink">
	<versie>1.0</versie>
	<bronhoudercode>KL3131</bronhoudercode>
	<bronhouderNaam>Enander</bronhouderNaam>
	<!-- _________________ documentSjablonen _________________ -->
	<documentSjabloon>
		<sjabloonID>
			<namespace>nl.imkl</namespace>
			<lokaalID>KL3131.EV_gasHogeDruk_T_risicoHoog</lokaalID>
		</sjabloonID>
		<bestandMediaType xlink:href="http://definities.geostandaarden.nl/imkl2015/id/waarde/BestandMediaTypeValue/PDF"/>
		<bestandsnaam>GHD-T-risicoHoog.sjabloon_v1.3.pdf</bestandsnaam>
	</documentSjabloon>
	<documentSjabloon>
		<sjabloonID>
			<namespace>nl.imkl</namespace>
			<lokaalID>KL3131.EV_gasHogeDruk_T_standaard</lokaalID>
		</sjabloonID>
		<bestandMediaType xlink:href="http://definities.geostandaarden.nl/imkl2015/id/waarde/BestandMediaTypeValue/PDF"/>
		<bestandsnaam>GHD-T-standaard.sjabloon_v1.1.pdf</bestandsnaam>
	</documentSjabloon>
	<documentSjabloon>
		<sjabloonID>
			<namespace>nl.imkl</namespace>
			<lokaalID>KL3131.EV_gasHogeDruk_T_standaard_orientatie</lokaalID>
		</sjabloonID>
		<bestandMediaType xlink:href="http://definities.geostandaarden.nl/imkl2015/id/waarde/BestandMediaTypeValue/PDF"/>
		<bestandsnaam>GHD-T-standaard_orientatie.sjabloon_v1.1.pdf</bestandsnaam>
	</documentSjabloon>
	<documentSjabloon>
		<sjabloonID>
			<namespace>nl.imkl</namespace>
			<lokaalID>KL3131.EV_gasHogeDruk_GB_risicoHoog</lokaalID>
		</sjabloonID>
		<bestandMediaType xlink:href="http://definities.geostandaarden.nl/imkl2015/id/waarde/BestandMediaTypeValue/PDF"/>
		<bestandsnaam>GHD-GB-risicoHoog.sjabloon_v1.4.pdf</bestandsnaam>
	</documentSjabloon>
	<documentSjabloon>
		<sjabloonID>
			<namespace>nl.imkl</namespace>
			<lokaalID>KL3131.EV_gasHogeDruk_GB_standaard</lokaalID>
		</sjabloonID>
		<bestandMediaType xlink:href="http://definities.geostandaarden.nl/imkl2015/id/waarde/BestandMediaTypeValue/PDF"/>
		<bestandsnaam>GHD-GB-standaard.sjabloon_v1.0.pdf</bestandsnaam>
	</documentSjabloon>
	<documentSjabloon>
		<sjabloonID>
			<namespace>nl.imkl</namespace>
			<lokaalID>KL3131.EV_gasLageDruk_standaard</lokaalID>
		</sjabloonID>
		<bestandMediaType xlink:href="http://definities.geostandaarden.nl/imkl2015/id/waarde/BestandMediaTypeValue/PDF"/>
		<bestandsnaam>GLD-standaard.sjabloon_v1.0.pdf</bestandsnaam>
	</documentSjabloon>
	
	<!-- _________________ utiliteitsnetAanduidingen _________________ -->
	<utiliteitsnetAanduiding>
		<thema xlink:href="http://definities.geostandaarden.nl/imkl2015/id/waarde/Thema/gasHogeDruk"/>
		<netbeheerderNetAanduiding>transport_hoofdleiding</netbeheerderNetAanduiding>
		<netbeheerderNetOmschrijving>EV-gebied transport hoofdleiding</netbeheerderNetOmschrijving>
	</utiliteitsnetAanduiding>
	<utiliteitsnetAanduiding>
		<thema xlink:href="http://definities.geostandaarden.nl/imkl2015/id/waarde/Thema/gasHogeDruk"/>
		<netbeheerderNetAanduiding>transport_risicobuffer</netbeheerderNetAanduiding>
		<netbeheerderNetOmschrijving>EV-gebied transport risicobuffer</netbeheerderNetOmschrijving>
	</utiliteitsnetAanduiding>
	<utiliteitsnetAanduiding>
		<thema xlink:href="http://definities.geostandaarden.nl/imkl2015/id/waarde/Thema/gasHogeDruk"/>
		<netbeheerderNetAanduiding>technischgebouw</netbeheerderNetAanduiding>
		<netbeheerderNetOmschrijving>EV-gebied technischgebouw</netbeheerderNetOmschrijving>
	</utiliteitsnetAanduiding>
	<utiliteitsnetAanduiding>
		<thema xlink:href="http://definities.geostandaarden.nl/imkl2015/id/waarde/Thema/gasLageDruk"/>
		<netbeheerderNetAanduiding>distributie_broos</netbeheerderNetAanduiding>
		<netbeheerderNetOmschrijving>EV-gebied distributieleiding broos</netbeheerderNetOmschrijving>
	</utiliteitsnetAanduiding>

	<!-- _________________ werkzaamhedenAanduidingen _________________ -->
	<werkzaamhedenAanduiding>
		<soortWerkzaamheden xlink:href="http://definities.geostandaarden.nl/imkl2015/id/waarde/SoortWerkzaamhedenValue/archeologischOnderzoek"/>
		<netbeheerderWerkAanduiding>W1-laag</netbeheerderWerkAanduiding>
	</werkzaamhedenAanduiding>
	<werkzaamhedenAanduiding>
		<soortWerkzaamheden xlink:href="http://definities.geostandaarden.nl/imkl2015/id/waarde/SoortWerkzaamhedenValue/bestratingswerk"/>
		<netbeheerderWerkAanduiding>W1-laag</netbeheerderWerkAanduiding>
	</werkzaamhedenAanduiding>
	<werkzaamhedenAanduiding>
		<soortWerkzaamheden xlink:href="http://definities.geostandaarden.nl/imkl2015/id/waarde/SoortWerkzaamhedenValue/hoveniersWerkzaamheden"/>
		<netbeheerderWerkAanduiding>W1-laag</netbeheerderWerkAanduiding>
	</werkzaamhedenAanduiding>
	<werkzaamhedenAanduiding>
		<soortWerkzaamheden xlink:href="http://definities.geostandaarden.nl/imkl2015/id/waarde/SoortWerkzaamhedenValue/aardingSlaan"/>
		<netbeheerderWerkAanduiding>W2-midden</netbeheerderWerkAanduiding>
	</werkzaamhedenAanduiding>
	<werkzaamhedenAanduiding>
		<soortWerkzaamheden xlink:href="http://definities.geostandaarden.nl/imkl2015/id/waarde/SoortWerkzaamhedenValue/bodemonderzoekSonderingen"/>
		<netbeheerderWerkAanduiding>W2-midden</netbeheerderWerkAanduiding>
	</werkzaamhedenAanduiding>
	<werkzaamhedenAanduiding>
		<soortWerkzaamheden xlink:href="http://definities.geostandaarden.nl/imkl2015/id/waarde/SoortWerkzaamhedenValue/bomenRooienOfPlanten"/>
		<netbeheerderWerkAanduiding>W2-midden</netbeheerderWerkAanduiding>
	</werkzaamhedenAanduiding>
	<werkzaamhedenAanduiding>
		<soortWerkzaamheden xlink:href="http://definities.geostandaarden.nl/imkl2015/id/waarde/SoortWerkzaamhedenValue/funderingswerk"/>
		<netbeheerderWerkAanduiding>W2-midden</netbeheerderWerkAanduiding>
	</werkzaamhedenAanduiding>
	<werkzaamhedenAanduiding>
		<soortWerkzaamheden xlink:href="http://definities.geostandaarden.nl/imkl2015/id/waarde/SoortWerkzaamhedenValue/damwandBeschoeiingSlaan"/>
		<netbeheerderWerkAanduiding>W3-hoog</netbeheerderWerkAanduiding>
	</werkzaamhedenAanduiding>
	<werkzaamhedenAanduiding>
		<soortWerkzaamheden xlink:href="http://definities.geostandaarden.nl/imkl2015/id/waarde/SoortWerkzaamhedenValue/diepPloegen"/>
		<netbeheerderWerkAanduiding>W3-hoog</netbeheerderWerkAanduiding>
	</werkzaamhedenAanduiding>
	<werkzaamhedenAanduiding>
		<soortWerkzaamheden xlink:href="http://definities.geostandaarden.nl/imkl2015/id/waarde/SoortWerkzaamhedenValue/heien"/>
		<netbeheerderWerkAanduiding>W3-hoog</netbeheerderWerkAanduiding>
	</werkzaamhedenAanduiding>
	<!-- _________________ voorzorgsmaatregelBeslissingsregels _________________ -->
	<!-- transport_hoofdleiding -->
	<voorzorgsmaatregelBeslissingsregel>
		<thema xlink:href="http://definities.geostandaarden.nl/imkl2015/id/waarde/Thema/gasHogeDruk"/>
		<netbeheerderNetAanduiding>transport_hoofdleiding</netbeheerderNetAanduiding>
		<aanvraagSoort xlink:href="http://definities.geostandaarden.nl/imkl2015/id/waarde/AanvraagSoortValue/graafmelding"/>
		<netbeheerderWerkAanduiding>W3-hoog</netbeheerderWerkAanduiding>
		<maatregel>GHD-T-W3</maatregel>
		<maatregelPrioriteit>9</maatregelPrioriteit>
	</voorzorgsmaatregelBeslissingsregel>
	<voorzorgsmaatregelBeslissingsregel>
		<thema xlink:href="http://definities.geostandaarden.nl/imkl2015/id/waarde/Thema/gasHogeDruk"/>
		<netbeheerderNetAanduiding>transport_hoofdleiding</netbeheerderNetAanduiding>
		<aanvraagSoort xlink:href="http://definities.geostandaarden.nl/imkl2015/id/waarde/AanvraagSoortValue/graafmelding"/>
		<netbeheerderWerkAanduiding>W2-midden</netbeheerderWerkAanduiding>
		<maatregel>GHD-T-W2</maatregel>
		<maatregelPrioriteit>8</maatregelPrioriteit>
	</voorzorgsmaatregelBeslissingsregel>
	<voorzorgsmaatregelBeslissingsregel>
		<thema xlink:href="http://definities.geostandaarden.nl/imkl2015/id/waarde/Thema/gasHogeDruk"/>
		<netbeheerderNetAanduiding>transport_hoofdleiding</netbeheerderNetAanduiding>
		<aanvraagSoort xlink:href="http://definities.geostandaarden.nl/imkl2015/id/waarde/AanvraagSoortValue/graafmelding"/>
		<netbeheerderWerkAanduiding>W1-laag</netbeheerderWerkAanduiding>
		<maatregel>GHD-T-W1</maatregel>
		<maatregelPrioriteit>7</maatregelPrioriteit>
	</voorzorgsmaatregelBeslissingsregel>
	<voorzorgsmaatregelBeslissingsregel>
		<thema xlink:href="http://definities.geostandaarden.nl/imkl2015/id/waarde/Thema/gasHogeDruk"/>
		<netbeheerderNetAanduiding>transport_hoofdleiding</netbeheerderNetAanduiding>
		<aanvraagSoort xlink:href="http://definities.geostandaarden.nl/imkl2015/id/waarde/AanvraagSoortValue/calamiteitenmelding"/>
		<maatregel>GHD-T-W3</maatregel>
		<maatregelPrioriteit>9</maatregelPrioriteit>
	</voorzorgsmaatregelBeslissingsregel>

	<!-- transport_risicobuffer -->
	<voorzorgsmaatregelBeslissingsregel>
		<thema xlink:href="http://definities.geostandaarden.nl/imkl2015/id/waarde/Thema/gasHogeDruk"/>
		<netbeheerderNetAanduiding>transport_risicobuffer</netbeheerderNetAanduiding>
		<aanvraagSoort xlink:href="http://definities.geostandaarden.nl/imkl2015/id/waarde/AanvraagSoortValue/orientatieverzoek"/>
		<netbeheerderWerkAanduiding>W3-hoog</netbeheerderWerkAanduiding>
		<maatregel>GHD-T-W3-O</maatregel>
		<maatregelPrioriteit>9</maatregelPrioriteit>
	</voorzorgsmaatregelBeslissingsregel>
	<voorzorgsmaatregelBeslissingsregel>
		<thema xlink:href="http://definities.geostandaarden.nl/imkl2015/id/waarde/Thema/gasHogeDruk"/>
		<netbeheerderNetAanduiding>transport_risicobuffer</netbeheerderNetAanduiding>
		<aanvraagSoort xlink:href="http://definities.geostandaarden.nl/imkl2015/id/waarde/AanvraagSoortValue/orientatieverzoek"/>
		<netbeheerderWerkAanduiding>W2-midden</netbeheerderWerkAanduiding>
		<maatregel>GHD-T-W2-O</maatregel>
		<maatregelPrioriteit>6</maatregelPrioriteit>
	</voorzorgsmaatregelBeslissingsregel>
	<voorzorgsmaatregelBeslissingsregel>
		<thema xlink:href="http://definities.geostandaarden.nl/imkl2015/id/waarde/Thema/gasHogeDruk"/>
		<netbeheerderNetAanduiding>transport_risicobuffer</netbeheerderNetAanduiding>
		<aanvraagSoort xlink:href="http://definities.geostandaarden.nl/imkl2015/id/waarde/AanvraagSoortValue/orientatieverzoek"/>
		<netbeheerderWerkAanduiding>W2-laag</netbeheerderWerkAanduiding>
		<maatregel>GHD-T-W1-O</maatregel>
		<maatregelPrioriteit>2</maatregelPrioriteit>
	</voorzorgsmaatregelBeslissingsregel>	
	
	<!-- technischgebouw -->
	<voorzorgsmaatregelBeslissingsregel>
		<thema xlink:href="http://definities.geostandaarden.nl/imkl2015/id/waarde/Thema/gasHogeDruk"/>
		<netbeheerderNetAanduiding>technischgebouw</netbeheerderNetAanduiding>
		<aanvraagSoort xlink:href="http://definities.geostandaarden.nl/imkl2015/id/waarde/AanvraagSoortValue/graafmelding"/>
		<netbeheerderWerkAanduiding>W3-hoog</netbeheerderWerkAanduiding>
		<maatregel>GHD-GB-W3</maatregel>
		<maatregelPrioriteit>5</maatregelPrioriteit>
	</voorzorgsmaatregelBeslissingsregel>
	<voorzorgsmaatregelBeslissingsregel>
		<thema xlink:href="http://definities.geostandaarden.nl/imkl2015/id/waarde/Thema/gasHogeDruk"/>
		<netbeheerderNetAanduiding>technischgebouw</netbeheerderNetAanduiding>
		<aanvraagSoort xlink:href="http://definities.geostandaarden.nl/imkl2015/id/waarde/AanvraagSoortValue/graafmelding"/>
		<netbeheerderWerkAanduiding>W2-midden</netbeheerderWerkAanduiding>
		<maatregel>GHD-GB-W2</maatregel>
		<maatregelPrioriteit>4</maatregelPrioriteit>
	</voorzorgsmaatregelBeslissingsregel>
	<voorzorgsmaatregelBeslissingsregel>
		<thema xlink:href="http://definities.geostandaarden.nl/imkl2015/id/waarde/Thema/gasHogeDruk"/>
		<netbeheerderNetAanduiding>technischgebouw</netbeheerderNetAanduiding>
		<aanvraagSoort xlink:href="http://definities.geostandaarden.nl/imkl2015/id/waarde/AanvraagSoortValue/graafmelding"/>
		<netbeheerderWerkAanduiding>W1-laag</netbeheerderWerkAanduiding>
		<maatregel>GHD-GB-W1</maatregel>
		<maatregelPrioriteit>3</maatregelPrioriteit>
	</voorzorgsmaatregelBeslissingsregel>
	<voorzorgsmaatregelBeslissingsregel>
		<thema xlink:href="http://definities.geostandaarden.nl/imkl2015/id/waarde/Thema/gasHogeDruk"/>
		<netbeheerderNetAanduiding>technischgebouw</netbeheerderNetAanduiding>
		<aanvraagSoort xlink:href="http://definities.geostandaarden.nl/imkl2015/id/waarde/AanvraagSoortValue/calamiteitenmelding"/>
		<maatregel>GHD-GB-W3</maatregel>
		<maatregelPrioriteit>6</maatregelPrioriteit>
	</voorzorgsmaatregelBeslissingsregel>
	
	<!-- distributie_broos -->	
	<voorzorgsmaatregelBeslissingsregel>
		<thema xlink:href="http://definities.geostandaarden.nl/imkl2015/id/waarde/Thema/gasLageDruk"/>
		<netbeheerderNetAanduiding>distributie_broos</netbeheerderNetAanduiding>
		<aanvraagSoort xlink:href="http://definities.geostandaarden.nl/imkl2015/id/waarde/AanvraagSoortValue/graafmelding"/>
		<netbeheerderWerkAanduiding>W3-hoog</netbeheerderWerkAanduiding>
		<maatregel>GLD-W3</maatregel>
		<maatregelPrioriteit>3</maatregelPrioriteit>
	</voorzorgsmaatregelBeslissingsregel>
	<voorzorgsmaatregelBeslissingsregel>
		<thema xlink:href="http://definities.geostandaarden.nl/imkl2015/id/waarde/Thema/gasLageDruk"/>
		<netbeheerderNetAanduiding>distributie_broos</netbeheerderNetAanduiding>
		<aanvraagSoort xlink:href="http://definities.geostandaarden.nl/imkl2015/id/waarde/AanvraagSoortValue/calamiteitenmelding"/>
		<maatregel>GLD-W3</maatregel>
		<maatregelPrioriteit>3</maatregelPrioriteit>
	</voorzorgsmaatregelBeslissingsregel>

	<!-- _________________ voorzorgsmaatregelToelichtingen _________________ -->
	<voorzorgsmaatregelToelichting>
		<maatregel>GHD-T-W3</maatregel>
		<toelichting>transport_hoofdleiding risico HOOG (bij deze werkzaamheden)</toelichting>
		<sjabloonID>
			<namespace>nl.imkl</namespace>
			<lokaalID>KL3131.EV_gasHogeDruk_T_risicoHoog</lokaalID>
		</sjabloonID>
	</voorzorgsmaatregelToelichting>
	<voorzorgsmaatregelToelichting>
		<maatregel>GHD-T-W2</maatregel>
		<toelichting>transport_hoofdleiding risico gemiddeld</toelichting>
		<sjabloonID>
			<namespace>nl.imkl</namespace>
			<lokaalID>KL3131.EV_gasHogeDruk_T_standaard</lokaalID>
		</sjabloonID>
	</voorzorgsmaatregelToelichting>
	<voorzorgsmaatregelToelichting>
		<maatregel>GHD-T-W1</maatregel>
		<toelichting>transport_hoofdleiding risico laag</toelichting>
		<sjabloonID>
			<namespace>nl.imkl</namespace>
			<lokaalID>KL3131.EV_gasHogeDruk_T_standaard</lokaalID>
		</sjabloonID>
	</voorzorgsmaatregelToelichting>
	<voorzorgsmaatregelToelichting>
		<maatregel>GHD-T-W3-O</maatregel>
		<toelichting>transport_risicobuffer risico HOOG (bij deze werkzaamheden)</toelichting>
		<sjabloonID>
			<namespace>nl.imkl</namespace>
			<lokaalID>KL3131.EV_gasHogeDruk_T_standaard_orientatie</lokaalID>
		</sjabloonID>
	</voorzorgsmaatregelToelichting>	
	<voorzorgsmaatregelToelichting>
		<maatregel>GHD-T-W2-O</maatregel>
		<toelichting>transport_risicobuffer risico gemiddeld</toelichting>
		<sjabloonID>
			<namespace>nl.imkl</namespace>
			<lokaalID>KL3131.EV_gasHogeDruk_T_standaard_orientatie</lokaalID>
		</sjabloonID>
	</voorzorgsmaatregelToelichting>		
	<voorzorgsmaatregelToelichting>
		<maatregel>GHD-T-W1-O</maatregel>
		<toelichting>transport_risicobuffer risico laag</toelichting>
		<sjabloonID>
			<namespace>nl.imkl</namespace>
			<lokaalID>KL3131.EV_gasHogeDruk_T_standaard_orientatie</lokaalID>
		</sjabloonID>
	</voorzorgsmaatregelToelichting>		
	<voorzorgsmaatregelToelichting>
		<maatregel>GHD-GB-W3</maatregel>
		<toelichting>technischgebouw risico HOOG (bij deze werkzaamheden)</toelichting>
		<sjabloonID>
			<namespace>nl.imkl</namespace>
			<lokaalID>KL3131.EV_gasHogeDruk_GB_risicoHoog</lokaalID>
		</sjabloonID>
	</voorzorgsmaatregelToelichting>	
	<voorzorgsmaatregelToelichting>
		<maatregel>GHD-GB-W2</maatregel>
		<toelichting>technischgebouw risico gemiddeld</toelichting>
		<sjabloonID>
			<namespace>nl.imkl</namespace>
			<lokaalID>KL3131.EV_gasHogeDruk_GB_standaard</lokaalID>
		</sjabloonID>
	</voorzorgsmaatregelToelichting>
	<voorzorgsmaatregelToelichting>
		<maatregel>GHD-GB-W1</maatregel>
		<toelichting>technischgebouw risico laag</toelichting>
		<sjabloonID>
			<namespace>nl.imkl</namespace>
			<lokaalID>KL3131.EV_gasHogeDruk_GB_standaard</lokaalID>
		</sjabloonID>
	</voorzorgsmaatregelToelichting>
	<voorzorgsmaatregelToelichting>
		<maatregel>GLD-W3</maatregel>
		<toelichting>distributie_broos risico standaard</toelichting>
		<sjabloonID>
			<namespace>nl.imkl</namespace>
			<lokaalID>KL3131.EV_gasLageDruk_standaard</lokaalID>
		</sjabloonID>
	</voorzorgsmaatregelToelichting>
</VoorzorgsmaatregelenBeheer>