<?xml version="1.0" encoding="UTF-8" standalone="yes"?>
<DocumentenBeheer xmlns="http://www.kadaster.nl/schemas/klic/20081010/bmkltypes">
	<versie>v0.6</versie>
	<bronhoudercode>KL1051</bronhoudercode>
	<bronhouderNaam>KPN</bronhouderNaam>
	<indAutomatischNaarProductie>false</indAutomatischNaarProductie>
	<aangeleverdeDocumenten>
		<document>
			<documentID>
				<namespace>nl.imkl</namespace>
				<lokaalID>KL1051.HAS_data_5685AC_30</lokaalID>
			</documentID>
			<bestandMediaType>application/pdf</bestandMediaType>
			<bestandsnaam>KPN_HAS_datatransport_5685AC_30 versie 1994-10-20.pdf</bestandsnaam>
		</document>
	</aangeleverdeDocumenten>
</DocumentenBeheer>
