<?xml version="1.0" encoding="UTF-8" standalone="yes"?><Leveringsinformatie xmlns="http://www.kadaster.nl/schemas/klic/leveringsinformatie/v20180418" xmlns:xlink="http://www.w3.org/1999/xlink" xmlns:gml="http://www.opengis.net/gml/3.2"><version>2.1</version><bijlagePerLevering><soortBijlage>achtergrondkaart</soortBijlage><bestandLocatie>bronnen/GB_18G004585.png</bestandLocatie><bestandMediaType xlink:href="http://definities.geostandaarden.nl/imkl2015/id/waarde/BestandMediaTypeValue/PNG"/><bestandIdentificator>GB_18G004585</bestandIdentificator></bijlagePerLevering><bijlagePerLevering><soortBijlage>geselecteerdGebied</soortBijlage><bestandLocatie>bronnen/SEL_18G004585.png</bestandLocatie><bestandMediaType xlink:href="http://definities.geostandaarden.nl/imkl2015/id/waarde/BestandMediaTypeValue/PNG"/><bestandIdentificator>SEL_18G004585</bestandIdentificator></bijlagePerLevering><bijlagePerLevering><soortBijlage>leveringsbrief</soortBijlage><bestandLocatie>LI_18G004585_2.pdf</bestandLocatie><bestandMediaType xlink:href="http://definities.geostandaarden.nl/imkl2015/id/waarde/BestandMediaTypeValue/PDF"/><bestandIdentificator>LI_18G004585_2</bestandIdentificator></bijlagePerLevering><bijlagePerLevering><soortBijlage>gebiedsinformatieLevering</soortBijlage><bestandLocatie>GI_gebiedsinformatielevering_18G004585_2.xml</bestandLocatie><bestandMediaType xlink:href="http://definities.geostandaarden.nl/imkl2015/id/waarde/BestandMediaTypeValue/XML"/><bestandIdentificator>GI_gebiedsinformatielevering_18G004585_2</bestandIdentificator></bijlagePerLevering><pngFormaat><omsluitendeRechthoek><gml:Envelope srsName="urn:ogc:def:crs:EPSG::28992" srsDimension="2"><gml:lowerCorner>190502.0 351237.0</gml:lowerCorner><gml:upperCorner>191002.0 351735.0</gml:upperCorner></gml:Envelope></omsluitendeRechthoek><pixelsBreed>7000</pixelsBreed><pixelsHoog>6972</pixelsHoog></pngFormaat><belanghebbende><bronhoudercode>KL1031</bronhoudercode><beheerdersinformatieVersie>IMKL1.2</beheerdersinformatieVersie><beheerdersinformatie><thema xlink:href="http://definities.geostandaarden.nl/imkl2015/id/waarde/Thema/middenspanning"/><eisVoorzorgmaatregel>true</eisVoorzorgmaatregel><themabijlagePerNetbeheerder><soortBijlage>ligging</soortBijlage><bestandLocatie>bronnen/KL1031/LG_middenspanning_Enexis+B.V._0000959625_18G004585.png</bestandLocatie><bestandMediaType xlink:href="http://definities.geostandaarden.nl/imkl2015/id/waarde/BestandMediaTypeValue/PNG"/><bestandIdentificator>LG_middenspanning_Enexis+B.V._0000959625_18G004585.png</bestandIdentificator></themabijlagePerNetbeheerder><themabijlagePerNetbeheerder><soortBijlage>annotatie</soortBijlage><bestandLocatie>bronnen/KL1031/AN_middenspanning_Enexis+B.V._0000959625_18G004585.png</bestandLocatie><bestandMediaType xlink:href="http://definities.geostandaarden.nl/imkl2015/id/waarde/BestandMediaTypeValue/PNG"/><bestandIdentificator>AN_middenspanning_Enexis+B.V._0000959625_18G004585.png</bestandIdentificator></themabijlagePerNetbeheerder><themabijlagePerNetbeheerder><soortBijlage>maatvoering</soortBijlage><bestandLocatie>bronnen/KL1031/MV_middenspanning_Enexis+B.V._0000959625_18G004585.png</bestandLocatie><bestandMediaType xlink:href="http://definities.geostandaarden.nl/imkl2015/id/waarde/BestandMediaTypeValue/PNG"/><bestandIdentificator>MV_middenspanning_Enexis+B.V._0000959625_18G004585.png</bestandIdentificator></themabijlagePerNetbeheerder><themabijlagePerNetbeheerder><soortBijlage>eisVoorzorgsmaatregel</soortBijlage><bestandLocatie>bronnen/KL1031/nl.imkl-KL1031_18G004585.EVTYPE4.5074d7a7-b331-405c-8979-d5659ca4fae4_middenspanning.pdf</bestandLocatie><bestandMediaType xlink:href="http://definities.geostandaarden.nl/imkl2015/id/waarde/BestandMediaTypeValue/PDF"/><bestandIdentificator>nl.imkl-KL1031.EVTYPE4.5074d7a7-b331-405c-8979-d5659ca4fae4_middenspanning</bestandIdentificator></themabijlagePerNetbeheerder></beheerdersinformatie><beheerdersinformatie><thema xlink:href="http://definities.geostandaarden.nl/imkl2015/id/waarde/Thema/gasLageDruk"/><eisVoorzorgmaatregel>false</eisVoorzorgmaatregel><themabijlagePerNetbeheerder><soortBijlage>maatvoering</soortBijlage><bestandLocatie>bronnen/KL1031/MV_gasLageDruk_Enexis+B.V._0000959625_18G004585.png</bestandLocatie><bestandMediaType xlink:href="http://definities.geostandaarden.nl/imkl2015/id/waarde/BestandMediaTypeValue/PNG"/><bestandIdentificator>MV_gasLageDruk_Enexis+B.V._0000959625_18G004585.png</bestandIdentificator></themabijlagePerNetbeheerder><themabijlagePerNetbeheerder><soortBijlage>ligging</soortBijlage><bestandLocatie>bronnen/KL1031/LG_gasLageDruk_Enexis+B.V._0000959625_18G004585.png</bestandLocatie><bestandMediaType xlink:href="http://definities.geostandaarden.nl/imkl2015/id/waarde/BestandMediaTypeValue/PNG"/><bestandIdentificator>LG_gasLageDruk_Enexis+B.V._0000959625_18G004585.png</bestandIdentificator></themabijlagePerNetbeheerder></beheerdersinformatie><beheerdersinformatie><thema xlink:href="http://definities.geostandaarden.nl/imkl2015/id/waarde/Thema/laagspanning"/><eisVoorzorgmaatregel>false</eisVoorzorgmaatregel><themabijlagePerNetbeheerder><soortBijlage>ligging</soortBijlage><bestandLocatie>bronnen/KL1031/LG_laagspanning_Enexis+B.V._0000959625_18G004585.png</bestandLocatie><bestandMediaType xlink:href="http://definities.geostandaarden.nl/imkl2015/id/waarde/BestandMediaTypeValue/PNG"/><bestandIdentificator>LG_laagspanning_Enexis+B.V._0000959625_18G004585.png</bestandIdentificator></themabijlagePerNetbeheerder><themabijlagePerNetbeheerder><soortBijlage>annotatie</soortBijlage><bestandLocatie>bronnen/KL1031/AN_laagspanning_Enexis+B.V._0000959625_18G004585.png</bestandLocatie><bestandMediaType xlink:href="http://definities.geostandaarden.nl/imkl2015/id/waarde/BestandMediaTypeValue/PNG"/><bestandIdentificator>AN_laagspanning_Enexis+B.V._0000959625_18G004585.png</bestandIdentificator></themabijlagePerNetbeheerder><themabijlagePerNetbeheerder><soortBijlage>maatvoering</soortBijlage><bestandLocatie>bronnen/KL1031/MV_laagspanning_Enexis+B.V._0000959625_18G004585.png</bestandLocatie><bestandMediaType xlink:href="http://definities.geostandaarden.nl/imkl2015/id/waarde/BestandMediaTypeValue/PNG"/><bestandIdentificator>MV_laagspanning_Enexis+B.V._0000959625_18G004585.png</bestandIdentificator></themabijlagePerNetbeheerder></beheerdersinformatie><beheerdersinformatie><thema xlink:href="http://definities.geostandaarden.nl/imkl2015/id/waarde/Thema/gasHogeDruk"/><eisVoorzorgmaatregel>true</eisVoorzorgmaatregel><themabijlagePerNetbeheerder><soortBijlage>maatvoering</soortBijlage><bestandLocatie>bronnen/KL1031/MV_gasHogeDruk_Enexis+B.V._0000959625_18G004585.png</bestandLocatie><bestandMediaType xlink:href="http://definities.geostandaarden.nl/imkl2015/id/waarde/BestandMediaTypeValue/PNG"/><bestandIdentificator>MV_gasHogeDruk_Enexis+B.V._0000959625_18G004585.png</bestandIdentificator></themabijlagePerNetbeheerder><themabijlagePerNetbeheerder><soortBijlage>ligging</soortBijlage><bestandLocatie>bronnen/KL1031/LG_gasHogeDruk_Enexis+B.V._0000959625_18G004585.png</bestandLocatie><bestandMediaType xlink:href="http://definities.geostandaarden.nl/imkl2015/id/waarde/BestandMediaTypeValue/PNG"/><bestandIdentificator>LG_gasHogeDruk_Enexis+B.V._0000959625_18G004585.png</bestandIdentificator></themabijlagePerNetbeheerder><themabijlagePerNetbeheerder><soortBijlage>annotatie</soortBijlage><bestandLocatie>bronnen/KL1031/AN_gasHogeDruk_Enexis+B.V._0000959625_18G004585.png</bestandLocatie><bestandMediaType xlink:href="http://definities.geostandaarden.nl/imkl2015/id/waarde/BestandMediaTypeValue/PNG"/><bestandIdentificator>AN_gasHogeDruk_Enexis+B.V._0000959625_18G004585.png</bestandIdentificator></themabijlagePerNetbeheerder><themabijlagePerNetbeheerder><soortBijlage>eisVoorzorgsmaatregel</soortBijlage><bestandLocatie>bronnen/KL1031/nl.imkl-KL1031_18G004585.EVTYPE1.d90673b0-a66d-4520-a281-1af60bc2b295_gasHogeDruk.pdf</bestandLocatie><bestandMediaType xlink:href="http://definities.geostandaarden.nl/imkl2015/id/waarde/BestandMediaTypeValue/PDF"/><bestandIdentificator>nl.imkl-KL1031.EVTYPE1.d90673b0-a66d-4520-a281-1af60bc2b295_gasHogeDruk</bestandIdentificator></themabijlagePerNetbeheerder></beheerdersinformatie></belanghebbende><belanghebbende><bronhoudercode>KL1110</bronhoudercode><beheerdersinformatieVersie>IMKL1.2</beheerdersinformatieVersie><bijlagePerNetbeheerder><soortBijlage>eigenTopo</soortBijlage><bestandLocatie>bronnen/KL1110/ET_WML+N.V._0000959646_18G004585.png</bestandLocatie><bestandMediaType xlink:href="http://definities.geostandaarden.nl/imkl2015/id/waarde/BestandMediaTypeValue/PNG"/><bestandIdentificator>ET_WML+N.V._0000959646_18G004585.png</bestandIdentificator></bijlagePerNetbeheerder><beheerdersinformatie><thema xlink:href="http://definities.geostandaarden.nl/imkl2015/id/waarde/Thema/water"/><eisVoorzorgmaatregel>false</eisVoorzorgmaatregel><themabijlagePerNetbeheerder><soortBijlage>ligging</soortBijlage><bestandLocatie>bronnen/KL1110/LG_water_WML+N.V._0000959646_18G004585.png</bestandLocatie><bestandMediaType xlink:href="http://definities.geostandaarden.nl/imkl2015/id/waarde/BestandMediaTypeValue/PNG"/><bestandIdentificator>LG_water_WML+N.V._0000959646_18G004585.png</bestandIdentificator></themabijlagePerNetbeheerder></beheerdersinformatie></belanghebbende><belanghebbende><bronhoudercode>GM1641</bronhoudercode><beheerdersinformatieVersie>IMKL1.2</beheerdersinformatieVersie><beheerdersinformatie><thema xlink:href="http://definities.geostandaarden.nl/imkl2015/id/waarde/Thema/rioolVrijverval"/><eisVoorzorgmaatregel>false</eisVoorzorgmaatregel><themabijlagePerNetbeheerder><soortBijlage>ligging</soortBijlage><bestandLocatie>bronnen/GM1641/LG_rioolVrijverval_Gemeente+Maasgouw_0000959666_18G004585.png</bestandLocatie><bestandMediaType xlink:href="http://definities.geostandaarden.nl/imkl2015/id/waarde/BestandMediaTypeValue/PNG"/><bestandIdentificator>LG_rioolVrijverval_Gemeente+Maasgouw_0000959666_18G004585.png</bestandIdentificator></themabijlagePerNetbeheerder><themabijlagePerNetbeheerder><soortBijlage>maatvoering</soortBijlage><bestandLocatie>bronnen/GM1641/MV_rioolVrijverval_Gemeente+Maasgouw_0000959666_18G004585.png</bestandLocatie><bestandMediaType xlink:href="http://definities.geostandaarden.nl/imkl2015/id/waarde/BestandMediaTypeValue/PNG"/><bestandIdentificator>MV_rioolVrijverval_Gemeente+Maasgouw_0000959666_18G004585.png</bestandIdentificator></themabijlagePerNetbeheerder></beheerdersinformatie></belanghebbende><belanghebbende><bronhoudercode>KL1021</bronhoudercode><beheerdersinformatieVersie>IMKL1.2</beheerdersinformatieVersie><bijlagePerNetbeheerder><soortBijlage>algemeen</soortBijlage><bestandLocatie>bronnen/KL1021/nl.imkl-KL1021_18G004585.BijlageAlgemeen_1_0.pdf</bestandLocatie><bestandMediaType xlink:href="http://definities.geostandaarden.nl/imkl2015/id/waarde/BestandMediaTypeValue/PDF"/><bestandIdentificator>nl.imkl-KL1021.BijlageAlgemeen_1_0</bestandIdentificator></bijlagePerNetbeheerder><beheerdersinformatie><thema xlink:href="http://definities.geostandaarden.nl/imkl2015/id/waarde/Thema/overig"/><eisVoorzorgmaatregel>false</eisVoorzorgmaatregel><themabijlagePerNetbeheerder><soortBijlage>ligging</soortBijlage><bestandLocatie>bronnen/KL1021/LG_overig_N.V.+Nederlandse+Gasunie+Oost_0000959691_18G004585.png</bestandLocatie><bestandMediaType xlink:href="http://definities.geostandaarden.nl/imkl2015/id/waarde/BestandMediaTypeValue/PNG"/><bestandIdentificator>LG_overig_N.V.+Nederlandse+Gasunie+Oost_0000959691_18G004585.png</bestandIdentificator></themabijlagePerNetbeheerder></beheerdersinformatie><beheerdersinformatie><thema xlink:href="http://definities.geostandaarden.nl/imkl2015/id/waarde/Thema/buisleidingGevaarlijkeInhoud"/><eisVoorzorgmaatregel>true</eisVoorzorgmaatregel><themabijlagePerNetbeheerder><soortBijlage>ligging</soortBijlage><bestandLocatie>bronnen/KL1021/LG_buisleidingGevaarlijkeInhoud_N.V.+Nederlandse+Gasunie+Oost_0000959691_18G004585.png</bestandLocatie><bestandMediaType xlink:href="http://definities.geostandaarden.nl/imkl2015/id/waarde/BestandMediaTypeValue/PNG"/><bestandIdentificator>LG_buisleidingGevaarlijkeInhoud_N.V.+Nederlandse+Gasunie+Oost_0000959691_18G004585.png</bestandIdentificator></themabijlagePerNetbeheerder><themabijlagePerNetbeheerder><soortBijlage>eisVoorzorgsmaatregel</soortBijlage><bestandLocatie>bronnen/KL1021/nl.imkl-KL1021_18G004585.EV_buisGevaarlijkeInhoud_EV_buisleidingGevaarlijkeInhoud.pdf</bestandLocatie><bestandMediaType xlink:href="http://definities.geostandaarden.nl/imkl2015/id/waarde/BestandMediaTypeValue/PDF"/><bestandIdentificator>nl.imkl-KL1021.EV_buisGevaarlijkeInhoud_EV_buisleidingGevaarlijkeInhoud</bestandIdentificator></themabijlagePerNetbeheerder></beheerdersinformatie></belanghebbende><belanghebbende><bronhoudercode>KL1052</bronhoudercode><beheerdersinformatieVersie>IMKL1.2</beheerdersinformatieVersie><beheerdersinformatie><thema xlink:href="http://definities.geostandaarden.nl/imkl2015/id/waarde/Thema/landelijkHoogspanningsnet"/><eisVoorzorgmaatregel>false</eisVoorzorgmaatregel><themabijlagePerNetbeheerder><soortBijlage>annotatie</soortBijlage><bestandLocatie>bronnen/KL1052/AN_landelijkHoogspanningsnet_TenneT_0000959687_18G004585.png</bestandLocatie><bestandMediaType xlink:href="http://definities.geostandaarden.nl/imkl2015/id/waarde/BestandMediaTypeValue/PNG"/><bestandIdentificator>AN_landelijkHoogspanningsnet_TenneT_0000959687_18G004585.png</bestandIdentificator></themabijlagePerNetbeheerder><themabijlagePerNetbeheerder><soortBijlage>ligging</soortBijlage><bestandLocatie>bronnen/KL1052/LG_landelijkHoogspanningsnet_TenneT_0000959687_18G004585.png</bestandLocatie><bestandMediaType xlink:href="http://definities.geostandaarden.nl/imkl2015/id/waarde/BestandMediaTypeValue/PNG"/><bestandIdentificator>LG_landelijkHoogspanningsnet_TenneT_0000959687_18G004585.png</bestandIdentificator></themabijlagePerNetbeheerder></beheerdersinformatie></belanghebbende><belanghebbende><bronhoudercode>TS0118</bronhoudercode><beheerdersinformatieVersie>klassiek</beheerdersinformatieVersie><netbeheerderContact><contact/></netbeheerderContact></belanghebbende></Leveringsinformatie>