<?xml version="1.0" encoding="UTF-8" standalone="yes"?><Leveringsinformatie xmlns="http://www.kadaster.nl/schemas/klic/leveringsinformatie/v20180418" xmlns:xlink="http://www.w3.org/1999/xlink" xmlns:gml="http://www.opengis.net/gml/3.2"><version>2.2</version><bijlagePerLevering><soortBijlage>achtergrondkaart</soortBijlage><bestandLocatie>bronnen/GB_19O000391.png</bestandLocatie><bestandMediaType xlink:href="http://definities.geostandaarden.nl/imkl2015/id/waarde/BestandMediaTypeValue/PNG"/><bestandIdentificator>GB_19O000391</bestandIdentificator></bijlagePerLevering><bijlagePerLevering><soortBijlage>leveringsbrief</soortBijlage><bestandLocatie>LI_19O000391_1.pdf</bestandLocatie><bestandMediaType xlink:href="http://definities.geostandaarden.nl/imkl2015/id/waarde/BestandMediaTypeValue/PDF"/><bestandIdentificator>LI_19O000391_1</bestandIdentificator></bijlagePerLevering><bijlagePerLevering><soortBijlage>gebiedsinformatieLevering</soortBijlage><bestandLocatie>GI_gebiedsinformatielevering_19O000391_1.xml</bestandLocatie><bestandMediaType xlink:href="http://definities.geostandaarden.nl/imkl2015/id/waarde/BestandMediaTypeValue/XML"/><bestandIdentificator>GI_gebiedsinformatielevering_19O000391_1</bestandIdentificator></bijlagePerLevering><pngFormaat><omsluitendeRechthoek><gml:Envelope srsName="urn:ogc:def:crs:EPSG::28992" srsDimension="2"><gml:lowerCorner>189640.0 353994.0</gml:lowerCorner><gml:upperCorner>190143.0 354369.0</gml:upperCorner></gml:Envelope></omsluitendeRechthoek><pixelsBreed>3521</pixelsBreed><pixelsHoog>2625</pixelsHoog></pngFormaat><belanghebbende><bronhoudercode>KL1031</bronhoudercode><beheerdersinformatieVersie>IMKL1.2</beheerdersinformatieVersie><beheerdersinformatie><thema xlink:href="http://definities.geostandaarden.nl/imkl2015/id/waarde/Thema/middenspanning"/><eisVoorzorgmaatregel>false</eisVoorzorgmaatregel></beheerdersinformatie><beheerdersinformatie><thema xlink:href="http://definities.geostandaarden.nl/imkl2015/id/waarde/Thema/gasLageDruk"/><eisVoorzorgmaatregel>false</eisVoorzorgmaatregel></beheerdersinformatie><beheerdersinformatie><thema xlink:href="http://definities.geostandaarden.nl/imkl2015/id/waarde/Thema/laagspanning"/><eisVoorzorgmaatregel>false</eisVoorzorgmaatregel></beheerdersinformatie><beheerdersinformatie><thema xlink:href="http://definities.geostandaarden.nl/imkl2015/id/waarde/Thema/gasHogeDruk"/><eisVoorzorgmaatregel>false</eisVoorzorgmaatregel></beheerdersinformatie></belanghebbende><belanghebbende><bronhoudercode>KL1110</bronhoudercode><beheerdersinformatieVersie>IMKL1.2</beheerdersinformatieVersie><beheerdersinformatie><thema xlink:href="http://definities.geostandaarden.nl/imkl2015/id/waarde/Thema/water"/><eisVoorzorgmaatregel>true</eisVoorzorgmaatregel><themabijlagePerNetbeheerder><soortBijlage>eisVoorzorgsmaatregel</soortBijlage><bestandLocatie>bronnen/KL1110/nl.imkl-KL1110_19O000391.EvOrientatie.pdf_water.pdf</bestandLocatie><bestandMediaType xlink:href="http://definities.geostandaarden.nl/imkl2015/id/waarde/BestandMediaTypeValue/PDF"/><bestandIdentificator>nl.imkl-KL1110.EvOrientatie.pdf_water</bestandIdentificator></themabijlagePerNetbeheerder></beheerdersinformatie></belanghebbende><belanghebbende><bronhoudercode>GM1641</bronhoudercode><beheerdersinformatieVersie>IMKL1.2</beheerdersinformatieVersie><beheerdersinformatie><thema xlink:href="http://definities.geostandaarden.nl/imkl2015/id/waarde/Thema/rioolVrijverval"/><eisVoorzorgmaatregel>false</eisVoorzorgmaatregel></beheerdersinformatie><beheerdersinformatie><thema xlink:href="http://definities.geostandaarden.nl/imkl2015/id/waarde/Thema/overig"/><eisVoorzorgmaatregel>false</eisVoorzorgmaatregel></beheerdersinformatie><beheerdersinformatie><thema xlink:href="http://definities.geostandaarden.nl/imkl2015/id/waarde/Thema/rioolOnderOverOfOnderdruk"/><eisVoorzorgmaatregel>false</eisVoorzorgmaatregel></beheerdersinformatie></belanghebbende><belanghebbende><bronhoudercode>KL1021</bronhoudercode><beheerdersinformatieVersie>IMKL1.2</beheerdersinformatieVersie><bijlagePerNetbeheerder><soortBijlage>algemeen</soortBijlage><bestandLocatie>bronnen/KL1021/nl.imkl-KL1021_19O000391.BijlageAlgemeen_1_0.pdf</bestandLocatie><bestandMediaType xlink:href="http://definities.geostandaarden.nl/imkl2015/id/waarde/BestandMediaTypeValue/PDF"/><bestandIdentificator>nl.imkl-KL1021.BijlageAlgemeen_1_0</bestandIdentificator></bijlagePerNetbeheerder><beheerdersinformatie><thema xlink:href="http://definities.geostandaarden.nl/imkl2015/id/waarde/Thema/overig"/><eisVoorzorgmaatregel>false</eisVoorzorgmaatregel></beheerdersinformatie><beheerdersinformatie><thema xlink:href="http://definities.geostandaarden.nl/imkl2015/id/waarde/Thema/buisleidingGevaarlijkeInhoud"/><eisVoorzorgmaatregel>true</eisVoorzorgmaatregel><themabijlagePerNetbeheerder><soortBijlage>eisVoorzorgsmaatregel</soortBijlage><bestandLocatie>bronnen/KL1021/nl.imkl-KL1021_19O000391.EV_buisGevaarlijkeInhoud_EV_O_buisleidingGevaarlijkeInhoud.pdf</bestandLocatie><bestandMediaType xlink:href="http://definities.geostandaarden.nl/imkl2015/id/waarde/BestandMediaTypeValue/PDF"/><bestandIdentificator>nl.imkl-KL1021.EV_buisGevaarlijkeInhoud_EV_O_buisleidingGevaarlijkeInhoud</bestandIdentificator></themabijlagePerNetbeheerder></beheerdersinformatie></belanghebbende><belanghebbende><bronhoudercode>KL1052</bronhoudercode><beheerdersinformatieVersie>IMKL1.2</beheerdersinformatieVersie><beheerdersinformatie><thema xlink:href="http://definities.geostandaarden.nl/imkl2015/id/waarde/Thema/landelijkHoogspanningsnet"/><eisVoorzorgmaatregel>false</eisVoorzorgmaatregel></beheerdersinformatie></belanghebbende><belanghebbende><bronhoudercode>braw04</bronhoudercode><beheerdersinformatieVersie>IMKL1.2</beheerdersinformatieVersie><beheerdersinformatie><thema xlink:href="http://definities.geostandaarden.nl/imkl2015/id/waarde/Thema/middenspanning"/><eisVoorzorgmaatregel>false</eisVoorzorgmaatregel></beheerdersinformatie><beheerdersinformatie><thema xlink:href="http://definities.geostandaarden.nl/imkl2015/id/waarde/Thema/gasLageDruk"/><eisVoorzorgmaatregel>false</eisVoorzorgmaatregel></beheerdersinformatie><beheerdersinformatie><thema xlink:href="http://definities.geostandaarden.nl/imkl2015/id/waarde/Thema/laagspanning"/><eisVoorzorgmaatregel>false</eisVoorzorgmaatregel></beheerdersinformatie><beheerdersinformatie><thema xlink:href="http://definities.geostandaarden.nl/imkl2015/id/waarde/Thema/gasHogeDruk"/><eisVoorzorgmaatregel>false</eisVoorzorgmaatregel></beheerdersinformatie></belanghebbende><belanghebbende><bronhoudercode>KZ1100</bronhoudercode><beheerdersinformatieVersie>IMKL1.2</beheerdersinformatieVersie><beheerdersinformatie><thema xlink:href="http://definities.geostandaarden.nl/imkl2015/id/waarde/Thema/middenspanning"/><eisVoorzorgmaatregel>false</eisVoorzorgmaatregel></beheerdersinformatie><beheerdersinformatie><thema xlink:href="http://definities.geostandaarden.nl/imkl2015/id/waarde/Thema/gasLageDruk"/><eisVoorzorgmaatregel>false</eisVoorzorgmaatregel></beheerdersinformatie><beheerdersinformatie><thema xlink:href="http://definities.geostandaarden.nl/imkl2015/id/waarde/Thema/laagspanning"/><eisVoorzorgmaatregel>false</eisVoorzorgmaatregel></beheerdersinformatie><beheerdersinformatie><thema xlink:href="http://definities.geostandaarden.nl/imkl2015/id/waarde/Thema/gasHogeDruk"/><eisVoorzorgmaatregel>false</eisVoorzorgmaatregel></beheerdersinformatie></belanghebbende><belanghebbende><bronhoudercode>nbact5</bronhoudercode><beheerdersinformatieVersie>IMKL1.2</beheerdersinformatieVersie><beheerdersinformatie><thema xlink:href="http://definities.geostandaarden.nl/imkl2015/id/waarde/Thema/middenspanning"/><eisVoorzorgmaatregel>false</eisVoorzorgmaatregel></beheerdersinformatie><beheerdersinformatie><thema xlink:href="http://definities.geostandaarden.nl/imkl2015/id/waarde/Thema/gasLageDruk"/><eisVoorzorgmaatregel>false</eisVoorzorgmaatregel></beheerdersinformatie><beheerdersinformatie><thema xlink:href="http://definities.geostandaarden.nl/imkl2015/id/waarde/Thema/laagspanning"/><eisVoorzorgmaatregel>false</eisVoorzorgmaatregel></beheerdersinformatie><beheerdersinformatie><thema xlink:href="http://definities.geostandaarden.nl/imkl2015/id/waarde/Thema/gasHogeDruk"/><eisVoorzorgmaatregel>false</eisVoorzorgmaatregel></beheerdersinformatie></belanghebbende></Leveringsinformatie>