{
	"Leveringsinformatie": {
		"version": "2.1",
		"bijlagePerLevering": [{
			"soortBijlage": "gebiedsinformatieLevering",
			"bestandLocatie": "https://service10.test.kadaster.nl/gds2/download/public/830f8d5e-0812-4f24-abc9-924433931491",
			"bestandMediaType": {
				"href": "http://definities.geostandaarden.nl/imkl2015/id/waarde/BestandMediaTypeValue/XML"
			},
			"bestandIdentificator": "GI_GebiedsinformatieLevering_18G030795_3"
		},
		{
			"soortBijlage": "achtergrondkaart",
			"bestandLocatie": "https://service10.test.kadaster.nl/gds2/download/public/830f8d5e-0812-4f24-abc9-924433519040",
			"bestandMediaType": {
				"href": "http://definities.geostandaarden.nl/imkl2015/id/waarde/BestandMediaTypeValue/PNG"
			},
			"bestandIdentificator": "GB_18G030795"
		},
		{
			"soortBijlage": "achtergrondkaartPlan",
			"bestandLocatie": "https://service10.test.kadaster.nl/gds2/download/public/090d93a5-b17a-482d-893e-8d9165422b74",
			"bestandMediaType": {
				"href": "http://definities.geostandaarden.nl/imkl2015/id/waarde/BestandMediaTypeValue/PNG"
			},
			"bestandIdentificator": "GP_18G030795"
		},
		{
			"soortBijlage": "geselecteerdGebied",
			"bestandLocatie": "https://service10.test.kadaster.nl/gds2/download/public/70a464eb-5e0e-45d8-b981-16437a016b46",
			"bestandMediaType": {
				"href": "http://definities.geostandaarden.nl/imkl2015/id/waarde/BestandMediaTypeValue/PNG"
			},
			"bestandIdentificator": "SEL_18G030795"
		},
		{
			"soortBijlage": "leveringsbrief",
			"bestandLocatie": "https://service10.test.kadaster.nl/gds2/download/public/20a45s3b-5e0e-45d8-b981-16437a016b46",
			"bestandMediaType": {
				"href": "http://definities.geostandaarden.nl/imkl2015/id/waarde/BestandMediaTypeValue/PDF"
			},
			"bestandIdentificator": "LI_18G030795_3"
		}],
		"pngFormaat": {
			"omsluitendeRechthoek": {
				"Envelope": {
					"lowerCorner": {
						"value": [153622.0,
						389504.0]
					},
					"upperCorner": {
						"value": [154112.0,
						389917.0]
					},
					"srsName": "urn:ogc:def:crs:EPSG::28992",
					"srsDimension": 2
				}
			},
			"pixelsBreed": 6860,
			"pixelsHoog": 5782
		},
		"belanghebbende": [{
			"bronhoudercode": "GM0753",
			"beheerdersinformatieVersie": "klassiek",
			"netbeheerderContact": {
				"contact": {
					"naam": "Medewerker kabel en leiding beheer",
					"telefoon": "0172-632032",
					"email": "Klic_best@bam.nl"
				},
				"storingsnummer": "0499-360360",
				"beschadigingsnummer": "0499-360360"
			},
			"bijlagePerNetbeheerder": [{
				"soortBijlage": "bijlage",
				"bestandLocatie": "https://service10.test.kadaster.nl/gds2/download/public/1d68f710-4547-41b5-85e6-02828f7c0950",
				"bestandMediaType": {
					"href": "http://definities.geostandaarden.nl/imkl2015/id/waarde/BestandMediaTypeValue/PDF"
				},
				"bestandIdentificator": "BL_vdbgembest_0000590513_18G030795_Voorwaarden+gemeenten+v3"
			},
			{
				"soortBijlage": "bijlage",
				"bestandLocatie": "https://service10.test.kadaster.nl/gds2/download/public/9d4af710-4547-41b5-85e6-02828f7c0950",
				"bestandMediaType": {
					"href": "http://definities.geostandaarden.nl/imkl2015/id/waarde/BestandMediaTypeValue/PDF"
				},
				"bestandIdentificator": "BL_vdbgembest_0000590513_18G030795_Belang+graaf"
			}],
			"beheerdersinformatie": [{
				"thema": {
					"href": "http://definities.geostandaarden.nl/imkl2015/id/waarde/Thema/laagspanning"
				},
				"eisVoorzorgmaatregel": false,
				"themabijlagePerNetbeheerder": [{
					"soortBijlage": "annotatie",
					"bestandLocatie": "https://service10.test.kadaster.nl/gds2/download/public/1a164622-4003-44ee-ada7-11051cc8136a",
					"bestandMediaType": {
						"href": "http://definities.geostandaarden.nl/imkl2015/id/waarde/BestandMediaTypeValue/PNG"
					},
					"bestandIdentificator": "AN_laagspanning_vdbgembest_0000590513_18G030795"
				},
				{
					"soortBijlage": "ligging",
					"bestandLocatie": "https://service10.test.kadaster.nl/gds2/download/public/48959e27-3972-4c6d-9ede-24cff55987e5",
					"bestandMediaType": {
						"href": "http://definities.geostandaarden.nl/imkl2015/id/waarde/BestandMediaTypeValue/PNG"
					},
					"bestandIdentificator": "LG_laagspanning_vdbgembest_0000590513_18G030795"
				},
				{
					"soortBijlage": "maatvoering",
					"bestandLocatie": "https://service10.test.kadaster.nl/gds2/download/public/4c51b032-c1e9-432c-bdf4-e657a07b571b",
					"bestandMediaType": {
						"href": "http://definities.geostandaarden.nl/imkl2015/id/waarde/BestandMediaTypeValue/PNG"
					},
					"bestandIdentificator": "MV_laagspanning_vdbgembest_0000590513_18G030795"
				}]
			},
			{
				"thema": {
					"href": "http://definities.geostandaarden.nl/imkl2015/id/waarde/Thema/rioolOnderOverOfOnderdruk"
				},
				"eisVoorzorgmaatregel": false,
				"themabijlagePerNetbeheerder": [{
					"soortBijlage": "ligging",
					"bestandLocatie": "https://service10.test.kadaster.nl/gds2/download/public/8a9ae2fa-4078-402e-ad95-d15f2628d51e",
					"bestandMediaType": {
						"href": "http://definities.geostandaarden.nl/imkl2015/id/waarde/BestandMediaTypeValue/PNG"
					},
					"bestandIdentificator": "LG_riool+onder+druk_vdbgembest_0000590513_18G030795"
				}]
			},
			{
				"thema": {
					"href": "http://definities.geostandaarden.nl/imkl2015/id/waarde/Thema/rioolVrijverval"
				},
				"eisVoorzorgmaatregel": false,
				"themabijlagePerNetbeheerder": [{
					"soortBijlage": "annotatie",
					"bestandLocatie": "https://service10.test.kadaster.nl/gds2/download/public/8a9ae2fa-4078-402e-ad95-d15f2628d51e",
					"bestandMediaType": {
						"href": "http://definities.geostandaarden.nl/imkl2015/id/waarde/BestandMediaTypeValue/PNG"
					},
					"bestandIdentificator": "AN_riool+vrijverval_vdbgembest_0000590513_18G030795"
				},
				{
					"soortBijlage": "ligging",
					"bestandLocatie": "https://service10.test.kadaster.nl/gds2/download/public/3b237787-a703-4d37-99d6-058eafad9e0e",
					"bestandMediaType": {
						"href": "http://definities.geostandaarden.nl/imkl2015/id/waarde/BestandMediaTypeValue/PNG"
					},
					"bestandIdentificator": "LG_riool+vrijverval_vdbgembest_0000590513_18G030795"
				},
				{
					"soortBijlage": "maatvoering",
					"bestandLocatie": "https://service10.test.kadaster.nl/gds2/download/public/56eddad8-2daa-4c46-9c9d-1227f51fea07",
					"bestandMediaType": {
						"href": "http://definities.geostandaarden.nl/imkl2015/id/waarde/BestandMediaTypeValue/PNG"
					},
					"bestandIdentificator": "MV_riool+vrijverval_vdbgembest_0000590513_18G030795"
				}]
			}]
		},
		{
			"bronhoudercode": "KL1001",
			"beheerdersinformatieVersie": "klassiek",
			"netbeheerderContact": {
				"contact": {
					"naam": "Administratie van de regio",
					"telefoon": "073-6838888",
					"email": "wion@brabantwater.nl"
				},
				"storingsnummer": "073-6838888",
				"beschadigingsnummer": "073-6838888"
			},
			"bijlagePerNetbeheerder": [{
				"soortBijlage": "bijlage",
				"bestandLocatie": "https://service10.test.kadaster.nl/gds2/download/public/0ca749c7-e716-4010-b884-ad8d984080be",
				"bestandMediaType": {
					"href": "http://definities.geostandaarden.nl/imkl2015/id/waarde/BestandMediaTypeValue/PDF"
				},
				"bestandIdentificator": "BL_bw_0000551269_18G030795_brief"
			}],
			"beheerdersinformatie": [{
				"thema": {
					"href": "http://definities.geostandaarden.nl/imkl2015/id/waarde/Thema/water"
				},
				"toezichthouder": [{
					"naam": "via administratie van de regio (zie brief)",
					"telefoon": "073-6838888",
					"email": "regioadministratiexxx@brabantwater.nl"
				}],
				"eisVoorzorgmaatregel": false,
				"themabijlagePerNetbeheerder": [{
					"soortBijlage": "annotatie",
					"bestandLocatie": "https://service10.test.kadaster.nl/gds2/download/public/1a164622-4003-44ee-ada7-11051cc8136a",
					"bestandMediaType": {
						"href": "http://definities.geostandaarden.nl/imkl2015/id/waarde/BestandMediaTypeValue/PNG"
					},
					"bestandIdentificator": "AN_water_bw_0000551269_18G030795"
				},
				{
					"soortBijlage": "ligging",
					"bestandLocatie": "https://service10.test.kadaster.nl/gds2/download/public/b338fd08-d499-4f96-bf0d-464511d4b5f8",
					"bestandMediaType": {
						"href": "http://definities.geostandaarden.nl/imkl2015/id/waarde/BestandMediaTypeValue/PNG"
					},
					"bestandIdentificator": "LG_water_bw_0000551269_18G030795"
				},
				{
					"soortBijlage": "maatvoering",
					"bestandLocatie": "https://service10.test.kadaster.nl/gds2/download/public/56eddad8-2daa-4c46-9c9d-1227f51fea07",
					"bestandMediaType": {
						"href": "http://definities.geostandaarden.nl/imkl2015/id/waarde/BestandMediaTypeValue/PNG"
					},
					"bestandIdentificator": "MV_water_bw_0000551269_18G030795"
				}]
			}]
		},
		{
			"bronhoudercode": "KL1010",
			"beheerdersinformatieVersie": "klassiek",
			"netbeheerderContact": {
				"contact": {
					"naam": "Speer IT",
					"email": "wion.eurofiber@speerit.nl"
				}
			},
			"bijlagePerNetbeheerder": [{
				"soortBijlage": "bijlage",
				"bestandLocatie": "https://service10.test.kadaster.nl/gds2/download/public/a1a23496-9854-414a-bad2-ca5a49a4642d",
				"bestandMediaType": {
					"href": "http://definities.geostandaarden.nl/imkl2015/id/waarde/BestandMediaTypeValue/PDF"
				},
				"bestandIdentificator": "BL_Eurofiber_0000560460_18G030795_Brief-GeenBelang"
			}]
		},
		{
			"bronhoudercode": "KL1011",
			"beheerdersinformatieVersie": "klassiek",
			"netbeheerderContact": {
				"contact": {
					"naam": "Afd. ROS Regional Project Infrastructure",
					"telefoon": "088 - 717 3025",
					"email": "topografie.zuid@office.ziggo.nl"
				},
				"storingsnummer": "088 - 717 4402",
				"beschadigingsnummer": "088 - 717 4402"
			},
			"bijlagePerNetbeheerder": [{
				"soortBijlage": "eigenTopoPlan",
				"bestandLocatie": "https://service10.test.kadaster.nl/gds2/download/public/1d68f710-4547-41b5-85e6-02828f7c0950",
				"bestandMediaType": {
					"href": "http://definities.geostandaarden.nl/imkl2015/id/waarde/BestandMediaTypeValue/PNG"
				},
				"bestandIdentificator": "PT_Ziggo+BV_0000546674_18G030795"
			}],
			"beheerdersinformatie": [{
				"thema": {
					"href": "http://definities.geostandaarden.nl/imkl2015/id/waarde/Thema/datatransport"
				},
				"eisVoorzorgmaatregel": false,
				"themabijlagePerNetbeheerder": [{
					"soortBijlage": "annotatie",
					"bestandLocatie": "https://service10.test.kadaster.nl/gds2/download/public/1aud5722-4003-44ee-ada7-11051cc8136a",
					"bestandMediaType": {
						"href": "http://definities.geostandaarden.nl/imkl2015/id/waarde/BestandMediaTypeValue/PNG"
					},
					"bestandIdentificator": "AN_datatransport_Ziggo+BV_0000546674_18G030795"
				},
				{
					"soortBijlage": "ligging",
					"bestandLocatie": "https://service10.test.kadaster.nl/gds2/download/public/ke4a3d08-d499-4f96-bf0d-464511d4b5f8",
					"bestandMediaType": {
						"href": "http://definities.geostandaarden.nl/imkl2015/id/waarde/BestandMediaTypeValue/PNG"
					},
					"bestandIdentificator": "LG_datatransport_Ziggo+BV_0000546674_18G030795"
				},
				{
					"soortBijlage": "maatvoering",
					"bestandLocatie": "https://service10.test.kadaster.nl/gds2/download/public/54d26ad8-2daa-4c46-9c9d-1227f51fea07",
					"bestandMediaType": {
						"href": "http://definities.geostandaarden.nl/imkl2015/id/waarde/BestandMediaTypeValue/PNG"
					},
					"bestandIdentificator": "MV_datatransport_Ziggo+BV_0000546674_18G030795"
				},
				{
					"soortBijlage": "themabijlage",
					"bestandLocatie": "https://service10.test.kadaster.nl/gds2/download/public/585ss4d8-2daa-4c46-9c9d-1227f51fea07",
					"bestandMediaType": {
						"href": "http://definities.geostandaarden.nl/imkl2015/id/waarde/BestandMediaTypeValue/PDF"
					},
					"bestandIdentificator": "TB_datatransport_Ziggo+BV_0000546674_18G030795_Regiobrief"
				}]
			}]
		},
		{
			"bronhoudercode": "KL1015",
			"beheerdersinformatieVersie": "klassiek",
			"netbeheerderContact": {
				"contact": {
					"naam": "Ziggo Services",
					"telefoon": "0582348800",
					"email": "klicnl@office.ziggo.nl"
				},
				"storingsnummer": "08002200022",
				"beschadigingsnummer": "08002200022"
			},
			"bijlagePerNetbeheerder": [{
				"soortBijlage": "bijlage",
				"bestandLocatie": "https://service10.test.kadaster.nl/gds2/download/public/c8eabe8f-2a86-4cfa-a492-6ea1a7bbe1d1",
				"bestandMediaType": {
					"href": "http://definities.geostandaarden.nl/imkl2015/id/waarde/BestandMediaTypeValue/PDF"
				},
				"bestandIdentificator": "BL_Ziggo+Services_0000565862_18G030795_letter"
			},
			{
				"soortBijlage": "bijlage",
				"bestandLocatie": "https://service10.test.kadaster.nl/gds2/download/public/1a164622-4003-44ee-ada7-11051cc8136a",
				"bestandMediaType": {
					"href": "http://definities.geostandaarden.nl/imkl2015/id/waarde/BestandMediaTypeValue/PDF"
				},
				"bestandIdentificator": "BL_Ziggo+Services_0000565862_18G030795_voorwaarden"
			}]
		},
		{
			"bronhoudercode": "KL1020",
			"beheerdersinformatieVersie": "klassiek",
			"netbeheerderContact": {
				"contact": {
					"naam": "Arie Heefer",
					"telefoon": "0882461333",
					"email": "Arie.heefer@rws.nl"
				},
				"storingsnummer": "0135491449",
				"beschadigingsnummer": "0135491449"
			},
			"bijlagePerNetbeheerder": [{
				"soortBijlage": "bijlage",
				"bestandLocatie": "https://service10.test.kadaster.nl/gds2/download/public/1d68f710-4547-41b5-85e6-02828f7c0950",
				"bestandMediaType": {
					"href": "http://definities.geostandaarden.nl/imkl2015/id/waarde/BestandMediaTypeValue/PDF"
				},
				"bestandIdentificator": "BL_rwswaterbrabant_0000584719_18G030795_20170606+begeleidingsbriefV1_8b"
			},
			{
				"soortBijlage": "eigenTopoPlan",
				"bestandLocatie": "https://service10.test.kadaster.nl/gds2/download/public/c8eabe8f-2a86-4cfa-a492-6ea1a7bbe1d1",
				"bestandMediaType": {
					"href": "http://definities.geostandaarden.nl/imkl2015/id/waarde/BestandMediaTypeValue/PNG"
				},
				"bestandIdentificator": "PT_rwswaterbrabant_0000584719_18G030795"
			}],
			"beheerdersinformatie": [{
				"thema": {
					"href": "http://definities.geostandaarden.nl/imkl2015/id/waarde/Thema/datatransport"
				},
				"eisVoorzorgmaatregel": false,
				"themabijlagePerNetbeheerder": [{
					"soortBijlage": "annotatie",
					"bestandLocatie": "https://service10.test.kadaster.nl/gds2/download/public/1aud5722-4003-44ee-ada7-11051cc8136a",
					"bestandMediaType": {
						"href": "http://definities.geostandaarden.nl/imkl2015/id/waarde/BestandMediaTypeValue/PNG"
					},
					"bestandIdentificator": "AN_datatransport_rwswaterbrabant_0000584719_18G030795"
				},
				{
					"soortBijlage": "ligging",
					"bestandLocatie": "https://service10.test.kadaster.nl/gds2/download/public/ke4a3d08-d499-4f96-bf0d-464511d4b5f8",
					"bestandMediaType": {
						"href": "http://definities.geostandaarden.nl/imkl2015/id/waarde/BestandMediaTypeValue/PNG"
					},
					"bestandIdentificator": "LG_datatransport_rwswaterbrabant_0000584719_18G030795"
				}]
			},
			{
				"thema": {
					"href": "http://definities.geostandaarden.nl/imkl2015/id/waarde/Thema/overig"
				},
				"eisVoorzorgmaatregel": false,
				"themabijlagePerNetbeheerder": [{
					"soortBijlage": "annotatie",
					"bestandLocatie": "https://service10.test.kadaster.nl/gds2/download/public/8a9ae2fa-4078-402e-ad95-d15f2628d51e",
					"bestandMediaType": {
						"href": "http://definities.geostandaarden.nl/imkl2015/id/waarde/BestandMediaTypeValue/PNG"
					},
					"bestandIdentificator": "AN_overig_rwswaterbrabant_0000584719_18G030795"
				},
				{
					"soortBijlage": "ligging",
					"bestandLocatie": "https://service10.test.kadaster.nl/gds2/download/public/3b237787-a703-4d37-99d6-058eafad9e0e",
					"bestandMediaType": {
						"href": "http://definities.geostandaarden.nl/imkl2015/id/waarde/BestandMediaTypeValue/PNG"
					},
					"bestandIdentificator": "LG_overig_rwswaterbrabant_0000584719_18G030795"
				}]
			}]
		},
		{
			"bronhoudercode": "KL1027",
			"beheerdersinformatieVersie": "klassiek",
			"netbeheerderContact": {
				"contact": {
					"naam": "N.V. Nederlandse Gasunie",
					"telefoon": "0182-623368",
					"email": "CTA@gasunie.nl"
				},
				"storingsnummer": "0182-623368",
				"beschadigingsnummer": "050-5211500"
			},
			"bijlagePerNetbeheerder": [{
				"soortBijlage": "bijlage",
				"bestandLocatie": "https://service10.test.kadaster.nl/gds2/download/public/ce3b3726-9c0a-4c1c-9966-7997f1a7b8a2",
				"bestandMediaType": {
					"href": "http://definities.geostandaarden.nl/imkl2015/id/waarde/BestandMediaTypeValue/PDF"
				},
				"bestandIdentificator": "BL_gasuniewest_0000572472_18G030795_overzichtskaart"
			}],
			"beheerdersinformatie": [{
				"thema": {
					"href": "http://definities.geostandaarden.nl/imkl2015/id/waarde/Thema/buisleidingGevaarlijkeInhoud"
				},
				"toezichthouder": [{
					"naam": "N.V. Nederlandse Gasunie West SBW",
					"telefoon": "0182 623 368",
					"email": "KaaS-West@gasunie.nl"
				}],
				"eisVoorzorgmaatregel": true,
				"themabijlagePerNetbeheerder": [{
					"soortBijlage": "eisVoorzorgsmaatregel",
					"bestandLocatie": "https://service10.test.kadaster.nl/gds2/download/public/87c4b491-0cdc-4ab5-a76c-f6c60102b04f",
					"bestandMediaType": {
						"href": "http://definities.geostandaarden.nl/imkl2015/id/waarde/BestandMediaTypeValue/PDF"
					},
					"bestandIdentificator": "EV_buisleiding+gevaarlijke+inhoud_gasuniewest_0000572472_18G030795"
				},
				{
					"soortBijlage": "ligging",
					"bestandLocatie": "https://service10.test.kadaster.nl/gds2/download/public/3082a1ca-d781-4a6b-b3d6-6a664672e2a9",
					"bestandMediaType": {
						"href": "http://definities.geostandaarden.nl/imkl2015/id/waarde/BestandMediaTypeValue/PNG"
					},
					"bestandIdentificator": "LG_buisleiding+gevaarlijke+inhoud_gasuniewest_0000572472_18G030795"
				}]
			},
			{
				"thema": {
					"href": "http://definities.geostandaarden.nl/imkl2015/id/waarde/Thema/overig"
				},
				"toezichthouder": [{
					"naam": "N.V. Nederlandse Gasunie",
					"telefoon": "0182-623368",
					"email": "CTA@gasunie.nl"
				}],
				"eisVoorzorgmaatregel": false,
				"themabijlagePerNetbeheerder": [{
					"soortBijlage": "ligging",
					"bestandLocatie": "https://service10.test.kadaster.nl/gds2/download/public/090d93a5-b17a-482d-893e-8d9851f22b74",
					"bestandMediaType": {
						"href": "http://definities.geostandaarden.nl/imkl2015/id/waarde/BestandMediaTypeValue/PNG"
					},
					"bestandIdentificator": "LG_overig_gasuniewest_0000572472_18G030795"
				}]
			}]
		},
		{
			"bronhoudercode": "KL1031",
			"beheerdersinformatieVersie": "IMKL1.2",
			"bijlagePerNetbeheerder": [{
				"soortBijlage": "algemeen",
				"bestandLocatie": "https://service10.test.kadaster.nl/gds2/download/public/3f23e5db-eaee-49d8-a364-17013f794142",
				"bestandMediaType": {
					"href": "http://definities.geostandaarden.nl/imkl2015/id/waarde/BestandMediaTypeValue/PDF"
				},
				"bestandIdentificator": "nl.imkl-KL1031.BriefAlgemeen_v1.3"
			}],
			"beheerdersinformatie": [{
				"thema": {
					"href": "http://definities.geostandaarden.nl/imkl2015/id/waarde/Thema/gasLageDruk"
				},
				"eisVoorzorgmaatregel": false,
				"themabijlagePerNetbeheerder": [{
					"soortBijlage": "ligging",
					"bestandLocatie": "https://service10.test.kadaster.nl/gds2/download/public/ke4a3d08-d499-4f96-bf0d-464511d4b5f8",
					"bestandMediaType": {
						"href": "http://definities.geostandaarden.nl/imkl2015/id/waarde/BestandMediaTypeValue/PNG"
					},
					"bestandIdentificator": "LG_gasLageDruk_KL1031_18G030795"
				},
				{
					"soortBijlage": "maatvoering",
					"bestandLocatie": "https://service10.test.kadaster.nl/gds2/download/public/183e8f1c-a1a9-47bd-9ca7-d65fff49ffff",
					"bestandMediaType": {
						"href": "http://definities.geostandaarden.nl/imkl2015/id/waarde/BestandMediaTypeValue/PNG"
					},
					"bestandIdentificator": "MV_gasLageDruk_KL1031_18G030795"
				}]
			},
			{
				"thema": {
					"href": "http://definities.geostandaarden.nl/imkl2015/id/waarde/Thema/gasHogeDruk"
				},
				"eisVoorzorgmaatregel": false,
				"themabijlagePerNetbeheerder": [{
					"soortBijlage": "maatvoering",
					"bestandLocatie": "https://service10.test.kadaster.nl/gds2/download/public/183e8f1c-a1a9-47bd-9ca7-d65fff49ffff",
					"bestandMediaType": {
						"href": "http://definities.geostandaarden.nl/imkl2015/id/waarde/BestandMediaTypeValue/PNG"
					},
					"bestandIdentificator": "MV_gasHogeDruk_KL1031_18G030795"
				}]
			},
			{
				"thema": {
					"href": "http://definities.geostandaarden.nl/imkl2015/id/waarde/Thema/laagspanning"
				},
				"eisVoorzorgmaatregel": false,
				"themabijlagePerNetbeheerder": [{
					"soortBijlage": "annotatie",
					"bestandLocatie": "https://service10.test.kadaster.nl/gds2/download/public/cbd73048-71b8-482f-90ae-7bd9eebaadf1",
					"bestandMediaType": {
						"href": "http://definities.geostandaarden.nl/imkl2015/id/waarde/BestandMediaTypeValue/PNG"
					},
					"bestandIdentificator": "AN_laagspanning_KL1031_18G030795"
				},
				{
					"soortBijlage": "ligging",
					"bestandLocatie": "https://service10.test.kadaster.nl/gds2/download/public/ke4a3d08-d499-4f96-bf0d-464511d4b5f8",
					"bestandMediaType": {
						"href": "http://definities.geostandaarden.nl/imkl2015/id/waarde/BestandMediaTypeValue/PNG"
					},
					"bestandIdentificator": "LG_laagspanning_KL1031_18G030795"
				},
				{
					"soortBijlage": "maatvoering",
					"bestandLocatie": "https://service10.test.kadaster.nl/gds2/download/public/d320270d-2224-45d6-aa48-5cdf095f8913",
					"bestandMediaType": {
						"href": "http://definities.geostandaarden.nl/imkl2015/id/waarde/BestandMediaTypeValue/PNG"
					},
					"bestandIdentificator": "MV_laagspanning_KL1031_18G030795"
				}]
			},
			{
				"thema": {
					"href": "http://definities.geostandaarden.nl/imkl2015/id/waarde/Thema/middenspanning"
				},
				"eisVoorzorgmaatregel": false,
				"themabijlagePerNetbeheerder": [{
					"soortBijlage": "annotatie",
					"bestandLocatie": "https://service10.test.kadaster.nl/gds2/download/public/88b26cd6-f087-427c-b1d8-5df5344b7ebd",
					"bestandMediaType": {
						"href": "http://definities.geostandaarden.nl/imkl2015/id/waarde/BestandMediaTypeValue/PNG"
					},
					"bestandIdentificator": "AN_middenspanning_KL1031_18G030795"
				},
				{
					"soortBijlage": "ligging",
					"bestandLocatie": "https://service10.test.kadaster.nl/gds2/download/public/e3b6c8ce-a14b-4c89-995a-ed9434119f20",
					"bestandMediaType": {
						"href": "http://definities.geostandaarden.nl/imkl2015/id/waarde/BestandMediaTypeValue/PNG"
					},
					"bestandIdentificator": "LG_middenspanning_KL1031_18G030795"
				},
				{
					"soortBijlage": "maatvoering",
					"bestandLocatie": "https://service10.test.kadaster.nl/gds2/download/public/21a0605f-1667-47b4-8462-135e0653a70a",
					"bestandMediaType": {
						"href": "http://definities.geostandaarden.nl/imkl2015/id/waarde/BestandMediaTypeValue/PNG"
					},
					"bestandIdentificator": "MV_middenspanning_KL1031_18G030795"
				}]
			}]
		},
		{
			"bronhoudercode": "KL1049",
			"beheerdersinformatieVersie": "klassiek",
			"netbeheerderContact": {
				"contact": {
					"naam": "Reggefiber Operator bv",
					"email": "ReggefiberKliconMail@speerit.nl"
				},
				"storingsnummer": "0800-9009",
				"beschadigingsnummer": "0800-9009"
			},
			"bijlagePerNetbeheerder": [{
				"soortBijlage": "bijlage",
				"bestandLocatie": "https://service10.test.kadaster.nl/gds2/download/public/21899668-a92d-40cf-ae36-33fa016048bc",
				"bestandMediaType": {
					"href": "http://definities.geostandaarden.nl/imkl2015/id/waarde/BestandMediaTypeValue/PDF"
				},
				"bestandIdentificator": "BL_Reggefiber_0000579733_18G030795_Brief-Belang+Regio+Zuid"
			}],
			"beheerdersinformatie": [{
				"thema": {
					"href": "http://definities.geostandaarden.nl/imkl2015/id/waarde/Thema/datatransport"
				},
				"toezichthouder": [{
					"naam": "Reggefiber Operator bv",
					"telefoon": "+31 (0)548 800 8",
					"email": "beheerpassief@reggefiber.nl"
				}],
				"eisVoorzorgmaatregel": false,
				"themabijlagePerNetbeheerder": [{
					"soortBijlage": "annotatie",
					"bestandLocatie": "https://service10.test.kadaster.nl/gds2/download/public/9702ab1a-5621-42f7-acaa-be8bf60ad47d",
					"bestandMediaType": {
						"href": "http://definities.geostandaarden.nl/imkl2015/id/waarde/BestandMediaTypeValue/PNG"
					},
					"bestandIdentificator": "AN_datatransport_Reggefiber_0000579733_18G030795"
				},
				{
					"soortBijlage": "ligging",
					"bestandLocatie": "https://service10.test.kadaster.nl/gds2/download/public/a56a8d7e-6ca9-4805-ba89-b0d5337099c4",
					"bestandMediaType": {
						"href": "http://definities.geostandaarden.nl/imkl2015/id/waarde/BestandMediaTypeValue/PNG"
					},
					"bestandIdentificator": "LG_datatransport_Reggefiber_0000579733_18G030795"
				},
				{
					"soortBijlage": "maatvoering",
					"bestandLocatie": "https://service10.test.kadaster.nl/gds2/download/public/9b391969-f15b-4118-917d-e15109de69fc",
					"bestandMediaType": {
						"href": "http://definities.geostandaarden.nl/imkl2015/id/waarde/BestandMediaTypeValue/PNG"
					},
					"bestandIdentificator": "MV_datatransport_Reggefiber_0000579733_18G030795"
				},
				{
					"soortBijlage": "detailkaart",
					"bestandLocatie": "https://service10.test.kadaster.nl/gds2/download/public/6853d4ca-cca1-402b-9857-69db8381b60c",
					"bestandMediaType": {
						"href": "http://definities.geostandaarden.nl/imkl2015/id/waarde/BestandMediaTypeValue/PDF"
					},
					"bestandIdentificator": "DK_datatransport_Reggefiber_0000579733_18G030795_Details"
				}]
			}]
		},
		{
			"bronhoudercode": "KL1051",
			"beheerdersinformatieVersie": "klassiek",
			"netbeheerderContact": {
				"contact": {
					"naam": "KPN KLIC-loket",
					"telefoon": "030-25 53334",
					"email": "orderintakeplan@kpn.com"
				},
				"storingsnummer": "0800 023 01 93",
				"beschadigingsnummer": "0800 023 01 93"
			},
			"bijlagePerNetbeheerder": [{
				"soortBijlage": "bijlage",
				"bestandLocatie": "https://service10.test.kadaster.nl/gds2/download/public/e1e0fc22-1f3e-4520-a381-073437824dc1",
				"bestandMediaType": {
					"href": "http://definities.geostandaarden.nl/imkl2015/id/waarde/BestandMediaTypeValue/PDF"
				},
				"bestandIdentificator": "BL_KPN_0000546663_18G030795_Brief-belang"
			},
			{
				"soortBijlage": "eigenTopo",
				"bestandLocatie": "https://service10.test.kadaster.nl/gds2/download/public/bb936f07-d849-48a8-84b2-f25dd2bd0ee4",
				"bestandMediaType": {
					"href": "http://definities.geostandaarden.nl/imkl2015/id/waarde/BestandMediaTypeValue/PNG"
				},
				"bestandIdentificator": "ET_KPN_0000546663_18G030795"
			},
			{
				"soortBijlage": "eigenTopoPlan",
				"bestandLocatie": "https://service10.test.kadaster.nl/gds2/download/public/7db6e762-9cbe-499c-a430-25ad02869bac",
				"bestandMediaType": {
					"href": "http://definities.geostandaarden.nl/imkl2015/id/waarde/BestandMediaTypeValue/PNG"
				},
				"bestandIdentificator": "PT_KPN_0000546663_18G030795"
			}],
			"beheerdersinformatie": [{
				"thema": {
					"href": "http://definities.geostandaarden.nl/imkl2015/id/waarde/Thema/datatransport"
				},
				"toezichthouder": [{
					"naam": "KPN KLIC-loket",
					"telefoon": "030-25 53334",
					"email": "orderintakeplan@kpn.com"
				}],
				"eisVoorzorgmaatregel": false,
				"themabijlagePerNetbeheerder": [{
					"soortBijlage": "annotatie",
					"bestandLocatie": "https://service10.test.kadaster.nl/gds2/download/public/a1c054f5-a59b-408e-a0d4-5d25354e4ba6",
					"bestandMediaType": {
						"href": "http://definities.geostandaarden.nl/imkl2015/id/waarde/BestandMediaTypeValue/PNG"
					},
					"bestandIdentificator": "AN_datatransport_KPN_0000546663_18G030795"
				},
				{
					"soortBijlage": "ligging",
					"bestandLocatie": "https://service10.test.kadaster.nl/gds2/download/public/cfc5bbf6-f66d-41b6-aed4-4b742f7e4742",
					"bestandMediaType": {
						"href": "http://definities.geostandaarden.nl/imkl2015/id/waarde/BestandMediaTypeValue/PNG"
					},
					"bestandIdentificator": "LG_datatransport_KPN_0000546663_18G030795"
				},
				{
					"soortBijlage": "maatvoering",
					"bestandLocatie": "https://service10.test.kadaster.nl/gds2/download/public/45515827-c24e-4278-a87e-79ba502f8595",
					"bestandMediaType": {
						"href": "http://definities.geostandaarden.nl/imkl2015/id/waarde/BestandMediaTypeValue/PNG"
					},
					"bestandIdentificator": "MV_datatransport_KPN_0000546663_18G030795"
				},
				{
					"soortBijlage": "themabijlage",
					"bestandLocatie": "https://service10.test.kadaster.nl/gds2/download/public/86c4385d-cb20-44ff-98b5-6676bf49ae61",
					"bestandMediaType": {
						"href": "http://definities.geostandaarden.nl/imkl2015/id/waarde/BestandMediaTypeValue/PDF"
					},
					"bestandIdentificator": "TB_datatransport_KPN_0000546663_18G030795_Waterkruisingen"
				},
				{
					"soortBijlage": "huisaansluiting",
					"bestandLocatie": "https://service10.test.kadaster.nl/gds2/download/public/36fd7e44-a284-428c-b345-653f12fe3d99",
					"bestandMediaType": {
						"href": "http://definities.geostandaarden.nl/imkl2015/id/waarde/BestandMediaTypeValue/PDF"
					},
					"bestandIdentificator": "HA_datatransport_KPN_0000546663_18G030795_5685BL_8",
					"adres": {
						"postcode": "5685BL",
						"huisnummerLetterToev": "8"
					}
				},
				{
					"soortBijlage": "huisaansluiting",
					"bestandLocatie": "https://service10.test.kadaster.nl/gds2/download/public/33dcf707-bccd-4f46-8fea-eeb5597cb5eb",
					"bestandMediaType": {
						"href": "http://definities.geostandaarden.nl/imkl2015/id/waarde/BestandMediaTypeValue/PDF"
					},
					"bestandIdentificator": "HA_datatransport_KPN_0000546663_18G030795_5685BL_9",
					"adres": {
						"postcode": "5685BL",
						"huisnummerLetterToev": "9"
					}
				},
				{
					"soortBijlage": "huisaansluiting",
					"bestandLocatie": "https://service10.test.kadaster.nl/gds2/download/public/960f5d8f-37fe-4742-aaba-4406131b14a5",
					"bestandMediaType": {
						"href": "http://definities.geostandaarden.nl/imkl2015/id/waarde/BestandMediaTypeValue/PDF"
					},
					"bestandIdentificator": "HA_datatransport_KPN_0000546663_18G030795_5685BL_10",
					"adres": {
						"postcode": "5685BL",
						"huisnummerLetterToev": "10"
					}
				},
				{
					"soortBijlage": "huisaansluiting",
					"bestandLocatie": "https://service10.test.kadaster.nl/gds2/download/public/e7f36673-f94d-41b4-8738-5a0e9a8db68c",
					"bestandMediaType": {
						"href": "http://definities.geostandaarden.nl/imkl2015/id/waarde/BestandMediaTypeValue/PDF"
					},
					"bestandIdentificator": "HA_datatransport_KPN_0000546663_18G030795_5685BL_11",
					"adres": {
						"postcode": "5685BL",
						"huisnummerLetterToev": "11"
					}
				},
				{
					"soortBijlage": "huisaansluiting",
					"bestandLocatie": "https://service10.test.kadaster.nl/gds2/download/public/0c3865c5-dfb8-429e-a11b-7f7847bba6d4",
					"bestandMediaType": {
						"href": "http://definities.geostandaarden.nl/imkl2015/id/waarde/BestandMediaTypeValue/PDF"
					},
					"bestandIdentificator": "HA_datatransport_KPN_0000546663_18G030795_5685BL_12",
					"adres": {
						"postcode": "5685BL",
						"huisnummerLetterToev": "12"
					}
				},
				{
					"soortBijlage": "huisaansluiting",
					"bestandLocatie": "https://service10.test.kadaster.nl/gds2/download/public/9292f97f-8f55-4223-85c1-03adeb60ee82",
					"bestandMediaType": {
						"href": "http://definities.geostandaarden.nl/imkl2015/id/waarde/BestandMediaTypeValue/PDF"
					},
					"bestandIdentificator": "HA_datatransport_KPN_0000546663_18G030795_5685BL_13",
					"adres": {
						"postcode": "5685BL",
						"huisnummerLetterToev": "13"
					}
				},
				{
					"soortBijlage": "huisaansluiting",
					"bestandLocatie": "https://service10.test.kadaster.nl/gds2/download/public/123e7585-0827-4ac8-83db-29724f1a0d0d",
					"bestandMediaType": {
						"href": "http://definities.geostandaarden.nl/imkl2015/id/waarde/BestandMediaTypeValue/PDF"
					},
					"bestandIdentificator": "HA_datatransport_KPN_0000546663_18G030795_5685BL_14",
					"adres": {
						"postcode": "5685BL",
						"huisnummerLetterToev": "14"
					}
				},
				{
					"soortBijlage": "huisaansluiting",
					"bestandLocatie": "https://service10.test.kadaster.nl/gds2/download/public/5688828c-1669-4845-ad9a-6b0c049268c5",
					"bestandMediaType": {
						"href": "http://definities.geostandaarden.nl/imkl2015/id/waarde/BestandMediaTypeValue/PDF"
					},
					"bestandIdentificator": "HA_datatransport_KPN_0000546663_18G030795_5685BL_15",
					"adres": {
						"postcode": "5685BL",
						"huisnummerLetterToev": "15"
					}
				},
				{
					"soortBijlage": "huisaansluiting",
					"bestandLocatie": "https://service10.test.kadaster.nl/gds2/download/public/ccc137d0-208c-4fe1-b29d-e0f43d8c91c8",
					"bestandMediaType": {
						"href": "http://definities.geostandaarden.nl/imkl2015/id/waarde/BestandMediaTypeValue/PDF"
					},
					"bestandIdentificator": "HA_datatransport_KPN_0000546663_18G030795_5685BL_16",
					"adres": {
						"postcode": "5685BL",
						"huisnummerLetterToev": "16"
					}
				},
				{
					"soortBijlage": "huisaansluiting",
					"bestandLocatie": "https://service10.test.kadaster.nl/gds2/download/public/31d5e203-32a7-4201-bb9e-b125891ef11b",
					"bestandMediaType": {
						"href": "http://definities.geostandaarden.nl/imkl2015/id/waarde/BestandMediaTypeValue/PDF"
					},
					"bestandIdentificator": "HA_datatransport_KPN_0000546663_18G030795_5685BL_17",
					"adres": {
						"postcode": "5685BL",
						"huisnummerLetterToev": "17"
					}
				},
				{
					"soortBijlage": "huisaansluiting",
					"bestandLocatie": "https://service10.test.kadaster.nl/gds2/download/public/a5ecdaf4-fc73-465d-b45e-46ba52f7b08b",
					"bestandMediaType": {
						"href": "http://definities.geostandaarden.nl/imkl2015/id/waarde/BestandMediaTypeValue/PDF"
					},
					"bestandIdentificator": "HA_datatransport_KPN_0000546663_18G030795_5685BL_18",
					"adres": {
						"postcode": "5685BL",
						"huisnummerLetterToev": "18"
					}
				},
				{
					"soortBijlage": "huisaansluiting",
					"bestandLocatie": "https://service10.test.kadaster.nl/gds2/download/public/bb7eb6e7-9b1d-4c6e-b97d-4fcfe1ef0014",
					"bestandMediaType": {
						"href": "http://definities.geostandaarden.nl/imkl2015/id/waarde/BestandMediaTypeValue/PDF"
					},
					"bestandIdentificator": "HA_datatransport_KPN_0000546663_18G030795_5685BL_19",
					"adres": {
						"postcode": "5685BL",
						"huisnummerLetterToev": "19"
					}
				}]
			}]
		},
		{
			"bronhoudercode": "KL1053",
			"beheerdersinformatieVersie": "klassiek",
			"netbeheerderContact": {
				"contact": {
					"naam": "Jan van Velsen",
					"telefoon": "070-3163155",
					"email": "vgi@dpo.mindef.nl"
				},
				"storingsnummer": "010-5061555",
				"beschadigingsnummer": "010-5061555"
			},
			"bijlagePerNetbeheerder": [{
				"soortBijlage": "bijlage",
				"bestandLocatie": "https://service10.test.kadaster.nl/gds2/download/public/90453adc-d96f-43c7-892b-b820ece59ed0",
				"bestandMediaType": {
					"href": "http://definities.geostandaarden.nl/imkl2015/id/waarde/BestandMediaTypeValue/PDF"
				},
				"bestandIdentificator": "BL_dpo_0000546659_18G030795_overzichtskaart"
			},
			{
				"soortBijlage": "bijlage",
				"bestandLocatie": "https://service10.test.kadaster.nl/gds2/download/public/25730046-36e5-4be2-8507-32296d46ada2",
				"bestandMediaType": {
					"href": "http://definities.geostandaarden.nl/imkl2015/id/waarde/BestandMediaTypeValue/PDF"
				},
				"bestandIdentificator": "BL_dpo_0000546659_18G030795_G_nvt_dpo"
			}]
		}]
	}
}