<?xml version="1.0" encoding="UTF-8"?>
<!-- bestandsnaam: [Voorbeeld 3.] beheerdersinformatie KL4141 (bijlagen NIET GEBRUIKEN).xml -->
<!-- bron: Kadaster-Klic -->
<!-- ______________________________________________________________________________________ 
Ttoelichting:  																																													
Voorbeeld voor een aanlevering van beheerdersinformatie door een decentrale netbeheerder.
De gebruikte voorbeeld-features zijn bedoeld voor demo-doeleinden, zijn FICTIEF en niet bedoeld om een
representatie te geven van de werkelijke situatie ter plaatse.
De inhoud is gebaseerd op de definities uit IMKL2015, versie 1.2.1.

Het voorbeeld betreft een aanlevering van beheerdersinformatie waarbij de decentrale netbeheerder wil
aangeven NIET betrokken te zijn.
Technisch is nu nog mogelijk om daarbij algemene bijlagen te sturen. Dit wordt echter sterk afgeraden door
het KLO-sectoroverleg. In een ander voorbeeld wordt het aanbevolen alternatief uitgewerkt. Zie
	- Voorbeeld 1. Beheerdersinformatie KL4141 (nietBetrokken, AANBEVOLEN).xml

De netbeheerder geeft als "Belanghebbende" zijn bronhoudercode mee in het "Beheerder"-object.  Zie:
	<imkl:Belanghebbende gml:id="nl.imkl-KL4141._Belanghebbende_17G000041">
	<imkl:Beheerder gml:id="nl.imkl-KL4141._Beheerder">
Als belanghebbende netbeheerder geeft hij bovendien aan dat hij niet betrokken is bij de aanvraag (er wordt
geen netinformatie meegeleverd).
De netbeheerder levert ook nog twee algemene bijlagen mee (type 'nietBetrokken' en 'algemeen'):
	<imkl:Bijlage gml:id="nl.imkl-KL4141.mijnBL_Algemeen">								NIET GEBRUIKEN !!!
	<imkl:Bijlage gml:id="nl.imkl-KL4141.mijnBL_NietBetrokken">						NIET GEBRUIKEN !!!
______________________________________________________________________________________-->

<gml:FeatureCollection 
xmlns:imkl="http://www.geostandaarden.nl/imkl/2015/wion/1.2" 
xmlns:us-net-wa="http://inspire.ec.europa.eu/schemas/us-net-wa/4.0" 
xmlns:us-net-sw="http://inspire.ec.europa.eu/schemas/us-net-sw/4.0" 
xmlns:us-net-th="http://inspire.ec.europa.eu/schemas/us-net-th/4.0" 
xmlns:us-net-common="http://inspire.ec.europa.eu/schemas/us-net-common/4.0" 
xmlns:us-net-el="http://inspire.ec.europa.eu/schemas/us-net-el/4.0" 
xmlns:us-net-tc="http://inspire.ec.europa.eu/schemas/us-net-tc/4.0" 
xmlns:us-net-ogc="http://inspire.ec.europa.eu/schemas/us-net-ogc/4.0" 
xmlns:net="http://inspire.ec.europa.eu/schemas/net/4.0" 
xmlns:base="http://inspire.ec.europa.eu/schemas/base/3.3" 
xmlns:base2="http://inspire.ec.europa.eu/schemas/base2/2.0" 
xmlns:gml="http://www.opengis.net/gml/3.2" 
xmlns:xsi="http://www.w3.org/2001/XMLSchema-instance" 
xmlns:xlink="http://www.w3.org/1999/xlink" 
gml:id="ID_beheerdersinformatie_KL4141_2017-10-10" 
xsi:schemaLocation="http://www.geostandaarden.nl/imkl/2015/wion/1.2 http://register.geostandaarden.nl/gmlapplicatieschema/imkl2015/1.2.1/imkl2015-wion.xsd">

	<gml:featureMember>
		<imkl:Belanghebbende gml:id="nl.imkl-KL4141._Belanghebbende_17G000041">
			<imkl:identificatie>
				<imkl:NEN3610ID>
					<imkl:namespace>nl.imkl</imkl:namespace>
					<imkl:lokaalID>KL4141._Belanghebbende_17G000041</imkl:lokaalID>
				</imkl:NEN3610ID>
			</imkl:identificatie>
			<imkl:beginLifespanVersion>2001-12-17T09:30:47.00+01:00</imkl:beginLifespanVersion>
			<imkl:betrokkenBijAanvraag>false</imkl:betrokkenBijAanvraag>
			<imkl:eisVoorzorgsmaatregel>false</imkl:eisVoorzorgsmaatregel>
			<imkl:bijlage xlink:href="nl.imkl-KL4141.mijnBL_Algemeen"/>
			<imkl:bijlage xlink:href="nl.imkl-KL4141.mijnBL_NietBetrokken"/>
			<imkl:netbeheerder xlink:href="nl.imkl-KL4141._Beheerder"/>
		</imkl:Belanghebbende>
	</gml:featureMember>
	
	<gml:featureMember>
		<imkl:Beheerder gml:id="nl.imkl-KL4141._Beheerder">
			<imkl:identificatie>
				<imkl:NEN3610ID>
					<imkl:namespace>nl.imkl</imkl:namespace>
					<imkl:lokaalID>KL4141._Beheerder</imkl:lokaalID>
				</imkl:NEN3610ID>
			</imkl:identificatie>
			<imkl:beginLifespanVersion>2001-12-17T09:30:47.00+01:00</imkl:beginLifespanVersion>
			<imkl:bronhoudercode>KL4141</imkl:bronhoudercode>
		</imkl:Beheerder>
	</gml:featureMember>

	<!-- Bijlage, type 'algemeen'; advies KLO: NIET GEBRUIKEN -->
	<gml:featureMember>
		<imkl:Bijlage gml:id="nl.imkl-KL4141.mijnBL_Algemeen">
			<imkl:identificatie>
				<imkl:NEN3610ID>
					<imkl:namespace>nl.imkl</imkl:namespace>
					<imkl:lokaalID>KL4141.mijnBL_Algemeen</imkl:lokaalID>
				</imkl:NEN3610ID>
			</imkl:identificatie>
			<imkl:beginLifespanVersion>2017-03-17T09:31:44.00+01:00</imkl:beginLifespanVersion>
			<imkl:bijlageType xlink:href="http://definities.geostandaarden.nl/imkl2015/id/waarde/BijlageTypeValue/algemeen"/>
			<imkl:bestandLocatie>Decenter_BriefAlgemeen_v1.3.pdf</imkl:bestandLocatie>
			<imkl:bestandMediaType xlink:href="http://definities.geostandaarden.nl/imkl2015/id/waarde/BestandMediaTypeValue/PDF"/>
			<imkl:bestandIdentificator>nl.imkl-KL4141.Decenter_BriefAlgemeen_v1.3</imkl:bestandIdentificator>
		</imkl:Bijlage>
	</gml:featureMember>

	<!-- Bijlage, type 'nietBetrokken'; advies KLO: NIET GEBRUIKEN -->
	<gml:featureMember>
		<imkl:Bijlage gml:id="nl.imkl-KL4141.mijnBL_NietBetrokken">
			<imkl:identificatie>
				<imkl:NEN3610ID>
					<imkl:namespace>nl.imkl</imkl:namespace>
					<imkl:lokaalID>KL4141.mijnBL_NietBetrokken</imkl:lokaalID>
				</imkl:NEN3610ID>
			</imkl:identificatie>
			<imkl:beginLifespanVersion>2017-03-17T09:31:44.00+01:00</imkl:beginLifespanVersion>
			<imkl:bijlageType xlink:href="http://definities.geostandaarden.nl/imkl2015/id/waarde/BijlageTypeValue/nietBetrokken"/>
			<imkl:bestandLocatie>Decenter_BriefNietBetrokken_v1.2.pdf</imkl:bestandLocatie>
			<imkl:bestandMediaType xlink:href="http://definities.geostandaarden.nl/imkl2015/id/waarde/BestandMediaTypeValue/PDF"/>
			<imkl:bestandIdentificator>nl.imkl-KL4141.Decenter_BriefNietBetrokken_v1.2</imkl:bestandIdentificator>
		</imkl:Bijlage>
	</gml:featureMember>

</gml:FeatureCollection>
