<?xml version="1.0" encoding="UTF-8" standalone="yes"?>
<DocumentenBeheer xmlns="http://www.kadaster.nl/schemas/klic/20081010/bmkltypes">
	<versie>v0.6</versie>
	<bronhoudercode>KL1031</bronhoudercode>
	<bronhouderNaam>Enexis</bronhouderNaam>
	<indAutomatischNaarProductie>false</indAutomatischNaarProductie>
	<aangeleverdeDocumenten>
		<document>
			<documentID>
				<namespace>nl.imkl</namespace>
				<lokaalID>KL1031.pf_boringMS_dwars_5684PB,Best,Bataweg</lokaalID>
			</documentID>
			<bestandMediaType>application/pdf</bestandMediaType>
			<bestandsnaam>MS_HGInfra_IS13190_v2 2015-08-22.pdf</bestandsnaam>
		</document>
		<document>
			<documentID>
				<namespace>nl.imkl</namespace>
				<lokaalID>KL1031.pf_boringMS_lengte_5684PB,Best,Bataweg</lokaalID>
			</documentID>
			<bestandMediaType>application/pdf</bestandMediaType>
			<bestandsnaam>MS_HGInfra_IS13190_v3 2015-10-17.pdf</bestandsnaam>
		</document>
	</aangeleverdeDocumenten>
</DocumentenBeheer>
