<?xml version="1.0" encoding="UTF-8" standalone="yes"?><lev:Leveringsinformatie xmlns:lev="http://www.kadaster.nl/schemas/klic/20080722/leveringsinfo" xmlns:gml="http://www.opengis.net/gml" xmlns:ns3="http://www.w3.org/1999/xlink" xmlns:ns4="http://www.w3.org/2001/SMIL20/" xmlns:ns5="http://www.w3.org/2001/SMIL20/Language"><lev:Version>1.5</lev:Version><lev:Klicnummer>18C000226</lev:Klicnummer><lev:Ordernummer>9806759377</lev:Ordernummer><lev:RelatienummerGrondroerder>0000949108</lev:RelatienummerGrondroerder><lev:Leveringsvolgnummer>1</lev:Leveringsvolgnummer><lev:Meldingsoort>Calamiteit</lev:Meldingsoort><lev:DatumTijdAanvraag>2018-09-05T11:10:30.000+02:00</lev:DatumTijdAanvraag><lev:KlantReferentie>Voorbeeld BGT Calamiteit</lev:KlantReferentie><lev:Locatie srsName="epsg:28992" srsDimension="2" axisLabels="x y" uomLabels="m m"><gml:exterior><gml:LinearRing><gml:posList>51044 391709 51058 391607 51113 391614 51096 391722 51044 391709</gml:posList></gml:LinearRing></gml:exterior></lev:Locatie><lev:Pngformaat><lev:OmsluitendeRechthoek><gml:Envelope srsName="epsg:28992" srsDimension="2" axisLabels="x y" uomLabels="m m"><gml:lowerCorner>51044 391607</gml:lowerCorner><gml:upperCorner>51113 391722</gml:upperCorner></gml:Envelope></lev:OmsluitendeRechthoek><lev:PixelsBreed>966</lev:PixelsBreed><lev:PixelsHoog>1610</lev:PixelsHoog></lev:Pngformaat><lev:NetbeheerderLeveringen><lev:NetbeheerderLevering><lev:RelatienummerNetbeheerder>0000949186</lev:RelatienummerNetbeheerder><lev:Bedrijfsnaam>Naam Netbeheerder 0000949186</lev:Bedrijfsnaam><lev:BedrijfsnaamAfkorting>Naam Netbeheerder 0000949186</lev:BedrijfsnaamAfkorting><lev:Contact><lev:Naam>Contactnaam van netbeheerder</lev:Naam><lev:Telefoon>0547458829</lev:Telefoon><lev:Email>test@eennetbeheerder.nl</lev:Email></lev:Contact><lev:Contactpersoon><lev:Naam>Graafmelding 949186</lev:Naam><lev:Telefoon>0881234567</lev:Telefoon><lev:Email>klic.testers@kadaster.nl</lev:Email></lev:Contactpersoon><lev:BelangAanwezig>true</lev:BelangAanwezig><lev:Storingsnummer>0547458830</lev:Storingsnummer><lev:Beschadigingsnummer>0547458831</lev:Beschadigingsnummer><lev:Themas><lev:Thema><lev:Themanaam>gas hoge druk</lev:Themanaam><lev:Toezichthouders><lev:Toezichthouder><lev:Naam>Fictievenaam</lev:Naam><lev:Telefoon>0544343256</lev:Telefoon><lev:Email>test@toezicht.nl</lev:Email></lev:Toezichthouder></lev:Toezichthouders><lev:EisVoorzorgmaatregel>true</lev:EisVoorzorgmaatregel><lev:Ligging><lev:Bestandsnaam>LG_gas+hoge+druk_Naam+Netbeheerder+0000949186_0000949186_18C000226.png</lev:Bestandsnaam></lev:Ligging><lev:Maatvoering><lev:Bestandsnaam>MV_gas+hoge+druk_Naam+Netbeheerder+0000949186_0000949186_18C000226.png</lev:Bestandsnaam></lev:Maatvoering><lev:Annotatie><lev:Bestandsnaam>AN_gas+hoge+druk_Naam+Netbeheerder+0000949186_0000949186_18C000226.png</lev:Bestandsnaam></lev:Annotatie><lev:Detailkaarten><lev:Detailkaart><lev:Bestandsnaam>DK_gas+hoge+druk_Naam+Netbeheerder+0000949186_0000949186_18C000226_detail.pdf</lev:Bestandsnaam></lev:Detailkaart></lev:Detailkaarten><lev:ThemaBijlagen><lev:ThemaBijlage><lev:Bestandsnaam>TB_gas+hoge+druk_Naam+Netbeheerder+0000949186_0000949186_18C000226_willekeurigenaam.pdf</lev:Bestandsnaam></lev:ThemaBijlage><lev:ThemaBijlage><lev:Bestandsnaam>EV_gas+hoge+druk_Naam+Netbeheerder+0000949186_0000949186_18C000226.pdf</lev:Bestandsnaam></lev:ThemaBijlage></lev:ThemaBijlagen></lev:Thema><lev:Thema><lev:Themanaam>buisleiding gevaarlijke inhoud</lev:Themanaam><lev:EisVoorzorgmaatregel>false</lev:EisVoorzorgmaatregel><lev:Ligging><lev:Bestandsnaam>LG_buisleiding+gevaarlijke+inhoud_Naam+Netbeheerder+0000949186_0000949186_18C000226.png</lev:Bestandsnaam></lev:Ligging><lev:Maatvoering><lev:Bestandsnaam>MV_buisleiding+gevaarlijke+inhoud_Naam+Netbeheerder+0000949186_0000949186_18C000226.png</lev:Bestandsnaam></lev:Maatvoering><lev:Annotatie><lev:Bestandsnaam>AN_buisleiding+gevaarlijke+inhoud_Naam+Netbeheerder+0000949186_0000949186_18C000226.png</lev:Bestandsnaam></lev:Annotatie><lev:Detailkaarten><lev:Detailkaart><lev:Bestandsnaam>DK_buisleiding+gevaarlijke+inhoud_Naam+Netbeheerder+0000949186_0000949186_18C000226_detail.pdf</lev:Bestandsnaam></lev:Detailkaart></lev:Detailkaarten></lev:Thema><lev:Thema><lev:Themanaam>(petro) chemie</lev:Themanaam><lev:EisVoorzorgmaatregel>false</lev:EisVoorzorgmaatregel><lev:Ligging><lev:Bestandsnaam>LG_(petro)+chemie_Naam+Netbeheerder+0000949186_0000949186_18C000226.png</lev:Bestandsnaam></lev:Ligging><lev:Maatvoering><lev:Bestandsnaam>MV_(petro)+chemie_Naam+Netbeheerder+0000949186_0000949186_18C000226.png</lev:Bestandsnaam></lev:Maatvoering><lev:Annotatie><lev:Bestandsnaam>AN_(petro)+chemie_Naam+Netbeheerder+0000949186_0000949186_18C000226.png</lev:Bestandsnaam></lev:Annotatie><lev:Detailkaarten><lev:Detailkaart><lev:Bestandsnaam>DK_(petro)+chemie_Naam+Netbeheerder+0000949186_0000949186_18C000226_detail.pdf</lev:Bestandsnaam></lev:Detailkaart></lev:Detailkaarten></lev:Thema></lev:Themas><lev:Bijlagen><lev:Bijlage><lev:Bestandsnaam>BL_Naam+Netbeheerder+0000949186_0000949186_18C000226_willekeurigenaam.pdf</lev:Bestandsnaam></lev:Bijlage></lev:Bijlagen><lev:EigenTopo><lev:Bestandsnaam>ET_Naam+Netbeheerder+0000949186_0000949186_18C000226.png</lev:Bestandsnaam></lev:EigenTopo><lev:PlanTopo><lev:Bestandsnaam>PT_Naam+Netbeheerder+0000949186_0000949186_18C000226.png</lev:Bestandsnaam></lev:PlanTopo></lev:NetbeheerderLevering><lev:NetbeheerderLevering><lev:RelatienummerNetbeheerder>0000949088</lev:RelatienummerNetbeheerder><lev:Bedrijfsnaam>Naam Netbeheerder 0000949088</lev:Bedrijfsnaam><lev:BedrijfsnaamAfkorting>Naam Netbeheerder 0000949088</lev:BedrijfsnaamAfkorting><lev:Contact><lev:Naam>Contactnaam van netbeheerder</lev:Naam><lev:Telefoon>0547458829</lev:Telefoon><lev:Email>test@eennetbeheerder.nl</lev:Email></lev:Contact><lev:Contactpersoon><lev:Naam>Orientatieverzoek 949088</lev:Naam><lev:Telefoon>0881234567</lev:Telefoon><lev:Email>klic.testers@kadaster.nl</lev:Email></lev:Contactpersoon><lev:BelangAanwezig>true</lev:BelangAanwezig><lev:Storingsnummer>0547458830</lev:Storingsnummer><lev:Beschadigingsnummer>0547458831</lev:Beschadigingsnummer><lev:Themas><lev:Thema><lev:Themanaam>gas hoge druk</lev:Themanaam><lev:Toezichthouders><lev:Toezichthouder><lev:Naam>Jaap van den Brink</lev:Naam><lev:Telefoon>0544343256</lev:Telefoon><lev:Email>test@toezicht.nl</lev:Email></lev:Toezichthouder></lev:Toezichthouders><lev:EisVoorzorgmaatregel>false</lev:EisVoorzorgmaatregel><lev:Ligging><lev:Bestandsnaam>LG_gas+hoge+druk_Naam+Netbeheerder+0000949088_0000949088_18C000226.png</lev:Bestandsnaam></lev:Ligging><lev:Maatvoering><lev:Bestandsnaam>MV_gas+hoge+druk_Naam+Netbeheerder+0000949088_0000949088_18C000226.png</lev:Bestandsnaam></lev:Maatvoering><lev:Annotatie><lev:Bestandsnaam>AN_gas+hoge+druk_Naam+Netbeheerder+0000949088_0000949088_18C000226.png</lev:Bestandsnaam></lev:Annotatie><lev:Detailkaarten><lev:Detailkaart><lev:Bestandsnaam>DK_gas+hoge+druk_Naam+Netbeheerder+0000949088_0000949088_18C000226_detail.pdf</lev:Bestandsnaam></lev:Detailkaart></lev:Detailkaarten></lev:Thema></lev:Themas><lev:Bijlagen><lev:Bijlage><lev:Bestandsnaam>BL_Naam+Netbeheerder+0000949088_0000949088_18C000226_willekeurigenaam.pdf</lev:Bestandsnaam></lev:Bijlage></lev:Bijlagen><lev:EigenTopo><lev:Bestandsnaam>ET_Naam+Netbeheerder+0000949088_0000949088_18C000226.png</lev:Bestandsnaam></lev:EigenTopo><lev:PlanTopo><lev:Bestandsnaam>PT_Naam+Netbeheerder+0000949088_0000949088_18C000226.png</lev:Bestandsnaam></lev:PlanTopo></lev:NetbeheerderLevering></lev:NetbeheerderLeveringen></lev:Leveringsinformatie>