{
     "versie": "1.0",
     "aanvraag": {
           "klicnummer": "18G030795",
           "ordernummer": "9807992518",
           "positienummer": "10",
           "relatienummerAanvrager": "0000648756",
           "meldingsoort": "Graafmelding",
           "datumTijdAanvraag": "2018-01-18T16:15:06.000+01:00",
           "klantreferentie": null,
           "gebiedspolygoon": {
                "coordinaten": [
                      {
                           "xy": [
                                 153645.0,
                                 389917.0
                           ]
                      },
                      {
                           "xy": [
                                 153622.0,
                                 389578.0
                           ]
                      },
                      {
                           "xy": [
                                 154112.0,
                                 389504.0
                           ]
                      },
                      {
                           "xy": [
                                 154092.0,
                                 389854.0
                           ]
                      },
                      {
                           "xy": [
                                 153645.0,
                                 389917.0
                           ]
                      }
                ],
                "spatialReference": {
                      "wkid": 28992
                }
           },
           "pngFormaat": {
                "omsluitendeRechthoek": {
                      "xmin": 153622.0,
                      "ymin": 389504.0,
                      "xmax": 154112.0,
                      "ymax": 389917.0,
                      "spatialReference": {
                           "wkid": 28992
                      }
                },
                "pixelsBreed": 6860,
                "pixelsHoog": 5782
           }
     },
     "leveringsvolgnummer": 1,
     "indicatieLeveringCompleet": true,
     "leveringsbrief": {
           "naamBijlage": "leveringsbrief",
           "url": "https://service10.kadaster.nl/gds2/download/public/c862c608-47e2-4623-9150-51919ea6803d"
     },
     "ondergrondkaarten": [
           {
                "naamKaartlaag": "GBKN",
                "url": "https://service10.kadaster.nl/gds2/download/public/12e04a26-d5ec-4104-9f5b-dfa9d94cfce7"
           },
           {
                "naamKaartlaag": "plantopografie",
                "url": "https://service10.kadaster.nl/gds2/download/public/30642ea8-c32a-494b-b7ab-102be9163c55"
           }
     ],
     "netbeheerderLeveringen": [
           {
                "netbeheerder": {
                      "relatienummerNetbeheerder": "0000546659",
                      "bedrijfsnaam": "dpo",
                      "bedrijfsnaamAfkorting": "dpo",
                      "contact": {
                           "naam": "Jan van Velsen",
                           "telefoon": "070-3163155",
                           "fax": null,
                           "email": "vgi@dpo.mindef.nl"
                      },
                      "contactpersoon": {
                           "naam": "T. Dijk Van",
                           "telefoon": "0703163155",
                           "fax": "0703163190",
                           "email": "VGI@dpo.mindef.nl"
                      }
                },
                "belangAanwezig": false,
                "storingsnummer": "010-5061555",
                "beschadigingsnummer": "010-5061555",
                "themas": null,
                "ondergrondkaarten": [],
                "bijlagen": [
                      {
                           "naamBijlage": "overzichtskaart",
                           "url": "https://service10.kadaster.nl/gds2/download/public/2da76f56-4923-4ccc-92e4-d35a36bcaa9a"
                      },
                      {
                           "naamBijlage": "G_nvt_dpo",
                           "url": "https://service10.kadaster.nl/gds2/download/public/dd024657-5181-496d-9ecb-05777257ae10"
                      }
                ]
           },
           {
                "netbeheerder": {
                      "relatienummerNetbeheerder": "0000572472",
                      "bedrijfsnaam": "gasuniewest",
                      "bedrijfsnaamAfkorting": "gasuniewest",
                      "contact": {
                           "naam": "N.V. Nederlandse Gasunie",
                           "telefoon": "0182-623368",
                           "fax": null,
                           "email": "CTA@gasunie.nl"
                      },
                      "contactpersoon": {
                           "naam": "C.T.A. West",
                           "telefoon": "0182623368",
                           "fax": "0182623378",
                           "email": "cta-west@gasunie.nl"
                      }
                },
                "belangAanwezig": true,
                "storingsnummer": "0182-623368",
                "beschadigingsnummer": "050-5211500",
                "themas": [
                      {
                           "themanaam": "buisleiding gevaarlijke inhoud",
                           "toezichthouders": [
                                 {
                                      "naam": "N.V. Nederlandse Gasunie West SBW",
                                      "telefoon": "0182 623 368",
                                      "fax": null,
                                      "email": "KaaS-West@gasunie.nl"
                                 }
                           ],
                           "eisVoorzorgmaatregel": true,
                           "themakaarten": [
                                 {
                                      "naamKaartlaag": "ligging",
                                      "url": "https://service10.kadaster.nl/gds2/download/public/7001dc7b-06a5-47b7-86d0-87ff69b5c53c"
                                 }
                           ],
                           "huisaansluitschetsen": [],
                           "themabijlagen": [
                                 {
                                      "naamBijlage": "eis voorzorgmaatregel",
                                      "url": "https://service10.kadaster.nl/gds2/download/public/c453ab32-be4f-4445-91dc-2159e576c263"
                                 }
                           ]
                      },
                      {
                           "themanaam": "overig",
                           "toezichthouders": [
                                 {
                                      "naam": "N.V. Nederlandse Gasunie",
                                      "telefoon": "0182-623368",
                                      "fax": null,
                                      "email": "CTA@gasunie.nl"
                                 }
                           ],
                           "eisVoorzorgmaatregel": false,
                           "themakaarten": [
                                 {
                                      "naamKaartlaag": "ligging",
                                      "url": "https://service10.kadaster.nl/gds2/download/public/576b4281-d9e9-4da3-99fe-f6c04e08dba9"
                                }
                           ],
                           "huisaansluitschetsen": [],
                           "themabijlagen": []
                      }
                ],
                "ondergrondkaarten": [],
                "bijlagen": [
                      {
                           "naamBijlage": "overzichtskaart",
                           "url": "https://service10.kadaster.nl/gds2/download/public/edfe0dba-9dfa-4e9a-b227-621d761cfe98"
                      }
                ]
           },
           {
                "netbeheerder": {
                      "relatienummerNetbeheerder": "0000729946",
                      "bedrijfsnaam": "Enexis",
                      "bedrijfsnaamAfkorting": "Enexis",
                      "contact": {
                           "naam": "Binnendienst Preventie Graafschade",
                           "telefoon": "088-8577271",
                           "fax": null,
                           "email": "klicinfo@enexis.nl"
                      },
                      "contactpersoon": {
                           "naam": "KLICINFO",
                           "telefoon": "0888577271",
                           "fax": "0388527646",
                           "email": "klicinfo@enexis.nl"
                      }
                },
                "belangAanwezig": true,
                "storingsnummer": "0800-9009",
                "beschadigingsnummer": "0800-9009",
                "themas": [
                      {
                           "themanaam": "middenspanning",
                           "toezichthouders": [],
                           "eisVoorzorgmaatregel": false,
                           "themakaarten": [
                                 {
                                      "naamKaartlaag": "ligging",
                                      "url": "https://service10.kadaster.nl/gds2/download/public/688ab38b-6347-49ba-9e0a-72ffc2398b63"
                                 },
                                 {
                                      "naamKaartlaag": "maatvoering",
                                      "url": "https://service10.kadaster.nl/gds2/download/public/12713045-7ca5-4ac4-9135-2e47401f288b"
                                 },
                                 {
                                      "naamKaartlaag": "annotatie",
                                      "url": "https://service10.kadaster.nl/gds2/download/public/2f08a349-7c9f-4336-8737-ade2a6d54c6b"
                                 }
                           ],
                           "huisaansluitschetsen": [],
                           "themabijlagen": []
                      },
                      {
                           "themanaam": "gas lage druk",
                           "toezichthouders": [],
                           "eisVoorzorgmaatregel": false,
                           "themakaarten": [
                                 {
                                      "naamKaartlaag": "ligging",
                                      "url": "https://service10.kadaster.nl/gds2/download/public/1f246c83-68f0-4f67-b664-f2cdb9190389"
                                 },
                                 {
                                      "naamKaartlaag": "maatvoering",
                                      "url": "https://service10.kadaster.nl/gds2/download/public/d38b883d-5033-4bf6-af22-f13907d6b3e9"
                                 },
                                 {
                                      "naamKaartlaag": "annotatie",
                                      "url": "https://service10.kadaster.nl/gds2/download/public/f365f45c-5647-4a29-8c43-96f08fcfd16e"
                                 }
                           ],
                           "huisaansluitschetsen": [],
                           "themabijlagen": []
                      },
                      {
                           "themanaam": "laagspanning",
                           "toezichthouders": [],
                           "eisVoorzorgmaatregel": false,
                           "themakaarten": [
                                 {
                                      "naamKaartlaag": "ligging",
                                      "url": "https://service10.kadaster.nl/gds2/download/public/ad466d90-0a63-4906-9dcb-44093cb7117e"
                                 },
                                 {
                                      "naamKaartlaag": "maatvoering",
                                      "url": "https://service10.kadaster.nl/gds2/download/public/21b76420-3bed-4af4-84a2-cf21164e401a"
                                 },
                                 {
                                      "naamKaartlaag": "annotatie",
                                      "url": "https://service10.kadaster.nl/gds2/download/public/fef8ccf3-c606-49e8-a16c-b0f1a969eee7"
                                 }
                           ],
                           "huisaansluitschetsen": [],
                           "themabijlagen": []
                      }
                ],
                "ondergrondkaarten": [],
                "bijlagen": [
                      {
                           "naamBijlage": "BriefAlgemeen_2014_GC",
                           "url": "https://service10.kadaster.nl/gds2/download/public/15039363-c1f2-4d0e-b9ef-e48c412470e5"
                      }
                ]
           },
           {
                "netbeheerder": {
                      "relatienummerNetbeheerder": "0000584719",
                      "bedrijfsnaam": "rwswaterbrabant",
                      "bedrijfsnaamAfkorting": "rwswaterbrabant",
                      "contact": {
                           "naam": "Arie Heefer",
                           "telefoon": "0882461333",
                           "fax": null,
                           "email": "Arie.heefer@rws.nl"
                      },
                      "contactpersoon": {
                           "naam": "Areaalloket Zuid-Nederland",
                           "telefoon": "0135491491",
                           "fax": null,
                           "email": "zn-areaalgegevens@rws.nl"
                      }
                },
                "belangAanwezig": true,
                "storingsnummer": "0135491449",
                "beschadigingsnummer": "0135491449",
                "themas": [
                      {
                           "themanaam": "datatransport",
                           "toezichthouders": [],
                           "eisVoorzorgmaatregel": false,
                           "themakaarten": [
                                 {
                                      "naamKaartlaag": "ligging",
                                      "url": "https://service10.kadaster.nl/gds2/download/public/f070dfe1-3e27-453c-94f6-18bafff6d1ec"
                                 },
                                 {
                                      "naamKaartlaag": "annotatie",
                                      "url": "https://service10.kadaster.nl/gds2/download/public/f1a1ad78-5f64-4eaf-ab1b-368232b20510"
                                 }
                           ],
                           "huisaansluitschetsen": [],
                           "themabijlagen": []
                      },
                      {
                           "themanaam": "overig",
                           "toezichthouders": [],
                           "eisVoorzorgmaatregel": false,
                           "themakaarten": [
                                 {
                                      "naamKaartlaag": "ligging",
                                      "url": "https://service10.kadaster.nl/gds2/download/public/f7e9bd7a-6b4f-48bc-bb08-8f3728f6d147"
                                 },
                                 {
                                      "naamKaartlaag": "annotatie",
                                      "url": "https://service10.kadaster.nl/gds2/download/public/38e0fcab-7ea7-424b-b8ad-5e860347f736"
                                 }
                           ],
                           "huisaansluitschetsen": [],
                           "themabijlagen": []
                      }
                ],
                "ondergrondkaarten": [
                      {
                           "naamKaartlaag": "eigen plantopo",
                           "url": "https://service10.kadaster.nl/gds2/download/public/bfd0a068-4202-4cf2-b508-93394771bf8e"
                      }
                ],
                "bijlagen": [
                      {
                           "naamBijlage": "20170606+begeleidingsbrief+KLIC+melding+Zuid+Nederland+V1_8b",
                           "url": "https://service10.kadaster.nl/gds2/download/public/bc705e5d-a5bc-44b5-a748-a257826b803b"
                      }
                ]
           },
           {
                "netbeheerder": {
                      "relatienummerNetbeheerder": "0000551269",
                      "bedrijfsnaam": "bw",
                      "bedrijfsnaamAfkorting": "bw",
                      "contact": {
                           "naam": "Administratie van de regio",
                           "telefoon": "073-6838888",
                           "fax": null,
                           "email": "wion@brabantwater.nl"
                      },
                      "contactpersoon": {
                           "naam": "Regio Zuidoost",
                           "telefoon": "0736838850",
                           "fax": "0736838899",
                           "email": "regiozuidoostadministratie@brabantwater.nl"
                      }
                },
                "belangAanwezig": true,
                "storingsnummer": "073-6838888",
                "beschadigingsnummer": "073-6838888",
                "themas": [
                      {
                           "themanaam": "water",
                           "toezichthouders": [
                                 {
                                      "naam": "via administratie van de regio (zie brief)",
                                      "telefoon": "073-6838888",
                                      "fax": null,
                                      "email": "regioadministratiexxx@brabantwater.nl"
                                 }
                           ],
                           "eisVoorzorgmaatregel": false,
                           "themakaarten": [
                                 {
                                      "naamKaartlaag": "ligging",
                                      "url": "https://service10.kadaster.nl/gds2/download/public/30eec58a-b7c5-45b0-837a-b153a289ce94"
                                 },
                                 {
                                      "naamKaartlaag": "maatvoering",
                                      "url": "https://service10.kadaster.nl/gds2/download/public/1e685534-d71e-453a-b48c-79d9decf5da5"
                                 },
                                 {
                                      "naamKaartlaag": "annotatie",
                                      "url": "https://service10.kadaster.nl/gds2/download/public/bdabe768-ba2c-451b-90b5-b479305facfe"
                                 }
                           ],
                           "huisaansluitschetsen": [],
                           "themabijlagen": []
                      }
                ],
                "ondergrondkaarten": [],
                "bijlagen": [
                      {
                           "naamBijlage": "brief",
                           "url": "https://service10.kadaster.nl/gds2/download/public/8f5bde06-2bda-4c75-9dab-1127c4e64731"
                      }
                ]
           },
           {
                "netbeheerder": {
                      "relatienummerNetbeheerder": "0000560460",
                      "bedrijfsnaam": "Eurofiber",
                      "bedrijfsnaamAfkorting": "Eurofiber",
                      "contact": {
                           "naam": "Speer IT",
                           "telefoon": null,
                           "fax": null,
                           "email": "wion.eurofiber@speerit.nl"
                      },
                      "contactpersoon": {
                           "naam": "J.F. Tetelepta",
                           "telefoon": "0302428700",
                           "fax": null,
                           "email": "vooroverleg@eurofiber.com"
                      }
                },
                "belangAanwezig": false,
                "storingsnummer": null,
                "beschadigingsnummer": null,
                "themas": null,
                "ondergrondkaarten": [],
                "bijlagen": [
                      {
                           "naamBijlage": "Brief-GeenBelang",
                           "url": "https://service10.kadaster.nl/gds2/download/public/b02b7710-ed92-4996-96f2-3d363207d1ee"
                      }
                ]
           },
           {
                "netbeheerder": {
                      "relatienummerNetbeheerder": "0000590513",
                      "bedrijfsnaam": "vdbgembest",
                      "bedrijfsnaamAfkorting": "vdbgembest",
                      "contact": {
                           "naam": "Medewerker kabel en leiding beheer",
                           "telefoon": "0172-632032",
                           "fax": null,
                           "email": "Klic_best@bam.nl"
                      },
                      "contactpersoon": {
                           "naam": "P. Houtman",
                           "telefoon": "0499360423",
                           "fax": "0499360252",
                           "email": "p.houtman@gembest.nl"
                      }
                },
                "belangAanwezig": true,
                "storingsnummer": "0499-360360",
                "beschadigingsnummer": "0499-360360",
                "themas": [
                      {
                           "themanaam": "riool onder druk",
                           "toezichthouders": [],
                           "eisVoorzorgmaatregel": false,
                           "themakaarten": [
                                 {
                                      "naamKaartlaag": "ligging",
                                      "url": "https://service10.kadaster.nl/gds2/download/public/dedf4ace-0456-4056-b677-5c46864a4483"
                                 }
                           ],
                           "huisaansluitschetsen": [],
                           "themabijlagen": []
                      },
                      {
                           "themanaam": "laagspanning",
                           "toezichthouders": [],
                           "eisVoorzorgmaatregel": false,
                           "themakaarten": [
                                 {
                                      "naamKaartlaag": "ligging",
                                      "url": "https://service10.kadaster.nl/gds2/download/public/0c4e295d-f740-46ac-bac7-d7d6c5c1f18d"
                                 },
                                 {
                                      "naamKaartlaag": "maatvoering",
                                      "url": "https://service10.kadaster.nl/gds2/download/public/a6a7edc4-059d-4748-9f3d-fd36aef6210a"
                                 },
                                 {
                                      "naamKaartlaag": "annotatie",
                                      "url": "https://service10.kadaster.nl/gds2/download/public/2236f6cb-7645-4170-b093-bbf08f46c5f5"
                                 }
                           ],
                           "huisaansluitschetsen": [],
                           "themabijlagen": []
                      },
                      {
                           "themanaam": "riool vrijverval",
                           "toezichthouders": [],
                           "eisVoorzorgmaatregel": false,
                           "themakaarten": [
                                 {
                                      "naamKaartlaag": "ligging",
                                      "url": "https://service10.kadaster.nl/gds2/download/public/230e9b16-1ca9-4466-8794-81b85aefd7f4"
                                 },
                                 {
                                      "naamKaartlaag": "maatvoering",
                                      "url": "https://service10.kadaster.nl/gds2/download/public/e0d1ba81-246a-4e49-997f-54c3bc61af2d"
                                 },
                                 {
                                      "naamKaartlaag": "annotatie",
                                      "url": "https://service10.kadaster.nl/gds2/download/public/cefb1927-76ad-4c30-a081-e62ec2c2fe5e"
                                 }
                           ],
                           "huisaansluitschetsen": [],
                           "themabijlagen": []
                      }
                ],
                "ondergrondkaarten": [],
                "bijlagen": [
                      {
                           "naamBijlage": "Voorwaarden+gemeenten+v3",
                           "url": "https://service10.kadaster.nl/gds2/download/public/449be0f2-9906-45e9-9556-5b24f38f8521"
                      },
                      {
                           "naamBijlage": "Belang+graaf",
                           "url": "https://service10.kadaster.nl/gds2/download/public/a47989cb-14dc-44f7-a812-c53ab7f7f2b6"
                      }
                ]
           },
           {
                "netbeheerder": {
                      "relatienummerNetbeheerder": "0000546663",
                      "bedrijfsnaam": "KPN",
                      "bedrijfsnaamAfkorting": "KPN",
                      "contact": {
                           "naam": "KPN KLIC-loket",
                           "telefoon": "030-25 53334",
                           "fax": null,
                           "email": "orderintakeplan@kpn.com"
                      },
                      "contactpersoon": {
                           "naam": "KPN Klic-loket",
                           "telefoon": "(030) 255 33 34",
                           "fax": null,
                           "email": "orderintakeplan@kpn.com"
                      }
                },
                "belangAanwezig": true,
                "storingsnummer": "0800 023 01 93",
                "beschadigingsnummer": "0800 023 01 93",
                "themas": [
                      {
                           "themanaam": "datatransport",
                           "toezichthouders": [
                                 {
                                      "naam": "KPN KLIC-loket",
                                      "telefoon": "030-25 53334",
                                      "fax": null,
                                      "email": "orderintakeplan@kpn.com"
                                 }
                           ],
                           "eisVoorzorgmaatregel": false,
                           "themakaarten": [
                                 {
                                      "naamKaartlaag": "ligging",
                                      "url": "https://service10.kadaster.nl/gds2/download/public/aea7554a-b0e1-49dd-b6bb-e69a6fccafd2"
                                 },
                                 {
                                      "naamKaartlaag": "maatvoering",
                                      "url": "https://service10.kadaster.nl/gds2/download/public/04a3e761-02c3-4f4e-b8c6-ce6e463ab06b"
                                 },
                                 {
                                      "naamKaartlaag": "annotatie",
                                      "url": "https://service10.kadaster.nl/gds2/download/public/b3b45fc4-d458-4f0e-988f-18ea9f35be74"
                                 }
                           ],
                           "huisaansluitschetsen": [
                                 {
                                      "naamBijlage": "5685BL_10",
                                      "url": "https://service10.kadaster.nl/gds2/download/public/cc77c15a-83b1-4367-8d55-1545e9006750"
                                 },
                                 {
                                      "naamBijlage": "5685BL_11",
                                      "url": "https://service10.kadaster.nl/gds2/download/public/e95acfb6-5af1-402d-9c63-713b96df5d04"
                                 },
                                 {
                                      "naamBijlage": "5685BL_12",
                                      "url": "https://service10.kadaster.nl/gds2/download/public/1dc04482-91c5-4101-bbff-79c3f5079e36"
                                 },
                                 {
                                      "naamBijlage": "5685BL_13",
                                      "url": "https://service10.kadaster.nl/gds2/download/public/c8852d28-1f22-48c0-9182-1d1d992d4915"
                                 },
                                 {
                                      "naamBijlage": "5685BL_14",
                                      "url": "https://service10.kadaster.nl/gds2/download/public/4527806a-fd12-45eb-a30e-017a92c2054f"
                                 },
                                 {
                                      "naamBijlage": "5685BL_15",
                                      "url": "https://service10.kadaster.nl/gds2/download/public/dc724bd5-8e2e-434d-93ac-2aed89e49b0f"
                                 },
                                 {
                                      "naamBijlage": "5685BL_16",
                                      "url": "https://service10.kadaster.nl/gds2/download/public/a1f25c8d-9173-4b0b-8f6e-0700298d1371"
                                 },
                                 {
                                      "naamBijlage": "5685BL_17",
                                      "url": "https://service10.kadaster.nl/gds2/download/public/58d7ca83-b689-44d7-9156-7f0fc4bf70c3"
                                 },
                                 {
                                      "naamBijlage": "5685BL_18",
                                      "url": "https://service10.kadaster.nl/gds2/download/public/d2eed84e-dae9-43e0-af2a-069e623f38ba"
                                 },
                                 {
                                      "naamBijlage": "5685BL_19",
                                      "url": "https://service10.kadaster.nl/gds2/download/public/f42518a2-77fd-45ac-837f-363aa533af24"
                                 },
                                 {
                                      "naamBijlage": "5685BL_8",
                                      "url": "https://service10.kadaster.nl/gds2/download/public/a2fff63f-7505-4acd-a82f-ee3901c84d5e"
                                 },
                                 {
                                      "naamBijlage": "5685BL_9",
                                      "url": "https://service10.kadaster.nl/gds2/download/public/453add07-25db-44f4-8916-148099ab382f"
                                 }
                           ],
                           "themabijlagen": [
                                 {
                                      "naamBijlage": "Waterkruisingen",
                                      "url": "https://service10.kadaster.nl/gds2/download/public/bdf5b6e8-a264-4a92-b827-034cf63240d2"
                                 }
                           ]
                      }
                ],
                "ondergrondkaarten": [
                      {
                           "naamKaartlaag": "eigen topo",
                           "url": "https://service10.kadaster.nl/gds2/download/public/f2fbd2fb-cdaa-4640-a56b-0deff109d114"
                      },
                      {
                           "naamKaartlaag": "eigen plantopo",
                           "url": "https://service10.kadaster.nl/gds2/download/public/0a38faab-c1d4-4ae0-b064-ebea340ea0d2"
                      }
                ],
                "bijlagen": [
                      {
                           "naamBijlage": "Brief-belang",
                           "url": "https://service10.kadaster.nl/gds2/download/public/61cbaaff-2195-4876-b455-f62b15ae4b9d"
                      }
                ]
           },
           {
                "netbeheerder": {
                      "relatienummerNetbeheerder": "0000579733",
                      "bedrijfsnaam": "Reggefiber",
                      "bedrijfsnaamAfkorting": "Reggefiber",
                      "contact": {
                           "naam": "Reggefiber Operator bv",
                           "telefoon": null,
                           "fax": null,
                           "email": "ReggefiberKliconMail@speerit.nl"
                      },
                      "contactpersoon": {
                           "naam": "Reggefiber Regio Zuid",
                           "telefoon": "0548800893",
                           "fax": null,
                           "email": "klic-zuid@reggefiber.nl"
                      }
                },
                "belangAanwezig": true,
                "storingsnummer": null,
                "beschadigingsnummer": null,
                "themas": [
                      {
                           "themanaam": "datatransport",
                           "toezichthouders": [
                                 {
                                      "naam": "Reggefiber Operator bv",
                                      "telefoon": "+31 (0)548 800 8",
                                      "fax": null,
                                      "email": "beheerpassief@reggefiber.nl"
                                 }
                           ],
                           "eisVoorzorgmaatregel": false,
                           "themakaarten": [
                                 {
                                      "naamKaartlaag": "ligging",
                                      "url": "https://service10.kadaster.nl/gds2/download/public/19c26f05-2ea0-453f-bb66-1114300bf19f"
                                 },
                                 {
                                      "naamKaartlaag": "maatvoering",
                                      "url": "https://service10.kadaster.nl/gds2/download/public/7e3818a8-4bd1-4920-969e-378c401fcfb0"
                                 },
                                 {
                                      "naamKaartlaag": "annotatie",
                                      "url": "https://service10.kadaster.nl/gds2/download/public/890710b0-6881-41e0-8bd7-df624d75ad1c"
                                 }
                           ],
                           "huisaansluitschetsen": [],
                           "themabijlagen": [
                                 {
                                      "naamBijlage": "Details",
                                      "url": "https://service10.kadaster.nl/gds2/download/public/5f604786-c2ee-4c3d-bc22-1f8e152cda1d"
                                 }
                           ]
                      }
                ],
                "ondergrondkaarten": [],
                "bijlagen": [
                      {
                           "naamBijlage": "Brief-Belang+Regio+Zuid",
                           "url": "https://service10.kadaster.nl/gds2/download/public/d55da180-2848-42e2-ba8d-b97caa900a21"
                      }
                ]
           },
           {
                "netbeheerder": {
                      "relatienummerNetbeheerder": "0000546674",
                      "bedrijfsnaam": "Ziggo BV",
                      "bedrijfsnaamAfkorting": "Ziggo BV",
                      "contact": {
                           "naam": "Afd. ROS Regional Project Infrastructure",
                           "telefoon": "088 - 717 3025",
                           "fax": null,
                           "email": "topografie.zuid@office.ziggo.nl"
                      },
                      "contactpersoon": {
                           "naam": "Network Infrastructure South",
                           "telefoon": "0887168723",
                           "fax": "0887173711",
                           "email": "topografie.zuid@office.ziggo.nl"
                      }
                },
                "belangAanwezig": true,
                "storingsnummer": "088 - 717 4402",
                "beschadigingsnummer": "088 - 717 4402",
                "themas": [
                      {
                           "themanaam": "datatransport",
                           "toezichthouders": [],
                           "eisVoorzorgmaatregel": false,
                           "themakaarten": [
                                 {
                                      "naamKaartlaag": "ligging",
                                      "url": "https://service10.kadaster.nl/gds2/download/public/f98c7acb-4a6e-4848-995f-fc0984ca8758"
                                 },
                                 {
                                      "naamKaartlaag": "maatvoering",
                                      "url": "https://service10.kadaster.nl/gds2/download/public/b8c0dc73-84f3-43e3-9289-7a4f47b725a9"
                                 },
                                 {
                                      "naamKaartlaag": "annotatie",
                                      "url": "https://service10.kadaster.nl/gds2/download/public/9b42f8f0-28e4-4c80-96c8-ba3157705e37"
                                 }
                           ],
                           "huisaansluitschetsen": [],
                           "themabijlagen": [
                                 {
                                      "naamBijlage": "Regiobrief",
                                      "url": "https://service10.kadaster.nl/gds2/download/public/fd16d611-7472-40e4-9066-994d279329ea"
                                 }
                           ]
                      }
                ],
                "ondergrondkaarten": [
                      {
                           "naamKaartlaag": "eigen plantopo",
                           "url": "https://service10.kadaster.nl/gds2/download/public/c405d184-2f0f-4a2b-bfd8-2c3b5a7c4e58"
                      }
                ],
                "bijlagen": []
           },
           {
                "netbeheerder": {
                      "relatienummerNetbeheerder": "0000565862",
                      "bedrijfsnaam": "Ziggo Services",
                      "bedrijfsnaamAfkorting": "Ziggo Services",
                      "contact": {
                           "naam": "Ziggo Services",
                           "telefoon": "0582348800",
                           "fax": null,
                           "email": "klicnl@office.ziggo.nl"
                      },
                      "contactpersoon": {
                           "naam": "Afdeling NI&C - Klic & Inlichtingen",
                           "telefoon": "058-2348800",
                           "fax": null,
                           "email": "klicnl@office.ziggo.nl"
                      }
                },
                "belangAanwezig": false,
                "storingsnummer": "08002200022",
                "beschadigingsnummer": "08002200022",
                "themas": null,
                "ondergrondkaarten": [],
                "bijlagen": [
                      {
                           "naamBijlage": "letter",
                           "url": "https://service10.kadaster.nl/gds2/download/public/0fb1e5dd-6caf-4cfb-929b-48d1044946f2"
                      },
                      {
                           "naamBijlage": "voorwaarden",
                           "url": "https://service10.kadaster.nl/gds2/download/public/9439a2e3-78b1-4747-bd80-9f4f03044d8d"
                      }
                ]
           }
     ]
}