<?xml version="1.0" encoding="UTF-8" standalone="yes"?>
<Leveringsinformatie xmlns="http://www.kadaster.nl/schemas/klic/leveringsinformatie/v20180418" xmlns:xlink="http://www.w3.org/1999/xlink" xmlns:gml="http://www.opengis.net/gml/3.2">
	<version>2.2</version>
	<bijlagePerLevering>
		<soortBijlage>achtergrondkaart</soortBijlage>
		<bestandLocatie>bronnen/GB_19G558991.png</bestandLocatie>
		<bestandMediaType xlink:href="http://definities.geostandaarden.nl/imkl2015/id/waarde/BestandMediaTypeValue/PNG"/>
		<bestandIdentificator>GB_19G558991</bestandIdentificator>
	</bijlagePerLevering>
	<bijlagePerLevering>
		<soortBijlage>leveringsbrief</soortBijlage>
		<bestandLocatie>LI_19G558991_1.pdf</bestandLocatie>
		<bestandMediaType xlink:href="http://definities.geostandaarden.nl/imkl2015/id/waarde/BestandMediaTypeValue/PDF"/>
		<bestandIdentificator>LI_19G558991_1</bestandIdentificator>
	</bijlagePerLevering>
	<bijlagePerLevering>
		<soortBijlage>gebiedsinformatieLevering</soortBijlage>
		<bestandLocatie>GI_gebiedsinformatielevering_19G558991_1.xml</bestandLocatie>
		<bestandMediaType xlink:href="http://definities.geostandaarden.nl/imkl2015/id/waarde/BestandMediaTypeValue/XML"/>
		<bestandIdentificator>GI_gebiedsinformatielevering_19G558991_1</bestandIdentificator>
	</bijlagePerLevering>
	<pngFormaat>
		<omsluitendeRechthoek>
			<gml:Envelope srsName="urn:ogc:def:crs:EPSG::28992" srsDimension="2">
				<gml:lowerCorner>233800.0 581865.0</gml:lowerCorner>
				<gml:upperCorner>233900.0 581965.0</gml:upperCorner>
			</gml:Envelope>
		</omsluitendeRechthoek>
		<pixelsBreed>1400</pixelsBreed>
		<pixelsHoog>1400</pixelsHoog>
	</pngFormaat>
	<belanghebbende>
		<bronhoudercode>KL1103</bronhoudercode>
		<beheerdersinformatieVersie>IMKL1.2</beheerdersinformatieVersie>
		<bijlagePerNetbeheerder>
			<soortBijlage>algemeen</soortBijlage>
			<bestandLocatie>bronnen/KL1103/nl.imkl-KL1103_19G558991.WaterbedrijfGroningen_ALG_95e8ff30_4298_43b4_91ef_386bbe634b91.pdf</bestandLocatie>
			<bestandMediaType xlink:href="http://definities.geostandaarden.nl/imkl2015/id/waarde/BestandMediaTypeValue/PDF"/>
			<bestandIdentificator>nl.imkl-KL1103.WaterbedrijfGroningen_ALG_95e8ff30_4298_43b4_91ef_386bbe634b91</bestandIdentificator>
		</bijlagePerNetbeheerder>
		<beheerdersinformatie>
			<thema xlink:href="http://definities.geostandaarden.nl/imkl2015/id/waarde/Thema/water"/>
			<eisVoorzorgmaatregel>false</eisVoorzorgmaatregel>
		</beheerdersinformatie>
	</belanghebbende>
	<belanghebbende>
		<bronhoudercode>KL1011</bronhoudercode>
		<beheerdersinformatieVersie>IMKL1.2</beheerdersinformatieVersie>
		<bijlagePerNetbeheerder>
			<soortBijlage>algemeen</soortBijlage>
			<bestandLocatie>bronnen/KL1011/nl.imkl-KL1011_19G558991.BriefBelang_Algemeen_929bd8c2_7005_4867_910f_668d54357bb1.pdf</bestandLocatie>
			<bestandMediaType xlink:href="http://definities.geostandaarden.nl/imkl2015/id/waarde/BestandMediaTypeValue/PDF"/>
			<bestandIdentificator>nl.imkl-KL1011.BriefBelang_Algemeen_929bd8c2_7005_4867_910f_668d54357bb1</bestandIdentificator>
		</bijlagePerNetbeheerder>
		<beheerdersinformatie>
			<thema xlink:href="http://definities.geostandaarden.nl/imkl2015/id/waarde/Thema/datatransport"/>
			<eisVoorzorgmaatregel>false</eisVoorzorgmaatregel>
		</beheerdersinformatie>
	</belanghebbende>
	<belanghebbende>
		<bronhoudercode>KL1762</bronhoudercode>
		<beheerdersinformatieVersie>IMKL1.2</beheerdersinformatieVersie>
		<bijlagePerNetbeheerder>
			<soortBijlage>algemeen</soortBijlage>
			<bestandLocatie>bronnen/KL1762/nl.imkl-KL1762_19G558991.WarmteStad_ALG_b2e742b9_2356_4301_9357_b6d5745a4654.pdf</bestandLocatie>
			<bestandMediaType xlink:href="http://definities.geostandaarden.nl/imkl2015/id/waarde/BestandMediaTypeValue/PDF"/>
			<bestandIdentificator>nl.imkl-KL1762.WarmteStad_ALG_b2e742b9_2356_4301_9357_b6d5745a4654</bestandIdentificator>
		</bijlagePerNetbeheerder>
	</belanghebbende>
	<belanghebbende>
		<bronhoudercode>KL1049</bronhoudercode>
		<beheerdersinformatieVersie>IMKL1.2</beheerdersinformatieVersie>
		<bijlagePerNetbeheerder>
			<soortBijlage>nietBetrokken</soortBijlage>
			<bestandLocatie>bronnen/KL1049/nl.imkl-KL1049_19G558991.brief-nietbetrokken.pdf</bestandLocatie>
			<bestandMediaType xlink:href="http://definities.geostandaarden.nl/imkl2015/id/waarde/BestandMediaTypeValue/PDF"/>
			<bestandIdentificator>nl.imkl-KL1049.brief-nietbetrokken</bestandIdentificator>
		</bijlagePerNetbeheerder>
	</belanghebbende>
	<belanghebbende>
		<bronhoudercode>KL1031</bronhoudercode>
		<beheerdersinformatieVersie>IMKL1.2</beheerdersinformatieVersie>
		<bijlagePerNetbeheerder>
			<soortBijlage>algemeen</soortBijlage>
			<bestandLocatie>bronnen/KL1031/nl.imkl-KL1031_19G558991.Brief_Algemeen_KW_v4_20190401_aa75cc6e_87fb_4cd3_ac62_d934605978c9.pdf</bestandLocatie>
			<bestandMediaType xlink:href="http://definities.geostandaarden.nl/imkl2015/id/waarde/BestandMediaTypeValue/PDF"/>
			<bestandIdentificator>nl.imkl-KL1031.Brief_Algemeen_KW_v4_20190401_aa75cc6e_87fb_4cd3_ac62_d934605978c9</bestandIdentificator>
		</bijlagePerNetbeheerder>
		<beheerdersinformatie>
			<thema xlink:href="http://definities.geostandaarden.nl/imkl2015/id/waarde/Thema/gasLageDruk"/>
			<eisVoorzorgmaatregel>true</eisVoorzorgmaatregel>
			<themabijlagePerNetbeheerder>
				<soortBijlage>eisVoorzorgsmaatregel</soortBijlage>
				<bestandLocatie>bronnen/KL1031/nl.imkl-KL1031_19G558991.EnexisEV.002_gasLageDruk.pdf</bestandLocatie>
				<bestandMediaType xlink:href="http://definities.geostandaarden.nl/imkl2015/id/waarde/BestandMediaTypeValue/PDF"/>
				<bestandIdentificator>nl.imkl-KL1031.EnexisEV.002_gasLageDruk</bestandIdentificator>
			</themabijlagePerNetbeheerder>
		</beheerdersinformatie>
		<beheerdersinformatie>
			<thema xlink:href="http://definities.geostandaarden.nl/imkl2015/id/waarde/Thema/middenspanning"/>
			<eisVoorzorgmaatregel>false</eisVoorzorgmaatregel>
		</beheerdersinformatie>
		<beheerdersinformatie>
			<thema xlink:href="http://definities.geostandaarden.nl/imkl2015/id/waarde/Thema/laagspanning"/>
			<eisVoorzorgmaatregel>false</eisVoorzorgmaatregel>
		</beheerdersinformatie>
		<beheerdersinformatie>
			<thema xlink:href="http://definities.geostandaarden.nl/imkl2015/id/waarde/Thema/gasHogeDruk"/>
			<eisVoorzorgmaatregel>true</eisVoorzorgmaatregel>
			<themabijlagePerNetbeheerder>
				<soortBijlage>eisVoorzorgsmaatregel</soortBijlage>
				<bestandLocatie>bronnen/KL1031/nl.imkl-KL1031_19G558991.EnexisEV.002_gasHogeDruk.pdf</bestandLocatie>
				<bestandMediaType xlink:href="http://definities.geostandaarden.nl/imkl2015/id/waarde/BestandMediaTypeValue/PDF"/>
				<bestandIdentificator>nl.imkl-KL1031.EnexisEV.002_gasHogeDruk</bestandIdentificator>
			</themabijlagePerNetbeheerder>
		</beheerdersinformatie>
	</belanghebbende>
	<belanghebbende>
		<bronhoudercode>GM0014</bronhoudercode>
		<beheerdersinformatieVersie>IMKL1.2</beheerdersinformatieVersie>
		<beheerdersinformatie>
			<thema xlink:href="http://definities.geostandaarden.nl/imkl2015/id/waarde/Thema/rioolVrijverval"/>
			<eisVoorzorgmaatregel>false</eisVoorzorgmaatregel>
		</beheerdersinformatie>
		<beheerdersinformatie>
			<thema xlink:href="http://definities.geostandaarden.nl/imkl2015/id/waarde/Thema/laagspanning"/>
			<eisVoorzorgmaatregel>false</eisVoorzorgmaatregel>
		</beheerdersinformatie>
	</belanghebbende>
	<belanghebbende>
		<bronhoudercode>KL1051</bronhoudercode>
		<beheerdersinformatieVersie>IMKL1.2</beheerdersinformatieVersie>
		<beheerdersinformatie>
			<thema xlink:href="http://definities.geostandaarden.nl/imkl2015/id/waarde/Thema/datatransport"/>
			<eisVoorzorgmaatregel>false</eisVoorzorgmaatregel>
			<themabijlagePerNetbeheerder>
				<soortBijlage>huisaansluiting</soortBijlage>
				<bestandLocatie>bronnen/KL1051/nl.imkl-KL1051.HC_10.HA_datatransport_KPN_19G558991_9711LW_43_1.PDF.pdf</bestandLocatie>
				<bestandMediaType xlink:href="http://definities.geostandaarden.nl/imkl2015/id/waarde/BestandMediaTypeValue/PDF"/>
				<bestandIdentificator>nl.imkl-KL1051.HC_10.HA_datatransport_KPN_19G558991_9711LW_43_1.PDF</bestandIdentificator>
				<adres>
					<postcode>9711LW</postcode>
					<huisnummerLetterToev>43 b</huisnummerLetterToev>
					<BAGidAdresseerbaarObject>0014010011062267</BAGidAdresseerbaarObject>
				</adres>
			</themabijlagePerNetbeheerder>
			<themabijlagePerNetbeheerder>
				<soortBijlage>huisaansluiting</soortBijlage>
				<bestandLocatie>bronnen/KL1051/nl.imkl-KL1051.HC_11.HA_datatransport_KPN_19G558991_9711LW_44_1.PDF.pdf</bestandLocatie>
				<bestandMediaType xlink:href="http://definities.geostandaarden.nl/imkl2015/id/waarde/BestandMediaTypeValue/PDF"/>
				<bestandIdentificator>nl.imkl-KL1051.HC_11.HA_datatransport_KPN_19G558991_9711LW_44_1.PDF</bestandIdentificator>
				<adres>
					<postcode>9711LW</postcode>
					<huisnummerLetterToev>44 a</huisnummerLetterToev>
					<BAGidAdresseerbaarObject>0014010011023740</BAGidAdresseerbaarObject>
				</adres>
			</themabijlagePerNetbeheerder>
			<themabijlagePerNetbeheerder>
				<soortBijlage>huisaansluiting</soortBijlage>
				<bestandLocatie>bronnen/KL1051/nl.imkl-KL1051.HC_12.HA_datatransport_KPN_19G558991_9711LX_46_1.PDF.pdf</bestandLocatie>
				<bestandMediaType xlink:href="http://definities.geostandaarden.nl/imkl2015/id/waarde/BestandMediaTypeValue/PDF"/>
				<bestandIdentificator>nl.imkl-KL1051.HC_12.HA_datatransport_KPN_19G558991_9711LX_46_1.PDF</bestandIdentificator>
				<adres>
					<postcode>9711LX</postcode>
					<huisnummerLetterToev>46 a</huisnummerLetterToev>
					<BAGidAdresseerbaarObject>0014010011025047</BAGidAdresseerbaarObject>
				</adres>
			</themabijlagePerNetbeheerder>
			<themabijlagePerNetbeheerder>
				<soortBijlage>huisaansluiting</soortBijlage>
				<bestandLocatie>bronnen/KL1051/nl.imkl-KL1051.HC_13.HA_datatransport_KPN_19G558991_9711LX_47_1.PDF.pdf</bestandLocatie>
				<bestandMediaType xlink:href="http://definities.geostandaarden.nl/imkl2015/id/waarde/BestandMediaTypeValue/PDF"/>
				<bestandIdentificator>nl.imkl-KL1051.HC_13.HA_datatransport_KPN_19G558991_9711LX_47_1.PDF</bestandIdentificator>
				<adres>
					<postcode>9711LX</postcode>
					<huisnummerLetterToev>47</huisnummerLetterToev>
					<BAGidAdresseerbaarObject>0014010011065746</BAGidAdresseerbaarObject>
				</adres>
			</themabijlagePerNetbeheerder>
			<themabijlagePerNetbeheerder>
				<soortBijlage>huisaansluiting</soortBijlage>
				<bestandLocatie>bronnen/KL1051/nl.imkl-KL1051.HC_14.HA_datatransport_KPN_19G558991_9711LX_48_1.PDF.pdf</bestandLocatie>
				<bestandMediaType xlink:href="http://definities.geostandaarden.nl/imkl2015/id/waarde/BestandMediaTypeValue/PDF"/>
				<bestandIdentificator>nl.imkl-KL1051.HC_14.HA_datatransport_KPN_19G558991_9711LX_48_1.PDF</bestandIdentificator>
				<adres>
					<postcode>9711LX</postcode>
					<huisnummerLetterToev>48</huisnummerLetterToev>
					<BAGidAdresseerbaarObject>0014010011065384</BAGidAdresseerbaarObject>
				</adres>
			</themabijlagePerNetbeheerder>
			<themabijlagePerNetbeheerder>
				<soortBijlage>huisaansluiting</soortBijlage>
				<bestandLocatie>bronnen/KL1051/nl.imkl-KL1051.HC_15.HA_datatransport_KPN_19G558991_9711LX_49_1.PDF.pdf</bestandLocatie>
				<bestandMediaType xlink:href="http://definities.geostandaarden.nl/imkl2015/id/waarde/BestandMediaTypeValue/PDF"/>
				<bestandIdentificator>nl.imkl-KL1051.HC_15.HA_datatransport_KPN_19G558991_9711LX_49_1.PDF</bestandIdentificator>
				<adres>
					<postcode>9711LX</postcode>
					<huisnummerLetterToev>49 c</huisnummerLetterToev>
					<BAGidAdresseerbaarObject>0014010022191425</BAGidAdresseerbaarObject>
				</adres>
			</themabijlagePerNetbeheerder>
			<themabijlagePerNetbeheerder>
				<soortBijlage>huisaansluiting</soortBijlage>
				<bestandLocatie>bronnen/KL1051/nl.imkl-KL1051.HC_16.HA_datatransport_KPN_19G558991_9711NA_1_1.PDF.pdf</bestandLocatie>
				<bestandMediaType xlink:href="http://definities.geostandaarden.nl/imkl2015/id/waarde/BestandMediaTypeValue/PDF"/>
				<bestandIdentificator>nl.imkl-KL1051.HC_16.HA_datatransport_KPN_19G558991_9711NA_1_1.PDF</bestandIdentificator>
				<adres>
					<postcode>9711NA</postcode>
					<huisnummerLetterToev>1 b</huisnummerLetterToev>
					<BAGidAdresseerbaarObject>0014010022188545</BAGidAdresseerbaarObject>
				</adres>
			</themabijlagePerNetbeheerder>
			<themabijlagePerNetbeheerder>
				<soortBijlage>huisaansluiting</soortBijlage>
				<bestandLocatie>bronnen/KL1051/nl.imkl-KL1051.HC_17.HA_datatransport_KPN_19G558991_9711NA_11_1.PDF.pdf</bestandLocatie>
				<bestandMediaType xlink:href="http://definities.geostandaarden.nl/imkl2015/id/waarde/BestandMediaTypeValue/PDF"/>
				<bestandIdentificator>nl.imkl-KL1051.HC_17.HA_datatransport_KPN_19G558991_9711NA_11_1.PDF</bestandIdentificator>
				<adres>
					<postcode>9711NA</postcode>
					<huisnummerLetterToev>11 a</huisnummerLetterToev>
					<BAGidAdresseerbaarObject>0014010011024212</BAGidAdresseerbaarObject>
				</adres>
			</themabijlagePerNetbeheerder>
			<themabijlagePerNetbeheerder>
				<soortBijlage>huisaansluiting</soortBijlage>
				<bestandLocatie>bronnen/KL1051/nl.imkl-KL1051.HC_18.HA_datatransport_KPN_19G558991_9711NA_3_1.PDF.pdf</bestandLocatie>
				<bestandMediaType xlink:href="http://definities.geostandaarden.nl/imkl2015/id/waarde/BestandMediaTypeValue/PDF"/>
				<bestandIdentificator>nl.imkl-KL1051.HC_18.HA_datatransport_KPN_19G558991_9711NA_3_1.PDF</bestandIdentificator>
				<adres>
					<postcode>9711NA</postcode>
					<huisnummerLetterToev>3 f</huisnummerLetterToev>
					<BAGidAdresseerbaarObject>0014010022188523</BAGidAdresseerbaarObject>
				</adres>
			</themabijlagePerNetbeheerder>
			<themabijlagePerNetbeheerder>
				<soortBijlage>huisaansluiting</soortBijlage>
				<bestandLocatie>bronnen/KL1051/nl.imkl-KL1051.HC_19.HA_datatransport_KPN_19G558991_9711NA_5_1.PDF.pdf</bestandLocatie>
				<bestandMediaType xlink:href="http://definities.geostandaarden.nl/imkl2015/id/waarde/BestandMediaTypeValue/PDF"/>
				<bestandIdentificator>nl.imkl-KL1051.HC_19.HA_datatransport_KPN_19G558991_9711NA_5_1.PDF</bestandIdentificator>
				<adres>
					<postcode>9711NA</postcode>
					<huisnummerLetterToev>5</huisnummerLetterToev>
					<BAGidAdresseerbaarObject>0014010022188512</BAGidAdresseerbaarObject>
				</adres>
			</themabijlagePerNetbeheerder>
			<themabijlagePerNetbeheerder>
				<soortBijlage>huisaansluiting</soortBijlage>
				<bestandLocatie>bronnen/KL1051/nl.imkl-KL1051.HC_2.HA_datatransport_KPN_19G558991_9711LJ_10_1.PDF.pdf</bestandLocatie>
				<bestandMediaType xlink:href="http://definities.geostandaarden.nl/imkl2015/id/waarde/BestandMediaTypeValue/PDF"/>
				<bestandIdentificator>nl.imkl-KL1051.HC_2.HA_datatransport_KPN_19G558991_9711LJ_10_1.PDF</bestandIdentificator>
				<adres>
					<postcode>9711LJ</postcode>
					<huisnummerLetterToev>10</huisnummerLetterToev>
					<BAGidAdresseerbaarObject>0014010011071792</BAGidAdresseerbaarObject>
				</adres>
			</themabijlagePerNetbeheerder>
			<themabijlagePerNetbeheerder>
				<soortBijlage>huisaansluiting</soortBijlage>
				<bestandLocatie>bronnen/KL1051/nl.imkl-KL1051.HC_20.HA_datatransport_KPN_19G558991_9711NA_5_2.PDF.pdf</bestandLocatie>
				<bestandMediaType xlink:href="http://definities.geostandaarden.nl/imkl2015/id/waarde/BestandMediaTypeValue/PDF"/>
				<bestandIdentificator>nl.imkl-KL1051.HC_20.HA_datatransport_KPN_19G558991_9711NA_5_2.PDF</bestandIdentificator>
				<adres>
					<postcode>9711NA</postcode>
					<huisnummerLetterToev>5</huisnummerLetterToev>
					<BAGidAdresseerbaarObject>0014010022188512</BAGidAdresseerbaarObject>
				</adres>
			</themabijlagePerNetbeheerder>
			<themabijlagePerNetbeheerder>
				<soortBijlage>huisaansluiting</soortBijlage>
				<bestandLocatie>bronnen/KL1051/nl.imkl-KL1051.HC_21.HA_datatransport_KPN_19G558991_9711NA_7_1.PDF.pdf</bestandLocatie>
				<bestandMediaType xlink:href="http://definities.geostandaarden.nl/imkl2015/id/waarde/BestandMediaTypeValue/PDF"/>
				<bestandIdentificator>nl.imkl-KL1051.HC_21.HA_datatransport_KPN_19G558991_9711NA_7_1.PDF</bestandIdentificator>
				<adres>
					<postcode>9711NA</postcode>
					<huisnummerLetterToev>7</huisnummerLetterToev>
					<BAGidAdresseerbaarObject>0014010011069964</BAGidAdresseerbaarObject>
				</adres>
			</themabijlagePerNetbeheerder>
			<themabijlagePerNetbeheerder>
				<soortBijlage>huisaansluiting</soortBijlage>
				<bestandLocatie>bronnen/KL1051/nl.imkl-KL1051.HC_22.HA_datatransport_KPN_19G558991_9711NA_9_1.PDF.pdf</bestandLocatie>
				<bestandMediaType xlink:href="http://definities.geostandaarden.nl/imkl2015/id/waarde/BestandMediaTypeValue/PDF"/>
				<bestandIdentificator>nl.imkl-KL1051.HC_22.HA_datatransport_KPN_19G558991_9711NA_9_1.PDF</bestandIdentificator>
				<adres>
					<postcode>9711NA</postcode>
					<huisnummerLetterToev>9</huisnummerLetterToev>
					<BAGidAdresseerbaarObject>0014010010993153</BAGidAdresseerbaarObject>
				</adres>
			</themabijlagePerNetbeheerder>
			<themabijlagePerNetbeheerder>
				<soortBijlage>huisaansluiting</soortBijlage>
				<bestandLocatie>bronnen/KL1051/nl.imkl-KL1051.HC_23.HA_datatransport_KPN_19G558991_9711NC_10_1.PDF.pdf</bestandLocatie>
				<bestandMediaType xlink:href="http://definities.geostandaarden.nl/imkl2015/id/waarde/BestandMediaTypeValue/PDF"/>
				<bestandIdentificator>nl.imkl-KL1051.HC_23.HA_datatransport_KPN_19G558991_9711NC_10_1.PDF</bestandIdentificator>
				<adres>
					<postcode>9711NC</postcode>
					<huisnummerLetterToev>10</huisnummerLetterToev>
					<BAGidAdresseerbaarObject>0014010011009330</BAGidAdresseerbaarObject>
				</adres>
			</themabijlagePerNetbeheerder>
			<themabijlagePerNetbeheerder>
				<soortBijlage>huisaansluiting</soortBijlage>
				<bestandLocatie>bronnen/KL1051/nl.imkl-KL1051.HC_24.HA_datatransport_KPN_19G558991_9711NC_12_1.PDF.pdf</bestandLocatie>
				<bestandMediaType xlink:href="http://definities.geostandaarden.nl/imkl2015/id/waarde/BestandMediaTypeValue/PDF"/>
				<bestandIdentificator>nl.imkl-KL1051.HC_24.HA_datatransport_KPN_19G558991_9711NC_12_1.PDF</bestandIdentificator>
				<adres>
					<postcode>9711NC</postcode>
					<huisnummerLetterToev>12 a</huisnummerLetterToev>
					<BAGidAdresseerbaarObject>0014010011034139</BAGidAdresseerbaarObject>
				</adres>
			</themabijlagePerNetbeheerder>
			<themabijlagePerNetbeheerder>
				<soortBijlage>huisaansluiting</soortBijlage>
				<bestandLocatie>bronnen/KL1051/nl.imkl-KL1051.HC_25.HA_datatransport_KPN_19G558991_9711NC_14_1.PDF.pdf</bestandLocatie>
				<bestandMediaType xlink:href="http://definities.geostandaarden.nl/imkl2015/id/waarde/BestandMediaTypeValue/PDF"/>
				<bestandIdentificator>nl.imkl-KL1051.HC_25.HA_datatransport_KPN_19G558991_9711NC_14_1.PDF</bestandIdentificator>
				<adres>
					<postcode>9711NC</postcode>
					<huisnummerLetterToev>14</huisnummerLetterToev>
					<BAGidAdresseerbaarObject>0014010011052173</BAGidAdresseerbaarObject>
				</adres>
			</themabijlagePerNetbeheerder>
			<themabijlagePerNetbeheerder>
				<soortBijlage>huisaansluiting</soortBijlage>
				<bestandLocatie>bronnen/KL1051/nl.imkl-KL1051.HC_26.HA_datatransport_KPN_19G558991_9711NC_16_1.PDF.pdf</bestandLocatie>
				<bestandMediaType xlink:href="http://definities.geostandaarden.nl/imkl2015/id/waarde/BestandMediaTypeValue/PDF"/>
				<bestandIdentificator>nl.imkl-KL1051.HC_26.HA_datatransport_KPN_19G558991_9711NC_16_1.PDF</bestandIdentificator>
				<adres>
					<postcode>9711NC</postcode>
					<huisnummerLetterToev>16</huisnummerLetterToev>
					<BAGidAdresseerbaarObject>0014010011016277</BAGidAdresseerbaarObject>
				</adres>
			</themabijlagePerNetbeheerder>
			<themabijlagePerNetbeheerder>
				<soortBijlage>huisaansluiting</soortBijlage>
				<bestandLocatie>bronnen/KL1051/nl.imkl-KL1051.HC_27.HA_datatransport_KPN_19G558991_9711NC_18_1.PDF.pdf</bestandLocatie>
				<bestandMediaType xlink:href="http://definities.geostandaarden.nl/imkl2015/id/waarde/BestandMediaTypeValue/PDF"/>
				<bestandIdentificator>nl.imkl-KL1051.HC_27.HA_datatransport_KPN_19G558991_9711NC_18_1.PDF</bestandIdentificator>
				<adres>
					<postcode>9711NC</postcode>
					<huisnummerLetterToev>18 a</huisnummerLetterToev>
					<BAGidAdresseerbaarObject>0014010010988860</BAGidAdresseerbaarObject>
				</adres>
			</themabijlagePerNetbeheerder>
			<themabijlagePerNetbeheerder>
				<soortBijlage>huisaansluiting</soortBijlage>
				<bestandLocatie>bronnen/KL1051/nl.imkl-KL1051.HC_28.HA_datatransport_KPN_19G558991_9711NC_20_1.PDF.pdf</bestandLocatie>
				<bestandMediaType xlink:href="http://definities.geostandaarden.nl/imkl2015/id/waarde/BestandMediaTypeValue/PDF"/>
				<bestandIdentificator>nl.imkl-KL1051.HC_28.HA_datatransport_KPN_19G558991_9711NC_20_1.PDF</bestandIdentificator>
				<adres>
					<postcode>9711NC</postcode>
					<huisnummerLetterToev>20 c</huisnummerLetterToev>
					<BAGidAdresseerbaarObject>0014010022206726</BAGidAdresseerbaarObject>
				</adres>
			</themabijlagePerNetbeheerder>
			<themabijlagePerNetbeheerder>
				<soortBijlage>huisaansluiting</soortBijlage>
				<bestandLocatie>bronnen/KL1051/nl.imkl-KL1051.HC_3.HA_datatransport_KPN_19G558991_9711LV_36_1.PDF.pdf</bestandLocatie>
				<bestandMediaType xlink:href="http://definities.geostandaarden.nl/imkl2015/id/waarde/BestandMediaTypeValue/PDF"/>
				<bestandIdentificator>nl.imkl-KL1051.HC_3.HA_datatransport_KPN_19G558991_9711LV_36_1.PDF</bestandIdentificator>
				<adres>
					<postcode>9711LV</postcode>
					<huisnummerLetterToev>36</huisnummerLetterToev>
					<BAGidAdresseerbaarObject>0014010011016074</BAGidAdresseerbaarObject>
				</adres>
			</themabijlagePerNetbeheerder>
			<themabijlagePerNetbeheerder>
				<soortBijlage>huisaansluiting</soortBijlage>
				<bestandLocatie>bronnen/KL1051/nl.imkl-KL1051.HC_4.HA_datatransport_KPN_19G558991_9711LV_37_1.PDF.pdf</bestandLocatie>
				<bestandMediaType xlink:href="http://definities.geostandaarden.nl/imkl2015/id/waarde/BestandMediaTypeValue/PDF"/>
				<bestandIdentificator>nl.imkl-KL1051.HC_4.HA_datatransport_KPN_19G558991_9711LV_37_1.PDF</bestandIdentificator>
				<adres>
					<postcode>9711LV</postcode>
					<huisnummerLetterToev>37</huisnummerLetterToev>
					<BAGidAdresseerbaarObject>0014010011071667</BAGidAdresseerbaarObject>
				</adres>
			</themabijlagePerNetbeheerder>
			<themabijlagePerNetbeheerder>
				<soortBijlage>huisaansluiting</soortBijlage>
				<bestandLocatie>bronnen/KL1051/nl.imkl-KL1051.HC_5.HA_datatransport_KPN_19G558991_9711LV_38_1.PDF.pdf</bestandLocatie>
				<bestandMediaType xlink:href="http://definities.geostandaarden.nl/imkl2015/id/waarde/BestandMediaTypeValue/PDF"/>
				<bestandIdentificator>nl.imkl-KL1051.HC_5.HA_datatransport_KPN_19G558991_9711LV_38_1.PDF</bestandIdentificator>
				<adres>
					<postcode>9711LV</postcode>
					<huisnummerLetterToev>38</huisnummerLetterToev>
					<BAGidAdresseerbaarObject>0014010011016542</BAGidAdresseerbaarObject>
				</adres>
			</themabijlagePerNetbeheerder>
			<themabijlagePerNetbeheerder>
				<soortBijlage>huisaansluiting</soortBijlage>
				<bestandLocatie>bronnen/KL1051/nl.imkl-KL1051.HC_6.HA_datatransport_KPN_19G558991_9711LV_39_1.PDF.pdf</bestandLocatie>
				<bestandMediaType xlink:href="http://definities.geostandaarden.nl/imkl2015/id/waarde/BestandMediaTypeValue/PDF"/>
				<bestandIdentificator>nl.imkl-KL1051.HC_6.HA_datatransport_KPN_19G558991_9711LV_39_1.PDF</bestandIdentificator>
				<adres>
					<postcode>9711LV</postcode>
					<huisnummerLetterToev>39</huisnummerLetterToev>
					<BAGidAdresseerbaarObject>0014010011055525</BAGidAdresseerbaarObject>
				</adres>
			</themabijlagePerNetbeheerder>
			<themabijlagePerNetbeheerder>
				<soortBijlage>huisaansluiting</soortBijlage>
				<bestandLocatie>bronnen/KL1051/nl.imkl-KL1051.HC_7.HA_datatransport_KPN_19G558991_9711LV_40_1.PDF.pdf</bestandLocatie>
				<bestandMediaType xlink:href="http://definities.geostandaarden.nl/imkl2015/id/waarde/BestandMediaTypeValue/PDF"/>
				<bestandIdentificator>nl.imkl-KL1051.HC_7.HA_datatransport_KPN_19G558991_9711LV_40_1.PDF</bestandIdentificator>
				<adres>
					<postcode>9711LV</postcode>
					<huisnummerLetterToev>40</huisnummerLetterToev>
					<BAGidAdresseerbaarObject>0014010011012708</BAGidAdresseerbaarObject>
				</adres>
			</themabijlagePerNetbeheerder>
			<themabijlagePerNetbeheerder>
				<soortBijlage>huisaansluiting</soortBijlage>
				<bestandLocatie>bronnen/KL1051/nl.imkl-KL1051.HC_8.HA_datatransport_KPN_19G558991_9711LV_41_1.PDF.pdf</bestandLocatie>
				<bestandMediaType xlink:href="http://definities.geostandaarden.nl/imkl2015/id/waarde/BestandMediaTypeValue/PDF"/>
				<bestandIdentificator>nl.imkl-KL1051.HC_8.HA_datatransport_KPN_19G558991_9711LV_41_1.PDF</bestandIdentificator>
				<adres>
					<postcode>9711LV</postcode>
					<huisnummerLetterToev>41 d</huisnummerLetterToev>
					<BAGidAdresseerbaarObject>0014010011028879</BAGidAdresseerbaarObject>
				</adres>
			</themabijlagePerNetbeheerder>
			<themabijlagePerNetbeheerder>
				<soortBijlage>huisaansluiting</soortBijlage>
				<bestandLocatie>bronnen/KL1051/nl.imkl-KL1051.HC_9.HA_datatransport_KPN_19G558991_9711LV_42_1.PDF.pdf</bestandLocatie>
				<bestandMediaType xlink:href="http://definities.geostandaarden.nl/imkl2015/id/waarde/BestandMediaTypeValue/PDF"/>
				<bestandIdentificator>nl.imkl-KL1051.HC_9.HA_datatransport_KPN_19G558991_9711LV_42_1.PDF</bestandIdentificator>
				<adres>
					<postcode>9711LV</postcode>
					<huisnummerLetterToev>42</huisnummerLetterToev>
					<BAGidAdresseerbaarObject>0014010011025295</BAGidAdresseerbaarObject>
				</adres>
			</themabijlagePerNetbeheerder>
			<themabijlagePerNetbeheerder>
				<soortBijlage>profielschets</soortBijlage>
				<bestandLocatie>bronnen/KL1051/nl.imkl-KL1051.LI_1.BL_KPN_19G558991_Brief-belang.PDF.pdf</bestandLocatie>
				<bestandMediaType xlink:href="http://definities.geostandaarden.nl/imkl2015/id/waarde/BestandMediaTypeValue/PDF"/>
				<bestandIdentificator>nl.imkl-KL1051.LI_1.BL_KPN_19G558991_Brief-belang.PDF</bestandIdentificator>
			</themabijlagePerNetbeheerder>
		</beheerdersinformatie>
	</belanghebbende>
	<belanghebbende>
		<bronhoudercode>KL1620</bronhoudercode>
		<beheerdersinformatieVersie>IMKL1.2</beheerdersinformatieVersie>
		<beheerdersinformatie>
			<thema xlink:href="http://definities.geostandaarden.nl/imkl2015/id/waarde/Thema/datatransport"/>
			<eisVoorzorgmaatregel>false</eisVoorzorgmaatregel>
		</beheerdersinformatie>
	</belanghebbende>
	<belanghebbende>
		<bronhoudercode>KL1089</bronhoudercode>
		<beheerdersinformatieVersie>IMKL1.2</beheerdersinformatieVersie>
		<bijlagePerNetbeheerder>
			<soortBijlage>algemeen</soortBijlage>
			<bestandLocatie>bronnen/KL1089/nl.imkl-KL1089_19G558991.brief-betrokken.pdf</bestandLocatie>
			<bestandMediaType xlink:href="http://definities.geostandaarden.nl/imkl2015/id/waarde/BestandMediaTypeValue/PDF"/>
			<bestandIdentificator>nl.imkl-KL1089.brief-betrokken</bestandIdentificator>
		</bijlagePerNetbeheerder>
		<bijlagePerNetbeheerder>
			<soortBijlage>algemeen</soortBijlage>
			<bestandLocatie>bronnen/KL1089/nl.imkl-KL1089_19G558991.overzicht.pdf</bestandLocatie>
			<bestandMediaType xlink:href="http://definities.geostandaarden.nl/imkl2015/id/waarde/BestandMediaTypeValue/PDF"/>
			<bestandIdentificator>nl.imkl-KL1089.overzicht</bestandIdentificator>
		</bijlagePerNetbeheerder>
		<beheerdersinformatie>
			<thema xlink:href="http://definities.geostandaarden.nl/imkl2015/id/waarde/Thema/datatransport"/>
			<eisVoorzorgmaatregel>false</eisVoorzorgmaatregel>
		</beheerdersinformatie>
	</belanghebbende>
	<belanghebbende>
		<bronhoudercode>KL1010</bronhoudercode>
		<beheerdersinformatieVersie>IMKL1.2</beheerdersinformatieVersie>
		<bijlagePerNetbeheerder>
			<soortBijlage>algemeen</soortBijlage>
			<bestandLocatie>bronnen/KL1010/nl.imkl-KL1010_19G558991.brief-betrokken.pdf</bestandLocatie>
			<bestandMediaType xlink:href="http://definities.geostandaarden.nl/imkl2015/id/waarde/BestandMediaTypeValue/PDF"/>
			<bestandIdentificator>nl.imkl-KL1010.brief-betrokken</bestandIdentificator>
		</bijlagePerNetbeheerder>
		<bijlagePerNetbeheerder>
			<soortBijlage>algemeen</soortBijlage>
			<bestandLocatie>bronnen/KL1010/nl.imkl-KL1010_19G558991.f12f01_standaardvoorwaarden_eurofiber.pdf</bestandLocatie>
			<bestandMediaType xlink:href="http://definities.geostandaarden.nl/imkl2015/id/waarde/BestandMediaTypeValue/PDF"/>
			<bestandIdentificator>nl.imkl-KL1010.f12f01_standaardvoorwaarden_eurofiber</bestandIdentificator>
		</bijlagePerNetbeheerder>
		<bijlagePerNetbeheerder>
			<soortBijlage>algemeen</soortBijlage>
			<bestandLocatie>bronnen/KL1010/nl.imkl-KL1010_19G558991.overzicht.pdf</bestandLocatie>
			<bestandMediaType xlink:href="http://definities.geostandaarden.nl/imkl2015/id/waarde/BestandMediaTypeValue/PDF"/>
			<bestandIdentificator>nl.imkl-KL1010.overzicht</bestandIdentificator>
		</bijlagePerNetbeheerder>
		<beheerdersinformatie>
			<thema xlink:href="http://definities.geostandaarden.nl/imkl2015/id/waarde/Thema/datatransport"/>
			<eisVoorzorgmaatregel>false</eisVoorzorgmaatregel>
		</beheerdersinformatie>
	</belanghebbende>
</Leveringsinformatie>
