<?xml version="1.0" encoding="UTF-8" standalone="yes"?><Leveringsinformatie xmlns="http://www.kadaster.nl/schemas/klic/leveringsinformatie/v20180418" xmlns:xlink="http://www.w3.org/1999/xlink" xmlns:gml="http://www.opengis.net/gml/3.2"><version>2.2</version><bijlagePerLevering><soortBijlage>achtergrondkaart</soortBijlage><bestandLocatie>bronnen/GB_21G004651.png</bestandLocatie><bestandMediaType xlink:href="http://definities.geostandaarden.nl/imkl2015/id/waarde/BestandMediaTypeValue/PNG"/><bestandIdentificator>GB_21G004651</bestandIdentificator></bijlagePerLevering><bijlagePerLevering><soortBijlage>leveringsbrief</soortBijlage><bestandLocatie>LI_21G004651_1.pdf</bestandLocatie><bestandMediaType xlink:href="http://definities.geostandaarden.nl/imkl2015/id/waarde/BestandMediaTypeValue/PDF"/><bestandIdentificator>LI_21G004651_1</bestandIdentificator></bijlagePerLevering><bijlagePerLevering><soortBijlage>gebiedsinformatieLevering</soortBijlage><bestandLocatie>GI_gebiedsinformatielevering_21G004651_1.xml</bestandLocatie><bestandMediaType xlink:href="http://definities.geostandaarden.nl/imkl2015/id/waarde/BestandMediaTypeValue/XML"/><bestandIdentificator>GI_gebiedsinformatielevering_21G004651_1</bestandIdentificator></bijlagePerLevering><bijlagePerLevering><soortBijlage>gebiedsinformatieLevering</soortBijlage><bestandLocatie>GI_gebiedsinformatielevering_21G004651_1_V2.xml</bestandLocatie><bestandMediaType xlink:href="http://definities.geostandaarden.nl/imkl2015/id/waarde/BestandMediaTypeValue/XML"/><bestandIdentificator>GI_gebiedsinformatielevering_21G004651_1_V2</bestandIdentificator></bijlagePerLevering><pngFormaat><omsluitendeRechthoek><gml:Envelope srsName="urn:ogc:def:crs:EPSG::28992" srsDimension="2"><gml:lowerCorner>260783.0 532268.0</gml:lowerCorner><gml:upperCorner>261276.0 532599.0</gml:upperCorner></gml:Envelope></omsluitendeRechthoek><pixelsBreed>6902</pixelsBreed><pixelsHoog>4634</pixelsHoog></pngFormaat><belanghebbende><bronhoudercode>KL1051</bronhoudercode><beheerdersinformatieVersie>IMKL1.2</beheerdersinformatieVersie><bijlagePerNetbeheerder><soortBijlage>algemeen</soortBijlage><bestandLocatie>bronnen/KL1051/nl.imkl-KL1051_21G004651.BijlageAlgemeen.pdf</bestandLocatie><bestandMediaType xlink:href="http://definities.geostandaarden.nl/imkl2015/id/waarde/BestandMediaTypeValue/PDF"/><bestandIdentificator>nl.imkl-KL1051.BijlageAlgemeen</bestandIdentificator></bijlagePerNetbeheerder><beheerdersinformatie><thema xlink:href="http://definities.geostandaarden.nl/imkl2015/id/waarde/Thema/datatransport"/><eisVoorzorgmaatregel>false</eisVoorzorgmaatregel><themabijlagePerNetbeheerder><soortBijlage>huisaansluiting</soortBijlage><bestandLocatie>bronnen/KL1051/nl.imkl-KL1051.HC_2.HA_datatransport_KPN_21G004651_7826BP_25_1.PDF.pdf</bestandLocatie><bestandMediaType xlink:href="http://definities.geostandaarden.nl/imkl2015/id/waarde/BestandMediaTypeValue/PDF"/><bestandIdentificator>nl.imkl-KL1051.HC_2.HA_datatransport_KPN_21G004651_7826BP_25_1.PDF</bestandIdentificator><adres><postcode>7826BP</postcode><huisnummerLetterToev>25</huisnummerLetterToev><BAGidAdresseerbaarObject>0114010000312818</BAGidAdresseerbaarObject></adres></themabijlagePerNetbeheerder><themabijlagePerNetbeheerder><soortBijlage>huisaansluiting</soortBijlage><bestandLocatie>bronnen/KL1051/nl.imkl-KL1051.HC_3.HA_datatransport_KPN_21G004651_7826BP_27_1.PDF.pdf</bestandLocatie><bestandMediaType xlink:href="http://definities.geostandaarden.nl/imkl2015/id/waarde/BestandMediaTypeValue/PDF"/><bestandIdentificator>nl.imkl-KL1051.HC_3.HA_datatransport_KPN_21G004651_7826BP_27_1.PDF</bestandIdentificator><adres><postcode>7826BP</postcode><huisnummerLetterToev>27</huisnummerLetterToev><BAGidAdresseerbaarObject>0114010000374613</BAGidAdresseerbaarObject></adres></themabijlagePerNetbeheerder><themabijlagePerNetbeheerder><soortBijlage>huisaansluiting</soortBijlage><bestandLocatie>bronnen/KL1051/nl.imkl-KL1051.HC_4.HA_datatransport_KPN_21G004651_7826BP_31_1.PDF.pdf</bestandLocatie><bestandMediaType xlink:href="http://definities.geostandaarden.nl/imkl2015/id/waarde/BestandMediaTypeValue/PDF"/><bestandIdentificator>nl.imkl-KL1051.HC_4.HA_datatransport_KPN_21G004651_7826BP_31_1.PDF</bestandIdentificator><adres><postcode>7826BP</postcode><huisnummerLetterToev>31</huisnummerLetterToev><BAGidAdresseerbaarObject>0114010000286655</BAGidAdresseerbaarObject></adres></themabijlagePerNetbeheerder><themabijlagePerNetbeheerder><soortBijlage>huisaansluiting</soortBijlage><bestandLocatie>bronnen/KL1051/nl.imkl-KL1051.HC_5.HA_datatransport_KPN_21G004651_7826BP_35_1.PDF.pdf</bestandLocatie><bestandMediaType xlink:href="http://definities.geostandaarden.nl/imkl2015/id/waarde/BestandMediaTypeValue/PDF"/><bestandIdentificator>nl.imkl-KL1051.HC_5.HA_datatransport_KPN_21G004651_7826BP_35_1.PDF</bestandIdentificator><adres><postcode>7826BP</postcode><huisnummerLetterToev>35</huisnummerLetterToev><BAGidAdresseerbaarObject>0114010000320568</BAGidAdresseerbaarObject></adres></themabijlagePerNetbeheerder><themabijlagePerNetbeheerder><soortBijlage>huisaansluiting</soortBijlage><bestandLocatie>bronnen/KL1051/nl.imkl-KL1051.HC_6.HA_datatransport_KPN_21G004651_7826BP_36_1.PDF.pdf</bestandLocatie><bestandMediaType xlink:href="http://definities.geostandaarden.nl/imkl2015/id/waarde/BestandMediaTypeValue/PDF"/><bestandIdentificator>nl.imkl-KL1051.HC_6.HA_datatransport_KPN_21G004651_7826BP_36_1.PDF</bestandIdentificator><adres><postcode>7826BP</postcode><huisnummerLetterToev>36</huisnummerLetterToev><BAGidAdresseerbaarObject>0114010000278811</BAGidAdresseerbaarObject></adres></themabijlagePerNetbeheerder><themabijlagePerNetbeheerder><soortBijlage>huisaansluiting</soortBijlage><bestandLocatie>bronnen/KL1051/nl.imkl-KL1051.HC_7.HA_datatransport_KPN_21G004651_7826BP_47_1.PDF.pdf</bestandLocatie><bestandMediaType xlink:href="http://definities.geostandaarden.nl/imkl2015/id/waarde/BestandMediaTypeValue/PDF"/><bestandIdentificator>nl.imkl-KL1051.HC_7.HA_datatransport_KPN_21G004651_7826BP_47_1.PDF</bestandIdentificator><adres><postcode>7826BP</postcode><huisnummerLetterToev>47</huisnummerLetterToev><BAGidAdresseerbaarObject>0114010000279513</BAGidAdresseerbaarObject></adres></themabijlagePerNetbeheerder><themabijlagePerNetbeheerder><soortBijlage>huisaansluiting</soortBijlage><bestandLocatie>bronnen/KL1051/nl.imkl-KL1051.HC_8.HA_datatransport_KPN_21G004651_7826BR_72_1.PDF.pdf</bestandLocatie><bestandMediaType xlink:href="http://definities.geostandaarden.nl/imkl2015/id/waarde/BestandMediaTypeValue/PDF"/><bestandIdentificator>nl.imkl-KL1051.HC_8.HA_datatransport_KPN_21G004651_7826BR_72_1.PDF</bestandIdentificator><adres><postcode>7826BR</postcode><huisnummerLetterToev>72</huisnummerLetterToev><BAGidAdresseerbaarObject>0114010000278285</BAGidAdresseerbaarObject></adres></themabijlagePerNetbeheerder><themabijlagePerNetbeheerder><soortBijlage>huisaansluiting</soortBijlage><bestandLocatie>bronnen/KL1051/nl.imkl-KL1051.HC_9.HA_datatransport_KPN_21G004651_7826BR_73_1.PDF.pdf</bestandLocatie><bestandMediaType xlink:href="http://definities.geostandaarden.nl/imkl2015/id/waarde/BestandMediaTypeValue/PDF"/><bestandIdentificator>nl.imkl-KL1051.HC_9.HA_datatransport_KPN_21G004651_7826BR_73_1.PDF</bestandIdentificator><adres><postcode>7826BR</postcode><huisnummerLetterToev>73</huisnummerLetterToev><BAGidAdresseerbaarObject>0114010000278287</BAGidAdresseerbaarObject></adres></themabijlagePerNetbeheerder><themabijlagePerNetbeheerder><soortBijlage>huisaansluiting</soortBijlage><bestandLocatie>bronnen/KL1051/nl.imkl-KL1051.HC_10.HA_datatransport_KPN_21G004651_7826BR_74_1.PDF.pdf</bestandLocatie><bestandMediaType xlink:href="http://definities.geostandaarden.nl/imkl2015/id/waarde/BestandMediaTypeValue/PDF"/><bestandIdentificator>nl.imkl-KL1051.HC_10.HA_datatransport_KPN_21G004651_7826BR_74_1.PDF</bestandIdentificator><adres><postcode>7826BR</postcode><huisnummerLetterToev>74</huisnummerLetterToev><BAGidAdresseerbaarObject>0114010000339488</BAGidAdresseerbaarObject></adres></themabijlagePerNetbeheerder><themabijlagePerNetbeheerder><soortBijlage>huisaansluiting</soortBijlage><bestandLocatie>bronnen/KL1051/nl.imkl-KL1051.HC_11.HA_datatransport_KPN_21G004651_7826BR_75_1.PDF.pdf</bestandLocatie><bestandMediaType xlink:href="http://definities.geostandaarden.nl/imkl2015/id/waarde/BestandMediaTypeValue/PDF"/><bestandIdentificator>nl.imkl-KL1051.HC_11.HA_datatransport_KPN_21G004651_7826BR_75_1.PDF</bestandIdentificator><adres><postcode>7826BR</postcode><huisnummerLetterToev>75</huisnummerLetterToev><BAGidAdresseerbaarObject>0114010000278803</BAGidAdresseerbaarObject></adres></themabijlagePerNetbeheerder><themabijlagePerNetbeheerder><soortBijlage>huisaansluiting</soortBijlage><bestandLocatie>bronnen/KL1051/nl.imkl-KL1051.HC_12.HA_datatransport_KPN_21G004651_7826BR_76_1.PDF.pdf</bestandLocatie><bestandMediaType xlink:href="http://definities.geostandaarden.nl/imkl2015/id/waarde/BestandMediaTypeValue/PDF"/><bestandIdentificator>nl.imkl-KL1051.HC_12.HA_datatransport_KPN_21G004651_7826BR_76_1.PDF</bestandIdentificator><adres><postcode>7826BR</postcode><huisnummerLetterToev>76</huisnummerLetterToev><BAGidAdresseerbaarObject>0114010000330100</BAGidAdresseerbaarObject></adres></themabijlagePerNetbeheerder><themabijlagePerNetbeheerder><soortBijlage>huisaansluiting</soortBijlage><bestandLocatie>bronnen/KL1051/nl.imkl-KL1051.HC_13.HA_datatransport_KPN_21G004651_7826BR_77_1.PDF.pdf</bestandLocatie><bestandMediaType xlink:href="http://definities.geostandaarden.nl/imkl2015/id/waarde/BestandMediaTypeValue/PDF"/><bestandIdentificator>nl.imkl-KL1051.HC_13.HA_datatransport_KPN_21G004651_7826BR_77_1.PDF</bestandIdentificator><adres><postcode>7826BR</postcode><huisnummerLetterToev>77</huisnummerLetterToev><BAGidAdresseerbaarObject>0114010000316502</BAGidAdresseerbaarObject></adres></themabijlagePerNetbeheerder><themabijlagePerNetbeheerder><soortBijlage>huisaansluiting</soortBijlage><bestandLocatie>bronnen/KL1051/nl.imkl-KL1051.HC_14.HA_datatransport_KPN_21G004651_7826BR_78_1.PDF.pdf</bestandLocatie><bestandMediaType xlink:href="http://definities.geostandaarden.nl/imkl2015/id/waarde/BestandMediaTypeValue/PDF"/><bestandIdentificator>nl.imkl-KL1051.HC_14.HA_datatransport_KPN_21G004651_7826BR_78_1.PDF</bestandIdentificator><adres><postcode>7826BR</postcode><huisnummerLetterToev>78</huisnummerLetterToev><BAGidAdresseerbaarObject>0114010000278289</BAGidAdresseerbaarObject></adres></themabijlagePerNetbeheerder><themabijlagePerNetbeheerder><soortBijlage>huisaansluiting</soortBijlage><bestandLocatie>bronnen/KL1051/nl.imkl-KL1051.HC_15.HA_datatransport_KPN_21G004651_7826BR_81_1.PDF.pdf</bestandLocatie><bestandMediaType xlink:href="http://definities.geostandaarden.nl/imkl2015/id/waarde/BestandMediaTypeValue/PDF"/><bestandIdentificator>nl.imkl-KL1051.HC_15.HA_datatransport_KPN_21G004651_7826BR_81_1.PDF</bestandIdentificator><adres><postcode>7826BR</postcode><huisnummerLetterToev>81</huisnummerLetterToev><BAGidAdresseerbaarObject>0114010000330098</BAGidAdresseerbaarObject></adres></themabijlagePerNetbeheerder><themabijlagePerNetbeheerder><soortBijlage>huisaansluiting</soortBijlage><bestandLocatie>bronnen/KL1051/nl.imkl-KL1051.HC_16.HA_datatransport_KPN_21G004651_7826BR_82_1.PDF.pdf</bestandLocatie><bestandMediaType xlink:href="http://definities.geostandaarden.nl/imkl2015/id/waarde/BestandMediaTypeValue/PDF"/><bestandIdentificator>nl.imkl-KL1051.HC_16.HA_datatransport_KPN_21G004651_7826BR_82_1.PDF</bestandIdentificator><adres><postcode>7826BR</postcode><huisnummerLetterToev>82</huisnummerLetterToev><BAGidAdresseerbaarObject>0114010000357084</BAGidAdresseerbaarObject></adres></themabijlagePerNetbeheerder><themabijlagePerNetbeheerder><soortBijlage>huisaansluiting</soortBijlage><bestandLocatie>bronnen/KL1051/nl.imkl-KL1051.HC_17.HA_datatransport_KPN_21G004651_7826BR_84_1.PDF.pdf</bestandLocatie><bestandMediaType xlink:href="http://definities.geostandaarden.nl/imkl2015/id/waarde/BestandMediaTypeValue/PDF"/><bestandIdentificator>nl.imkl-KL1051.HC_17.HA_datatransport_KPN_21G004651_7826BR_84_1.PDF</bestandIdentificator><adres><postcode>7826BR</postcode><huisnummerLetterToev>84</huisnummerLetterToev><BAGidAdresseerbaarObject>0114010000305274</BAGidAdresseerbaarObject></adres></themabijlagePerNetbeheerder><themabijlagePerNetbeheerder><soortBijlage>huisaansluiting</soortBijlage><bestandLocatie>bronnen/KL1051/nl.imkl-KL1051.HC_18.HA_datatransport_KPN_21G004651_7826BR_85_1.PDF.pdf</bestandLocatie><bestandMediaType xlink:href="http://definities.geostandaarden.nl/imkl2015/id/waarde/BestandMediaTypeValue/PDF"/><bestandIdentificator>nl.imkl-KL1051.HC_18.HA_datatransport_KPN_21G004651_7826BR_85_1.PDF</bestandIdentificator><adres><postcode>7826BR</postcode><huisnummerLetterToev>85</huisnummerLetterToev><BAGidAdresseerbaarObject>0114010000375899</BAGidAdresseerbaarObject></adres></themabijlagePerNetbeheerder><themabijlagePerNetbeheerder><soortBijlage>huisaansluiting</soortBijlage><bestandLocatie>bronnen/KL1051/nl.imkl-KL1051.HC_19.HA_datatransport_KPN_21G004651_7826BR_86_1.PDF.pdf</bestandLocatie><bestandMediaType xlink:href="http://definities.geostandaarden.nl/imkl2015/id/waarde/BestandMediaTypeValue/PDF"/><bestandIdentificator>nl.imkl-KL1051.HC_19.HA_datatransport_KPN_21G004651_7826BR_86_1.PDF</bestandIdentificator><adres><postcode>7826BR</postcode><huisnummerLetterToev>86</huisnummerLetterToev><BAGidAdresseerbaarObject>0114010000320572</BAGidAdresseerbaarObject></adres></themabijlagePerNetbeheerder><themabijlagePerNetbeheerder><soortBijlage>huisaansluiting</soortBijlage><bestandLocatie>bronnen/KL1051/nl.imkl-KL1051.HC_20.HA_datatransport_KPN_21G004651_7826BR_93_1.PDF.pdf</bestandLocatie><bestandMediaType xlink:href="http://definities.geostandaarden.nl/imkl2015/id/waarde/BestandMediaTypeValue/PDF"/><bestandIdentificator>nl.imkl-KL1051.HC_20.HA_datatransport_KPN_21G004651_7826BR_93_1.PDF</bestandIdentificator><adres><postcode>7826BR</postcode><huisnummerLetterToev>93</huisnummerLetterToev><BAGidAdresseerbaarObject>0114010000274435</BAGidAdresseerbaarObject></adres></themabijlagePerNetbeheerder><themabijlagePerNetbeheerder><soortBijlage>huisaansluiting</soortBijlage><bestandLocatie>bronnen/KL1051/nl.imkl-KL1051.HC_21.HA_datatransport_KPN_21G004651_7826BR_94_1.PDF.pdf</bestandLocatie><bestandMediaType xlink:href="http://definities.geostandaarden.nl/imkl2015/id/waarde/BestandMediaTypeValue/PDF"/><bestandIdentificator>nl.imkl-KL1051.HC_21.HA_datatransport_KPN_21G004651_7826BR_94_1.PDF</bestandIdentificator><adres><postcode>7826BR</postcode><huisnummerLetterToev>94</huisnummerLetterToev><BAGidAdresseerbaarObject>0114010000333980</BAGidAdresseerbaarObject></adres></themabijlagePerNetbeheerder><themabijlagePerNetbeheerder><soortBijlage>huisaansluiting</soortBijlage><bestandLocatie>bronnen/KL1051/nl.imkl-KL1051.HC_22.HA_datatransport_KPN_21G004651_7826BS_44_1.PDF.pdf</bestandLocatie><bestandMediaType xlink:href="http://definities.geostandaarden.nl/imkl2015/id/waarde/BestandMediaTypeValue/PDF"/><bestandIdentificator>nl.imkl-KL1051.HC_22.HA_datatransport_KPN_21G004651_7826BS_44_1.PDF</bestandIdentificator><adres><postcode>7826BS</postcode><huisnummerLetterToev>44</huisnummerLetterToev><BAGidAdresseerbaarObject>0114010000356794</BAGidAdresseerbaarObject></adres></themabijlagePerNetbeheerder><themabijlagePerNetbeheerder><soortBijlage>huisaansluiting</soortBijlage><bestandLocatie>bronnen/KL1051/nl.imkl-KL1051.HC_23.HA_datatransport_KPN_21G004651_7826BV_27_1.PDF.pdf</bestandLocatie><bestandMediaType xlink:href="http://definities.geostandaarden.nl/imkl2015/id/waarde/BestandMediaTypeValue/PDF"/><bestandIdentificator>nl.imkl-KL1051.HC_23.HA_datatransport_KPN_21G004651_7826BV_27_1.PDF</bestandIdentificator><adres><postcode>7826BV</postcode><huisnummerLetterToev>27</huisnummerLetterToev><BAGidAdresseerbaarObject>0114010000343634</BAGidAdresseerbaarObject></adres></themabijlagePerNetbeheerder><themabijlagePerNetbeheerder><soortBijlage>huisaansluiting</soortBijlage><bestandLocatie>bronnen/KL1051/nl.imkl-KL1051.HC_24.HA_datatransport_KPN_21G004651_7826BZ_10_1.PDF.pdf</bestandLocatie><bestandMediaType xlink:href="http://definities.geostandaarden.nl/imkl2015/id/waarde/BestandMediaTypeValue/PDF"/><bestandIdentificator>nl.imkl-KL1051.HC_24.HA_datatransport_KPN_21G004651_7826BZ_10_1.PDF</bestandIdentificator><adres><postcode>7826BZ</postcode><huisnummerLetterToev>10</huisnummerLetterToev><BAGidAdresseerbaarObject>0114010000278281</BAGidAdresseerbaarObject></adres></themabijlagePerNetbeheerder><themabijlagePerNetbeheerder><soortBijlage>huisaansluiting</soortBijlage><bestandLocatie>bronnen/KL1051/nl.imkl-KL1051.HC_25.HA_datatransport_KPN_21G004651_7826BZ_12_1.PDF.pdf</bestandLocatie><bestandMediaType xlink:href="http://definities.geostandaarden.nl/imkl2015/id/waarde/BestandMediaTypeValue/PDF"/><bestandIdentificator>nl.imkl-KL1051.HC_25.HA_datatransport_KPN_21G004651_7826BZ_12_1.PDF</bestandIdentificator><adres><postcode>7826BZ</postcode><huisnummerLetterToev>12</huisnummerLetterToev><BAGidAdresseerbaarObject>0114010000312816</BAGidAdresseerbaarObject></adres></themabijlagePerNetbeheerder><themabijlagePerNetbeheerder><soortBijlage>huisaansluiting</soortBijlage><bestandLocatie>bronnen/KL1051/nl.imkl-KL1051.HC_26.HA_datatransport_KPN_21G004651_7826BZ_4_1.PDF.pdf</bestandLocatie><bestandMediaType xlink:href="http://definities.geostandaarden.nl/imkl2015/id/waarde/BestandMediaTypeValue/PDF"/><bestandIdentificator>nl.imkl-KL1051.HC_26.HA_datatransport_KPN_21G004651_7826BZ_4_1.PDF</bestandIdentificator><adres><postcode>7826BZ</postcode><huisnummerLetterToev>4</huisnummerLetterToev><BAGidAdresseerbaarObject>0114010000329822</BAGidAdresseerbaarObject></adres></themabijlagePerNetbeheerder><themabijlagePerNetbeheerder><soortBijlage>huisaansluiting</soortBijlage><bestandLocatie>bronnen/KL1051/nl.imkl-KL1051.HC_27.HA_datatransport_KPN_21G004651_7826BZ_6_1.PDF.pdf</bestandLocatie><bestandMediaType xlink:href="http://definities.geostandaarden.nl/imkl2015/id/waarde/BestandMediaTypeValue/PDF"/><bestandIdentificator>nl.imkl-KL1051.HC_27.HA_datatransport_KPN_21G004651_7826BZ_6_1.PDF</bestandIdentificator><adres><postcode>7826BZ</postcode><huisnummerLetterToev>6</huisnummerLetterToev><BAGidAdresseerbaarObject>0114010000380289</BAGidAdresseerbaarObject></adres></themabijlagePerNetbeheerder><themabijlagePerNetbeheerder><soortBijlage>huisaansluiting</soortBijlage><bestandLocatie>bronnen/KL1051/nl.imkl-KL1051.HC_28.HA_datatransport_KPN_21G004651_7826BZ_8_1.PDF.pdf</bestandLocatie><bestandMediaType xlink:href="http://definities.geostandaarden.nl/imkl2015/id/waarde/BestandMediaTypeValue/PDF"/><bestandIdentificator>nl.imkl-KL1051.HC_28.HA_datatransport_KPN_21G004651_7826BZ_8_1.PDF</bestandIdentificator><adres><postcode>7826BZ</postcode><huisnummerLetterToev>8</huisnummerLetterToev><BAGidAdresseerbaarObject>0114010000326112</BAGidAdresseerbaarObject></adres></themabijlagePerNetbeheerder><themabijlagePerNetbeheerder><soortBijlage>huisaansluiting</soortBijlage><bestandLocatie>bronnen/KL1051/nl.imkl-KL1051.HC_29.HA_datatransport_KPN_21G004651_7826EB_33_1.PDF.pdf</bestandLocatie><bestandMediaType xlink:href="http://definities.geostandaarden.nl/imkl2015/id/waarde/BestandMediaTypeValue/PDF"/><bestandIdentificator>nl.imkl-KL1051.HC_29.HA_datatransport_KPN_21G004651_7826EB_33_1.PDF</bestandIdentificator><adres><postcode>7826EB</postcode><huisnummerLetterToev>33</huisnummerLetterToev><BAGidAdresseerbaarObject>0114010000335210</BAGidAdresseerbaarObject></adres></themabijlagePerNetbeheerder><themabijlagePerNetbeheerder><soortBijlage>huisaansluiting</soortBijlage><bestandLocatie>bronnen/KL1051/nl.imkl-KL1051.HC_30.HA_datatransport_KPN_21G004651_7826EE_41_1.PDF.pdf</bestandLocatie><bestandMediaType xlink:href="http://definities.geostandaarden.nl/imkl2015/id/waarde/BestandMediaTypeValue/PDF"/><bestandIdentificator>nl.imkl-KL1051.HC_30.HA_datatransport_KPN_21G004651_7826EE_41_1.PDF</bestandIdentificator><adres><postcode>7826EE</postcode><huisnummerLetterToev>41</huisnummerLetterToev><BAGidAdresseerbaarObject>0114010000375901</BAGidAdresseerbaarObject></adres></themabijlagePerNetbeheerder><themabijlagePerNetbeheerder><soortBijlage>huisaansluiting</soortBijlage><bestandLocatie>bronnen/KL1051/nl.imkl-KL1051.HC_31.HA_datatransport_KPN_21G004651_7826EE_43_1.PDF.pdf</bestandLocatie><bestandMediaType xlink:href="http://definities.geostandaarden.nl/imkl2015/id/waarde/BestandMediaTypeValue/PDF"/><bestandIdentificator>nl.imkl-KL1051.HC_31.HA_datatransport_KPN_21G004651_7826EE_43_1.PDF</bestandIdentificator><adres><postcode>7826EE</postcode><huisnummerLetterToev>43</huisnummerLetterToev><BAGidAdresseerbaarObject>0114010000321928</BAGidAdresseerbaarObject></adres></themabijlagePerNetbeheerder><themabijlagePerNetbeheerder><soortBijlage>huisaansluiting</soortBijlage><bestandLocatie>bronnen/KL1051/nl.imkl-KL1051.HC_32.HA_datatransport_KPN_21G004651_7826EJ_58_1.PDF.pdf</bestandLocatie><bestandMediaType xlink:href="http://definities.geostandaarden.nl/imkl2015/id/waarde/BestandMediaTypeValue/PDF"/><bestandIdentificator>nl.imkl-KL1051.HC_32.HA_datatransport_KPN_21G004651_7826EJ_58_1.PDF</bestandIdentificator><adres><postcode>7826EJ</postcode><huisnummerLetterToev>58</huisnummerLetterToev><BAGidAdresseerbaarObject>0114010000333976</BAGidAdresseerbaarObject></adres></themabijlagePerNetbeheerder><themabijlagePerNetbeheerder><soortBijlage>huisaansluiting</soortBijlage><bestandLocatie>bronnen/KL1051/nl.imkl-KL1051.HC_33.HA_datatransport_KPN_21G004651_7826ES_111_1.PDF.pdf</bestandLocatie><bestandMediaType xlink:href="http://definities.geostandaarden.nl/imkl2015/id/waarde/BestandMediaTypeValue/PDF"/><bestandIdentificator>nl.imkl-KL1051.HC_33.HA_datatransport_KPN_21G004651_7826ES_111_1.PDF</bestandIdentificator><adres><postcode>7826ES</postcode><huisnummerLetterToev>111</huisnummerLetterToev><BAGidAdresseerbaarObject>0114010000278813</BAGidAdresseerbaarObject></adres></themabijlagePerNetbeheerder><themabijlagePerNetbeheerder><soortBijlage>huisaansluiting</soortBijlage><bestandLocatie>bronnen/KL1051/nl.imkl-KL1051.HC_34.HA_datatransport_KPN_21G004651_7826ES_113_1.PDF.pdf</bestandLocatie><bestandMediaType xlink:href="http://definities.geostandaarden.nl/imkl2015/id/waarde/BestandMediaTypeValue/PDF"/><bestandIdentificator>nl.imkl-KL1051.HC_34.HA_datatransport_KPN_21G004651_7826ES_113_1.PDF</bestandIdentificator><adres><postcode>7826ES</postcode><huisnummerLetterToev>113</huisnummerLetterToev><BAGidAdresseerbaarObject>0114010000343630</BAGidAdresseerbaarObject></adres></themabijlagePerNetbeheerder><themabijlagePerNetbeheerder><soortBijlage>huisaansluiting</soortBijlage><bestandLocatie>bronnen/KL1051/nl.imkl-KL1051.HC_35.HA_datatransport_KPN_21G004651_7826ES_115_1.PDF.pdf</bestandLocatie><bestandMediaType xlink:href="http://definities.geostandaarden.nl/imkl2015/id/waarde/BestandMediaTypeValue/PDF"/><bestandIdentificator>nl.imkl-KL1051.HC_35.HA_datatransport_KPN_21G004651_7826ES_115_1.PDF</bestandIdentificator><adres><postcode>7826ES</postcode><huisnummerLetterToev>115</huisnummerLetterToev><BAGidAdresseerbaarObject>0114010000343632</BAGidAdresseerbaarObject></adres></themabijlagePerNetbeheerder><themabijlagePerNetbeheerder><soortBijlage>huisaansluiting</soortBijlage><bestandLocatie>bronnen/KL1051/nl.imkl-KL1051.HC_36.HA_datatransport_KPN_21G004651_7826ES_117_1.PDF.pdf</bestandLocatie><bestandMediaType xlink:href="http://definities.geostandaarden.nl/imkl2015/id/waarde/BestandMediaTypeValue/PDF"/><bestandIdentificator>nl.imkl-KL1051.HC_36.HA_datatransport_KPN_21G004651_7826ES_117_1.PDF</bestandIdentificator><adres><postcode>7826ES</postcode><huisnummerLetterToev>117</huisnummerLetterToev><BAGidAdresseerbaarObject>0114010000316760</BAGidAdresseerbaarObject></adres></themabijlagePerNetbeheerder><themabijlagePerNetbeheerder><soortBijlage>huisaansluiting</soortBijlage><bestandLocatie>bronnen/KL1051/nl.imkl-KL1051.HC_37.HA_datatransport_KPN_21G004651_7826ES_119_1.PDF.pdf</bestandLocatie><bestandMediaType xlink:href="http://definities.geostandaarden.nl/imkl2015/id/waarde/BestandMediaTypeValue/PDF"/><bestandIdentificator>nl.imkl-KL1051.HC_37.HA_datatransport_KPN_21G004651_7826ES_119_1.PDF</bestandIdentificator><adres><postcode>7826ES</postcode><huisnummerLetterToev>119</huisnummerLetterToev><BAGidAdresseerbaarObject>0114010000278817</BAGidAdresseerbaarObject></adres></themabijlagePerNetbeheerder><themabijlagePerNetbeheerder><soortBijlage>huisaansluiting</soortBijlage><bestandLocatie>bronnen/KL1051/nl.imkl-KL1051.HC_38.HA_datatransport_KPN_21G004651_7826ES_121_1.PDF.pdf</bestandLocatie><bestandMediaType xlink:href="http://definities.geostandaarden.nl/imkl2015/id/waarde/BestandMediaTypeValue/PDF"/><bestandIdentificator>nl.imkl-KL1051.HC_38.HA_datatransport_KPN_21G004651_7826ES_121_1.PDF</bestandIdentificator><adres><postcode>7826ES</postcode><huisnummerLetterToev>121</huisnummerLetterToev><BAGidAdresseerbaarObject>0114010000330104</BAGidAdresseerbaarObject></adres></themabijlagePerNetbeheerder><themabijlagePerNetbeheerder><soortBijlage>huisaansluiting</soortBijlage><bestandLocatie>bronnen/KL1051/nl.imkl-KL1051.HC_39.HA_datatransport_KPN_21G004651_7826ES_123_1.PDF.pdf</bestandLocatie><bestandMediaType xlink:href="http://definities.geostandaarden.nl/imkl2015/id/waarde/BestandMediaTypeValue/PDF"/><bestandIdentificator>nl.imkl-KL1051.HC_39.HA_datatransport_KPN_21G004651_7826ES_123_1.PDF</bestandIdentificator><adres><postcode>7826ES</postcode><huisnummerLetterToev>123</huisnummerLetterToev><BAGidAdresseerbaarObject>0114010000357086</BAGidAdresseerbaarObject></adres></themabijlagePerNetbeheerder><themabijlagePerNetbeheerder><soortBijlage>huisaansluiting</soortBijlage><bestandLocatie>bronnen/KL1051/nl.imkl-KL1051.HC_40.HA_datatransport_KPN_21G004651_7826ES_125_1.PDF.pdf</bestandLocatie><bestandMediaType xlink:href="http://definities.geostandaarden.nl/imkl2015/id/waarde/BestandMediaTypeValue/PDF"/><bestandIdentificator>nl.imkl-KL1051.HC_40.HA_datatransport_KPN_21G004651_7826ES_125_1.PDF</bestandIdentificator><adres><postcode>7826ES</postcode><huisnummerLetterToev>125</huisnummerLetterToev><BAGidAdresseerbaarObject>0114010000278815</BAGidAdresseerbaarObject></adres></themabijlagePerNetbeheerder><themabijlagePerNetbeheerder><soortBijlage>huisaansluiting</soortBijlage><bestandLocatie>bronnen/KL1051/nl.imkl-KL1051.HC_41.HA_datatransport_KPN_21G004651_7826EW_76_1.PDF.pdf</bestandLocatie><bestandMediaType xlink:href="http://definities.geostandaarden.nl/imkl2015/id/waarde/BestandMediaTypeValue/PDF"/><bestandIdentificator>nl.imkl-KL1051.HC_41.HA_datatransport_KPN_21G004651_7826EW_76_1.PDF</bestandIdentificator><adres><postcode>7826EW</postcode><huisnummerLetterToev>76</huisnummerLetterToev><BAGidAdresseerbaarObject>0114010000357352</BAGidAdresseerbaarObject></adres></themabijlagePerNetbeheerder><themabijlagePerNetbeheerder><soortBijlage>huisaansluiting</soortBijlage><bestandLocatie>bronnen/KL1051/nl.imkl-KL1051.HC_42.HA_datatransport_KPN_21G004651_7826EW_78_1.PDF.pdf</bestandLocatie><bestandMediaType xlink:href="http://definities.geostandaarden.nl/imkl2015/id/waarde/BestandMediaTypeValue/PDF"/><bestandIdentificator>nl.imkl-KL1051.HC_42.HA_datatransport_KPN_21G004651_7826EW_78_1.PDF</bestandIdentificator><adres><postcode>7826EW</postcode><huisnummerLetterToev>78</huisnummerLetterToev><BAGidAdresseerbaarObject>0114010000357350</BAGidAdresseerbaarObject></adres></themabijlagePerNetbeheerder><themabijlagePerNetbeheerder><soortBijlage>huisaansluiting</soortBijlage><bestandLocatie>bronnen/KL1051/nl.imkl-KL1051.HC_43.HA_datatransport_KPN_21G004651_7826EW_80_1.PDF.pdf</bestandLocatie><bestandMediaType xlink:href="http://definities.geostandaarden.nl/imkl2015/id/waarde/BestandMediaTypeValue/PDF"/><bestandIdentificator>nl.imkl-KL1051.HC_43.HA_datatransport_KPN_21G004651_7826EW_80_1.PDF</bestandIdentificator><adres><postcode>7826EW</postcode><huisnummerLetterToev>80</huisnummerLetterToev><BAGidAdresseerbaarObject>0114010000303706</BAGidAdresseerbaarObject></adres></themabijlagePerNetbeheerder><themabijlagePerNetbeheerder><soortBijlage>huisaansluiting</soortBijlage><bestandLocatie>bronnen/KL1051/nl.imkl-KL1051.HC_44.HA_datatransport_KPN_21G004651_7826EW_82_1.PDF.pdf</bestandLocatie><bestandMediaType xlink:href="http://definities.geostandaarden.nl/imkl2015/id/waarde/BestandMediaTypeValue/PDF"/><bestandIdentificator>nl.imkl-KL1051.HC_44.HA_datatransport_KPN_21G004651_7826EW_82_1.PDF</bestandIdentificator><adres><postcode>7826EW</postcode><huisnummerLetterToev>82</huisnummerLetterToev><BAGidAdresseerbaarObject>0114010000370987</BAGidAdresseerbaarObject></adres></themabijlagePerNetbeheerder><themabijlagePerNetbeheerder><soortBijlage>huisaansluiting</soortBijlage><bestandLocatie>bronnen/KL1051/nl.imkl-KL1051.HC_45.HA_datatransport_KPN_21G004651_7826EX_88_1.PDF.pdf</bestandLocatie><bestandMediaType xlink:href="http://definities.geostandaarden.nl/imkl2015/id/waarde/BestandMediaTypeValue/PDF"/><bestandIdentificator>nl.imkl-KL1051.HC_45.HA_datatransport_KPN_21G004651_7826EX_88_1.PDF</bestandIdentificator><adres><postcode>7826EX</postcode><huisnummerLetterToev>88</huisnummerLetterToev><BAGidAdresseerbaarObject>0114010000356798</BAGidAdresseerbaarObject></adres></themabijlagePerNetbeheerder><themabijlagePerNetbeheerder><soortBijlage>huisaansluiting</soortBijlage><bestandLocatie>bronnen/KL1051/nl.imkl-KL1051.HC_46.HA_datatransport_KPN_21G004651_7826EX_96_1.PDF.pdf</bestandLocatie><bestandMediaType xlink:href="http://definities.geostandaarden.nl/imkl2015/id/waarde/BestandMediaTypeValue/PDF"/><bestandIdentificator>nl.imkl-KL1051.HC_46.HA_datatransport_KPN_21G004651_7826EX_96_1.PDF</bestandIdentificator><adres><postcode>7826EX</postcode><huisnummerLetterToev>96</huisnummerLetterToev><BAGidAdresseerbaarObject>0114010000343338</BAGidAdresseerbaarObject></adres></themabijlagePerNetbeheerder><themabijlagePerNetbeheerder><soortBijlage>huisaansluiting</soortBijlage><bestandLocatie>bronnen/KL1051/nl.imkl-KL1051.HC_47.HA_datatransport_KPN_21G004651_7826HC_101_1.PDF.pdf</bestandLocatie><bestandMediaType xlink:href="http://definities.geostandaarden.nl/imkl2015/id/waarde/BestandMediaTypeValue/PDF"/><bestandIdentificator>nl.imkl-KL1051.HC_47.HA_datatransport_KPN_21G004651_7826HC_101_1.PDF</bestandIdentificator><adres><postcode>7826HC</postcode><huisnummerLetterToev>101</huisnummerLetterToev><BAGidAdresseerbaarObject>0114010000347800</BAGidAdresseerbaarObject></adres></themabijlagePerNetbeheerder><themabijlagePerNetbeheerder><soortBijlage>huisaansluiting</soortBijlage><bestandLocatie>bronnen/KL1051/nl.imkl-KL1051.HC_48.HA_datatransport_KPN_21G004651_7826HC_99_1.PDF.pdf</bestandLocatie><bestandMediaType xlink:href="http://definities.geostandaarden.nl/imkl2015/id/waarde/BestandMediaTypeValue/PDF"/><bestandIdentificator>nl.imkl-KL1051.HC_48.HA_datatransport_KPN_21G004651_7826HC_99_1.PDF</bestandIdentificator><adres><postcode>7826HC</postcode><huisnummerLetterToev>99</huisnummerLetterToev><BAGidAdresseerbaarObject>0114010000307696</BAGidAdresseerbaarObject></adres></themabijlagePerNetbeheerder><themabijlagePerNetbeheerder><soortBijlage>huisaansluiting</soortBijlage><bestandLocatie>bronnen/KL1051/nl.imkl-KL1051.HC_49.HA_datatransport_KPN_21G004651_7826HX_46_1.PDF.pdf</bestandLocatie><bestandMediaType xlink:href="http://definities.geostandaarden.nl/imkl2015/id/waarde/BestandMediaTypeValue/PDF"/><bestandIdentificator>nl.imkl-KL1051.HC_49.HA_datatransport_KPN_21G004651_7826HX_46_1.PDF</bestandIdentificator><adres><postcode>7826HX</postcode><huisnummerLetterToev>46</huisnummerLetterToev><BAGidAdresseerbaarObject>0114010000289316</BAGidAdresseerbaarObject></adres></themabijlagePerNetbeheerder><themabijlagePerNetbeheerder><soortBijlage>huisaansluiting</soortBijlage><bestandLocatie>bronnen/KL1051/nl.imkl-KL1051.HC_50.HA_datatransport_KPN_21G004651_7826HX_48_1.PDF.pdf</bestandLocatie><bestandMediaType xlink:href="http://definities.geostandaarden.nl/imkl2015/id/waarde/BestandMediaTypeValue/PDF"/><bestandIdentificator>nl.imkl-KL1051.HC_50.HA_datatransport_KPN_21G004651_7826HX_48_1.PDF</bestandIdentificator><adres><postcode>7826HX</postcode><huisnummerLetterToev>48</huisnummerLetterToev><BAGidAdresseerbaarObject>0114010000375679</BAGidAdresseerbaarObject></adres></themabijlagePerNetbeheerder><themabijlagePerNetbeheerder><soortBijlage>huisaansluiting</soortBijlage><bestandLocatie>bronnen/KL1051/nl.imkl-KL1051.HC_51.HA_datatransport_KPN_21G004651_7826HX_54_1.PDF.pdf</bestandLocatie><bestandMediaType xlink:href="http://definities.geostandaarden.nl/imkl2015/id/waarde/BestandMediaTypeValue/PDF"/><bestandIdentificator>nl.imkl-KL1051.HC_51.HA_datatransport_KPN_21G004651_7826HX_54_1.PDF</bestandIdentificator><adres><postcode>7826HX</postcode><huisnummerLetterToev>54</huisnummerLetterToev><BAGidAdresseerbaarObject>0114010000348652</BAGidAdresseerbaarObject></adres></themabijlagePerNetbeheerder></beheerdersinformatie></belanghebbende><belanghebbende><bronhoudercode>KL1031</bronhoudercode><beheerdersinformatieVersie>IMKL1.2</beheerdersinformatieVersie></belanghebbende></Leveringsinformatie>