<?xml version="1.0" encoding="UTF-8"?><gml:FeatureCollection gml:id="nl.imkl-KA0000._FeatureCollection_17G000041-1" xsi:schemaLocation="http://www.geostandaarden.nl/imkl/2015/wion/1.2 http://register.geostandaarden.nl/gmlapplicatieschema/imkl2015/1.2.1/imkl2015-wion.xsd" xmlns:us-net-sw="http://inspire.ec.europa.eu/schemas/us-net-sw/4.0" xmlns:us-net-el="http://inspire.ec.europa.eu/schemas/us-net-el/4.0" xmlns:gml="http://www.opengis.net/gml/3.2" xmlns:us-net-wa="http://inspire.ec.europa.eu/schemas/us-net-wa/4.0" xmlns:us-net-tc="http://inspire.ec.europa.eu/schemas/us-net-tc/4.0" xmlns:us-net-ogc="http://inspire.ec.europa.eu/schemas/us-net-ogc/4.0" xmlns:xsi="http://www.w3.org/2001/XMLSchema-instance" xmlns:us-net-th="http://inspire.ec.europa.eu/schemas/us-net-th/4.0" xmlns:base2="http://inspire.ec.europa.eu/schemas/base2/2.0" xmlns:imkl="http://www.geostandaarden.nl/imkl/2015/wion/1.2" xmlns:us-net-common="http://inspire.ec.europa.eu/schemas/us-net-common/4.0" xmlns:net="http://inspire.ec.europa.eu/schemas/net/4.0" xmlns:xlink="http://www.w3.org/1999/xlink" xmlns:base="http://inspire.ec.europa.eu/schemas/base/3.3">
    <gml:boundedBy>
        <gml:Envelope srsName="urn:ogc:def:crs:EPSG::28992" srsDimension="2">
            <gml:lowerCorner>154700.0 389400.0</gml:lowerCorner>
            <gml:upperCorner>154800.0 389500.0</gml:upperCorner>
        </gml:Envelope>
    </gml:boundedBy>
    <gml:featureMember>
        <imkl:GebiedsinformatieLevering gml:id="nl.imkl-KA0000._GebiedsinformatieLevering_17G000041-1">
            <imkl:identificatie>
                <imkl:NEN3610ID>
                    <imkl:namespace>nl.imkl</imkl:namespace>
                    <imkl:lokaalID>KA0000._GebiedsinformatieLevering_17G000041</imkl:lokaalID>
                    <imkl:versie>1</imkl:versie>
                </imkl:NEN3610ID>
            </imkl:identificatie>
            <imkl:beginLifespanVersion>2018-09-05T17:28:44.453+02:00</imkl:beginLifespanVersion>
            <imkl:leveringsvolgnummer>1</imkl:leveringsvolgnummer>
            <imkl:datumLeveringSamengesteld>2018-09-05T17:28:44.453+02:00</imkl:datumLeveringSamengesteld>
            <imkl:indicatieLeveringCompleet>false</imkl:indicatieLeveringCompleet>
            <imkl:achtergrondkaart>
                <imkl:Achtergrondkaart>
                    <imkl:achtergrondkaartSoort xlink:href="http://definities.geostandaarden.nl/imkl2015/id/waarde/AchtergrondkaartSoortValue/bgtBestaand"/>
                    <imkl:kaartreferentie>bronnen/GB_17G000041.png</imkl:kaartreferentie>
                </imkl:Achtergrondkaart>
            </imkl:achtergrondkaart>
            <imkl:belanghebbende xlink:href="nl.imkl-KL4141._Belanghebbende_17G000041-1"/>
            <imkl:aanvraag xlink:href="nl.imkl-KA0000._GebiedsinformatieAanvraag_17G000041"/>
        </imkl:GebiedsinformatieLevering>
    </gml:featureMember>
    <gml:featureMember>
        <imkl:GebiedsinformatieAanvraag gml:id="nl.imkl-KA0000._GebiedsinformatieAanvraag_17G000041">
            <imkl:identificatie>
                <imkl:NEN3610ID>
                    <imkl:namespace>nl.imkl</imkl:namespace>
                    <imkl:lokaalID>KA0000._GebiedsinformatieAanvraag_17G000041</imkl:lokaalID>
                </imkl:NEN3610ID>
            </imkl:identificatie>
            <imkl:beginLifespanVersion>2018-09-05T16:22:48.000+02:00</imkl:beginLifespanVersion>
            <imkl:ordernummer>2015018708</imkl:ordernummer>
            <imkl:positienummer>0000000050</imkl:positienummer>
            <imkl:klicMeldnummer>17G000041</imkl:klicMeldnummer>
            <imkl:aanvrager>
                <imkl:Aanvrager>
                    <imkl:contactpersoon>
                        <imkl:Contact>
                            <imkl:naam>Herman de Tester</imkl:naam>
                            <imkl:telefoon>(088) 183 36 30</imkl:telefoon>
                            <imkl:email>Test.Melder@decenter.nl</imkl:email>
                        </imkl:Contact>
                    </imkl:contactpersoon>
                    <imkl:organisatie>
                        <imkl:Organisatie>
                            <imkl:naam>Decenter</imkl:naam>
                            <imkl:bezoekAdres>
                                <imkl:Adres>
                                    <imkl:openbareRuimteNaam>Laan van Westenenk</imkl:openbareRuimteNaam>
                                    <imkl:huisnummer>701</imkl:huisnummer>
                                    <imkl:woonplaatsNaam>APELDOORN</imkl:woonplaatsNaam>
                                    <imkl:postcode>7334 DP</imkl:postcode>
                                    <imkl:landcode>NL</imkl:landcode>
                                </imkl:Adres>
                            </imkl:bezoekAdres>
                        </imkl:Organisatie>
                    </imkl:organisatie>
                </imkl:Aanvrager>
            </imkl:aanvrager>
            <imkl:opdrachtgever>
                <imkl:Opdrachtgever>
                    <imkl:contactpersoon>
                        <imkl:Contact>
                            <imkl:naam>J. Roelofsen</imkl:naam>
                            <imkl:telefoon>(088) 183 20 00</imkl:telefoon>
                            <imkl:email>noreply@gem-apeldoorn.nl</imkl:email>
                        </imkl:Contact>
                    </imkl:contactpersoon>
                    <imkl:organisatie>
                        <imkl:Organisatie>
                            <imkl:naam>Gemeente Apeldoorn</imkl:naam>
                            <imkl:bezoekAdres>
                                <imkl:Adres>
                                    <imkl:openbareRuimteNaam>Hofstraat</imkl:openbareRuimteNaam>
                                    <imkl:huisnummer>110</imkl:huisnummer>
                                    <imkl:woonplaatsNaam>Apeldoorn</imkl:woonplaatsNaam>
                                    <imkl:postcode>7311KZ</imkl:postcode>
                                    <imkl:landcode>NL</imkl:landcode>
                                </imkl:Adres>
                            </imkl:bezoekAdres>
                        </imkl:Organisatie>
                    </imkl:organisatie>
                </imkl:Opdrachtgever>
            </imkl:opdrachtgever>
            <imkl:aanvraagSoort xlink:href="http://definities.geostandaarden.nl/imkl2015/id/waarde/AanvraagSoortValue/graafmelding"/>
            <imkl:aanvraagDatum>2018-09-05T16:22:48.000+02:00</imkl:aanvraagDatum>
            <imkl:soortWerkzaamheden xlink:href="http://definities.geostandaarden.nl/imkl2015/id/waarde/SoortWerkzaamhedenValue/baggerwerk"/>
            <imkl:omschrijvingWerkzaamheden>test_justin</imkl:omschrijvingWerkzaamheden>
            <imkl:locatieWerkzaamheden>Boomheuvel 19 5685AA Best NL</imkl:locatieWerkzaamheden>
            <imkl:startDatum>2018-09-08</imkl:startDatum>
            <imkl:eindDatum>2018-09-12</imkl:eindDatum>
            <imkl:huisaansluitingAdressen>
                <imkl:Adres>
                    <imkl:openbareRuimteNaam>Boomheuvel</imkl:openbareRuimteNaam>
                    <imkl:huisnummer>19</imkl:huisnummer>
                    <imkl:woonplaatsNaam>Best</imkl:woonplaatsNaam>
                    <imkl:postcode>5685AA</imkl:postcode>
                    <imkl:BAGidAdresseerbaarObject>0753200000080220</imkl:BAGidAdresseerbaarObject>
                </imkl:Adres>
            </imkl:huisaansluitingAdressen>
            <imkl:graafpolygoon xlink:href="nl.imkl-KA0000._Graafpolygoon_17G000041"/>
        </imkl:GebiedsinformatieAanvraag>
    </gml:featureMember>
    <gml:featureMember>
        <imkl:Graafpolygoon gml:id="nl.imkl-KA0000._Graafpolygoon_17G000041">
            <imkl:identificatie>
                <imkl:NEN3610ID>
                    <imkl:namespace>nl.imkl</imkl:namespace>
                    <imkl:lokaalID>KA0000._Graafpolygoon_17G000041</imkl:lokaalID>
                </imkl:NEN3610ID>
            </imkl:identificatie>
            <imkl:beginLifespanVersion>2018-09-05T16:22:48.000+02:00</imkl:beginLifespanVersion>
            <imkl:geometrie>
                <gml:Polygon srsName="urn:ogc:def:crs:EPSG::28992" srsDimension="2" gml:id="nl.imkl-KA0000._Graafpolygoon_17G000041_geo">
                    <gml:exterior>
                        <gml:LinearRing>
                            <gml:posList>154700.0 389400.0 154800.0 389400.0 154800.0 389500.0 154700.0 389500.0 154700.0 389400.0</gml:posList>
                        </gml:LinearRing>
                    </gml:exterior>
                </gml:Polygon>
            </imkl:geometrie>
        </imkl:Graafpolygoon>
    </gml:featureMember>
    <gml:featureMember>
        <imkl:Belanghebbende gml:id="nl.imkl-KL4141._Belanghebbende_17G000041-1">
            <imkl:identificatie>
                <imkl:NEN3610ID>
                    <imkl:namespace>nl.imkl</imkl:namespace>
                    <imkl:lokaalID>KL4141._Belanghebbende_17G000041</imkl:lokaalID>
                    <imkl:versie>1</imkl:versie>
                </imkl:NEN3610ID>
            </imkl:identificatie>
            <imkl:beginLifespanVersion>2018-09-05T17:25:52.000+02:00</imkl:beginLifespanVersion>
            <imkl:beheerdersinformatieGeleverd>true</imkl:beheerdersinformatieGeleverd>
            <imkl:betrokkenBijAanvraag>false</imkl:betrokkenBijAanvraag>
            <imkl:eisVoorzorgsmaatregel>false</imkl:eisVoorzorgsmaatregel>
            <imkl:netbeheerder xlink:href="nl.imkl-KL4141._Beheerder"/>
        </imkl:Belanghebbende>
    </gml:featureMember>
    <gml:featureMember>
        <imkl:Beheerder gml:id="nl.imkl-KL4141._Beheerder">
            <imkl:identificatie>
                <imkl:NEN3610ID>
                    <imkl:namespace>nl.imkl</imkl:namespace>
                    <imkl:lokaalID>KL4141._Beheerder</imkl:lokaalID>
                </imkl:NEN3610ID>
            </imkl:identificatie>
            <imkl:beginLifespanVersion>2000-01-01T00:00:00.000+01:00</imkl:beginLifespanVersion>
            <imkl:bronhoudercode>KL4141</imkl:bronhoudercode>
            <imkl:websiteKlic>https://www.decenter.nl/klic_pagina</imkl:websiteKlic>
            <imkl:organisatie>
                <imkl:Organisatie>
                    <imkl:naam>Decenter</imkl:naam>
                </imkl:Organisatie>
            </imkl:organisatie>
        </imkl:Beheerder>
    </gml:featureMember>
</gml:FeatureCollection>