<?xml version="1.0" encoding="UTF-8" standalone="yes"?>
<Leveringsinformatie xmlns="http://www.kadaster.nl/schemas/klic/leveringsinformatie/v20180418" xmlns:xlink="http://www.w3.org/1999/xlink" xmlns:gml="http://www.opengis.net/gml/3.2">
	<version>2.2</version>
	<bijlagePerLevering>
		<soortBijlage>achtergrondkaart</soortBijlage>
		<bestandLocatie>bronnen/GB_19G558958.png</bestandLocatie>
		<bestandMediaType xlink:href="http://definities.geostandaarden.nl/imkl2015/id/waarde/BestandMediaTypeValue/PNG"/>
		<bestandIdentificator>GB_19G558958</bestandIdentificator>
	</bijlagePerLevering>
	<bijlagePerLevering>
		<soortBijlage>leveringsbrief</soortBijlage>
		<bestandLocatie>LI_19G558958_1.pdf</bestandLocatie>
		<bestandMediaType xlink:href="http://definities.geostandaarden.nl/imkl2015/id/waarde/BestandMediaTypeValue/PDF"/>
		<bestandIdentificator>LI_19G558958_1</bestandIdentificator>
	</bijlagePerLevering>
	<bijlagePerLevering>
		<soortBijlage>gebiedsinformatieLevering</soortBijlage>
		<bestandLocatie>GI_gebiedsinformatielevering_19G558958_1.xml</bestandLocatie>
		<bestandMediaType xlink:href="http://definities.geostandaarden.nl/imkl2015/id/waarde/BestandMediaTypeValue/XML"/>
		<bestandIdentificator>GI_gebiedsinformatielevering_19G558958_1</bestandIdentificator>
	</bijlagePerLevering>
	<pngFormaat>
		<omsluitendeRechthoek>
			<gml:Envelope srsName="urn:ogc:def:crs:EPSG::28992" srsDimension="2">
				<gml:lowerCorner>233750.0 581850.0</gml:lowerCorner>
				<gml:upperCorner>233800.0 581900.0</gml:upperCorner>
			</gml:Envelope>
		</omsluitendeRechthoek>
		<pixelsBreed>700</pixelsBreed>
		<pixelsHoog>700</pixelsHoog>
	</pngFormaat>
	<belanghebbende>
		<bronhoudercode>KL1103</bronhoudercode>
		<beheerdersinformatieVersie>IMKL1.2</beheerdersinformatieVersie>
		<bijlagePerNetbeheerder>
			<soortBijlage>algemeen</soortBijlage>
			<bestandLocatie>bronnen/KL1103/nl.imkl-KL1103_19G558958.WaterbedrijfGroningen_ALG_95e8ff30_4298_43b4_91ef_386bbe634b91.pdf</bestandLocatie>
			<bestandMediaType xlink:href="http://definities.geostandaarden.nl/imkl2015/id/waarde/BestandMediaTypeValue/PDF"/>
			<bestandIdentificator>nl.imkl-KL1103.WaterbedrijfGroningen_ALG_95e8ff30_4298_43b4_91ef_386bbe634b91</bestandIdentificator>
		</bijlagePerNetbeheerder>
		<beheerdersinformatie>
			<thema xlink:href="http://definities.geostandaarden.nl/imkl2015/id/waarde/Thema/water"/>
			<eisVoorzorgmaatregel>true</eisVoorzorgmaatregel>
			<themabijlagePerNetbeheerder>
				<soortBijlage>eisVoorzorgsmaatregel</soortBijlage>
				<bestandLocatie>bronnen/KL1103/nl.imkl-KL1103_19G558958.WaterbedrijfGroningenEV.001_water.pdf</bestandLocatie>
				<bestandMediaType xlink:href="http://definities.geostandaarden.nl/imkl2015/id/waarde/BestandMediaTypeValue/PDF"/>
				<bestandIdentificator>nl.imkl-KL1103.WaterbedrijfGroningenEV.001_water</bestandIdentificator>
			</themabijlagePerNetbeheerder>
		</beheerdersinformatie>
	</belanghebbende>
	<belanghebbende>
		<bronhoudercode>KL1011</bronhoudercode>
		<beheerdersinformatieVersie>IMKL1.2</beheerdersinformatieVersie>
		<bijlagePerNetbeheerder>
			<soortBijlage>algemeen</soortBijlage>
			<bestandLocatie>bronnen/KL1011/nl.imkl-KL1011_19G558958.BriefBelang_Algemeen_90d290b9_a394_4a45_8b71_2ef4f0073cf0.pdf</bestandLocatie>
			<bestandMediaType xlink:href="http://definities.geostandaarden.nl/imkl2015/id/waarde/BestandMediaTypeValue/PDF"/>
			<bestandIdentificator>nl.imkl-KL1011.BriefBelang_Algemeen_90d290b9_a394_4a45_8b71_2ef4f0073cf0</bestandIdentificator>
		</bijlagePerNetbeheerder>
		<beheerdersinformatie>
			<thema xlink:href="http://definities.geostandaarden.nl/imkl2015/id/waarde/Thema/datatransport"/>
			<eisVoorzorgmaatregel>false</eisVoorzorgmaatregel>
		</beheerdersinformatie>
	</belanghebbende>
	<belanghebbende>
		<bronhoudercode>KL1762</bronhoudercode>
		<beheerdersinformatieVersie>IMKL1.2</beheerdersinformatieVersie>
		<bijlagePerNetbeheerder>
			<soortBijlage>algemeen</soortBijlage>
			<bestandLocatie>bronnen/KL1762/nl.imkl-KL1762_19G558958.WarmteStad_ALG_b2e742b9_2356_4301_9357_b6d5745a4654.pdf</bestandLocatie>
			<bestandMediaType xlink:href="http://definities.geostandaarden.nl/imkl2015/id/waarde/BestandMediaTypeValue/PDF"/>
			<bestandIdentificator>nl.imkl-KL1762.WarmteStad_ALG_b2e742b9_2356_4301_9357_b6d5745a4654</bestandIdentificator>
		</bijlagePerNetbeheerder>
	</belanghebbende>
	<belanghebbende>
		<bronhoudercode>KL1049</bronhoudercode>
		<beheerdersinformatieVersie>IMKL1.2</beheerdersinformatieVersie>
		<bijlagePerNetbeheerder>
			<soortBijlage>nietBetrokken</soortBijlage>
			<bestandLocatie>bronnen/KL1049/nl.imkl-KL1049_19G558958.brief-nietbetrokken.pdf</bestandLocatie>
			<bestandMediaType xlink:href="http://definities.geostandaarden.nl/imkl2015/id/waarde/BestandMediaTypeValue/PDF"/>
			<bestandIdentificator>nl.imkl-KL1049.brief-nietbetrokken</bestandIdentificator>
		</bijlagePerNetbeheerder>
	</belanghebbende>
	<belanghebbende>
		<bronhoudercode>KL1031</bronhoudercode>
		<beheerdersinformatieVersie>IMKL1.2</beheerdersinformatieVersie>
		<bijlagePerNetbeheerder>
			<soortBijlage>algemeen</soortBijlage>
			<bestandLocatie>bronnen/KL1031/nl.imkl-KL1031_19G558958.Brief_Algemeen_KW_v4_20190401_aa75cc6e_87fb_4cd3_ac62_d934605978c9.pdf</bestandLocatie>
			<bestandMediaType xlink:href="http://definities.geostandaarden.nl/imkl2015/id/waarde/BestandMediaTypeValue/PDF"/>
			<bestandIdentificator>nl.imkl-KL1031.Brief_Algemeen_KW_v4_20190401_aa75cc6e_87fb_4cd3_ac62_d934605978c9</bestandIdentificator>
		</bijlagePerNetbeheerder>
		<beheerdersinformatie>
			<thema xlink:href="http://definities.geostandaarden.nl/imkl2015/id/waarde/Thema/gasLageDruk"/>
			<eisVoorzorgmaatregel>true</eisVoorzorgmaatregel>
			<themabijlagePerNetbeheerder>
				<soortBijlage>eisVoorzorgsmaatregel</soortBijlage>
				<bestandLocatie>bronnen/KL1031/nl.imkl-KL1031_19G558958.EnexisEV.002_gasLageDruk.pdf</bestandLocatie>
				<bestandMediaType xlink:href="http://definities.geostandaarden.nl/imkl2015/id/waarde/BestandMediaTypeValue/PDF"/>
				<bestandIdentificator>nl.imkl-KL1031.EnexisEV.002_gasLageDruk</bestandIdentificator>
			</themabijlagePerNetbeheerder>
		</beheerdersinformatie>
		<beheerdersinformatie>
			<thema xlink:href="http://definities.geostandaarden.nl/imkl2015/id/waarde/Thema/middenspanning"/>
			<eisVoorzorgmaatregel>false</eisVoorzorgmaatregel>
		</beheerdersinformatie>
		<beheerdersinformatie>
			<thema xlink:href="http://definities.geostandaarden.nl/imkl2015/id/waarde/Thema/laagspanning"/>
			<eisVoorzorgmaatregel>false</eisVoorzorgmaatregel>
		</beheerdersinformatie>
		<beheerdersinformatie>
			<thema xlink:href="http://definities.geostandaarden.nl/imkl2015/id/waarde/Thema/gasHogeDruk"/>
			<eisVoorzorgmaatregel>true</eisVoorzorgmaatregel>
			<themabijlagePerNetbeheerder>
				<soortBijlage>eisVoorzorgsmaatregel</soortBijlage>
				<bestandLocatie>bronnen/KL1031/nl.imkl-KL1031_19G558958.EnexisEV.002_gasHogeDruk.pdf</bestandLocatie>
				<bestandMediaType xlink:href="http://definities.geostandaarden.nl/imkl2015/id/waarde/BestandMediaTypeValue/PDF"/>
				<bestandIdentificator>nl.imkl-KL1031.EnexisEV.002_gasHogeDruk</bestandIdentificator>
			</themabijlagePerNetbeheerder>
		</beheerdersinformatie>
	</belanghebbende>
	<belanghebbende>
		<bronhoudercode>GM0014</bronhoudercode>
		<beheerdersinformatieVersie>IMKL1.2</beheerdersinformatieVersie>
		<beheerdersinformatie>
			<thema xlink:href="http://definities.geostandaarden.nl/imkl2015/id/waarde/Thema/laagspanning"/>
			<eisVoorzorgmaatregel>false</eisVoorzorgmaatregel>
		</beheerdersinformatie>
		<beheerdersinformatie>
			<thema xlink:href="http://definities.geostandaarden.nl/imkl2015/id/waarde/Thema/rioolVrijverval"/>
			<eisVoorzorgmaatregel>false</eisVoorzorgmaatregel>
		</beheerdersinformatie>
	</belanghebbende>
	<belanghebbende>
		<bronhoudercode>KL1051</bronhoudercode>
		<beheerdersinformatieVersie>IMKL1.2</beheerdersinformatieVersie>
		<beheerdersinformatie>
			<thema xlink:href="http://definities.geostandaarden.nl/imkl2015/id/waarde/Thema/datatransport"/>
			<eisVoorzorgmaatregel>false</eisVoorzorgmaatregel>
			<themabijlagePerNetbeheerder>
				<soortBijlage>huisaansluiting</soortBijlage>
				<bestandLocatie>bronnen/KL1051/nl.imkl-KL1051.HC_10.HA_datatransport_KPN_19G558958_9711LA_1_1.PDF.pdf</bestandLocatie>
				<bestandMediaType xlink:href="http://definities.geostandaarden.nl/imkl2015/id/waarde/BestandMediaTypeValue/PDF"/>
				<bestandIdentificator>nl.imkl-KL1051.HC_10.HA_datatransport_KPN_19G558958_9711LA_1_1.PDF</bestandIdentificator>
				<adres>
					<postcode>9711LA</postcode>
					<huisnummerLetterToev>1</huisnummerLetterToev>
					<BAGidAdresseerbaarObject>0014010011066076</BAGidAdresseerbaarObject>
				</adres>
			</themabijlagePerNetbeheerder>
			<themabijlagePerNetbeheerder>
				<soortBijlage>huisaansluiting</soortBijlage>
				<bestandLocatie>bronnen/KL1051/nl.imkl-KL1051.HC_11.HA_datatransport_KPN_19G558958_9711LA_13_1.PDF.pdf</bestandLocatie>
				<bestandMediaType xlink:href="http://definities.geostandaarden.nl/imkl2015/id/waarde/BestandMediaTypeValue/PDF"/>
				<bestandIdentificator>nl.imkl-KL1051.HC_11.HA_datatransport_KPN_19G558958_9711LA_13_1.PDF</bestandIdentificator>
				<adres>
					<postcode>9711LA</postcode>
					<huisnummerLetterToev>13</huisnummerLetterToev>
					<BAGidAdresseerbaarObject>0014010011071597</BAGidAdresseerbaarObject>
				</adres>
			</themabijlagePerNetbeheerder>
			<themabijlagePerNetbeheerder>
				<soortBijlage>huisaansluiting</soortBijlage>
				<bestandLocatie>bronnen/KL1051/nl.imkl-KL1051.HC_12.HA_datatransport_KPN_19G558958_9711LA_15_1.PDF.pdf</bestandLocatie>
				<bestandMediaType xlink:href="http://definities.geostandaarden.nl/imkl2015/id/waarde/BestandMediaTypeValue/PDF"/>
				<bestandIdentificator>nl.imkl-KL1051.HC_12.HA_datatransport_KPN_19G558958_9711LA_15_1.PDF</bestandIdentificator>
				<adres>
					<postcode>9711LA</postcode>
					<huisnummerLetterToev>15</huisnummerLetterToev>
					<BAGidAdresseerbaarObject>0014010011068956</BAGidAdresseerbaarObject>
				</adres>
			</themabijlagePerNetbeheerder>
			<themabijlagePerNetbeheerder>
				<soortBijlage>huisaansluiting</soortBijlage>
				<bestandLocatie>bronnen/KL1051/nl.imkl-KL1051.HC_13.HA_datatransport_KPN_19G558958_9711LA_17_1.PDF.pdf</bestandLocatie>
				<bestandMediaType xlink:href="http://definities.geostandaarden.nl/imkl2015/id/waarde/BestandMediaTypeValue/PDF"/>
				<bestandIdentificator>nl.imkl-KL1051.HC_13.HA_datatransport_KPN_19G558958_9711LA_17_1.PDF</bestandIdentificator>
				<adres>
					<postcode>9711LA</postcode>
					<huisnummerLetterToev>17</huisnummerLetterToev>
					<BAGidAdresseerbaarObject>0014010022191453</BAGidAdresseerbaarObject>
				</adres>
			</themabijlagePerNetbeheerder>
			<themabijlagePerNetbeheerder>
				<soortBijlage>huisaansluiting</soortBijlage>
				<bestandLocatie>bronnen/KL1051/nl.imkl-KL1051.HC_14.HA_datatransport_KPN_19G558958_9711LA_3_1.PDF.pdf</bestandLocatie>
				<bestandMediaType xlink:href="http://definities.geostandaarden.nl/imkl2015/id/waarde/BestandMediaTypeValue/PDF"/>
				<bestandIdentificator>nl.imkl-KL1051.HC_14.HA_datatransport_KPN_19G558958_9711LA_3_1.PDF</bestandIdentificator>
				<adres>
					<postcode>9711LA</postcode>
					<huisnummerLetterToev>3</huisnummerLetterToev>
					<BAGidAdresseerbaarObject>0014010011044659</BAGidAdresseerbaarObject>
				</adres>
			</themabijlagePerNetbeheerder>
			<themabijlagePerNetbeheerder>
				<soortBijlage>huisaansluiting</soortBijlage>
				<bestandLocatie>bronnen/KL1051/nl.imkl-KL1051.HC_15.HA_datatransport_KPN_19G558958_9711LA_5_1.PDF.pdf</bestandLocatie>
				<bestandMediaType xlink:href="http://definities.geostandaarden.nl/imkl2015/id/waarde/BestandMediaTypeValue/PDF"/>
				<bestandIdentificator>nl.imkl-KL1051.HC_15.HA_datatransport_KPN_19G558958_9711LA_5_1.PDF</bestandIdentificator>
				<adres>
					<postcode>9711LA</postcode>
					<huisnummerLetterToev>5</huisnummerLetterToev>
					<BAGidAdresseerbaarObject>0014010011073804</BAGidAdresseerbaarObject>
				</adres>
			</themabijlagePerNetbeheerder>
			<themabijlagePerNetbeheerder>
				<soortBijlage>huisaansluiting</soortBijlage>
				<bestandLocatie>bronnen/KL1051/nl.imkl-KL1051.HC_16.HA_datatransport_KPN_19G558958_9711LA_7_1.PDF.pdf</bestandLocatie>
				<bestandMediaType xlink:href="http://definities.geostandaarden.nl/imkl2015/id/waarde/BestandMediaTypeValue/PDF"/>
				<bestandIdentificator>nl.imkl-KL1051.HC_16.HA_datatransport_KPN_19G558958_9711LA_7_1.PDF</bestandIdentificator>
				<adres>
					<postcode>9711LA</postcode>
					<huisnummerLetterToev>7</huisnummerLetterToev>
					<BAGidAdresseerbaarObject>0014010011065549</BAGidAdresseerbaarObject>
				</adres>
			</themabijlagePerNetbeheerder>
			<themabijlagePerNetbeheerder>
				<soortBijlage>huisaansluiting</soortBijlage>
				<bestandLocatie>bronnen/KL1051/nl.imkl-KL1051.HC_17.HA_datatransport_KPN_19G558958_9711LA_9_1.PDF.pdf</bestandLocatie>
				<bestandMediaType xlink:href="http://definities.geostandaarden.nl/imkl2015/id/waarde/BestandMediaTypeValue/PDF"/>
				<bestandIdentificator>nl.imkl-KL1051.HC_17.HA_datatransport_KPN_19G558958_9711LA_9_1.PDF</bestandIdentificator>
				<adres>
					<postcode>9711LA</postcode>
					<huisnummerLetterToev>9</huisnummerLetterToev>
					<BAGidAdresseerbaarObject>0014010022199605</BAGidAdresseerbaarObject>
				</adres>
			</themabijlagePerNetbeheerder>
			<themabijlagePerNetbeheerder>
				<soortBijlage>huisaansluiting</soortBijlage>
				<bestandLocatie>bronnen/KL1051/nl.imkl-KL1051.HC_18.HA_datatransport_KPN_19G558958_9711LJ_2_1.PDF.pdf</bestandLocatie>
				<bestandMediaType xlink:href="http://definities.geostandaarden.nl/imkl2015/id/waarde/BestandMediaTypeValue/PDF"/>
				<bestandIdentificator>nl.imkl-KL1051.HC_18.HA_datatransport_KPN_19G558958_9711LJ_2_1.PDF</bestandIdentificator>
				<adres>
					<postcode>9711LJ</postcode>
					<huisnummerLetterToev>2</huisnummerLetterToev>
					<BAGidAdresseerbaarObject>0014010011069180</BAGidAdresseerbaarObject>
				</adres>
			</themabijlagePerNetbeheerder>
			<themabijlagePerNetbeheerder>
				<soortBijlage>huisaansluiting</soortBijlage>
				<bestandLocatie>bronnen/KL1051/nl.imkl-KL1051.HC_19.HA_datatransport_KPN_19G558958_9711LJ_4_1.PDF.pdf</bestandLocatie>
				<bestandMediaType xlink:href="http://definities.geostandaarden.nl/imkl2015/id/waarde/BestandMediaTypeValue/PDF"/>
				<bestandIdentificator>nl.imkl-KL1051.HC_19.HA_datatransport_KPN_19G558958_9711LJ_4_1.PDF</bestandIdentificator>
				<adres>
					<postcode>9711LJ</postcode>
					<huisnummerLetterToev>4</huisnummerLetterToev>
					<BAGidAdresseerbaarObject>0014010011051894</BAGidAdresseerbaarObject>
				</adres>
			</themabijlagePerNetbeheerder>
			<themabijlagePerNetbeheerder>
				<soortBijlage>huisaansluiting</soortBijlage>
				<bestandLocatie>bronnen/KL1051/nl.imkl-KL1051.HC_2.HA_datatransport_KPN_19G558958_9711KS_10_1.PDF.pdf</bestandLocatie>
				<bestandMediaType xlink:href="http://definities.geostandaarden.nl/imkl2015/id/waarde/BestandMediaTypeValue/PDF"/>
				<bestandIdentificator>nl.imkl-KL1051.HC_2.HA_datatransport_KPN_19G558958_9711KS_10_1.PDF</bestandIdentificator>
				<adres>
					<postcode>9711KS</postcode>
					<huisnummerLetterToev>10</huisnummerLetterToev>
					<BAGidAdresseerbaarObject>0014010011035372</BAGidAdresseerbaarObject>
				</adres>
			</themabijlagePerNetbeheerder>
			<themabijlagePerNetbeheerder>
				<soortBijlage>huisaansluiting</soortBijlage>
				<bestandLocatie>bronnen/KL1051/nl.imkl-KL1051.HC_20.HA_datatransport_KPN_19G558958_9711LJ_6_1.PDF.pdf</bestandLocatie>
				<bestandMediaType xlink:href="http://definities.geostandaarden.nl/imkl2015/id/waarde/BestandMediaTypeValue/PDF"/>
				<bestandIdentificator>nl.imkl-KL1051.HC_20.HA_datatransport_KPN_19G558958_9711LJ_6_1.PDF</bestandIdentificator>
				<adres>
					<postcode>9711LJ</postcode>
					<huisnummerLetterToev>6</huisnummerLetterToev>
					<BAGidAdresseerbaarObject>0014010011009611</BAGidAdresseerbaarObject>
				</adres>
			</themabijlagePerNetbeheerder>
			<themabijlagePerNetbeheerder>
				<soortBijlage>huisaansluiting</soortBijlage>
				<bestandLocatie>bronnen/KL1051/nl.imkl-KL1051.HC_21.HA_datatransport_KPN_19G558958_9711LJ_8_1.PDF.pdf</bestandLocatie>
				<bestandMediaType xlink:href="http://definities.geostandaarden.nl/imkl2015/id/waarde/BestandMediaTypeValue/PDF"/>
				<bestandIdentificator>nl.imkl-KL1051.HC_21.HA_datatransport_KPN_19G558958_9711LJ_8_1.PDF</bestandIdentificator>
				<adres>
					<postcode>9711LJ</postcode>
					<huisnummerLetterToev>8</huisnummerLetterToev>
					<BAGidAdresseerbaarObject>0014010011067159</BAGidAdresseerbaarObject>
				</adres>
			</themabijlagePerNetbeheerder>
			<themabijlagePerNetbeheerder>
				<soortBijlage>huisaansluiting</soortBijlage>
				<bestandLocatie>bronnen/KL1051/nl.imkl-KL1051.HC_3.HA_datatransport_KPN_19G558958_9711KS_12_1.PDF.pdf</bestandLocatie>
				<bestandMediaType xlink:href="http://definities.geostandaarden.nl/imkl2015/id/waarde/BestandMediaTypeValue/PDF"/>
				<bestandIdentificator>nl.imkl-KL1051.HC_3.HA_datatransport_KPN_19G558958_9711KS_12_1.PDF</bestandIdentificator>
				<adres>
					<postcode>9711KS</postcode>
					<huisnummerLetterToev>12</huisnummerLetterToev>
					<BAGidAdresseerbaarObject>0014010011026215</BAGidAdresseerbaarObject>
				</adres>
			</themabijlagePerNetbeheerder>
			<themabijlagePerNetbeheerder>
				<soortBijlage>huisaansluiting</soortBijlage>
				<bestandLocatie>bronnen/KL1051/nl.imkl-KL1051.HC_4.HA_datatransport_KPN_19G558958_9711KS_14_1.PDF.pdf</bestandLocatie>
				<bestandMediaType xlink:href="http://definities.geostandaarden.nl/imkl2015/id/waarde/BestandMediaTypeValue/PDF"/>
				<bestandIdentificator>nl.imkl-KL1051.HC_4.HA_datatransport_KPN_19G558958_9711KS_14_1.PDF</bestandIdentificator>
				<adres>
					<postcode>9711KS</postcode>
					<huisnummerLetterToev>14 a</huisnummerLetterToev>
					<BAGidAdresseerbaarObject>0014010011015050</BAGidAdresseerbaarObject>
				</adres>
			</themabijlagePerNetbeheerder>
			<themabijlagePerNetbeheerder>
				<soortBijlage>huisaansluiting</soortBijlage>
				<bestandLocatie>bronnen/KL1051/nl.imkl-KL1051.HC_5.HA_datatransport_KPN_19G558958_9711KS_4_1.PDF.pdf</bestandLocatie>
				<bestandMediaType xlink:href="http://definities.geostandaarden.nl/imkl2015/id/waarde/BestandMediaTypeValue/PDF"/>
				<bestandIdentificator>nl.imkl-KL1051.HC_5.HA_datatransport_KPN_19G558958_9711KS_4_1.PDF</bestandIdentificator>
				<adres>
					<postcode>9711KS</postcode>
					<huisnummerLetterToev>4</huisnummerLetterToev>
					<BAGidAdresseerbaarObject>0014010011010770</BAGidAdresseerbaarObject>
				</adres>
			</themabijlagePerNetbeheerder>
			<themabijlagePerNetbeheerder>
				<soortBijlage>huisaansluiting</soortBijlage>
				<bestandLocatie>bronnen/KL1051/nl.imkl-KL1051.HC_6.HA_datatransport_KPN_19G558958_9711KS_6_1.PDF.pdf</bestandLocatie>
				<bestandMediaType xlink:href="http://definities.geostandaarden.nl/imkl2015/id/waarde/BestandMediaTypeValue/PDF"/>
				<bestandIdentificator>nl.imkl-KL1051.HC_6.HA_datatransport_KPN_19G558958_9711KS_6_1.PDF</bestandIdentificator>
				<adres>
					<postcode>9711KS</postcode>
					<huisnummerLetterToev>6 a</huisnummerLetterToev>
					<BAGidAdresseerbaarObject>0014010011016128</BAGidAdresseerbaarObject>
				</adres>
			</themabijlagePerNetbeheerder>
			<themabijlagePerNetbeheerder>
				<soortBijlage>huisaansluiting</soortBijlage>
				<bestandLocatie>bronnen/KL1051/nl.imkl-KL1051.HC_7.HA_datatransport_KPN_19G558958_9711KS_8_1.PDF.pdf</bestandLocatie>
				<bestandMediaType xlink:href="http://definities.geostandaarden.nl/imkl2015/id/waarde/BestandMediaTypeValue/PDF"/>
				<bestandIdentificator>nl.imkl-KL1051.HC_7.HA_datatransport_KPN_19G558958_9711KS_8_1.PDF</bestandIdentificator>
				<adres>
					<postcode>9711KS</postcode>
					<huisnummerLetterToev>8</huisnummerLetterToev>
					<BAGidAdresseerbaarObject>0014010011066123</BAGidAdresseerbaarObject>
				</adres>
			</themabijlagePerNetbeheerder>
			<themabijlagePerNetbeheerder>
				<soortBijlage>huisaansluiting</soortBijlage>
				<bestandLocatie>bronnen/KL1051/nl.imkl-KL1051.HC_8.HA_datatransport_KPN_19G558958_9711KW_4_1.PDF.pdf</bestandLocatie>
				<bestandMediaType xlink:href="http://definities.geostandaarden.nl/imkl2015/id/waarde/BestandMediaTypeValue/PDF"/>
				<bestandIdentificator>nl.imkl-KL1051.HC_8.HA_datatransport_KPN_19G558958_9711KW_4_1.PDF</bestandIdentificator>
				<adres>
					<postcode>9711KW</postcode>
					<huisnummerLetterToev>4 a</huisnummerLetterToev>
					<BAGidAdresseerbaarObject>0014010011026999</BAGidAdresseerbaarObject>
				</adres>
			</themabijlagePerNetbeheerder>
			<themabijlagePerNetbeheerder>
				<soortBijlage>huisaansluiting</soortBijlage>
				<bestandLocatie>bronnen/KL1051/nl.imkl-KL1051.HC_9.HA_datatransport_KPN_19G558958_9711KW_6_1.PDF.pdf</bestandLocatie>
				<bestandMediaType xlink:href="http://definities.geostandaarden.nl/imkl2015/id/waarde/BestandMediaTypeValue/PDF"/>
				<bestandIdentificator>nl.imkl-KL1051.HC_9.HA_datatransport_KPN_19G558958_9711KW_6_1.PDF</bestandIdentificator>
				<adres>
					<postcode>9711KW</postcode>
					<huisnummerLetterToev>6</huisnummerLetterToev>
					<BAGidAdresseerbaarObject>0014010010998090</BAGidAdresseerbaarObject>
				</adres>
			</themabijlagePerNetbeheerder>
			<themabijlagePerNetbeheerder>
				<soortBijlage>profielschets</soortBijlage>
				<bestandLocatie>bronnen/KL1051/nl.imkl-KL1051.LI_1.BL_KPN_19G558958_Brief-belang.PDF.pdf</bestandLocatie>
				<bestandMediaType xlink:href="http://definities.geostandaarden.nl/imkl2015/id/waarde/BestandMediaTypeValue/PDF"/>
				<bestandIdentificator>nl.imkl-KL1051.LI_1.BL_KPN_19G558958_Brief-belang.PDF</bestandIdentificator>
			</themabijlagePerNetbeheerder>
		</beheerdersinformatie>
	</belanghebbende>
	<belanghebbende>
		<bronhoudercode>KL1620</bronhoudercode>
		<beheerdersinformatieVersie>IMKL1.2</beheerdersinformatieVersie>
		<beheerdersinformatie>
			<thema xlink:href="http://definities.geostandaarden.nl/imkl2015/id/waarde/Thema/datatransport"/>
			<eisVoorzorgmaatregel>false</eisVoorzorgmaatregel>
		</beheerdersinformatie>
	</belanghebbende>
	<belanghebbende>
		<bronhoudercode>KL1089</bronhoudercode>
		<beheerdersinformatieVersie>IMKL1.2</beheerdersinformatieVersie>
		<bijlagePerNetbeheerder>
			<soortBijlage>algemeen</soortBijlage>
			<bestandLocatie>bronnen/KL1089/nl.imkl-KL1089_19G558958.brief-betrokken.pdf</bestandLocatie>
			<bestandMediaType xlink:href="http://definities.geostandaarden.nl/imkl2015/id/waarde/BestandMediaTypeValue/PDF"/>
			<bestandIdentificator>nl.imkl-KL1089.brief-betrokken</bestandIdentificator>
		</bijlagePerNetbeheerder>
		<bijlagePerNetbeheerder>
			<soortBijlage>algemeen</soortBijlage>
			<bestandLocatie>bronnen/KL1089/nl.imkl-KL1089_19G558958.overzicht.pdf</bestandLocatie>
			<bestandMediaType xlink:href="http://definities.geostandaarden.nl/imkl2015/id/waarde/BestandMediaTypeValue/PDF"/>
			<bestandIdentificator>nl.imkl-KL1089.overzicht</bestandIdentificator>
		</bijlagePerNetbeheerder>
		<beheerdersinformatie>
			<thema xlink:href="http://definities.geostandaarden.nl/imkl2015/id/waarde/Thema/datatransport"/>
			<eisVoorzorgmaatregel>false</eisVoorzorgmaatregel>
		</beheerdersinformatie>
	</belanghebbende>
	<belanghebbende>
		<bronhoudercode>KL1010</bronhoudercode>
		<beheerdersinformatieVersie>IMKL1.2</beheerdersinformatieVersie>
		<bijlagePerNetbeheerder>
			<soortBijlage>nietBetrokken</soortBijlage>
			<bestandLocatie>bronnen/KL1010/nl.imkl-KL1010_19G558958.brief-nietbetrokken.pdf</bestandLocatie>
			<bestandMediaType xlink:href="http://definities.geostandaarden.nl/imkl2015/id/waarde/BestandMediaTypeValue/PDF"/>
			<bestandIdentificator>nl.imkl-KL1010.brief-nietbetrokken</bestandIdentificator>
		</bijlagePerNetbeheerder>
	</belanghebbende>
</Leveringsinformatie>
