<?xml version="1.0" encoding="UTF-8"?><gml:FeatureCollection gml:id="nl.imkl-KA0000._FeatureCollection_18O000190-1" xsi:schemaLocation="http://www.geostandaarden.nl/imkl/2015/wion/1.2 http://register.geostandaarden.nl/gmlapplicatieschema/imkl2015/1.2.1/imkl2015-wion.xsd" xmlns:us-net-sw="http://inspire.ec.europa.eu/schemas/us-net-sw/4.0" xmlns:us-net-el="http://inspire.ec.europa.eu/schemas/us-net-el/4.0" xmlns:gml="http://www.opengis.net/gml/3.2" xmlns:us-net-wa="http://inspire.ec.europa.eu/schemas/us-net-wa/4.0" xmlns:us-net-tc="http://inspire.ec.europa.eu/schemas/us-net-tc/4.0" xmlns:us-net-ogc="http://inspire.ec.europa.eu/schemas/us-net-ogc/4.0" xmlns:xsi="http://www.w3.org/2001/XMLSchema-instance" xmlns:us-net-th="http://inspire.ec.europa.eu/schemas/us-net-th/4.0" xmlns:base2="http://inspire.ec.europa.eu/schemas/base2/2.0" xmlns:imkl="http://www.geostandaarden.nl/imkl/2015/wion/1.2" xmlns:us-net-common="http://inspire.ec.europa.eu/schemas/us-net-common/4.0" xmlns:net="http://inspire.ec.europa.eu/schemas/net/4.0" xmlns:xlink="http://www.w3.org/1999/xlink" xmlns:base="http://inspire.ec.europa.eu/schemas/base/3.3">
    <gml:boundedBy>
        <gml:Envelope srsName="urn:ogc:def:crs:EPSG::28992" srsDimension="2">
            <gml:lowerCorner>191836.0 442922.0</gml:lowerCorner>
            <gml:upperCorner>193314.0 443946.0</gml:upperCorner>
        </gml:Envelope>
    </gml:boundedBy>
    <gml:featureMember>
        <imkl:GebiedsinformatieLevering gml:id="nl.imkl-KA0000._GebiedsinformatieLevering_18O000190-1">
            <imkl:identificatie>
                <imkl:NEN3610ID>
                    <imkl:namespace>nl.imkl</imkl:namespace>
                    <imkl:lokaalID>KA0000._GebiedsinformatieLevering_18O000190</imkl:lokaalID>
                    <imkl:versie>1</imkl:versie>
                </imkl:NEN3610ID>
            </imkl:identificatie>
            <imkl:beginLifespanVersion>2018-09-06T13:07:21.382+02:00</imkl:beginLifespanVersion>
            <imkl:leveringsvolgnummer>1</imkl:leveringsvolgnummer>
            <imkl:datumLeveringSamengesteld>2018-09-06T13:07:21.382+02:00</imkl:datumLeveringSamengesteld>
            <imkl:indicatieLeveringCompleet>true</imkl:indicatieLeveringCompleet>
            <imkl:achtergrondkaart>
                <imkl:Achtergrondkaart>
                    <imkl:achtergrondkaartSoort xlink:href="http://definities.geostandaarden.nl/imkl2015/id/waarde/AchtergrondkaartSoortValue/bgtBestaand"/>
                    <imkl:kaartreferentie>bronnen/GB_18O000190.png</imkl:kaartreferentie>
                </imkl:Achtergrondkaart>
            </imkl:achtergrondkaart>
            <imkl:belanghebbende xlink:href="nl.imkl-TS1353._Belanghebbende_18O000190-1"/>
            <imkl:belanghebbende xlink:href="nl.imkl-TS0038._Belanghebbende_18O000190-1"/>
            <imkl:aanvraag xlink:href="nl.imkl-KA0000._GebiedsinformatieAanvraag_18O000190"/>
        </imkl:GebiedsinformatieLevering>
    </gml:featureMember>
    <gml:featureMember>
        <imkl:GebiedsinformatieAanvraag gml:id="nl.imkl-KA0000._GebiedsinformatieAanvraag_18O000190">
            <imkl:identificatie>
                <imkl:NEN3610ID>
                    <imkl:namespace>nl.imkl</imkl:namespace>
                    <imkl:lokaalID>KA0000._GebiedsinformatieAanvraag_18O000190</imkl:lokaalID>
                </imkl:NEN3610ID>
            </imkl:identificatie>
            <imkl:beginLifespanVersion>2018-09-06T13:00:28.000+02:00</imkl:beginLifespanVersion>
            <imkl:ordernummer>9806759389</imkl:ordernummer>
            <imkl:positienummer>0000000010</imkl:positienummer>
            <imkl:klicMeldnummer>18O000190</imkl:klicMeldnummer>
            <imkl:aanvrager>
                <imkl:Aanvrager>
                    <imkl:contactpersoon>
                        <imkl:Contact>
                            <imkl:naam>Niet beschikbaar - TODO</imkl:naam>
                            <imkl:telefoon>0881234567</imkl:telefoon>
                            <imkl:email>klic.testers@kadaster.nl</imkl:email>
                        </imkl:Contact>
                    </imkl:contactpersoon>
                    <imkl:organisatie>
                        <imkl:Organisatie>
                            <imkl:naam>Netbeheerder Regressie 2</imkl:naam>
                            <imkl:bezoekAdres>
                                <imkl:Adres>
                                    <imkl:openbareRuimteNaam>Laan van Westenenk</imkl:openbareRuimteNaam>
                                    <imkl:huisnummer>701</imkl:huisnummer>
                                    <imkl:woonplaatsNaam>APELDOORN</imkl:woonplaatsNaam>
                                    <imkl:postcode>7334DP</imkl:postcode>
                                    <imkl:landcode>NL</imkl:landcode>
                                </imkl:Adres>
                            </imkl:bezoekAdres>
                        </imkl:Organisatie>
                    </imkl:organisatie>
                    <imkl:extraEmail>jacob.mulder@kadaster.nl</imkl:extraEmail>
                </imkl:Aanvrager>
            </imkl:aanvrager>
            <imkl:referentie>KLCW-3046 BGT Ori. 2018-09-06</imkl:referentie>
            <imkl:aanvraagSoort xlink:href="http://definities.geostandaarden.nl/imkl2015/id/waarde/AanvraagSoortValue/orientatieverzoek"/>
            <imkl:aanvraagDatum>2018-09-06T13:00:28.000+02:00</imkl:aanvraagDatum>
            <imkl:soortWerkzaamheden xlink:href="http://definities.geostandaarden.nl/imkl2015/id/waarde/SoortWerkzaamhedenValue/bestratingswerk"/>
            <imkl:soortWerkzaamheden xlink:href="http://definities.geostandaarden.nl/imkl2015/id/waarde/SoortWerkzaamhedenValue/gasleidingLeggen"/>
            <imkl:soortWerkzaamheden xlink:href="http://definities.geostandaarden.nl/imkl2015/id/waarde/SoortWerkzaamhedenValue/kabelsLeidingenLeggen"/>
            <imkl:soortWerkzaamheden xlink:href="http://definities.geostandaarden.nl/imkl2015/id/waarde/SoortWerkzaamhedenValue/zinkerMaken"/>
            <imkl:omschrijvingWerkzaamheden>Toelichting</imkl:omschrijvingWerkzaamheden>
            <imkl:locatieWerkzaamheden>Van Diemenhof 39 6828RE Arnhem NL</imkl:locatieWerkzaamheden>
            <imkl:huisaansluitingAdressen>
                <imkl:Adres>
                    <imkl:openbareRuimteNaam>Van Diemenhof</imkl:openbareRuimteNaam>
                    <imkl:huisnummer>39</imkl:huisnummer>
                    <imkl:woonplaatsNaam>Arnhem</imkl:woonplaatsNaam>
                    <imkl:postcode>6828RE</imkl:postcode>
                    <imkl:BAGidAdresseerbaarObject>0202010000396810</imkl:BAGidAdresseerbaarObject>
                </imkl:Adres>
            </imkl:huisaansluitingAdressen>
            <imkl:orientatiepolygoon xlink:href="nl.imkl-KA0000._Orientatiepolygoon_18O000190"/>
        </imkl:GebiedsinformatieAanvraag>
    </gml:featureMember>
    <gml:featureMember>
        <imkl:Orientatiepolygoon gml:id="nl.imkl-KA0000._Orientatiepolygoon_18O000190">
            <imkl:identificatie>
                <imkl:NEN3610ID>
                    <imkl:namespace>nl.imkl</imkl:namespace>
                    <imkl:lokaalID>KA0000._Orientatiepolygoon_18O000190</imkl:lokaalID>
                </imkl:NEN3610ID>
            </imkl:identificatie>
            <imkl:beginLifespanVersion>2018-09-06T13:00:28.000+02:00</imkl:beginLifespanVersion>
            <imkl:geometrie>
                <gml:Polygon srsName="urn:ogc:def:crs:EPSG::28992" srsDimension="2" gml:id="nl.imkl-KA0000._Orientatiepolygoon_18O000190_geo">
                    <gml:exterior>
                        <gml:LinearRing>
                            <gml:posList>192494.0 443946.0 192404.0 443778.0 192777.0 443600.0 192679.0 443342.0 191836.0 443305.0 191940.0 442922.0 192635.0 443123.0 193015.0 443557.0 193257.0 443469.0 193314.0 443644.0 192494.0 443946.0</gml:posList>
                        </gml:LinearRing>
                    </gml:exterior>
                </gml:Polygon>
            </imkl:geometrie>
        </imkl:Orientatiepolygoon>
    </gml:featureMember>
    <gml:featureMember>
        <imkl:Belanghebbende gml:id="nl.imkl-TS1353._Belanghebbende_18O000190-1">
            <imkl:identificatie>
                <imkl:NEN3610ID>
                    <imkl:namespace>nl.imkl</imkl:namespace>
                    <imkl:lokaalID>TS1353._Belanghebbende_18O000190</imkl:lokaalID>
                    <imkl:versie>1</imkl:versie>
                </imkl:NEN3610ID>
            </imkl:identificatie>
            <imkl:beginLifespanVersion>2018-09-06T13:05:19.000+02:00</imkl:beginLifespanVersion>
            <imkl:beheerdersinformatieGeleverd>true</imkl:beheerdersinformatieGeleverd>
            <imkl:betrokkenBijAanvraag>true</imkl:betrokkenBijAanvraag>
            <imkl:eisVoorzorgsmaatregel>true</imkl:eisVoorzorgsmaatregel>
            <imkl:geraaktBelangBijOrientatiepolygoon xlink:href="nl.imkl-TS1353._Belang_5012977-100"/>
            <imkl:netbeheerder xlink:href="nl.imkl-TS1353._Beheerder"/>
        </imkl:Belanghebbende>
    </gml:featureMember>
    <gml:featureMember>
        <imkl:Belang gml:id="nl.imkl-TS1353._Belang_5012977-100">
            <imkl:identificatie>
                <imkl:NEN3610ID>
                    <imkl:namespace>nl.imkl</imkl:namespace>
                    <imkl:lokaalID>TS1353._Belang_5012977</imkl:lokaalID>
                    <imkl:versie>100</imkl:versie>
                </imkl:NEN3610ID>
            </imkl:identificatie>
            <imkl:beginLifespanVersion>2017-03-01T00:00:00.000+01:00</imkl:beginLifespanVersion>
            <imkl:omschrijving>Belang Arnhem - NBS</imkl:omschrijving>
            <imkl:contactAanvraag>
                <imkl:AanvraagSoortContact>
                    <imkl:aanvraagSoort xlink:href="http://definities.geostandaarden.nl/imkl2015/id/waarde/AanvraagSoortValue/orientatieverzoek"/>
                    <imkl:naam>BMK Netbeheerder20</imkl:naam>
                    <imkl:telefoon>0881234568</imkl:telefoon>
                    <imkl:email>klic.testers@kadaster.nl</imkl:email>
                </imkl:AanvraagSoortContact>
            </imkl:contactAanvraag>
            <imkl:thema xlink:href="http://definities.geostandaarden.nl/imkl2015/id/waarde/Thema/rioolOnderOverOfOnderdruk"/>
            <imkl:thema xlink:href="http://definities.geostandaarden.nl/imkl2015/id/waarde/Thema/rioolVrijverval"/>
            <imkl:contactNetinformatie>
                <imkl:AanvraagSoortContact>
                    <imkl:aanvraagSoort xlink:href="http://definities.geostandaarden.nl/imkl2015/id/waarde/AanvraagSoortValue/orientatieverzoek"/>
                </imkl:AanvraagSoortContact>
            </imkl:contactNetinformatie>
            <imkl:contactBeschadiging>
                <imkl:Contact/>
            </imkl:contactBeschadiging>
        </imkl:Belang>
    </gml:featureMember>
    <gml:featureMember>
        <imkl:Beheerder gml:id="nl.imkl-TS1353._Beheerder">
            <imkl:identificatie>
                <imkl:NEN3610ID>
                    <imkl:namespace>nl.imkl</imkl:namespace>
                    <imkl:lokaalID>TS1353._Beheerder</imkl:lokaalID>
                </imkl:NEN3610ID>
            </imkl:identificatie>
            <imkl:beginLifespanVersion>2000-01-01T00:00:00.000+01:00</imkl:beginLifespanVersion>
            <imkl:bronhoudercode>TS1353</imkl:bronhoudercode>
            <imkl:organisatie>
                <imkl:Organisatie>
                    <imkl:naam>Netbeheerder20</imkl:naam>
                </imkl:Organisatie>
            </imkl:organisatie>
        </imkl:Beheerder>
    </gml:featureMember>
    <gml:featureMember>
        <imkl:Belanghebbende gml:id="nl.imkl-TS0038._Belanghebbende_18O000190-1">
            <imkl:identificatie>
                <imkl:NEN3610ID>
                    <imkl:namespace>nl.imkl</imkl:namespace>
                    <imkl:lokaalID>TS0038._Belanghebbende_18O000190</imkl:lokaalID>
                    <imkl:versie>1</imkl:versie>
                </imkl:NEN3610ID>
            </imkl:identificatie>
            <imkl:beginLifespanVersion>2018-09-06T13:05:41.000+02:00</imkl:beginLifespanVersion>
            <imkl:beheerdersinformatieGeleverd>true</imkl:beheerdersinformatieGeleverd>
            <imkl:betrokkenBijAanvraag>true</imkl:betrokkenBijAanvraag>
            <imkl:eisVoorzorgsmaatregel>false</imkl:eisVoorzorgsmaatregel>
            <imkl:geraaktBelangBijOrientatiepolygoon xlink:href="nl.imkl-TS0038._Belang_5013262-100"/>
            <imkl:netbeheerder xlink:href="nl.imkl-TS0038._Beheerder"/>
        </imkl:Belanghebbende>
    </gml:featureMember>
    <gml:featureMember>
        <imkl:Belang gml:id="nl.imkl-TS0038._Belang_5013262-100">
            <imkl:identificatie>
                <imkl:NEN3610ID>
                    <imkl:namespace>nl.imkl</imkl:namespace>
                    <imkl:lokaalID>TS0038._Belang_5013262</imkl:lokaalID>
                    <imkl:versie>100</imkl:versie>
                </imkl:NEN3610ID>
            </imkl:identificatie>
            <imkl:beginLifespanVersion>2017-12-06T00:00:00.000+01:00</imkl:beginLifespanVersion>
            <imkl:omschrijving>Test Stephan</imkl:omschrijving>
            <imkl:contactAanvraag>
                <imkl:AanvraagSoortContact>
                    <imkl:aanvraagSoort xlink:href="http://definities.geostandaarden.nl/imkl2015/id/waarde/AanvraagSoortValue/orientatieverzoek"/>
                    <imkl:naam>JAP5</imkl:naam>
                    <imkl:telefoon>0881234567</imkl:telefoon>
                    <imkl:email>klic.testers@kadaster.nl</imkl:email>
                </imkl:AanvraagSoortContact>
            </imkl:contactAanvraag>
            <imkl:thema xlink:href="http://definities.geostandaarden.nl/imkl2015/id/waarde/Thema/rioolVrijverval"/>
            <imkl:thema xlink:href="http://definities.geostandaarden.nl/imkl2015/id/waarde/Thema/warmte"/>
            <imkl:thema xlink:href="http://definities.geostandaarden.nl/imkl2015/id/waarde/Thema/water"/>
            <imkl:contactNetinformatie>
                <imkl:AanvraagSoortContact>
                    <imkl:aanvraagSoort xlink:href="http://definities.geostandaarden.nl/imkl2015/id/waarde/AanvraagSoortValue/orientatieverzoek"/>
                </imkl:AanvraagSoortContact>
            </imkl:contactNetinformatie>
            <imkl:contactBeschadiging>
                <imkl:Contact/>
            </imkl:contactBeschadiging>
        </imkl:Belang>
    </gml:featureMember>
    <gml:featureMember>
        <imkl:Beheerder gml:id="nl.imkl-TS0038._Beheerder">
            <imkl:identificatie>
                <imkl:NEN3610ID>
                    <imkl:namespace>nl.imkl</imkl:namespace>
                    <imkl:lokaalID>TS0038._Beheerder</imkl:lokaalID>
                </imkl:NEN3610ID>
            </imkl:identificatie>
            <imkl:beginLifespanVersion>2000-01-01T00:00:00.000+01:00</imkl:beginLifespanVersion>
            <imkl:bronhoudercode>TS0038</imkl:bronhoudercode>
            <imkl:organisatie>
                <imkl:Organisatie>
                    <imkl:naam>Netbeheerder Belang01</imkl:naam>
                </imkl:Organisatie>
            </imkl:organisatie>
        </imkl:Beheerder>
    </gml:featureMember>
</gml:FeatureCollection>