<?xml version="1.0" encoding="UTF-8" standalone="yes"?><Leveringsinformatie xmlns="http://www.kadaster.nl/schemas/klic/leveringsinformatie/v20180418" xmlns:xlink="http://www.w3.org/1999/xlink" xmlns:gml="http://www.opengis.net/gml/3.2"><version>2.1</version><bijlagePerLevering><soortBijlage>achtergrondkaart</soortBijlage><bestandLocatie>bronnen/GB_18O000190.png</bestandLocatie><bestandMediaType xlink:href="http://definities.geostandaarden.nl/imkl2015/id/waarde/BestandMediaTypeValue/PNG"/><bestandIdentificator>GB_18O000190</bestandIdentificator></bijlagePerLevering><bijlagePerLevering><soortBijlage>geselecteerdGebied</soortBijlage><bestandLocatie>bronnen/SEL_18O000190.png</bestandLocatie><bestandMediaType xlink:href="http://definities.geostandaarden.nl/imkl2015/id/waarde/BestandMediaTypeValue/PNG"/><bestandIdentificator>SEL_18O000190</bestandIdentificator></bijlagePerLevering><bijlagePerLevering><soortBijlage>leveringsbrief</soortBijlage><bestandLocatie>LI_18O000190_1.pdf</bestandLocatie><bestandMediaType xlink:href="http://definities.geostandaarden.nl/imkl2015/id/waarde/BestandMediaTypeValue/PDF"/><bestandIdentificator>LI_18O000190_1</bestandIdentificator></bijlagePerLevering><bijlagePerLevering><soortBijlage>gebiedsinformatieLevering</soortBijlage><bestandLocatie>GI_gebiedsinformatielevering_18O000190_1.xml</bestandLocatie><bestandMediaType xlink:href="http://definities.geostandaarden.nl/imkl2015/id/waarde/BestandMediaTypeValue/XML"/><bestandIdentificator>GI_gebiedsinformatielevering_18O000190_1</bestandIdentificator></bijlagePerLevering><pngFormaat><omsluitendeRechthoek><gml:Envelope srsName="urn:ogc:def:crs:EPSG::28992" srsDimension="2"><gml:lowerCorner>191836.0 442922.0</gml:lowerCorner><gml:upperCorner>193314.0 443946.0</gml:upperCorner></gml:Envelope></omsluitendeRechthoek><pixelsBreed>7390</pixelsBreed><pixelsHoog>5120</pixelsHoog></pngFormaat><belanghebbende><bronhoudercode>TS1353</bronhoudercode><beheerdersinformatieVersie>klassiek</beheerdersinformatieVersie><netbeheerderContact><contact/></netbeheerderContact><bijlagePerNetbeheerder><soortBijlage>eigenTopo</soortBijlage><bestandLocatie>bronnen/TS1353/ET_Naam+Netbeheerder+0000950009_0000950009_18O000190.png</bestandLocatie><bestandMediaType xlink:href="http://definities.geostandaarden.nl/imkl2015/id/waarde/BestandMediaTypeValue/PNG"/><bestandIdentificator>ET_Naam+Netbeheerder+0000950009_0000950009_18O000190</bestandIdentificator></bijlagePerNetbeheerder><bijlagePerNetbeheerder><soortBijlage>eigenTopoPlan</soortBijlage><bestandLocatie>bronnen/TS1353/PT_Naam+Netbeheerder+0000950009_0000950009_18O000190.png</bestandLocatie><bestandMediaType xlink:href="http://definities.geostandaarden.nl/imkl2015/id/waarde/BestandMediaTypeValue/PNG"/><bestandIdentificator>PT_Naam+Netbeheerder+0000950009_0000950009_18O000190</bestandIdentificator></bijlagePerNetbeheerder><bijlagePerNetbeheerder><soortBijlage>bijlage</soortBijlage><bestandLocatie>bronnen/TS1353/BL_Naam+Netbeheerder+0000950009_0000950009_18O000190_willekeurigenaam.pdf</bestandLocatie><bestandMediaType xlink:href="http://definities.geostandaarden.nl/imkl2015/id/waarde/BestandMediaTypeValue/PDF"/><bestandIdentificator>BL_Naam+Netbeheerder+0000950009_0000950009_18O000190_willekeurigenaam</bestandIdentificator></bijlagePerNetbeheerder><beheerdersinformatie><thema xlink:href="http://definities.geostandaarden.nl/imkl2015/id/waarde/Thema/gasHogeDruk"/><eisVoorzorgmaatregel>true</eisVoorzorgmaatregel><themabijlagePerNetbeheerder><soortBijlage>themabijlage</soortBijlage><bestandLocatie>bronnen/TS1353/TB_gas+hoge+druk_Naam+Netbeheerder+0000950009_0000950009_18O000190_willekeurigenaam.pdf</bestandLocatie><bestandMediaType xlink:href="http://definities.geostandaarden.nl/imkl2015/id/waarde/BestandMediaTypeValue/PDF"/><bestandIdentificator>TB_gas+hoge+druk_Naam+Netbeheerder+0000950009_0000950009_18O000190_willekeurigenaam</bestandIdentificator></themabijlagePerNetbeheerder><themabijlagePerNetbeheerder><soortBijlage>eisVoorzorgsmaatregel</soortBijlage><bestandLocatie>bronnen/TS1353/EV_gas+hoge+druk_Naam+Netbeheerder+0000950009_0000950009_18O000190.pdf</bestandLocatie><bestandMediaType xlink:href="http://definities.geostandaarden.nl/imkl2015/id/waarde/BestandMediaTypeValue/PDF"/><bestandIdentificator>EV_gas+hoge+druk_Naam+Netbeheerder+0000950009_0000950009_18O000190</bestandIdentificator></themabijlagePerNetbeheerder><themabijlagePerNetbeheerder><soortBijlage>huisaansluiting</soortBijlage><bestandLocatie>bronnen/TS1353/HA_gas+hoge+druk_Naam+Netbeheerder+0000950009_0000950009_18O000190_6828RE_39.pdf</bestandLocatie><bestandMediaType xlink:href="http://definities.geostandaarden.nl/imkl2015/id/waarde/BestandMediaTypeValue/PDF"/><bestandIdentificator>HA_gas+hoge+druk_Naam+Netbeheerder+0000950009_0000950009_18O000190_6828RE_39</bestandIdentificator></themabijlagePerNetbeheerder><themabijlagePerNetbeheerder><soortBijlage>ligging</soortBijlage><bestandLocatie>bronnen/TS1353/LG_gas+hoge+druk_Naam+Netbeheerder+0000950009_0000950009_18O000190.png</bestandLocatie><bestandMediaType xlink:href="http://definities.geostandaarden.nl/imkl2015/id/waarde/BestandMediaTypeValue/PNG"/><bestandIdentificator>LG_gas+hoge+druk_Naam+Netbeheerder+0000950009_0000950009_18O000190</bestandIdentificator></themabijlagePerNetbeheerder></beheerdersinformatie><beheerdersinformatie><thema xlink:href="http://definities.geostandaarden.nl/imkl2015/id/waarde/Thema/buisleidingGevaarlijkeInhoud"/><eisVoorzorgmaatregel>false</eisVoorzorgmaatregel><themabijlagePerNetbeheerder><soortBijlage>ligging</soortBijlage><bestandLocatie>bronnen/TS1353/LG_buisleiding+gevaarlijke+inhoud_Naam+Netbeheerder+0000950009_0000950009_18O000190.png</bestandLocatie><bestandMediaType xlink:href="http://definities.geostandaarden.nl/imkl2015/id/waarde/BestandMediaTypeValue/PNG"/><bestandIdentificator>LG_buisleiding+gevaarlijke+inhoud_Naam+Netbeheerder+0000950009_0000950009_18O000190</bestandIdentificator></themabijlagePerNetbeheerder><themabijlagePerNetbeheerder><soortBijlage>huisaansluiting</soortBijlage><bestandLocatie>bronnen/TS1353/HA_buisleiding+gevaarlijke+inhoud_Naam+Netbeheerder+0000950009_0000950009_18O000190_6828RE_39.pdf</bestandLocatie><bestandMediaType xlink:href="http://definities.geostandaarden.nl/imkl2015/id/waarde/BestandMediaTypeValue/PDF"/><bestandIdentificator>HA_buisleiding+gevaarlijke+inhoud_Naam+Netbeheerder+0000950009_0000950009_18O000190_6828RE_39</bestandIdentificator></themabijlagePerNetbeheerder></beheerdersinformatie><beheerdersinformatie><thema xlink:href="http://definities.geostandaarden.nl/imkl2015/id/waarde/Thema/petrochemie"/><eisVoorzorgmaatregel>false</eisVoorzorgmaatregel><themabijlagePerNetbeheerder><soortBijlage>ligging</soortBijlage><bestandLocatie>bronnen/TS1353/LG_(petro)+chemie_Naam+Netbeheerder+0000950009_0000950009_18O000190.png</bestandLocatie><bestandMediaType xlink:href="http://definities.geostandaarden.nl/imkl2015/id/waarde/BestandMediaTypeValue/PNG"/><bestandIdentificator>LG_(petro)+chemie_Naam+Netbeheerder+0000950009_0000950009_18O000190</bestandIdentificator></themabijlagePerNetbeheerder><themabijlagePerNetbeheerder><soortBijlage>huisaansluiting</soortBijlage><bestandLocatie>bronnen/TS1353/HA_(petro)+chemie_Naam+Netbeheerder+0000950009_0000950009_18O000190_6828RE_39.pdf</bestandLocatie><bestandMediaType xlink:href="http://definities.geostandaarden.nl/imkl2015/id/waarde/BestandMediaTypeValue/PDF"/><bestandIdentificator>HA_(petro)+chemie_Naam+Netbeheerder+0000950009_0000950009_18O000190_6828RE_39</bestandIdentificator></themabijlagePerNetbeheerder></beheerdersinformatie></belanghebbende><belanghebbende><bronhoudercode>TS0038</bronhoudercode><beheerdersinformatieVersie>klassiek</beheerdersinformatieVersie><netbeheerderContact><contact/></netbeheerderContact><bijlagePerNetbeheerder><soortBijlage>bijlage</soortBijlage><bestandLocatie>bronnen/TS0038/BL_Naam+Netbeheerder+0000949132_0000949132_18O000190_willekeurigenaam.pdf</bestandLocatie><bestandMediaType xlink:href="http://definities.geostandaarden.nl/imkl2015/id/waarde/BestandMediaTypeValue/PDF"/><bestandIdentificator>BL_Naam+Netbeheerder+0000949132_0000949132_18O000190_willekeurigenaam</bestandIdentificator></bijlagePerNetbeheerder><bijlagePerNetbeheerder><soortBijlage>eigenTopo</soortBijlage><bestandLocatie>bronnen/TS0038/ET_Naam+Netbeheerder+0000949132_0000949132_18O000190.png</bestandLocatie><bestandMediaType xlink:href="http://definities.geostandaarden.nl/imkl2015/id/waarde/BestandMediaTypeValue/PNG"/><bestandIdentificator>ET_Naam+Netbeheerder+0000949132_0000949132_18O000190</bestandIdentificator></bijlagePerNetbeheerder><bijlagePerNetbeheerder><soortBijlage>eigenTopoPlan</soortBijlage><bestandLocatie>bronnen/TS0038/PT_Naam+Netbeheerder+0000949132_0000949132_18O000190.png</bestandLocatie><bestandMediaType xlink:href="http://definities.geostandaarden.nl/imkl2015/id/waarde/BestandMediaTypeValue/PNG"/><bestandIdentificator>PT_Naam+Netbeheerder+0000949132_0000949132_18O000190</bestandIdentificator></bijlagePerNetbeheerder><beheerdersinformatie><thema xlink:href="http://definities.geostandaarden.nl/imkl2015/id/waarde/Thema/gasHogeDruk"/><eisVoorzorgmaatregel>false</eisVoorzorgmaatregel><themabijlagePerNetbeheerder><soortBijlage>ligging</soortBijlage><bestandLocatie>bronnen/TS0038/LG_gas+hoge+druk_Naam+Netbeheerder+0000949132_0000949132_18O000190.png</bestandLocatie><bestandMediaType xlink:href="http://definities.geostandaarden.nl/imkl2015/id/waarde/BestandMediaTypeValue/PNG"/><bestandIdentificator>LG_gas+hoge+druk_Naam+Netbeheerder+0000949132_0000949132_18O000190</bestandIdentificator></themabijlagePerNetbeheerder><themabijlagePerNetbeheerder><soortBijlage>huisaansluiting</soortBijlage><bestandLocatie>bronnen/TS0038/HA_gas+hoge+druk_Naam+Netbeheerder+0000949132_0000949132_18O000190_6828RE_39.pdf</bestandLocatie><bestandMediaType xlink:href="http://definities.geostandaarden.nl/imkl2015/id/waarde/BestandMediaTypeValue/PDF"/><bestandIdentificator>HA_gas+hoge+druk_Naam+Netbeheerder+0000949132_0000949132_18O000190_6828RE_39</bestandIdentificator></themabijlagePerNetbeheerder></beheerdersinformatie></belanghebbende></Leveringsinformatie>