<?xml version="1.0" encoding="UTF-8" standalone="yes"?><Leveringsinformatie xmlns="http://www.kadaster.nl/schemas/klic/leveringsinformatie/v20180418" xmlns:xlink="http://www.w3.org/1999/xlink" xmlns:gml="http://www.opengis.net/gml/3.2"><version>2.1</version><bijlagePerLevering><soortBijlage>achtergrondkaart</soortBijlage><bestandLocatie>bronnen/GB_19G559028.png</bestandLocatie><bestandMediaType xlink:href="http://definities.geostandaarden.nl/imkl2015/id/waarde/BestandMediaTypeValue/PNG"/><bestandIdentificator>GB_19G559028</bestandIdentificator></bijlagePerLevering><bijlagePerLevering><soortBijlage>geselecteerdGebied</soortBijlage><bestandLocatie>bronnen/SEL_19G559028.png</bestandLocatie><bestandMediaType xlink:href="http://definities.geostandaarden.nl/imkl2015/id/waarde/BestandMediaTypeValue/PNG"/><bestandIdentificator>SEL_19G559028</bestandIdentificator></bijlagePerLevering><bijlagePerLevering><soortBijlage>leveringsbrief</soortBijlage><bestandLocatie>LI_19G559028_1.pdf</bestandLocatie><bestandMediaType xlink:href="http://definities.geostandaarden.nl/imkl2015/id/waarde/BestandMediaTypeValue/PDF"/><bestandIdentificator>LI_19G559028_1</bestandIdentificator></bijlagePerLevering><bijlagePerLevering><soortBijlage>gebiedsinformatieLevering</soortBijlage><bestandLocatie>GI_gebiedsinformatielevering_19G559028_1.xml</bestandLocatie><bestandMediaType xlink:href="http://definities.geostandaarden.nl/imkl2015/id/waarde/BestandMediaTypeValue/XML"/><bestandIdentificator>GI_gebiedsinformatielevering_19G559028_1</bestandIdentificator></bijlagePerLevering><pngFormaat><omsluitendeRechthoek><gml:Envelope srsName="urn:ogc:def:crs:EPSG::28992" srsDimension="2"><gml:lowerCorner>233800.0 581800.0</gml:lowerCorner><gml:upperCorner>234000.0 582000.0</gml:upperCorner></gml:Envelope></omsluitendeRechthoek><pixelsBreed>2800</pixelsBreed><pixelsHoog>2800</pixelsHoog></pngFormaat><belanghebbende><bronhoudercode>KL1103</bronhoudercode><beheerdersinformatieVersie>IMKL1.2</beheerdersinformatieVersie><bijlagePerNetbeheerder><soortBijlage>algemeen</soortBijlage><bestandLocatie>bronnen/KL1103/nl.imkl-KL1103_19G559028.WaterbedrijfGroningen_ALG_95e8ff30_4298_43b4_91ef_386bbe634b91.pdf</bestandLocatie><bestandMediaType xlink:href="http://definities.geostandaarden.nl/imkl2015/id/waarde/BestandMediaTypeValue/PDF"/><bestandIdentificator>nl.imkl-KL1103.WaterbedrijfGroningen_ALG_95e8ff30_4298_43b4_91ef_386bbe634b91</bestandIdentificator></bijlagePerNetbeheerder><beheerdersinformatie><thema xlink:href="http://definities.geostandaarden.nl/imkl2015/id/waarde/Thema/water"/><eisVoorzorgmaatregel>true</eisVoorzorgmaatregel><themabijlagePerNetbeheerder><soortBijlage>ligging</soortBijlage><bestandLocatie>bronnen/KL1103/LG_water_Waterbedrijf+Groningen_0000574983_19G559028.png</bestandLocatie><bestandMediaType xlink:href="http://definities.geostandaarden.nl/imkl2015/id/waarde/BestandMediaTypeValue/PNG"/><bestandIdentificator>LG_water_Waterbedrijf+Groningen_0000574983_19G559028.png</bestandIdentificator></themabijlagePerNetbeheerder><themabijlagePerNetbeheerder><soortBijlage>maatvoering</soortBijlage><bestandLocatie>bronnen/KL1103/MV_water_Waterbedrijf+Groningen_0000574983_19G559028.png</bestandLocatie><bestandMediaType xlink:href="http://definities.geostandaarden.nl/imkl2015/id/waarde/BestandMediaTypeValue/PNG"/><bestandIdentificator>MV_water_Waterbedrijf+Groningen_0000574983_19G559028.png</bestandIdentificator></themabijlagePerNetbeheerder><themabijlagePerNetbeheerder><soortBijlage>eisVoorzorgsmaatregel</soortBijlage><bestandLocatie>bronnen/KL1103/nl.imkl-KL1103_19G559028.WaterbedrijfGroningenEV.001_water.pdf</bestandLocatie><bestandMediaType xlink:href="http://definities.geostandaarden.nl/imkl2015/id/waarde/BestandMediaTypeValue/PDF"/><bestandIdentificator>nl.imkl-KL1103.WaterbedrijfGroningenEV.001_water</bestandIdentificator></themabijlagePerNetbeheerder></beheerdersinformatie></belanghebbende><belanghebbende><bronhoudercode>KL1011</bronhoudercode><beheerdersinformatieVersie>IMKL1.2</beheerdersinformatieVersie><bijlagePerNetbeheerder><soortBijlage>algemeen</soortBijlage><bestandLocatie>bronnen/KL1011/nl.imkl-KL1011_19G559028.BriefBelang_Algemeen_472a612d_b164_4276_a630_af4b5ffe3a2d.pdf</bestandLocatie><bestandMediaType xlink:href="http://definities.geostandaarden.nl/imkl2015/id/waarde/BestandMediaTypeValue/PDF"/><bestandIdentificator>nl.imkl-KL1011.BriefBelang_Algemeen_472a612d_b164_4276_a630_af4b5ffe3a2d</bestandIdentificator></bijlagePerNetbeheerder><beheerdersinformatie><thema xlink:href="http://definities.geostandaarden.nl/imkl2015/id/waarde/Thema/datatransport"/><eisVoorzorgmaatregel>false</eisVoorzorgmaatregel><themabijlagePerNetbeheerder><soortBijlage>ligging</soortBijlage><bestandLocatie>bronnen/KL1011/LG_datatransport_Ziggo+B.V._0000546674_19G559028.png</bestandLocatie><bestandMediaType xlink:href="http://definities.geostandaarden.nl/imkl2015/id/waarde/BestandMediaTypeValue/PNG"/><bestandIdentificator>LG_datatransport_Ziggo+B.V._0000546674_19G559028.png</bestandIdentificator></themabijlagePerNetbeheerder><themabijlagePerNetbeheerder><soortBijlage>maatvoering</soortBijlage><bestandLocatie>bronnen/KL1011/MV_datatransport_Ziggo+B.V._0000546674_19G559028.png</bestandLocatie><bestandMediaType xlink:href="http://definities.geostandaarden.nl/imkl2015/id/waarde/BestandMediaTypeValue/PNG"/><bestandIdentificator>MV_datatransport_Ziggo+B.V._0000546674_19G559028.png</bestandIdentificator></themabijlagePerNetbeheerder><themabijlagePerNetbeheerder><soortBijlage>annotatie</soortBijlage><bestandLocatie>bronnen/KL1011/AN_datatransport_Ziggo+B.V._0000546674_19G559028.png</bestandLocatie><bestandMediaType xlink:href="http://definities.geostandaarden.nl/imkl2015/id/waarde/BestandMediaTypeValue/PNG"/><bestandIdentificator>AN_datatransport_Ziggo+B.V._0000546674_19G559028.png</bestandIdentificator></themabijlagePerNetbeheerder></beheerdersinformatie></belanghebbende><belanghebbende><bronhoudercode>KL1762</bronhoudercode><beheerdersinformatieVersie>IMKL1.2</beheerdersinformatieVersie><bijlagePerNetbeheerder><soortBijlage>algemeen</soortBijlage><bestandLocatie>bronnen/KL1762/nl.imkl-KL1762_19G559028.WarmteStad_ALG_b2e742b9_2356_4301_9357_b6d5745a4654.pdf</bestandLocatie><bestandMediaType xlink:href="http://definities.geostandaarden.nl/imkl2015/id/waarde/BestandMediaTypeValue/PDF"/><bestandIdentificator>nl.imkl-KL1762.WarmteStad_ALG_b2e742b9_2356_4301_9357_b6d5745a4654</bestandIdentificator></bijlagePerNetbeheerder></belanghebbende><belanghebbende><bronhoudercode>KL1049</bronhoudercode><beheerdersinformatieVersie>IMKL1.2</beheerdersinformatieVersie><bijlagePerNetbeheerder><soortBijlage>nietBetrokken</soortBijlage><bestandLocatie>bronnen/KL1049/nl.imkl-KL1049_19G559028.brief-nietbetrokken.pdf</bestandLocatie><bestandMediaType xlink:href="http://definities.geostandaarden.nl/imkl2015/id/waarde/BestandMediaTypeValue/PDF"/><bestandIdentificator>nl.imkl-KL1049.brief-nietbetrokken</bestandIdentificator></bijlagePerNetbeheerder></belanghebbende><belanghebbende><bronhoudercode>KL1031</bronhoudercode><beheerdersinformatieVersie>IMKL1.2</beheerdersinformatieVersie><bijlagePerNetbeheerder><soortBijlage>algemeen</soortBijlage><bestandLocatie>bronnen/KL1031/nl.imkl-KL1031_19G559028.Brief_Algemeen_KW_v4_20190401_aa75cc6e_87fb_4cd3_ac62_d934605978c9.pdf</bestandLocatie><bestandMediaType xlink:href="http://definities.geostandaarden.nl/imkl2015/id/waarde/BestandMediaTypeValue/PDF"/><bestandIdentificator>nl.imkl-KL1031.Brief_Algemeen_KW_v4_20190401_aa75cc6e_87fb_4cd3_ac62_d934605978c9</bestandIdentificator></bijlagePerNetbeheerder><beheerdersinformatie><thema xlink:href="http://definities.geostandaarden.nl/imkl2015/id/waarde/Thema/gasHogeDruk"/><eisVoorzorgmaatregel>true</eisVoorzorgmaatregel><themabijlagePerNetbeheerder><soortBijlage>maatvoering</soortBijlage><bestandLocatie>bronnen/KL1031/MV_gasHogeDruk_Enexis+Netbeheer+B.V._0000729946_19G559028.png</bestandLocatie><bestandMediaType xlink:href="http://definities.geostandaarden.nl/imkl2015/id/waarde/BestandMediaTypeValue/PNG"/><bestandIdentificator>MV_gasHogeDruk_Enexis+Netbeheer+B.V._0000729946_19G559028.png</bestandIdentificator></themabijlagePerNetbeheerder><themabijlagePerNetbeheerder><soortBijlage>ligging</soortBijlage><bestandLocatie>bronnen/KL1031/LG_gasHogeDruk_Enexis+Netbeheer+B.V._0000729946_19G559028.png</bestandLocatie><bestandMediaType xlink:href="http://definities.geostandaarden.nl/imkl2015/id/waarde/BestandMediaTypeValue/PNG"/><bestandIdentificator>LG_gasHogeDruk_Enexis+Netbeheer+B.V._0000729946_19G559028.png</bestandIdentificator></themabijlagePerNetbeheerder><themabijlagePerNetbeheerder><soortBijlage>annotatie</soortBijlage><bestandLocatie>bronnen/KL1031/AN_gasHogeDruk_Enexis+Netbeheer+B.V._0000729946_19G559028.png</bestandLocatie><bestandMediaType xlink:href="http://definities.geostandaarden.nl/imkl2015/id/waarde/BestandMediaTypeValue/PNG"/><bestandIdentificator>AN_gasHogeDruk_Enexis+Netbeheer+B.V._0000729946_19G559028.png</bestandIdentificator></themabijlagePerNetbeheerder><themabijlagePerNetbeheerder><soortBijlage>eisVoorzorgsmaatregel</soortBijlage><bestandLocatie>bronnen/KL1031/nl.imkl-KL1031_19G559028.EnexisEV.002_gasHogeDruk.pdf</bestandLocatie><bestandMediaType xlink:href="http://definities.geostandaarden.nl/imkl2015/id/waarde/BestandMediaTypeValue/PDF"/><bestandIdentificator>nl.imkl-KL1031.EnexisEV.002_gasHogeDruk</bestandIdentificator></themabijlagePerNetbeheerder></beheerdersinformatie><beheerdersinformatie><thema xlink:href="http://definities.geostandaarden.nl/imkl2015/id/waarde/Thema/middenspanning"/><eisVoorzorgmaatregel>false</eisVoorzorgmaatregel><themabijlagePerNetbeheerder><soortBijlage>annotatie</soortBijlage><bestandLocatie>bronnen/KL1031/AN_middenspanning_Enexis+Netbeheer+B.V._0000729946_19G559028.png</bestandLocatie><bestandMediaType xlink:href="http://definities.geostandaarden.nl/imkl2015/id/waarde/BestandMediaTypeValue/PNG"/><bestandIdentificator>AN_middenspanning_Enexis+Netbeheer+B.V._0000729946_19G559028.png</bestandIdentificator></themabijlagePerNetbeheerder><themabijlagePerNetbeheerder><soortBijlage>ligging</soortBijlage><bestandLocatie>bronnen/KL1031/LG_middenspanning_Enexis+Netbeheer+B.V._0000729946_19G559028.png</bestandLocatie><bestandMediaType xlink:href="http://definities.geostandaarden.nl/imkl2015/id/waarde/BestandMediaTypeValue/PNG"/><bestandIdentificator>LG_middenspanning_Enexis+Netbeheer+B.V._0000729946_19G559028.png</bestandIdentificator></themabijlagePerNetbeheerder><themabijlagePerNetbeheerder><soortBijlage>maatvoering</soortBijlage><bestandLocatie>bronnen/KL1031/MV_middenspanning_Enexis+Netbeheer+B.V._0000729946_19G559028.png</bestandLocatie><bestandMediaType xlink:href="http://definities.geostandaarden.nl/imkl2015/id/waarde/BestandMediaTypeValue/PNG"/><bestandIdentificator>MV_middenspanning_Enexis+Netbeheer+B.V._0000729946_19G559028.png</bestandIdentificator></themabijlagePerNetbeheerder></beheerdersinformatie><beheerdersinformatie><thema xlink:href="http://definities.geostandaarden.nl/imkl2015/id/waarde/Thema/gasLageDruk"/><eisVoorzorgmaatregel>true</eisVoorzorgmaatregel><themabijlagePerNetbeheerder><soortBijlage>ligging</soortBijlage><bestandLocatie>bronnen/KL1031/LG_gasLageDruk_Enexis+Netbeheer+B.V._0000729946_19G559028.png</bestandLocatie><bestandMediaType xlink:href="http://definities.geostandaarden.nl/imkl2015/id/waarde/BestandMediaTypeValue/PNG"/><bestandIdentificator>LG_gasLageDruk_Enexis+Netbeheer+B.V._0000729946_19G559028.png</bestandIdentificator></themabijlagePerNetbeheerder><themabijlagePerNetbeheerder><soortBijlage>maatvoering</soortBijlage><bestandLocatie>bronnen/KL1031/MV_gasLageDruk_Enexis+Netbeheer+B.V._0000729946_19G559028.png</bestandLocatie><bestandMediaType xlink:href="http://definities.geostandaarden.nl/imkl2015/id/waarde/BestandMediaTypeValue/PNG"/><bestandIdentificator>MV_gasLageDruk_Enexis+Netbeheer+B.V._0000729946_19G559028.png</bestandIdentificator></themabijlagePerNetbeheerder><themabijlagePerNetbeheerder><soortBijlage>annotatie</soortBijlage><bestandLocatie>bronnen/KL1031/AN_gasLageDruk_Enexis+Netbeheer+B.V._0000729946_19G559028.png</bestandLocatie><bestandMediaType xlink:href="http://definities.geostandaarden.nl/imkl2015/id/waarde/BestandMediaTypeValue/PNG"/><bestandIdentificator>AN_gasLageDruk_Enexis+Netbeheer+B.V._0000729946_19G559028.png</bestandIdentificator></themabijlagePerNetbeheerder><themabijlagePerNetbeheerder><soortBijlage>eisVoorzorgsmaatregel</soortBijlage><bestandLocatie>bronnen/KL1031/nl.imkl-KL1031_19G559028.EnexisEV.002_gasLageDruk.pdf</bestandLocatie><bestandMediaType xlink:href="http://definities.geostandaarden.nl/imkl2015/id/waarde/BestandMediaTypeValue/PDF"/><bestandIdentificator>nl.imkl-KL1031.EnexisEV.002_gasLageDruk</bestandIdentificator></themabijlagePerNetbeheerder></beheerdersinformatie><beheerdersinformatie><thema xlink:href="http://definities.geostandaarden.nl/imkl2015/id/waarde/Thema/laagspanning"/><eisVoorzorgmaatregel>false</eisVoorzorgmaatregel><themabijlagePerNetbeheerder><soortBijlage>ligging</soortBijlage><bestandLocatie>bronnen/KL1031/LG_laagspanning_Enexis+Netbeheer+B.V._0000729946_19G559028.png</bestandLocatie><bestandMediaType xlink:href="http://definities.geostandaarden.nl/imkl2015/id/waarde/BestandMediaTypeValue/PNG"/><bestandIdentificator>LG_laagspanning_Enexis+Netbeheer+B.V._0000729946_19G559028.png</bestandIdentificator></themabijlagePerNetbeheerder><themabijlagePerNetbeheerder><soortBijlage>annotatie</soortBijlage><bestandLocatie>bronnen/KL1031/AN_laagspanning_Enexis+Netbeheer+B.V._0000729946_19G559028.png</bestandLocatie><bestandMediaType xlink:href="http://definities.geostandaarden.nl/imkl2015/id/waarde/BestandMediaTypeValue/PNG"/><bestandIdentificator>AN_laagspanning_Enexis+Netbeheer+B.V._0000729946_19G559028.png</bestandIdentificator></themabijlagePerNetbeheerder><themabijlagePerNetbeheerder><soortBijlage>maatvoering</soortBijlage><bestandLocatie>bronnen/KL1031/MV_laagspanning_Enexis+Netbeheer+B.V._0000729946_19G559028.png</bestandLocatie><bestandMediaType xlink:href="http://definities.geostandaarden.nl/imkl2015/id/waarde/BestandMediaTypeValue/PNG"/><bestandIdentificator>MV_laagspanning_Enexis+Netbeheer+B.V._0000729946_19G559028.png</bestandIdentificator></themabijlagePerNetbeheerder></beheerdersinformatie></belanghebbende><belanghebbende><bronhoudercode>GM0014</bronhoudercode><beheerdersinformatieVersie>IMKL1.2</beheerdersinformatieVersie><beheerdersinformatie><thema xlink:href="http://definities.geostandaarden.nl/imkl2015/id/waarde/Thema/rioolVrijverval"/><eisVoorzorgmaatregel>false</eisVoorzorgmaatregel><themabijlagePerNetbeheerder><soortBijlage>ligging</soortBijlage><bestandLocatie>bronnen/GM0014/LG_rioolVrijverval_Gem.+Groningen_0000583348_19G559028.png</bestandLocatie><bestandMediaType xlink:href="http://definities.geostandaarden.nl/imkl2015/id/waarde/BestandMediaTypeValue/PNG"/><bestandIdentificator>LG_rioolVrijverval_Gem.+Groningen_0000583348_19G559028.png</bestandIdentificator></themabijlagePerNetbeheerder></beheerdersinformatie><beheerdersinformatie><thema xlink:href="http://definities.geostandaarden.nl/imkl2015/id/waarde/Thema/laagspanning"/><eisVoorzorgmaatregel>false</eisVoorzorgmaatregel><themabijlagePerNetbeheerder><soortBijlage>ligging</soortBijlage><bestandLocatie>bronnen/GM0014/LG_laagspanning_Gem.+Groningen_0000583348_19G559028.png</bestandLocatie><bestandMediaType xlink:href="http://definities.geostandaarden.nl/imkl2015/id/waarde/BestandMediaTypeValue/PNG"/><bestandIdentificator>LG_laagspanning_Gem.+Groningen_0000583348_19G559028.png</bestandIdentificator></themabijlagePerNetbeheerder></beheerdersinformatie></belanghebbende><belanghebbende><bronhoudercode>KL1051</bronhoudercode><beheerdersinformatieVersie>IMKL1.2</beheerdersinformatieVersie><beheerdersinformatie><thema xlink:href="http://definities.geostandaarden.nl/imkl2015/id/waarde/Thema/datatransport"/><eisVoorzorgmaatregel>false</eisVoorzorgmaatregel><themabijlagePerNetbeheerder><soortBijlage>huisaansluiting</soortBijlage><bestandLocatie>bronnen/KL1051/nl.imkl-KL1051.HC_6.HA_datatransport_KPN_19G559028_9711NA_15_1.PDF.pdf</bestandLocatie><bestandMediaType xlink:href="http://definities.geostandaarden.nl/imkl2015/id/waarde/BestandMediaTypeValue/PDF"/><bestandIdentificator>nl.imkl-KL1051.HC_6.HA_datatransport_KPN_19G559028_9711NA_15_1.PDF</bestandIdentificator><adres><postcode>9711NA</postcode><huisnummerLetterToev>15 9</huisnummerLetterToev><BAGidAdresseerbaarObject>0014010010983901</BAGidAdresseerbaarObject></adres></themabijlagePerNetbeheerder><themabijlagePerNetbeheerder><soortBijlage>huisaansluiting</soortBijlage><bestandLocatie>bronnen/KL1051/nl.imkl-KL1051.HC_7.HA_datatransport_KPN_19G559028_9711NA_21_1.PDF.pdf</bestandLocatie><bestandMediaType xlink:href="http://definities.geostandaarden.nl/imkl2015/id/waarde/BestandMediaTypeValue/PDF"/><bestandIdentificator>nl.imkl-KL1051.HC_7.HA_datatransport_KPN_19G559028_9711NA_21_1.PDF</bestandIdentificator><adres><postcode>9711NA</postcode><huisnummerLetterToev>21 a</huisnummerLetterToev><BAGidAdresseerbaarObject>0014010011035781</BAGidAdresseerbaarObject></adres></themabijlagePerNetbeheerder><themabijlagePerNetbeheerder><soortBijlage>huisaansluiting</soortBijlage><bestandLocatie>bronnen/KL1051/nl.imkl-KL1051.HC_8.HA_datatransport_KPN_19G559028_9711NA_3_1.PDF.pdf</bestandLocatie><bestandMediaType xlink:href="http://definities.geostandaarden.nl/imkl2015/id/waarde/BestandMediaTypeValue/PDF"/><bestandIdentificator>nl.imkl-KL1051.HC_8.HA_datatransport_KPN_19G559028_9711NA_3_1.PDF</bestandIdentificator><adres><postcode>9711NA</postcode><huisnummerLetterToev>3 f</huisnummerLetterToev><BAGidAdresseerbaarObject>0014010022188523</BAGidAdresseerbaarObject></adres></themabijlagePerNetbeheerder><themabijlagePerNetbeheerder><soortBijlage>huisaansluiting</soortBijlage><bestandLocatie>bronnen/KL1051/nl.imkl-KL1051.HC_9.HA_datatransport_KPN_19G559028_9711NA_5_1.PDF.pdf</bestandLocatie><bestandMediaType xlink:href="http://definities.geostandaarden.nl/imkl2015/id/waarde/BestandMediaTypeValue/PDF"/><bestandIdentificator>nl.imkl-KL1051.HC_9.HA_datatransport_KPN_19G559028_9711NA_5_1.PDF</bestandIdentificator><adres><postcode>9711NA</postcode><huisnummerLetterToev>5</huisnummerLetterToev><BAGidAdresseerbaarObject>0014010022188512</BAGidAdresseerbaarObject></adres></themabijlagePerNetbeheerder><themabijlagePerNetbeheerder><soortBijlage>profielschets</soortBijlage><bestandLocatie>bronnen/KL1051/nl.imkl-KL1051.LI_1.BL_KPN_19G559028_Brief-belang.PDF.pdf</bestandLocatie><bestandMediaType xlink:href="http://definities.geostandaarden.nl/imkl2015/id/waarde/BestandMediaTypeValue/PDF"/><bestandIdentificator>nl.imkl-KL1051.LI_1.BL_KPN_19G559028_Brief-belang.PDF</bestandIdentificator></themabijlagePerNetbeheerder><themabijlagePerNetbeheerder><soortBijlage>ligging</soortBijlage><bestandLocatie>bronnen/KL1051/LG_datatransport_KPN+B.V._0000546663_19G559028.png</bestandLocatie><bestandMediaType xlink:href="http://definities.geostandaarden.nl/imkl2015/id/waarde/BestandMediaTypeValue/PNG"/><bestandIdentificator>LG_datatransport_KPN+B.V._0000546663_19G559028.png</bestandIdentificator></themabijlagePerNetbeheerder><themabijlagePerNetbeheerder><soortBijlage>maatvoering</soortBijlage><bestandLocatie>bronnen/KL1051/MV_datatransport_KPN+B.V._0000546663_19G559028.png</bestandLocatie><bestandMediaType xlink:href="http://definities.geostandaarden.nl/imkl2015/id/waarde/BestandMediaTypeValue/PNG"/><bestandIdentificator>MV_datatransport_KPN+B.V._0000546663_19G559028.png</bestandIdentificator></themabijlagePerNetbeheerder><themabijlagePerNetbeheerder><soortBijlage>annotatie</soortBijlage><bestandLocatie>bronnen/KL1051/AN_datatransport_KPN+B.V._0000546663_19G559028.png</bestandLocatie><bestandMediaType xlink:href="http://definities.geostandaarden.nl/imkl2015/id/waarde/BestandMediaTypeValue/PNG"/><bestandIdentificator>AN_datatransport_KPN+B.V._0000546663_19G559028.png</bestandIdentificator></themabijlagePerNetbeheerder><themabijlagePerNetbeheerder><soortBijlage>profielschets</soortBijlage><bestandLocatie>bronnen/KL1051/nl.imkl-KL1051.19G5590282.TB_datatransport_KPN_19G559028_45916_38691153_Waterkruisingen.PDF.pdf</bestandLocatie><bestandMediaType xlink:href="http://definities.geostandaarden.nl/imkl2015/id/waarde/BestandMediaTypeValue/PDF"/><bestandIdentificator>nl.imkl-KL1051.19G5590282.TB_datatransport_KPN_19G559028_45916_38691153_Waterkruisingen.PDF</bestandIdentificator></themabijlagePerNetbeheerder><themabijlagePerNetbeheerder><soortBijlage>huisaansluiting</soortBijlage><bestandLocatie>bronnen/KL1051/nl.imkl-KL1051.HC_10.HA_datatransport_KPN_19G559028_9711NA_5_2.PDF.pdf</bestandLocatie><bestandMediaType xlink:href="http://definities.geostandaarden.nl/imkl2015/id/waarde/BestandMediaTypeValue/PDF"/><bestandIdentificator>nl.imkl-KL1051.HC_10.HA_datatransport_KPN_19G559028_9711NA_5_2.PDF</bestandIdentificator><adres><postcode>9711NA</postcode><huisnummerLetterToev>5</huisnummerLetterToev><BAGidAdresseerbaarObject>0014010022188512</BAGidAdresseerbaarObject></adres></themabijlagePerNetbeheerder><themabijlagePerNetbeheerder><soortBijlage>huisaansluiting</soortBijlage><bestandLocatie>bronnen/KL1051/nl.imkl-KL1051.HC_11.HA_datatransport_KPN_19G559028_9711NA_7_1.PDF.pdf</bestandLocatie><bestandMediaType xlink:href="http://definities.geostandaarden.nl/imkl2015/id/waarde/BestandMediaTypeValue/PDF"/><bestandIdentificator>nl.imkl-KL1051.HC_11.HA_datatransport_KPN_19G559028_9711NA_7_1.PDF</bestandIdentificator><adres><postcode>9711NA</postcode><huisnummerLetterToev>7</huisnummerLetterToev><BAGidAdresseerbaarObject>0014010011069964</BAGidAdresseerbaarObject></adres></themabijlagePerNetbeheerder><themabijlagePerNetbeheerder><soortBijlage>huisaansluiting</soortBijlage><bestandLocatie>bronnen/KL1051/nl.imkl-KL1051.HC_12.HA_datatransport_KPN_19G559028_9711NA_9_1.PDF.pdf</bestandLocatie><bestandMediaType xlink:href="http://definities.geostandaarden.nl/imkl2015/id/waarde/BestandMediaTypeValue/PDF"/><bestandIdentificator>nl.imkl-KL1051.HC_12.HA_datatransport_KPN_19G559028_9711NA_9_1.PDF</bestandIdentificator><adres><postcode>9711NA</postcode><huisnummerLetterToev>9</huisnummerLetterToev><BAGidAdresseerbaarObject>0014010010993153</BAGidAdresseerbaarObject></adres></themabijlagePerNetbeheerder><themabijlagePerNetbeheerder><soortBijlage>huisaansluiting</soortBijlage><bestandLocatie>bronnen/KL1051/nl.imkl-KL1051.HC_13.HA_datatransport_KPN_19G559028_9711NC_10_1.PDF.pdf</bestandLocatie><bestandMediaType xlink:href="http://definities.geostandaarden.nl/imkl2015/id/waarde/BestandMediaTypeValue/PDF"/><bestandIdentificator>nl.imkl-KL1051.HC_13.HA_datatransport_KPN_19G559028_9711NC_10_1.PDF</bestandIdentificator><adres><postcode>9711NC</postcode><huisnummerLetterToev>10</huisnummerLetterToev><BAGidAdresseerbaarObject>0014010011009330</BAGidAdresseerbaarObject></adres></themabijlagePerNetbeheerder><themabijlagePerNetbeheerder><soortBijlage>huisaansluiting</soortBijlage><bestandLocatie>bronnen/KL1051/nl.imkl-KL1051.HC_14.HA_datatransport_KPN_19G559028_9711NC_12_1.PDF.pdf</bestandLocatie><bestandMediaType xlink:href="http://definities.geostandaarden.nl/imkl2015/id/waarde/BestandMediaTypeValue/PDF"/><bestandIdentificator>nl.imkl-KL1051.HC_14.HA_datatransport_KPN_19G559028_9711NC_12_1.PDF</bestandIdentificator><adres><postcode>9711NC</postcode><huisnummerLetterToev>12 a</huisnummerLetterToev><BAGidAdresseerbaarObject>0014010011034139</BAGidAdresseerbaarObject></adres></themabijlagePerNetbeheerder><themabijlagePerNetbeheerder><soortBijlage>huisaansluiting</soortBijlage><bestandLocatie>bronnen/KL1051/nl.imkl-KL1051.HC_15.HA_datatransport_KPN_19G559028_9711NC_14_1.PDF.pdf</bestandLocatie><bestandMediaType xlink:href="http://definities.geostandaarden.nl/imkl2015/id/waarde/BestandMediaTypeValue/PDF"/><bestandIdentificator>nl.imkl-KL1051.HC_15.HA_datatransport_KPN_19G559028_9711NC_14_1.PDF</bestandIdentificator><adres><postcode>9711NC</postcode><huisnummerLetterToev>14</huisnummerLetterToev><BAGidAdresseerbaarObject>0014010011052173</BAGidAdresseerbaarObject></adres></themabijlagePerNetbeheerder><themabijlagePerNetbeheerder><soortBijlage>huisaansluiting</soortBijlage><bestandLocatie>bronnen/KL1051/nl.imkl-KL1051.HC_16.HA_datatransport_KPN_19G559028_9711NC_16_1.PDF.pdf</bestandLocatie><bestandMediaType xlink:href="http://definities.geostandaarden.nl/imkl2015/id/waarde/BestandMediaTypeValue/PDF"/><bestandIdentificator>nl.imkl-KL1051.HC_16.HA_datatransport_KPN_19G559028_9711NC_16_1.PDF</bestandIdentificator><adres><postcode>9711NC</postcode><huisnummerLetterToev>16</huisnummerLetterToev><BAGidAdresseerbaarObject>0014010011016277</BAGidAdresseerbaarObject></adres></themabijlagePerNetbeheerder><themabijlagePerNetbeheerder><soortBijlage>huisaansluiting</soortBijlage><bestandLocatie>bronnen/KL1051/nl.imkl-KL1051.HC_17.HA_datatransport_KPN_19G559028_9711NC_18_1.PDF.pdf</bestandLocatie><bestandMediaType xlink:href="http://definities.geostandaarden.nl/imkl2015/id/waarde/BestandMediaTypeValue/PDF"/><bestandIdentificator>nl.imkl-KL1051.HC_17.HA_datatransport_KPN_19G559028_9711NC_18_1.PDF</bestandIdentificator><adres><postcode>9711NC</postcode><huisnummerLetterToev>18 a</huisnummerLetterToev><BAGidAdresseerbaarObject>0014010010988860</BAGidAdresseerbaarObject></adres></themabijlagePerNetbeheerder><themabijlagePerNetbeheerder><soortBijlage>huisaansluiting</soortBijlage><bestandLocatie>bronnen/KL1051/nl.imkl-KL1051.HC_18.HA_datatransport_KPN_19G559028_9711NC_20_1.PDF.pdf</bestandLocatie><bestandMediaType xlink:href="http://definities.geostandaarden.nl/imkl2015/id/waarde/BestandMediaTypeValue/PDF"/><bestandIdentificator>nl.imkl-KL1051.HC_18.HA_datatransport_KPN_19G559028_9711NC_20_1.PDF</bestandIdentificator><adres><postcode>9711NC</postcode><huisnummerLetterToev>20 a</huisnummerLetterToev><BAGidAdresseerbaarObject>0014010022206724</BAGidAdresseerbaarObject></adres></themabijlagePerNetbeheerder><themabijlagePerNetbeheerder><soortBijlage>huisaansluiting</soortBijlage><bestandLocatie>bronnen/KL1051/nl.imkl-KL1051.HC_19.HA_datatransport_KPN_19G559028_9711NM_2_1.PDF.pdf</bestandLocatie><bestandMediaType xlink:href="http://definities.geostandaarden.nl/imkl2015/id/waarde/BestandMediaTypeValue/PDF"/><bestandIdentificator>nl.imkl-KL1051.HC_19.HA_datatransport_KPN_19G559028_9711NM_2_1.PDF</bestandIdentificator><adres><postcode>9711NM</postcode><huisnummerLetterToev>2 c</huisnummerLetterToev><BAGidAdresseerbaarObject>0014010022187628</BAGidAdresseerbaarObject></adres></themabijlagePerNetbeheerder><themabijlagePerNetbeheerder><soortBijlage>huisaansluiting</soortBijlage><bestandLocatie>bronnen/KL1051/nl.imkl-KL1051.HC_20.HA_datatransport_KPN_19G559028_9711NM_3_1.PDF.pdf</bestandLocatie><bestandMediaType xlink:href="http://definities.geostandaarden.nl/imkl2015/id/waarde/BestandMediaTypeValue/PDF"/><bestandIdentificator>nl.imkl-KL1051.HC_20.HA_datatransport_KPN_19G559028_9711NM_3_1.PDF</bestandIdentificator><adres><postcode>9711NM</postcode><huisnummerLetterToev>3</huisnummerLetterToev><BAGidAdresseerbaarObject>0014010011015371</BAGidAdresseerbaarObject></adres></themabijlagePerNetbeheerder><themabijlagePerNetbeheerder><soortBijlage>huisaansluiting</soortBijlage><bestandLocatie>bronnen/KL1051/nl.imkl-KL1051.HC_3.HA_datatransport_KPN_19G559028_9711NA_1_1.PDF.pdf</bestandLocatie><bestandMediaType xlink:href="http://definities.geostandaarden.nl/imkl2015/id/waarde/BestandMediaTypeValue/PDF"/><bestandIdentificator>nl.imkl-KL1051.HC_3.HA_datatransport_KPN_19G559028_9711NA_1_1.PDF</bestandIdentificator><adres><postcode>9711NA</postcode><huisnummerLetterToev>1 b</huisnummerLetterToev><BAGidAdresseerbaarObject>0014010022188545</BAGidAdresseerbaarObject></adres></themabijlagePerNetbeheerder><themabijlagePerNetbeheerder><soortBijlage>huisaansluiting</soortBijlage><bestandLocatie>bronnen/KL1051/nl.imkl-KL1051.HC_4.HA_datatransport_KPN_19G559028_9711NA_11_1.PDF.pdf</bestandLocatie><bestandMediaType xlink:href="http://definities.geostandaarden.nl/imkl2015/id/waarde/BestandMediaTypeValue/PDF"/><bestandIdentificator>nl.imkl-KL1051.HC_4.HA_datatransport_KPN_19G559028_9711NA_11_1.PDF</bestandIdentificator><adres><postcode>9711NA</postcode><huisnummerLetterToev>11 a</huisnummerLetterToev><BAGidAdresseerbaarObject>0014010011024212</BAGidAdresseerbaarObject></adres></themabijlagePerNetbeheerder><themabijlagePerNetbeheerder><soortBijlage>huisaansluiting</soortBijlage><bestandLocatie>bronnen/KL1051/nl.imkl-KL1051.HC_5.HA_datatransport_KPN_19G559028_9711NA_13_1.PDF.pdf</bestandLocatie><bestandMediaType xlink:href="http://definities.geostandaarden.nl/imkl2015/id/waarde/BestandMediaTypeValue/PDF"/><bestandIdentificator>nl.imkl-KL1051.HC_5.HA_datatransport_KPN_19G559028_9711NA_13_1.PDF</bestandIdentificator><adres><postcode>9711NA</postcode><huisnummerLetterToev>13 a</huisnummerLetterToev><BAGidAdresseerbaarObject>0014010010989963</BAGidAdresseerbaarObject></adres></themabijlagePerNetbeheerder></beheerdersinformatie></belanghebbende><belanghebbende><bronhoudercode>KL1620</bronhoudercode><beheerdersinformatieVersie>IMKL1.2</beheerdersinformatieVersie><beheerdersinformatie><thema xlink:href="http://definities.geostandaarden.nl/imkl2015/id/waarde/Thema/datatransport"/><eisVoorzorgmaatregel>false</eisVoorzorgmaatregel><themabijlagePerNetbeheerder><soortBijlage>ligging</soortBijlage><bestandLocatie>bronnen/KL1620/LG_datatransport_Gem.Groningen+%26+CNNN_0000589436_19G559028.png</bestandLocatie><bestandMediaType xlink:href="http://definities.geostandaarden.nl/imkl2015/id/waarde/BestandMediaTypeValue/PNG"/><bestandIdentificator>LG_datatransport_Gem.Groningen+%26+CNNN_0000589436_19G559028.png</bestandIdentificator></themabijlagePerNetbeheerder><themabijlagePerNetbeheerder><soortBijlage>maatvoering</soortBijlage><bestandLocatie>bronnen/KL1620/MV_datatransport_Gem.Groningen+%26+CNNN_0000589436_19G559028.png</bestandLocatie><bestandMediaType xlink:href="http://definities.geostandaarden.nl/imkl2015/id/waarde/BestandMediaTypeValue/PNG"/><bestandIdentificator>MV_datatransport_Gem.Groningen+%26+CNNN_0000589436_19G559028.png</bestandIdentificator></themabijlagePerNetbeheerder><themabijlagePerNetbeheerder><soortBijlage>annotatie</soortBijlage><bestandLocatie>bronnen/KL1620/AN_datatransport_Gem.Groningen+%26+CNNN_0000589436_19G559028.png</bestandLocatie><bestandMediaType xlink:href="http://definities.geostandaarden.nl/imkl2015/id/waarde/BestandMediaTypeValue/PNG"/><bestandIdentificator>AN_datatransport_Gem.Groningen+%26+CNNN_0000589436_19G559028.png</bestandIdentificator></themabijlagePerNetbeheerder><themabijlagePerNetbeheerder><soortBijlage>profielschets</soortBijlage><bestandLocatie>bronnen/KL1620/nl.imkl-KL1620_19G559028.233558175_GB01.pdf</bestandLocatie><bestandMediaType xlink:href="http://definities.geostandaarden.nl/imkl2015/id/waarde/BestandMediaTypeValue/PDF"/><bestandIdentificator>nl.imkl-KL1620.233558175_GB01</bestandIdentificator></themabijlagePerNetbeheerder><themabijlagePerNetbeheerder><soortBijlage>profielschets</soortBijlage><bestandLocatie>bronnen/KL1620/nl.imkl-KL1620_19G559028.233558175_GB02.pdf</bestandLocatie><bestandMediaType xlink:href="http://definities.geostandaarden.nl/imkl2015/id/waarde/BestandMediaTypeValue/PDF"/><bestandIdentificator>nl.imkl-KL1620.233558175_GB02</bestandIdentificator></themabijlagePerNetbeheerder><themabijlagePerNetbeheerder><soortBijlage>profielschets</soortBijlage><bestandLocatie>bronnen/KL1620/nl.imkl-KL1620_19G559028.233558200_GB01.pdf</bestandLocatie><bestandMediaType xlink:href="http://definities.geostandaarden.nl/imkl2015/id/waarde/BestandMediaTypeValue/PDF"/><bestandIdentificator>nl.imkl-KL1620.233558200_GB01</bestandIdentificator></themabijlagePerNetbeheerder></beheerdersinformatie></belanghebbende><belanghebbende><bronhoudercode>KL1089</bronhoudercode><beheerdersinformatieVersie>IMKL1.2</beheerdersinformatieVersie><bijlagePerNetbeheerder><soortBijlage>algemeen</soortBijlage><bestandLocatie>bronnen/KL1089/nl.imkl-KL1089_19G559028.brief-betrokken.pdf</bestandLocatie><bestandMediaType xlink:href="http://definities.geostandaarden.nl/imkl2015/id/waarde/BestandMediaTypeValue/PDF"/><bestandIdentificator>nl.imkl-KL1089.brief-betrokken</bestandIdentificator></bijlagePerNetbeheerder><bijlagePerNetbeheerder><soortBijlage>algemeen</soortBijlage><bestandLocatie>bronnen/KL1089/nl.imkl-KL1089_19G559028.overzicht.pdf</bestandLocatie><bestandMediaType xlink:href="http://definities.geostandaarden.nl/imkl2015/id/waarde/BestandMediaTypeValue/PDF"/><bestandIdentificator>nl.imkl-KL1089.overzicht</bestandIdentificator></bijlagePerNetbeheerder><beheerdersinformatie><thema xlink:href="http://definities.geostandaarden.nl/imkl2015/id/waarde/Thema/datatransport"/><eisVoorzorgmaatregel>false</eisVoorzorgmaatregel><themabijlagePerNetbeheerder><soortBijlage>ligging</soortBijlage><bestandLocatie>bronnen/KL1089/LG_datatransport_Tele2+Nederland+B.V._0000546705_19G559028.png</bestandLocatie><bestandMediaType xlink:href="http://definities.geostandaarden.nl/imkl2015/id/waarde/BestandMediaTypeValue/PNG"/><bestandIdentificator>LG_datatransport_Tele2+Nederland+B.V._0000546705_19G559028.png</bestandIdentificator></themabijlagePerNetbeheerder></beheerdersinformatie></belanghebbende><belanghebbende><bronhoudercode>KL1010</bronhoudercode><beheerdersinformatieVersie>IMKL1.2</beheerdersinformatieVersie><bijlagePerNetbeheerder><soortBijlage>algemeen</soortBijlage><bestandLocatie>bronnen/KL1010/nl.imkl-KL1010_19G559028.brief-betrokken.pdf</bestandLocatie><bestandMediaType xlink:href="http://definities.geostandaarden.nl/imkl2015/id/waarde/BestandMediaTypeValue/PDF"/><bestandIdentificator>nl.imkl-KL1010.brief-betrokken</bestandIdentificator></bijlagePerNetbeheerder><bijlagePerNetbeheerder><soortBijlage>algemeen</soortBijlage><bestandLocatie>bronnen/KL1010/nl.imkl-KL1010_19G559028.f12f01_standaardvoorwaarden_eurofiber.pdf</bestandLocatie><bestandMediaType xlink:href="http://definities.geostandaarden.nl/imkl2015/id/waarde/BestandMediaTypeValue/PDF"/><bestandIdentificator>nl.imkl-KL1010.f12f01_standaardvoorwaarden_eurofiber</bestandIdentificator></bijlagePerNetbeheerder><bijlagePerNetbeheerder><soortBijlage>algemeen</soortBijlage><bestandLocatie>bronnen/KL1010/nl.imkl-KL1010_19G559028.overzicht.pdf</bestandLocatie><bestandMediaType xlink:href="http://definities.geostandaarden.nl/imkl2015/id/waarde/BestandMediaTypeValue/PDF"/><bestandIdentificator>nl.imkl-KL1010.overzicht</bestandIdentificator></bijlagePerNetbeheerder><beheerdersinformatie><thema xlink:href="http://definities.geostandaarden.nl/imkl2015/id/waarde/Thema/datatransport"/><eisVoorzorgmaatregel>false</eisVoorzorgmaatregel><themabijlagePerNetbeheerder><soortBijlage>ligging</soortBijlage><bestandLocatie>bronnen/KL1010/LG_datatransport_Eurofiber+Nederland+B.V._0000560460_19G559028.png</bestandLocatie><bestandMediaType xlink:href="http://definities.geostandaarden.nl/imkl2015/id/waarde/BestandMediaTypeValue/PNG"/><bestandIdentificator>LG_datatransport_Eurofiber+Nederland+B.V._0000560460_19G559028.png</bestandIdentificator></themabijlagePerNetbeheerder><themabijlagePerNetbeheerder><soortBijlage>profielschets</soortBijlage><bestandLocatie>bronnen/KL1010/nl.imkl-KL1010_19G559028.gb1007965_un_233558200-1.pdf</bestandLocatie><bestandMediaType xlink:href="http://definities.geostandaarden.nl/imkl2015/id/waarde/BestandMediaTypeValue/PDF"/><bestandIdentificator>nl.imkl-KL1010.gb1007965_un_233558200-1</bestandIdentificator></themabijlagePerNetbeheerder><themabijlagePerNetbeheerder><soortBijlage>profielschets</soortBijlage><bestandLocatie>bronnen/KL1010/nl.imkl-KL1010_19G559028.gb1014839-1.pdf</bestandLocatie><bestandMediaType xlink:href="http://definities.geostandaarden.nl/imkl2015/id/waarde/BestandMediaTypeValue/PDF"/><bestandIdentificator>nl.imkl-KL1010.gb1014839-1</bestandIdentificator></themabijlagePerNetbeheerder><themabijlagePerNetbeheerder><soortBijlage>profielschets</soortBijlage><bestandLocatie>bronnen/KL1010/nl.imkl-KL1010_19G559028.gb1014839-2.pdf</bestandLocatie><bestandMediaType xlink:href="http://definities.geostandaarden.nl/imkl2015/id/waarde/BestandMediaTypeValue/PDF"/><bestandIdentificator>nl.imkl-KL1010.gb1014839-2</bestandIdentificator></themabijlagePerNetbeheerder><themabijlagePerNetbeheerder><soortBijlage>profielschets</soortBijlage><bestandLocatie>bronnen/KL1010/nl.imkl-KL1010_19G559028.gb1014838-1.pdf</bestandLocatie><bestandMediaType xlink:href="http://definities.geostandaarden.nl/imkl2015/id/waarde/BestandMediaTypeValue/PDF"/><bestandIdentificator>nl.imkl-KL1010.gb1014838-1</bestandIdentificator></themabijlagePerNetbeheerder><themabijlagePerNetbeheerder><soortBijlage>profielschets</soortBijlage><bestandLocatie>bronnen/KL1010/nl.imkl-KL1010_19G559028.gb1014838-2.pdf</bestandLocatie><bestandMediaType xlink:href="http://definities.geostandaarden.nl/imkl2015/id/waarde/BestandMediaTypeValue/PDF"/><bestandIdentificator>nl.imkl-KL1010.gb1014838-2</bestandIdentificator></themabijlagePerNetbeheerder></beheerdersinformatie></belanghebbende></Leveringsinformatie>