<?xml version="1.0" encoding="UTF-8"?><gml:FeatureCollection gml:id="gil_46527030-8c87-477e-95d4-ca4deb24e99b" xsi:schemaLocation="http://www.geostandaarden.nl/imkl/wibon http://register.geostandaarden.nl/gmlapplicatieschema/imkl/2.0.0/imkl-wibon.xsd" xmlns:us-net-sw="http://inspire.ec.europa.eu/schemas/us-net-sw/4.0" xmlns:us-net-el="http://inspire.ec.europa.eu/schemas/us-net-el/4.0" xmlns:gml="http://www.opengis.net/gml/3.2" xmlns:us-net-wa="http://inspire.ec.europa.eu/schemas/us-net-wa/4.0" xmlns:gmlexr="http://www.opengis.net/gml/3.3/exr" xmlns:us-net-tc="http://inspire.ec.europa.eu/schemas/us-net-tc/4.0" xmlns:us-net-ogc="http://inspire.ec.europa.eu/schemas/us-net-ogc/4.0" xmlns:xsi="http://www.w3.org/2001/XMLSchema-instance" xmlns:us-net-th="http://inspire.ec.europa.eu/schemas/us-net-th/4.0" xmlns:base2="http://inspire.ec.europa.eu/schemas/base2/2.0" xmlns:imkl="http://www.geostandaarden.nl/imkl/wibon" xmlns:us-net-common="http://inspire.ec.europa.eu/schemas/us-net-common/4.0" xmlns:net="http://inspire.ec.europa.eu/schemas/net/4.0" xmlns:xlink="http://www.w3.org/1999/xlink" xmlns:base="http://inspire.ec.europa.eu/schemas/base/3.3">
    <gml:boundedBy>
        <gml:Envelope srsName="urn:ogc:def:crs:EPSG::28992" srsDimension="2">
            <gml:lowerCorner>186074.0 335327.0</gml:lowerCorner>
            <gml:upperCorner>187220.0 336446.0</gml:upperCorner>
        </gml:Envelope>
    </gml:boundedBy>
    <gml:featureMember>
        <imkl:GebiedsinformatieLevering gml:id="nl.imkl-KA0000._GebiedsinformatieLevering_21O002322-1">
            <imkl:identificatie>
                <imkl:NEN3610ID>
                    <imkl:namespace>nl.imkl</imkl:namespace>
                    <imkl:lokaalID>KA0000._GebiedsinformatieLevering_21O002322</imkl:lokaalID>
                    <imkl:versie>1</imkl:versie>
                </imkl:NEN3610ID>
            </imkl:identificatie>
            <imkl:beginLifespanVersion>2021-10-28T04:03:27.732+02:00</imkl:beginLifespanVersion>
            <imkl:leveringsvolgnummer>1</imkl:leveringsvolgnummer>
            <imkl:datumLeveringSamengesteld>2021-10-28T04:03:27.732+02:00</imkl:datumLeveringSamengesteld>
            <imkl:indicatieLeveringCompleet>false</imkl:indicatieLeveringCompleet>
            <imkl:achtergrondkaart>
                <imkl:Achtergrondkaart>
                    <imkl:achtergrondkaartSoort xlink:href="http://definities.geostandaarden.nl/imkl2015/id/waarde/AchtergrondkaartSoortValue/bgtRaster"/>
                    <imkl:kaartreferentie>bronnen/GB_21O002322.png</imkl:kaartreferentie>
                </imkl:Achtergrondkaart>
            </imkl:achtergrondkaart>
            <imkl:belanghebbende xlink:href="nl.imkl-KL1051._Belanghebbende_21O002322-0"/>
            <imkl:belanghebbende xlink:href="nl.imkl-KL1031._Belanghebbende_21O002322-1"/>
            <imkl:aanvraag xlink:href="nl.imkl-KA0000._GebiedsinformatieAanvraag_21O002322"/>
        </imkl:GebiedsinformatieLevering>
    </gml:featureMember>
    <gml:featureMember>
        <imkl:GebiedsinformatieAanvraag gml:id="nl.imkl-KA0000._GebiedsinformatieAanvraag_21O002322">
            <imkl:identificatie>
                <imkl:NEN3610ID>
                    <imkl:namespace>nl.imkl</imkl:namespace>
                    <imkl:lokaalID>KA0000._GebiedsinformatieAanvraag_21O002322</imkl:lokaalID>
                </imkl:NEN3610ID>
            </imkl:identificatie>
            <imkl:beginLifespanVersion>2021-10-26T13:21:08.000+02:00</imkl:beginLifespanVersion>
            <imkl:ordernummer>9807117409</imkl:ordernummer>
            <imkl:positienummer>0000000010</imkl:positienummer>
            <imkl:klicMeldnummer>21O002322</imkl:klicMeldnummer>
            <imkl:aanvrager>
                <imkl:Aanvrager>
                    <imkl:contactpersoon>
                        <imkl:Contact>
                            <imkl:naam>BMK FTO Grondroerder02</imkl:naam>
                            <imkl:telefoon>0681234567</imkl:telefoon>
                            <imkl:email>klic.testers@kadaster.nl</imkl:email>
                        </imkl:Contact>
                    </imkl:contactpersoon>
                    <imkl:organisatie>
                        <imkl:Organisatie>
                            <imkl:naam>FTO Grondroerder02</imkl:naam>
                            <imkl:kvkNummer>12345678</imkl:kvkNummer>
                            <imkl:bezoekAdres>
                                <imkl:Adres>
                                    <imkl:openbareRuimteNaam>Demkaweg</imkl:openbareRuimteNaam>
                                    <imkl:huisnummer>11</imkl:huisnummer>
                                    <imkl:huisnummertoevoeging>A A</imkl:huisnummertoevoeging>
                                    <imkl:woonplaatsNaam>UTRECHT</imkl:woonplaatsNaam>
                                    <imkl:postcode>3555HW</imkl:postcode>
                                    <imkl:landcode xlink:href="http://publications.europa.eu/resource/authority/country/NLD"/>
                                </imkl:Adres>
                            </imkl:bezoekAdres>
                        </imkl:Organisatie>
                    </imkl:organisatie>
                    <imkl:extraContact>
                        <imkl:Contact>
                            <imkl:naam>Jan Janssen</imkl:naam>
                            <imkl:telefoon>0881835713</imkl:telefoon>
                            <imkl:email>fuat.akdeniz@kadaster.nl</imkl:email>
                        </imkl:Contact>
                    </imkl:extraContact>
                </imkl:Aanvrager>
            </imkl:aanvrager>
            <imkl:referentie>Voorbeeldbestand KAT</imkl:referentie>
            <imkl:aanvraagSoort xlink:href="http://definities.geostandaarden.nl/imkl2015/id/waarde/AanvraagSoortValue/orientatieverzoek"/>
            <imkl:voorbereidingCoordinatieCivieleWerken>false</imkl:voorbereidingCoordinatieCivieleWerken>
            <imkl:voorbereidingMedegebruikFysiekeInfrastructuur>false</imkl:voorbereidingMedegebruikFysiekeInfrastructuur>
            <imkl:aanvraagDatum>2021-10-26T13:21:08.000+02:00</imkl:aanvraagDatum>
            <imkl:soortWerkzaamheden xlink:href="http://definities.geostandaarden.nl/imkl2015/id/waarde/SoortWerkzaamhedenValue/gasleidingLeggen"/>
            <imkl:soortWerkzaamheden xlink:href="http://definities.geostandaarden.nl/imkl2015/id/waarde/SoortWerkzaamhedenValue/heien"/>
            <imkl:soortWerkzaamheden xlink:href="http://definities.geostandaarden.nl/imkl2015/id/waarde/SoortWerkzaamhedenValue/hekwerkPlaatsen"/>
            <imkl:soortWerkzaamheden xlink:href="http://definities.geostandaarden.nl/imkl2015/id/waarde/SoortWerkzaamhedenValue/kabelsLeidingenLeggen"/>
            <imkl:soortWerkzaamheden xlink:href="http://definities.geostandaarden.nl/imkl2015/id/waarde/SoortWerkzaamhedenValue/rioleringswerkzaamheden"/>
            <imkl:omschrijvingWerkzaamheden>Voorbeeldbestanden</imkl:omschrijvingWerkzaamheden>
            <imkl:locatieWerkzaamheden>
                <imkl:Adres>
                    <imkl:BAGid>1883011313111475</imkl:BAGid>
                    <imkl:openbareRuimteNaam>Provincialeweg</imkl:openbareRuimteNaam>
                    <imkl:huisnummer>12</imkl:huisnummer>
                    <imkl:woonplaatsNaam>Limbricht</imkl:woonplaatsNaam>
                    <imkl:postcode>6141AB</imkl:postcode>
                </imkl:Adres>
            </imkl:locatieWerkzaamheden>
            <imkl:locatieOmschrijving>Voorbeeldbestand KAT</imkl:locatieOmschrijving>
            <imkl:huisaansluitingAdressen>
                <imkl:Adres>
                    <imkl:BAGid>1883010000000804</imkl:BAGid>
                    <imkl:openbareRuimteNaam>Achter de Hoven</imkl:openbareRuimteNaam>
                    <imkl:huisnummer>1</imkl:huisnummer>
                    <imkl:woonplaatsNaam>Limbricht</imkl:woonplaatsNaam>
                    <imkl:postcode>6141LE</imkl:postcode>
                </imkl:Adres>
            </imkl:huisaansluitingAdressen>
            <imkl:huisaansluitingAdressen>
                <imkl:Adres>
                    <imkl:BAGid>1883010000042771</imkl:BAGid>
                    <imkl:openbareRuimteNaam>Sportlaan</imkl:openbareRuimteNaam>
                    <imkl:huisnummer>3</imkl:huisnummer>
                    <imkl:woonplaatsNaam>Limbricht</imkl:woonplaatsNaam>
                    <imkl:postcode>6141BR</imkl:postcode>
                </imkl:Adres>
            </imkl:huisaansluitingAdressen>
            <imkl:huisaansluitingAdressen>
                <imkl:Adres>
                    <imkl:BAGid>1883010000045352</imkl:BAGid>
                    <imkl:openbareRuimteNaam>Scheiffart van Merodestraat</imkl:openbareRuimteNaam>
                    <imkl:huisnummer>3</imkl:huisnummer>
                    <imkl:woonplaatsNaam>Limbricht</imkl:woonplaatsNaam>
                    <imkl:postcode>6141BC</imkl:postcode>
                </imkl:Adres>
            </imkl:huisaansluitingAdressen>
            <imkl:orientatiepolygoon xlink:href="nl.imkl-KA0000._Orientatiepolygoon_21O002322"/>
        </imkl:GebiedsinformatieAanvraag>
    </gml:featureMember>
    <gml:featureMember>
        <imkl:Orientatiepolygoon gml:id="nl.imkl-KA0000._Orientatiepolygoon_21O002322">
            <imkl:identificatie>
                <imkl:NEN3610ID>
                    <imkl:namespace>nl.imkl</imkl:namespace>
                    <imkl:lokaalID>KA0000._Orientatiepolygoon_21O002322</imkl:lokaalID>
                </imkl:NEN3610ID>
            </imkl:identificatie>
            <imkl:beginLifespanVersion>2021-10-26T13:21:08.000+02:00</imkl:beginLifespanVersion>
            <imkl:geometrie>
                <gml:Polygon srsName="urn:ogc:def:crs:EPSG::28992" srsDimension="2" gml:id="nl.imkl-KA0000._Orientatiepolygoon_21O002322_geo">
                    <gml:exterior>
                        <gml:LinearRing>
                            <gml:posList>186521.0 336446.0 186386.0 336268.0 186074.0 336009.0 186312.0 335683.0 186252.0 335431.0 186413.0 335381.0 186659.0 335327.0 187015.0 335599.0 187220.0 335922.0 186968.0 336059.0 186766.0 336295.0 186521.0 336446.0</gml:posList>
                        </gml:LinearRing>
                    </gml:exterior>
                </gml:Polygon>
            </imkl:geometrie>
        </imkl:Orientatiepolygoon>
    </gml:featureMember>
    <gml:featureMember>
        <imkl:Belanghebbende gml:id="nl.imkl-KL1051._Belanghebbende_21O002322-0">
            <imkl:identificatie>
                <imkl:NEN3610ID>
                    <imkl:namespace>nl.imkl</imkl:namespace>
                    <imkl:lokaalID>KL1051._Belanghebbende_21O002322</imkl:lokaalID>
                    <imkl:versie>0</imkl:versie>
                </imkl:NEN3610ID>
            </imkl:identificatie>
            <imkl:beginLifespanVersion>2021-10-26T13:22:58.000+02:00</imkl:beginLifespanVersion>
            <imkl:beheerdersinformatieGeleverd>false</imkl:beheerdersinformatieGeleverd>
            <imkl:geraaktBelangBijOrientatiepolygoon xlink:href="nl.imkl-KL1051._Belang_5022631-1"/>
            <imkl:netbeheerder xlink:href="nl.imkl-KL1051._Beheerder"/>
        </imkl:Belanghebbende>
    </gml:featureMember>
    <gml:featureMember>
        <imkl:Belang gml:id="nl.imkl-KL1051._Belang_5022631-1">
            <imkl:identificatie>
                <imkl:NEN3610ID>
                    <imkl:namespace>nl.imkl</imkl:namespace>
                    <imkl:lokaalID>KL1051._Belang_5022631</imkl:lokaalID>
                    <imkl:versie>1</imkl:versie>
                </imkl:NEN3610ID>
            </imkl:identificatie>
            <imkl:beginLifespanVersion>2021-07-23T00:00:00.000+02:00</imkl:beginLifespanVersion>
            <imkl:omschrijving>KPN_1</imkl:omschrijving>
            <imkl:contactAanvraag>
                <imkl:AanvraagSoortContact>
                    <imkl:aanvraagSoort xlink:href="http://definities.geostandaarden.nl/imkl2015/id/waarde/AanvraagSoortValue/orientatieverzoek"/>
                    <imkl:naam>Klic</imkl:naam>
                    <imkl:telefoon>088 661 03 15</imkl:telefoon>
                    <imkl:email>orderintakeplan@kpn.com</imkl:email>
                </imkl:AanvraagSoortContact>
            </imkl:contactAanvraag>
            <imkl:thema xlink:href="http://definities.geostandaarden.nl/imkl2015/id/waarde/Thema/datatransport"/>
            <imkl:contactNetinformatie>
                <imkl:AanvraagSoortContact>
                    <imkl:aanvraagSoort xlink:href="http://definities.geostandaarden.nl/imkl2015/id/waarde/AanvraagSoortValue/orientatieverzoek"/>
                    <imkl:naam>Loket van 08.00 tot 16.30 uur bereikbaar</imkl:naam>
                    <imkl:telefoon>088 661 03 15</imkl:telefoon>
                    <imkl:email>orderintakeplan@kpn.com</imkl:email>
                </imkl:AanvraagSoortContact>
            </imkl:contactNetinformatie>
            <imkl:contactBeschadiging>
                <imkl:Contact>
                    <imkl:naam>Loket van 08.00 tot 16.30 uur bereikbaar</imkl:naam>
                    <imkl:telefoon>088 661 03 15</imkl:telefoon>
                    <imkl:email>orderintakeplan@kpn.com</imkl:email>
                </imkl:Contact>
            </imkl:contactBeschadiging>
        </imkl:Belang>
    </gml:featureMember>
    <gml:featureMember>
        <imkl:Beheerder gml:id="nl.imkl-KL1051._Beheerder">
            <imkl:identificatie>
                <imkl:NEN3610ID>
                    <imkl:namespace>nl.imkl</imkl:namespace>
                    <imkl:lokaalID>KL1051._Beheerder</imkl:lokaalID>
                </imkl:NEN3610ID>
            </imkl:identificatie>
            <imkl:beginLifespanVersion>2000-01-01T00:00:00.000+01:00</imkl:beginLifespanVersion>
            <imkl:bronhoudercode>KL1051</imkl:bronhoudercode>
            <imkl:organisatie>
                <imkl:Organisatie>
                    <imkl:naam>KPN</imkl:naam>
                </imkl:Organisatie>
            </imkl:organisatie>
        </imkl:Beheerder>
    </gml:featureMember>
    <gml:featureMember>
        <imkl:Belanghebbende gml:id="nl.imkl-KL1031._Belanghebbende_21O002322-1">
            <imkl:identificatie>
                <imkl:NEN3610ID>
                    <imkl:namespace>nl.imkl</imkl:namespace>
                    <imkl:lokaalID>KL1031._Belanghebbende_21O002322</imkl:lokaalID>
                    <imkl:versie>1</imkl:versie>
                </imkl:NEN3610ID>
            </imkl:identificatie>
            <imkl:beginLifespanVersion>2021-10-26T13:23:57.000+02:00</imkl:beginLifespanVersion>
            <imkl:beheerdersinformatieGeleverd>true</imkl:beheerdersinformatieGeleverd>
            <imkl:betrokkenBijAanvraag>false</imkl:betrokkenBijAanvraag>
            <imkl:indicatieEisVoorzorgsmaatregel>false</imkl:indicatieEisVoorzorgsmaatregel>
            <imkl:geraaktBelangBijOrientatiepolygoon xlink:href="nl.imkl-KL1031._Belang_5012977-2"/>
            <imkl:netbeheerder xlink:href="nl.imkl-KL1031._Beheerder"/>
        </imkl:Belanghebbende>
    </gml:featureMember>
    <gml:featureMember>
        <imkl:Belang gml:id="nl.imkl-KL1031._Belang_5012977-2">
            <imkl:identificatie>
                <imkl:NEN3610ID>
                    <imkl:namespace>nl.imkl</imkl:namespace>
                    <imkl:lokaalID>KL1031._Belang_5012977</imkl:lokaalID>
                    <imkl:versie>2</imkl:versie>
                </imkl:NEN3610ID>
            </imkl:identificatie>
            <imkl:beginLifespanVersion>2021-07-23T00:00:00.000+02:00</imkl:beginLifespanVersion>
            <imkl:omschrijving>ENEXIS</imkl:omschrijving>
            <imkl:contactAanvraag>
                <imkl:AanvraagSoortContact>
                    <imkl:aanvraagSoort xlink:href="http://definities.geostandaarden.nl/imkl2015/id/waarde/AanvraagSoortValue/orientatieverzoek"/>
                    <imkl:naam>KLICINFO</imkl:naam>
                    <imkl:telefoon>0888577271</imkl:telefoon>
                    <imkl:email>klicinfo@enexis.nl</imkl:email>
                </imkl:AanvraagSoortContact>
            </imkl:contactAanvraag>
            <imkl:thema xlink:href="http://definities.geostandaarden.nl/imkl2015/id/waarde/Thema/gasHogeDruk"/>
            <imkl:thema xlink:href="http://definities.geostandaarden.nl/imkl2015/id/waarde/Thema/gasLageDruk"/>
            <imkl:thema xlink:href="http://definities.geostandaarden.nl/imkl2015/id/waarde/Thema/laagspanning"/>
            <imkl:thema xlink:href="http://definities.geostandaarden.nl/imkl2015/id/waarde/Thema/middenspanning"/>
            <imkl:contactNetinformatie>
                <imkl:AanvraagSoortContact>
                    <imkl:aanvraagSoort xlink:href="http://definities.geostandaarden.nl/imkl2015/id/waarde/AanvraagSoortValue/orientatieverzoek"/>
                    <imkl:naam>KLICINFO</imkl:naam>
                    <imkl:telefoon>0888577271</imkl:telefoon>
                    <imkl:email>klicinfo@enexis.nl</imkl:email>
                </imkl:AanvraagSoortContact>
            </imkl:contactNetinformatie>
            <imkl:contactBeschadiging>
                <imkl:Contact>
                    <imkl:naam>Nationaal Storingsnummer Gas en Stroom</imkl:naam>
                    <imkl:telefoon>0800-9009</imkl:telefoon>
                </imkl:Contact>
            </imkl:contactBeschadiging>
        </imkl:Belang>
    </gml:featureMember>
    <gml:featureMember>
        <imkl:Beheerder gml:id="nl.imkl-KL1031._Beheerder">
            <imkl:identificatie>
                <imkl:NEN3610ID>
                    <imkl:namespace>nl.imkl</imkl:namespace>
                    <imkl:lokaalID>KL1031._Beheerder</imkl:lokaalID>
                </imkl:NEN3610ID>
            </imkl:identificatie>
            <imkl:beginLifespanVersion>2000-01-01T00:00:00.000+01:00</imkl:beginLifespanVersion>
            <imkl:bronhoudercode>KL1031</imkl:bronhoudercode>
            <imkl:organisatie>
                <imkl:Organisatie>
                    <imkl:naam>Enexis B.V.</imkl:naam>
                    <imkl:kvkNummer>17131139</imkl:kvkNummer>
                </imkl:Organisatie>
            </imkl:organisatie>
        </imkl:Beheerder>
    </gml:featureMember>
</gml:FeatureCollection>