<?xml version="1.0" encoding="UTF-8"?>
<!-- bestandsnaam: Voorzorgsmaatregelen KL3131 (divers).xml -->
<!-- bron: Kadaster-Klic -->
<!-- _____________________________________________________________________________________________________________________ -->
<!-- toelichting:  -->
<!-- Voorbeeld van de aanlevering van diverse document-sjablonen en beslissingsregels voor de bepaling van eis voorzorgsmaatregelen door Kadaster-KLIC. -->
<!-- De gebruikte voorbeeld-features zijn bedoeld voor demo-doeleinden en zijn niet bedoeld om een representatie te geven van de werkelijke situatie ter plaatse. -->
<!-- De inhoud is gebaseerd op de definities uit IMKL2015, versie 1.2.1 -->
<!-- -->
<!-- Het betreft de volgende entiteiten: 																																					-->
<!-- utiliteitsnetAanduiding:								4 x middenspanning, 1 x laagspanning																	-->
<!-- werkzaamhedenAanduiding:						10 soorten werkzaamheden, ingedeeld naar 3 werkaanduiding-klasses		-->
<!-- voorzorgsmaatregelBeslissingsregel:	23 beslissingsregels, resulterend in 13 soorten maatregelen						-->
<!-- voorzorgsmaatregelToelichting:				13 maatregelen met toelichting en verwijzingen naar 7 sjablonen					-->
<!-- documentSjabloon:										7 sjablonen met een verwijzing naar een pdf-bestand										-->
<!-- _____________________________________________________________________________________________________________________ -->
<!--
xmlns="http://www.kadaster.nl/schemas/klic/20170801/voorzorgsmaatregelen" 
xmlns:xsi="http://www.w3.org/2001/XMLSchema-instance" 
xsi:schemaLocation="http://www.kadaster.nl/schemas/klic/20170801/voorzorgsmaatregelen file:../KlicVoorzorgsmaatregelenBeheer-0.9.xsd">
-->
<VoorzorgsmaatregelenBeheer 
xmlns="http://www.kadaster.nl/schemas/klic/20170801/voorzorgsmaatregelen" 
xmlns:xsi="http://www.w3.org/2001/XMLSchema-instance" 
xsi:schemaLocation="http://www.kadaster.nl/schemas/klic/20170801/voorzorgsmaatregelen file:../KlicVoorzorgsmaatregelenBeheer-0.9.xsd">
	<versie>0.9</versie>
	<bronhoudercode>KL3131</bronhoudercode>
	<bronhouderNaam>Enander</bronhouderNaam>
	<!-- _________________ documentSjablonen _________________ -->
	<documentSjabloon>
		<sjabloonID>
			<namespace>nl.imkl</namespace>
			<lokaalID>KL3131.EV_middenspanning_T_risicoHoog</lokaalID>
		</sjabloonID>
		<bestandMediaType>application/pdf</bestandMediaType>
		<bestandsnaam>MS-T-risicoHoog.sjabloon_v1.3.pdf</bestandsnaam>
	</documentSjabloon>
	<documentSjabloon>
		<sjabloonID>
			<namespace>nl.imkl</namespace>
			<lokaalID>KL3131.EV_middenspanning_T_standaard</lokaalID>
		</sjabloonID>
		<bestandMediaType>application/pdf</bestandMediaType>
		<bestandsnaam>MS-T-standaard.sjabloon_v1.1.pdf</bestandsnaam>
	</documentSjabloon>
	<documentSjabloon>
		<sjabloonID>
			<namespace>nl.imkl</namespace>
			<lokaalID>KL3131.EV_middenspanning_T_standaard_orientatie</lokaalID>
		</sjabloonID>
		<bestandMediaType>application/pdf</bestandMediaType>
		<bestandsnaam>MS-T-standaard_orientatie.sjabloon_v1.1.pdf</bestandsnaam>
	</documentSjabloon>
	<documentSjabloon>
		<sjabloonID>
			<namespace>nl.imkl</namespace>
			<lokaalID>KL3131.EV_middenspanning_D_risicoHoog</lokaalID>
		</sjabloonID>
		<bestandMediaType>application/pdf</bestandMediaType>
		<bestandsnaam>MS-D-risicoHoog.sjabloon_v1.4.pdf</bestandsnaam>
	</documentSjabloon>
	<documentSjabloon>
		<sjabloonID>
			<namespace>nl.imkl</namespace>
			<lokaalID>KL3131.EV_middenspanning_D_standaard</lokaalID>
		</sjabloonID>
		<bestandMediaType>application/pdf</bestandMediaType>
		<bestandsnaam>MS-D-standaard.sjabloon_v1.0.pdf</bestandsnaam>
	</documentSjabloon>
	<documentSjabloon>
		<sjabloonID>
			<namespace>nl.imkl</namespace>
			<lokaalID>KL3131.EV_middenspanning_3_standaard</lokaalID>
		</sjabloonID>
		<bestandMediaType>application/pdf</bestandMediaType>
		<bestandsnaam>MS3.sjabloon_v1.0.pdf</bestandsnaam>
	</documentSjabloon>
	<documentSjabloon>
		<sjabloonID>
			<namespace>nl.imkl</namespace>
			<lokaalID>KL3131.EV_laagspanning_3_standaard</lokaalID>
		</sjabloonID>
		<bestandMediaType>application/pdf</bestandMediaType>
		<bestandsnaam>LS-W3.sjabloon_v1.0.pdf</bestandsnaam>
	</documentSjabloon>
	<!-- _________________ utiliteitsnetAanduidingen _________________ -->
	<utiliteitsnetAanduiding>
		<thema>middenspanning</thema>
		<netbeheerderNetAanduiding>transport_4-100kV</netbeheerderNetAanduiding>
		<netbeheerderNetOmschrijving>EV-gebied transportleiding 4-100kV</netbeheerderNetOmschrijving>
	</utiliteitsnetAanduiding>
	<utiliteitsnetAanduiding>
		<thema>middenspanning</thema>
		<netbeheerderNetAanduiding>transport_4-100kV_orientatiebuffer</netbeheerderNetAanduiding>
		<netbeheerderNetOmschrijving>EV-gebied transportleiding 4-100kV met orientatiebuffer</netbeheerderNetOmschrijving>
	</utiliteitsnetAanduiding>
	<utiliteitsnetAanduiding>
		<thema>middenspanning</thema>
		<netbeheerderNetAanduiding>distributie_4-100kV</netbeheerderNetAanduiding>
		<netbeheerderNetOmschrijving>EV-gebied distributieleiding 4-100kV</netbeheerderNetOmschrijving>
	</utiliteitsnetAanduiding>
	<utiliteitsnetAanduiding>
		<thema>middenspanning</thema>
		<netbeheerderNetAanduiding>distributie_tot4kV</netbeheerderNetAanduiding>
		<netbeheerderNetOmschrijving>EV-gebied distributieleiding &lt;4kV</netbeheerderNetOmschrijving>
	</utiliteitsnetAanduiding>
	<utiliteitsnetAanduiding>
		<thema>laagspanning</thema>
		<netbeheerderNetAanduiding>distributie_laagspanning</netbeheerderNetAanduiding>
		<netbeheerderNetOmschrijving>EV-gebied distributie_laagspanning</netbeheerderNetOmschrijving>
	</utiliteitsnetAanduiding>
	<!-- _________________ werkzaamhedenAanduidingen _________________ -->
	<werkzaamhedenAanduiding>
		<soortWerkzaamheden>archeologischOnderzoek</soortWerkzaamheden>
		<netbeheerderWerkAanduiding>W1-laag</netbeheerderWerkAanduiding>
	</werkzaamhedenAanduiding>
	<werkzaamhedenAanduiding>
		<soortWerkzaamheden>bestratingswerk</soortWerkzaamheden>
		<netbeheerderWerkAanduiding>W1-laag</netbeheerderWerkAanduiding>
	</werkzaamhedenAanduiding>
	<werkzaamhedenAanduiding>
		<soortWerkzaamheden>hoveniersWerkzaamheden</soortWerkzaamheden>
		<netbeheerderWerkAanduiding>W1-laag</netbeheerderWerkAanduiding>
	</werkzaamhedenAanduiding>
	<werkzaamhedenAanduiding>
		<soortWerkzaamheden>aardingSlaan</soortWerkzaamheden>
		<netbeheerderWerkAanduiding>W2-midden</netbeheerderWerkAanduiding>
	</werkzaamhedenAanduiding>
	<werkzaamhedenAanduiding>
		<soortWerkzaamheden>bodemonderzoekSonderingen</soortWerkzaamheden>
		<netbeheerderWerkAanduiding>W2-midden</netbeheerderWerkAanduiding>
	</werkzaamhedenAanduiding>
	<werkzaamhedenAanduiding>
		<soortWerkzaamheden>bomenRooienOfPlanten</soortWerkzaamheden>
		<netbeheerderWerkAanduiding>W2-midden</netbeheerderWerkAanduiding>
	</werkzaamhedenAanduiding>
	<werkzaamhedenAanduiding>
		<soortWerkzaamheden>funderingswerk</soortWerkzaamheden>
		<netbeheerderWerkAanduiding>W2-midden</netbeheerderWerkAanduiding>
	</werkzaamhedenAanduiding>
	<werkzaamhedenAanduiding>
		<soortWerkzaamheden>damwandBeschoeiingSlaan</soortWerkzaamheden>
		<netbeheerderWerkAanduiding>W3-hoog</netbeheerderWerkAanduiding>
	</werkzaamhedenAanduiding>
	<werkzaamhedenAanduiding>
		<soortWerkzaamheden>diepPloegen</soortWerkzaamheden>
		<netbeheerderWerkAanduiding>W3-hoog</netbeheerderWerkAanduiding>
	</werkzaamhedenAanduiding>
	<werkzaamhedenAanduiding>
		<soortWerkzaamheden>heien</soortWerkzaamheden>
		<netbeheerderWerkAanduiding>W3-hoog</netbeheerderWerkAanduiding>
	</werkzaamhedenAanduiding>
	<!-- _________________ voorzorgsmaatregelBeslissingsregels _________________ -->
	<!-- transport_4-100kV -->
	<voorzorgsmaatregelBeslissingsregel>
		<thema>middenspanning</thema>
		<netbeheerderNetAanduiding>transport_4-100kV</netbeheerderNetAanduiding>
		<aanvraagSoort>graafmelding</aanvraagSoort>
		<netbeheerderWerkAanduiding>W3-hoog</netbeheerderWerkAanduiding>
		<maatregel>MS-T-W3</maatregel>
		<maatregelPrioriteit>9</maatregelPrioriteit>
	</voorzorgsmaatregelBeslissingsregel>
	<voorzorgsmaatregelBeslissingsregel>
		<thema>middenspanning</thema>
		<netbeheerderNetAanduiding>transport_4-100kV</netbeheerderNetAanduiding>
		<aanvraagSoort>graafmelding</aanvraagSoort>
		<netbeheerderWerkAanduiding>W2-midden</netbeheerderWerkAanduiding>
		<maatregel>MS-T-W2</maatregel>
		<maatregelPrioriteit>6</maatregelPrioriteit>
	</voorzorgsmaatregelBeslissingsregel>
	<voorzorgsmaatregelBeslissingsregel>
		<thema>middenspanning</thema>
		<netbeheerderNetAanduiding>transport_4-100kV</netbeheerderNetAanduiding>
		<aanvraagSoort>graafmelding</aanvraagSoort>
		<netbeheerderWerkAanduiding>W1-laag</netbeheerderWerkAanduiding>
		<maatregel>MS-T-W1</maatregel>
		<maatregelPrioriteit>2</maatregelPrioriteit>
	</voorzorgsmaatregelBeslissingsregel>
	<voorzorgsmaatregelBeslissingsregel>
		<thema>middenspanning</thema>
		<netbeheerderNetAanduiding>transport_4-100kV</netbeheerderNetAanduiding>
		<aanvraagSoort>calamiteitenmelding</aanvraagSoort>
		<netbeheerderWerkAanduiding>W3-hoog</netbeheerderWerkAanduiding>
		<maatregel>MS-T-W3</maatregel>
		<maatregelPrioriteit>9</maatregelPrioriteit>
	</voorzorgsmaatregelBeslissingsregel>
	<voorzorgsmaatregelBeslissingsregel>
		<thema>middenspanning</thema>
		<netbeheerderNetAanduiding>transport_4-100kV</netbeheerderNetAanduiding>
		<aanvraagSoort>calamiteitenmelding</aanvraagSoort>
		<netbeheerderWerkAanduiding>W2-midden</netbeheerderWerkAanduiding>
		<maatregel>MS-T-W2</maatregel>
		<maatregelPrioriteit>6</maatregelPrioriteit>
	</voorzorgsmaatregelBeslissingsregel>
	<voorzorgsmaatregelBeslissingsregel>
		<thema>middenspanning</thema>
		<netbeheerderNetAanduiding>transport_4-100kV</netbeheerderNetAanduiding>
		<aanvraagSoort>calamiteitenmelding</aanvraagSoort>
		<netbeheerderWerkAanduiding>W1-laag</netbeheerderWerkAanduiding>
		<maatregel>MS-T-W1</maatregel>
		<maatregelPrioriteit>2</maatregelPrioriteit>
	</voorzorgsmaatregelBeslissingsregel>
	<!-- transport_4-100kV_orientatiebuffer -->
	<voorzorgsmaatregelBeslissingsregel>
		<thema>middenspanning</thema>
		<netbeheerderNetAanduiding>transport_4-100kV_orientatiebuffer</netbeheerderNetAanduiding>
		<aanvraagSoort>orientatieverzoek</aanvraagSoort>
		<netbeheerderWerkAanduiding>W3-hoog</netbeheerderWerkAanduiding>
		<maatregel>MS-T-W3-O</maatregel>
		<maatregelPrioriteit>9</maatregelPrioriteit>
	</voorzorgsmaatregelBeslissingsregel>
	<voorzorgsmaatregelBeslissingsregel>
		<thema>middenspanning</thema>
		<netbeheerderNetAanduiding>transport_4-100kV_orientatiebuffer</netbeheerderNetAanduiding>
		<aanvraagSoort>orientatieverzoek</aanvraagSoort>
		<netbeheerderWerkAanduiding>W2-midden</netbeheerderWerkAanduiding>
		<maatregel>MS-T-W2-O</maatregel>
		<maatregelPrioriteit>6</maatregelPrioriteit>
	</voorzorgsmaatregelBeslissingsregel>
	<voorzorgsmaatregelBeslissingsregel>
		<thema>middenspanning</thema>
		<netbeheerderNetAanduiding>transport_4-100kV_orientatiebuffer</netbeheerderNetAanduiding>
		<aanvraagSoort>orientatieverzoek</aanvraagSoort>
		<netbeheerderWerkAanduiding>W1-laag</netbeheerderWerkAanduiding>
		<maatregel>MS-T-W1-O</maatregel>
		<maatregelPrioriteit>2</maatregelPrioriteit>
	</voorzorgsmaatregelBeslissingsregel>
	<!-- distributie_4-100kV -->
	<voorzorgsmaatregelBeslissingsregel>
		<thema>middenspanning</thema>
		<netbeheerderNetAanduiding>distributie_4-100kV</netbeheerderNetAanduiding>
		<aanvraagSoort>graafmelding</aanvraagSoort>
		<netbeheerderWerkAanduiding>W3-hoog</netbeheerderWerkAanduiding>
		<maatregel>MS-D-W3</maatregel>
		<maatregelPrioriteit>6</maatregelPrioriteit>
	</voorzorgsmaatregelBeslissingsregel>
	<voorzorgsmaatregelBeslissingsregel>
		<thema>middenspanning</thema>
		<netbeheerderNetAanduiding>distributie_4-100kV</netbeheerderNetAanduiding>
		<aanvraagSoort>graafmelding</aanvraagSoort>
		<netbeheerderWerkAanduiding>W2-midden</netbeheerderWerkAanduiding>
		<maatregel>MS-D-W2</maatregel>
		<maatregelPrioriteit>4</maatregelPrioriteit>
	</voorzorgsmaatregelBeslissingsregel>
	<voorzorgsmaatregelBeslissingsregel>
		<thema>middenspanning</thema>
		<netbeheerderNetAanduiding>distributie_4-100kV</netbeheerderNetAanduiding>
		<aanvraagSoort>graafmelding</aanvraagSoort>
		<netbeheerderWerkAanduiding>W1-laag</netbeheerderWerkAanduiding>
		<maatregel>MS-D-W1</maatregel>
		<maatregelPrioriteit>2</maatregelPrioriteit>
	</voorzorgsmaatregelBeslissingsregel>
	<voorzorgsmaatregelBeslissingsregel>
		<thema>middenspanning</thema>
		<netbeheerderNetAanduiding>distributie_4-100kV</netbeheerderNetAanduiding>
		<aanvraagSoort>calamiteitenmelding</aanvraagSoort>
		<netbeheerderWerkAanduiding>W3-hoog</netbeheerderWerkAanduiding>
		<maatregel>MS-D-W3</maatregel>
		<maatregelPrioriteit>6</maatregelPrioriteit>
	</voorzorgsmaatregelBeslissingsregel>
	<voorzorgsmaatregelBeslissingsregel>
		<thema>middenspanning</thema>
		<netbeheerderNetAanduiding>distributie_4-100kV</netbeheerderNetAanduiding>
		<aanvraagSoort>calamiteitenmelding</aanvraagSoort>
		<netbeheerderWerkAanduiding>W2-midden</netbeheerderWerkAanduiding>
		<maatregel>MS-D-W2</maatregel>
		<maatregelPrioriteit>4</maatregelPrioriteit>
	</voorzorgsmaatregelBeslissingsregel>
	<voorzorgsmaatregelBeslissingsregel>
		<thema>middenspanning</thema>
		<netbeheerderNetAanduiding>distributie_4-100kV</netbeheerderNetAanduiding>
		<aanvraagSoort>calamiteitenmelding</aanvraagSoort>
		<netbeheerderWerkAanduiding>W1-laag</netbeheerderWerkAanduiding>
		<maatregel>MS-D-W1</maatregel>
		<maatregelPrioriteit>2</maatregelPrioriteit>
	</voorzorgsmaatregelBeslissingsregel>
	<!-- distributie_tot4kV -->
	<voorzorgsmaatregelBeslissingsregel>
		<thema>middenspanning</thema>
		<netbeheerderNetAanduiding>distributie_tot4kV</netbeheerderNetAanduiding>
		<aanvraagSoort>graafmelding</aanvraagSoort>
		<netbeheerderWerkAanduiding>W3-hoog</netbeheerderWerkAanduiding>
		<maatregel>MS3-W3</maatregel>
		<maatregelPrioriteit>3</maatregelPrioriteit>
	</voorzorgsmaatregelBeslissingsregel>
	<voorzorgsmaatregelBeslissingsregel>
		<thema>middenspanning</thema>
		<netbeheerderNetAanduiding>distributie_tot4kV</netbeheerderNetAanduiding>
		<aanvraagSoort>graafmelding</aanvraagSoort>
		<netbeheerderWerkAanduiding>W2-midden</netbeheerderWerkAanduiding>
		<maatregel>MS3-W2</maatregel>
		<maatregelPrioriteit>2</maatregelPrioriteit>
	</voorzorgsmaatregelBeslissingsregel>
	<voorzorgsmaatregelBeslissingsregel>
		<thema>middenspanning</thema>
		<netbeheerderNetAanduiding>distributie_tot4kV</netbeheerderNetAanduiding>
		<aanvraagSoort>graafmelding</aanvraagSoort>
		<netbeheerderWerkAanduiding>W1-laag</netbeheerderWerkAanduiding>
		<maatregel>MS3-W1</maatregel>
		<maatregelPrioriteit>1</maatregelPrioriteit>
	</voorzorgsmaatregelBeslissingsregel>
	<voorzorgsmaatregelBeslissingsregel>
		<thema>middenspanning</thema>
		<netbeheerderNetAanduiding>distributie_tot4kV</netbeheerderNetAanduiding>
		<aanvraagSoort>calamiteitenmelding</aanvraagSoort>
		<netbeheerderWerkAanduiding>W3-hoog</netbeheerderWerkAanduiding>
		<maatregel>MS3-W3</maatregel>
		<maatregelPrioriteit>3</maatregelPrioriteit>
	</voorzorgsmaatregelBeslissingsregel>
	<voorzorgsmaatregelBeslissingsregel>
		<thema>middenspanning</thema>
		<netbeheerderNetAanduiding>distributie_tot4kV</netbeheerderNetAanduiding>
		<aanvraagSoort>calamiteitenmelding</aanvraagSoort>
		<netbeheerderWerkAanduiding>W2-midden</netbeheerderWerkAanduiding>
		<maatregel>MS3-W2</maatregel>
		<maatregelPrioriteit>2</maatregelPrioriteit>
	</voorzorgsmaatregelBeslissingsregel>
	<voorzorgsmaatregelBeslissingsregel>
		<thema>middenspanning</thema>
		<netbeheerderNetAanduiding>distributie_tot4kV</netbeheerderNetAanduiding>
		<aanvraagSoort>calamiteitenmelding</aanvraagSoort>
		<netbeheerderWerkAanduiding>W1-laag</netbeheerderWerkAanduiding>
		<maatregel>MS3-W1</maatregel>
		<maatregelPrioriteit>1</maatregelPrioriteit>
	</voorzorgsmaatregelBeslissingsregel>
	<!-- distributie_laagspanning -->
	<voorzorgsmaatregelBeslissingsregel>
		<thema>laagspanning</thema>
		<netbeheerderNetAanduiding>distributie_laagspanning</netbeheerderNetAanduiding>
		<aanvraagSoort>graafmelding</aanvraagSoort>
		<netbeheerderWerkAanduiding>W3-hoog</netbeheerderWerkAanduiding>
		<maatregel>LS-W3</maatregel>
		<maatregelPrioriteit>3</maatregelPrioriteit>
	</voorzorgsmaatregelBeslissingsregel>
	<voorzorgsmaatregelBeslissingsregel>
		<thema>laagspanning</thema>
		<netbeheerderNetAanduiding>distributie_laagspanning</netbeheerderNetAanduiding>
		<aanvraagSoort>calamiteitenmelding</aanvraagSoort>
		<netbeheerderWerkAanduiding>W3-hoog</netbeheerderWerkAanduiding>
		<maatregel>LS-W3</maatregel>
		<maatregelPrioriteit>3</maatregelPrioriteit>
	</voorzorgsmaatregelBeslissingsregel>
	<!-- _________________ voorzorgsmaatregelToelichtingen _________________ -->
	<voorzorgsmaatregelToelichting>
		<maatregel>MS-T-W3</maatregel>
		<toelichting>transport_4-100kV risico HOOG (bij deze werkzaamheden)</toelichting>
		<sjabloonID>
			<namespace>nl.imkl</namespace>
			<lokaalID>KL3131.EV_middenspanning_T_risicoHoog</lokaalID>
		</sjabloonID>
	</voorzorgsmaatregelToelichting>
	<voorzorgsmaatregelToelichting>
		<maatregel>MS-T-W2</maatregel>
		<toelichting>transport_4-100kV risico gemiddeld</toelichting>
		<sjabloonID>
			<namespace>nl.imkl</namespace>
			<lokaalID>KL3131.EV_middenspanning_T_standaard</lokaalID>
		</sjabloonID>
	</voorzorgsmaatregelToelichting>
	<voorzorgsmaatregelToelichting>
		<maatregel>MS-T-W1</maatregel>
		<toelichting>transport_4-100kV risico laag</toelichting>
		<sjabloonID>
			<namespace>nl.imkl</namespace>
			<lokaalID>KL3131.EV_middenspanning_T_standaard</lokaalID>
		</sjabloonID>
	</voorzorgsmaatregelToelichting>
	<voorzorgsmaatregelToelichting>
		<maatregel>MS-T-W3-O</maatregel>
		<toelichting>transport_4-100kV risico HOOG (bij deze werkzaamheden)</toelichting>
		<sjabloonID>
			<namespace>nl.imkl</namespace>
			<lokaalID>KL3131.EV_middenspanning_T_standaard_orientatie</lokaalID>
		</sjabloonID>
	</voorzorgsmaatregelToelichting>
	<voorzorgsmaatregelToelichting>
		<maatregel>MS-T-W2-O</maatregel>
		<toelichting>transport_4-100kV risico gemiddeld</toelichting>
		<sjabloonID>
			<namespace>nl.imkl</namespace>
			<lokaalID>KL3131.EV_middenspanning_T_standaard_orientatie</lokaalID>
		</sjabloonID>
	</voorzorgsmaatregelToelichting>
	<voorzorgsmaatregelToelichting>
		<maatregel>MS-T-W1-O</maatregel>
		<toelichting>transport_4-100kV risico laag</toelichting>
		<sjabloonID>
			<namespace>nl.imkl</namespace>
			<lokaalID>KL3131.EV_middenspanning_T_standaard_orientatie</lokaalID>
		</sjabloonID>
	</voorzorgsmaatregelToelichting>
	<voorzorgsmaatregelToelichting>
		<maatregel>MS-D-W3</maatregel>
		<toelichting>distributie 4-100kV risico HOOG (bij deze werkzaamheden)</toelichting>
		<sjabloonID>
			<namespace>nl.imkl</namespace>
			<lokaalID>KL3131.EV_middenspanning_D_risicoHoog</lokaalID>
		</sjabloonID>
	</voorzorgsmaatregelToelichting>
	<voorzorgsmaatregelToelichting>
		<maatregel>MS-D-W2</maatregel>
		<toelichting>distributie 4-100kV risico gemiddeld</toelichting>
		<sjabloonID>
			<namespace>nl.imkl</namespace>
			<lokaalID>KL3131.EV_middenspanning_D_standaard</lokaalID>
		</sjabloonID>
	</voorzorgsmaatregelToelichting>
	<voorzorgsmaatregelToelichting>
		<maatregel>MS-D-W1</maatregel>
		<toelichting>distributie 4-100kV risico laag</toelichting>
		<sjabloonID>
			<namespace>nl.imkl</namespace>
			<lokaalID>KL3131.EV_middenspanning_D_standaard</lokaalID>
		</sjabloonID>
	</voorzorgsmaatregelToelichting>
	<voorzorgsmaatregelToelichting>
		<maatregel>MS3-W3</maatregel>
		<toelichting>distributie &lt;4kV risico HOOG (bij deze werkzaamheden)</toelichting>
		<sjabloonID>
			<namespace>nl.imkl</namespace>
			<lokaalID>KL3131.EV_middenspanning_3_risicoHoog</lokaalID>
		</sjabloonID>
	</voorzorgsmaatregelToelichting>
	<voorzorgsmaatregelToelichting>
		<maatregel>MS3-W2</maatregel>
		<toelichting>distributie &lt;4kV  risico gemiddeld</toelichting>
		<sjabloonID>
			<namespace>nl.imkl</namespace>
			<lokaalID>KL3131.EV_middenspanning_3_standaard</lokaalID>
		</sjabloonID>
	</voorzorgsmaatregelToelichting>
	<voorzorgsmaatregelToelichting>
		<maatregel>MS3-W1</maatregel>
		<toelichting>distributie &lt;4kV risico laag</toelichting>
		<sjabloonID>
			<namespace>nl.imkl</namespace>
			<lokaalID>KL3131.EV_middenspanning_3_standaard</lokaalID>
		</sjabloonID>
	</voorzorgsmaatregelToelichting>
	<voorzorgsmaatregelToelichting>
		<maatregel>LS3-W3</maatregel>
		<toelichting>laagspanning risico standaard</toelichting>
		<sjabloonID>
			<namespace>nl.imkl</namespace>
			<lokaalID>KL3131.EV_laagspanning_3_standaard</lokaalID>
		</sjabloonID>
	</voorzorgsmaatregelToelichting>
</VoorzorgsmaatregelenBeheer>
