<?xml version="1.0" encoding="UTF-8"?><gml:FeatureCollection gml:id="nl.imkl-KA0000._FeatureCollection_18G001503-2" xsi:schemaLocation="http://www.geostandaarden.nl/imkl/2015/wion/1.2 http://register.geostandaarden.nl/gmlapplicatieschema/imkl2015/1.2.1/imkl2015-wion.xsd" xmlns:us-net-sw="http://inspire.ec.europa.eu/schemas/us-net-sw/4.0" xmlns:us-net-el="http://inspire.ec.europa.eu/schemas/us-net-el/4.0" xmlns:gml="http://www.opengis.net/gml/3.2" xmlns:us-net-wa="http://inspire.ec.europa.eu/schemas/us-net-wa/4.0" xmlns:us-net-tc="http://inspire.ec.europa.eu/schemas/us-net-tc/4.0" xmlns:us-net-ogc="http://inspire.ec.europa.eu/schemas/us-net-ogc/4.0" xmlns:xsi="http://www.w3.org/2001/XMLSchema-instance" xmlns:us-net-th="http://inspire.ec.europa.eu/schemas/us-net-th/4.0" xmlns:base2="http://inspire.ec.europa.eu/schemas/base2/2.0" xmlns:imkl="http://www.geostandaarden.nl/imkl/2015/wion/1.2" xmlns:us-net-common="http://inspire.ec.europa.eu/schemas/us-net-common/4.0" xmlns:net="http://inspire.ec.europa.eu/schemas/net/4.0" xmlns:xlink="http://www.w3.org/1999/xlink" xmlns:base="http://inspire.ec.europa.eu/schemas/base/3.3">
    <gml:boundedBy>
        <gml:Envelope srsName="urn:ogc:def:crs:EPSG::28992" srsDimension="2">
            <gml:lowerCorner>92284.0 438833.0</gml:lowerCorner>
            <gml:upperCorner>92741.0 439281.0</gml:upperCorner>
        </gml:Envelope>
    </gml:boundedBy>
    <gml:featureMember>
        <imkl:GebiedsinformatieLevering gml:id="nl.imkl-KA0000._GebiedsinformatieLevering_18G001503-2">
            <imkl:identificatie>
                <imkl:NEN3610ID>
                    <imkl:namespace>nl.imkl</imkl:namespace>
                    <imkl:lokaalID>KA0000._GebiedsinformatieLevering_18G001503</imkl:lokaalID>
                    <imkl:versie>2</imkl:versie>
                </imkl:NEN3610ID>
            </imkl:identificatie>
            <imkl:beginLifespanVersion>2018-09-05T04:03:17.611+02:00</imkl:beginLifespanVersion>
            <imkl:leveringsvolgnummer>2</imkl:leveringsvolgnummer>
            <imkl:datumLeveringSamengesteld>2018-09-05T04:03:17.611+02:00</imkl:datumLeveringSamengesteld>
            <imkl:indicatieLeveringCompleet>false</imkl:indicatieLeveringCompleet>
            <imkl:achtergrondkaart>
                <imkl:Achtergrondkaart>
                    <imkl:achtergrondkaartSoort xlink:href="http://definities.geostandaarden.nl/imkl2015/id/waarde/AchtergrondkaartSoortValue/bgtBestaand"/>
                    <imkl:kaartreferentie>bronnen/GB_18G001503.png</imkl:kaartreferentie>
                </imkl:Achtergrondkaart>
            </imkl:achtergrondkaart>
            <imkl:belanghebbende xlink:href="nl.imkl-TS0068._Belanghebbende_18G001503-1"/>
            <imkl:belanghebbende xlink:href="nl.imkl-TS0120._Belanghebbende_18G001503-1"/>
            <imkl:belanghebbende xlink:href="nl.imkl-TS0098._Belanghebbende_18G001503-1"/>
            <imkl:belanghebbende xlink:href="nl.imkl-TS0078._Belanghebbende_18G001503-1"/>
            <imkl:belanghebbende xlink:href="nl.imkl-TS0089._Belanghebbende_18G001503-1"/>
            <imkl:belanghebbende xlink:href="nl.imkl-TS0086._Belanghebbende_18G001503-1"/>
            <imkl:belanghebbende xlink:href="nl.imkl-TS0033._Belanghebbende_18G001503-1"/>
            <imkl:belanghebbende xlink:href="nl.imkl-TS0114._Belanghebbende_18G001503-1"/>
            <imkl:belanghebbende xlink:href="nl.imkl-TS0118._Belanghebbende_18G001503-1"/>
            <imkl:belanghebbende xlink:href="nl.imkl-nbreg1._Belanghebbende_18G001503-1"/>
            <imkl:belanghebbende xlink:href="nl.imkl-KL1089._Belanghebbende_18G001503-0"/>
            <imkl:belanghebbende xlink:href="nl.imkl-GM0599._Belanghebbende_18G001503-1"/>
            <imkl:aanvraag xlink:href="nl.imkl-KA0000._GebiedsinformatieAanvraag_18G001503"/>
        </imkl:GebiedsinformatieLevering>
    </gml:featureMember>
    <gml:featureMember>
        <imkl:GebiedsinformatieAanvraag gml:id="nl.imkl-KA0000._GebiedsinformatieAanvraag_18G001503">
            <imkl:identificatie>
                <imkl:NEN3610ID>
                    <imkl:namespace>nl.imkl</imkl:namespace>
                    <imkl:lokaalID>KA0000._GebiedsinformatieAanvraag_18G001503</imkl:lokaalID>
                </imkl:NEN3610ID>
            </imkl:identificatie>
            <imkl:beginLifespanVersion>2018-09-03T10:57:05.000+02:00</imkl:beginLifespanVersion>
            <imkl:ordernummer>9806860912</imkl:ordernummer>
            <imkl:positienummer>0000000010</imkl:positienummer>
            <imkl:klicMeldnummer>18G001503</imkl:klicMeldnummer>
            <imkl:aanvrager>
                <imkl:Aanvrager>
                    <imkl:contactpersoon>
                        <imkl:Contact>
                            <imkl:naam>Niet beschikbaar - TODO</imkl:naam>
                            <imkl:telefoon>0881234567</imkl:telefoon>
                            <imkl:email>klic.testers@kadaster.nl</imkl:email>
                        </imkl:Contact>
                    </imkl:contactpersoon>
                    <imkl:organisatie>
                        <imkl:Organisatie>
                            <imkl:naam>Netbeheerder Regressie 2</imkl:naam>
                            <imkl:bezoekAdres>
                                <imkl:Adres>
                                    <imkl:openbareRuimteNaam>Laan van Westenenk</imkl:openbareRuimteNaam>
                                    <imkl:huisnummer>701</imkl:huisnummer>
                                    <imkl:woonplaatsNaam>APELDOORN</imkl:woonplaatsNaam>
                                    <imkl:postcode>7334DP</imkl:postcode>
                                    <imkl:landcode>NL</imkl:landcode>
                                </imkl:Adres>
                            </imkl:bezoekAdres>
                        </imkl:Organisatie>
                    </imkl:organisatie>
                    <imkl:extraEmail>jacob.mulder@kadaster.nl</imkl:extraEmail>
                </imkl:Aanvrager>
            </imkl:aanvrager>
            <imkl:referentie>KLCW-3046 BGT Sch. 2018-09-03</imkl:referentie>
            <imkl:opdrachtgever>
                <imkl:Opdrachtgever>
                    <imkl:contactpersoon>
                        <imkl:Contact>
                            <imkl:naam>BMK Netbeheerder Regressie 2</imkl:naam>
                            <imkl:telefoon>0881234567</imkl:telefoon>
                            <imkl:email>klic.testers@kadaster.nl</imkl:email>
                        </imkl:Contact>
                    </imkl:contactpersoon>
                    <imkl:organisatie>
                        <imkl:Organisatie>
                            <imkl:naam>Netbeheerder Regressie 2</imkl:naam>
                            <imkl:bezoekAdres>
                                <imkl:Adres>
                                    <imkl:openbareRuimteNaam>Laan van Westenenk</imkl:openbareRuimteNaam>
                                    <imkl:huisnummer>701</imkl:huisnummer>
                                    <imkl:woonplaatsNaam>Apeldoorn</imkl:woonplaatsNaam>
                                    <imkl:postcode>7334DP</imkl:postcode>
                                    <imkl:landcode>NL</imkl:landcode>
                                </imkl:Adres>
                            </imkl:bezoekAdres>
                        </imkl:Organisatie>
                    </imkl:organisatie>
                </imkl:Opdrachtgever>
            </imkl:opdrachtgever>
            <imkl:aanvraagSoort xlink:href="http://definities.geostandaarden.nl/imkl2015/id/waarde/AanvraagSoortValue/graafmelding"/>
            <imkl:aanvraagDatum>2018-09-03T10:57:05.000+02:00</imkl:aanvraagDatum>
            <imkl:soortWerkzaamheden xlink:href="http://definities.geostandaarden.nl/imkl2015/id/waarde/SoortWerkzaamhedenValue/bestratingswerk"/>
            <imkl:soortWerkzaamheden xlink:href="http://definities.geostandaarden.nl/imkl2015/id/waarde/SoortWerkzaamhedenValue/gasleidingLeggen"/>
            <imkl:soortWerkzaamheden xlink:href="http://definities.geostandaarden.nl/imkl2015/id/waarde/SoortWerkzaamhedenValue/kabelsLeidingenLeggen"/>
            <imkl:soortWerkzaamheden xlink:href="http://definities.geostandaarden.nl/imkl2015/id/waarde/SoortWerkzaamhedenValue/zinkerMaken"/>
            <imkl:omschrijvingWerkzaamheden>Toelichting schaling polygoon in OVB</imkl:omschrijvingWerkzaamheden>
            <imkl:locatieWerkzaamheden>Schoonoordstraat 23 3036XG Rotterdam NL</imkl:locatieWerkzaamheden>
            <imkl:startDatum>2018-09-04</imkl:startDatum>
            <imkl:eindDatum>2018-09-05</imkl:eindDatum>
            <imkl:huisaansluitingAdressen>
                <imkl:Adres>
                    <imkl:openbareRuimteNaam>Schoonoordstraat</imkl:openbareRuimteNaam>
                    <imkl:huisnummer>23</imkl:huisnummer>
                    <imkl:woonplaatsNaam>Rotterdam</imkl:woonplaatsNaam>
                    <imkl:postcode>3036XG</imkl:postcode>
                    <imkl:BAGidAdresseerbaarObject>0599010000169454</imkl:BAGidAdresseerbaarObject>
                </imkl:Adres>
            </imkl:huisaansluitingAdressen>
            <imkl:graafpolygoon xlink:href="nl.imkl-KA0000._Graafpolygoon_18G001503"/>
        </imkl:GebiedsinformatieAanvraag>
    </gml:featureMember>
    <gml:featureMember>
        <imkl:Graafpolygoon gml:id="nl.imkl-KA0000._Graafpolygoon_18G001503">
            <imkl:identificatie>
                <imkl:NEN3610ID>
                    <imkl:namespace>nl.imkl</imkl:namespace>
                    <imkl:lokaalID>KA0000._Graafpolygoon_18G001503</imkl:lokaalID>
                </imkl:NEN3610ID>
            </imkl:identificatie>
            <imkl:beginLifespanVersion>2018-09-03T10:57:05.000+02:00</imkl:beginLifespanVersion>
            <imkl:geometrie>
                <gml:Polygon srsName="urn:ogc:def:crs:EPSG::28992" srsDimension="2" gml:id="nl.imkl-KA0000._Graafpolygoon_18G001503_geo">
                    <gml:exterior>
                        <gml:LinearRing>
                            <gml:posList>92287.0 439278.0 92284.0 438855.0 92739.0 438833.0 92741.0 439281.0 92287.0 439278.0</gml:posList>
                        </gml:LinearRing>
                    </gml:exterior>
                </gml:Polygon>
            </imkl:geometrie>
        </imkl:Graafpolygoon>
    </gml:featureMember>
    <gml:featureMember>
        <imkl:Belanghebbende gml:id="nl.imkl-TS0068._Belanghebbende_18G001503-1">
            <imkl:identificatie>
                <imkl:NEN3610ID>
                    <imkl:namespace>nl.imkl</imkl:namespace>
                    <imkl:lokaalID>TS0068._Belanghebbende_18G001503</imkl:lokaalID>
                    <imkl:versie>1</imkl:versie>
                </imkl:NEN3610ID>
            </imkl:identificatie>
            <imkl:beginLifespanVersion>2018-09-03T11:00:33.000+02:00</imkl:beginLifespanVersion>
            <imkl:beheerdersinformatieGeleverd>true</imkl:beheerdersinformatieGeleverd>
            <imkl:betrokkenBijAanvraag>true</imkl:betrokkenBijAanvraag>
            <imkl:eisVoorzorgsmaatregel>true</imkl:eisVoorzorgsmaatregel>
            <imkl:geraaktBelangBijGraafpolygoon xlink:href="nl.imkl-TS0068._Belang_5012058-100"/>
            <imkl:netbeheerder xlink:href="nl.imkl-TS0068._Beheerder"/>
        </imkl:Belanghebbende>
    </gml:featureMember>
    <gml:featureMember>
        <imkl:Belang gml:id="nl.imkl-TS0068._Belang_5012058-100">
            <imkl:identificatie>
                <imkl:NEN3610ID>
                    <imkl:namespace>nl.imkl</imkl:namespace>
                    <imkl:lokaalID>TS0068._Belang_5012058</imkl:lokaalID>
                    <imkl:versie>100</imkl:versie>
                </imkl:NEN3610ID>
            </imkl:identificatie>
            <imkl:beginLifespanVersion>2016-04-20T00:00:00.000+02:00</imkl:beginLifespanVersion>
            <imkl:omschrijving>Belang Netbeheerder Belang02 Rotterdam</imkl:omschrijving>
            <imkl:contactAanvraag>
                <imkl:AanvraagSoortContact>
                    <imkl:aanvraagSoort xlink:href="http://definities.geostandaarden.nl/imkl2015/id/waarde/AanvraagSoortValue/graafmelding"/>
                    <imkl:naam>Graafmelding 958519</imkl:naam>
                    <imkl:telefoon>0881234567</imkl:telefoon>
                    <imkl:email>klic.testers@kadaster.nl</imkl:email>
                </imkl:AanvraagSoortContact>
            </imkl:contactAanvraag>
            <imkl:thema xlink:href="http://definities.geostandaarden.nl/imkl2015/id/waarde/Thema/laagspanning"/>
            <imkl:thema xlink:href="http://definities.geostandaarden.nl/imkl2015/id/waarde/Thema/hoogspanning"/>
            <imkl:thema xlink:href="http://definities.geostandaarden.nl/imkl2015/id/waarde/Thema/landelijkHoogspanningsnet"/>
            <imkl:thema xlink:href="http://definities.geostandaarden.nl/imkl2015/id/waarde/Thema/middenspanning"/>
            <imkl:contactNetinformatie>
                <imkl:AanvraagSoortContact>
                    <imkl:aanvraagSoort xlink:href="http://definities.geostandaarden.nl/imkl2015/id/waarde/AanvraagSoortValue/graafmelding"/>
                </imkl:AanvraagSoortContact>
            </imkl:contactNetinformatie>
            <imkl:contactBeschadiging>
                <imkl:Contact/>
            </imkl:contactBeschadiging>
        </imkl:Belang>
    </gml:featureMember>
    <gml:featureMember>
        <imkl:Beheerder gml:id="nl.imkl-TS0068._Beheerder">
            <imkl:identificatie>
                <imkl:NEN3610ID>
                    <imkl:namespace>nl.imkl</imkl:namespace>
                    <imkl:lokaalID>TS0068._Beheerder</imkl:lokaalID>
                </imkl:NEN3610ID>
            </imkl:identificatie>
            <imkl:beginLifespanVersion>2000-01-01T00:00:00.000+01:00</imkl:beginLifespanVersion>
            <imkl:bronhoudercode>TS0068</imkl:bronhoudercode>
            <imkl:organisatie>
                <imkl:Organisatie>
                    <imkl:naam>Netbeheerder Belang02</imkl:naam>
                </imkl:Organisatie>
            </imkl:organisatie>
        </imkl:Beheerder>
    </gml:featureMember>
    <gml:featureMember>
        <imkl:Belanghebbende gml:id="nl.imkl-TS0120._Belanghebbende_18G001503-1">
            <imkl:identificatie>
                <imkl:NEN3610ID>
                    <imkl:namespace>nl.imkl</imkl:namespace>
                    <imkl:lokaalID>TS0120._Belanghebbende_18G001503</imkl:lokaalID>
                    <imkl:versie>1</imkl:versie>
                </imkl:NEN3610ID>
            </imkl:identificatie>
            <imkl:beginLifespanVersion>2018-09-03T11:00:59.000+02:00</imkl:beginLifespanVersion>
            <imkl:beheerdersinformatieGeleverd>true</imkl:beheerdersinformatieGeleverd>
            <imkl:betrokkenBijAanvraag>true</imkl:betrokkenBijAanvraag>
            <imkl:eisVoorzorgsmaatregel>false</imkl:eisVoorzorgsmaatregel>
            <imkl:geraaktBelangBijGraafpolygoon xlink:href="nl.imkl-TS0120._Belang_5012059-100"/>
            <imkl:netbeheerder xlink:href="nl.imkl-TS0120._Beheerder"/>
        </imkl:Belanghebbende>
    </gml:featureMember>
    <gml:featureMember>
        <imkl:Belang gml:id="nl.imkl-TS0120._Belang_5012059-100">
            <imkl:identificatie>
                <imkl:NEN3610ID>
                    <imkl:namespace>nl.imkl</imkl:namespace>
                    <imkl:lokaalID>TS0120._Belang_5012059</imkl:lokaalID>
                    <imkl:versie>100</imkl:versie>
                </imkl:NEN3610ID>
            </imkl:identificatie>
            <imkl:beginLifespanVersion>2016-04-20T00:00:00.000+02:00</imkl:beginLifespanVersion>
            <imkl:omschrijving>Belang NB Belang Datatransport Rotterdam</imkl:omschrijving>
            <imkl:contactAanvraag>
                <imkl:AanvraagSoortContact>
                    <imkl:aanvraagSoort xlink:href="http://definities.geostandaarden.nl/imkl2015/id/waarde/AanvraagSoortValue/graafmelding"/>
                    <imkl:naam>BMK Netbeheerder Belang Datatransport</imkl:naam>
                    <imkl:telefoon>0881234567</imkl:telefoon>
                    <imkl:email>klic.testers@kadaster.nl</imkl:email>
                </imkl:AanvraagSoortContact>
            </imkl:contactAanvraag>
            <imkl:thema xlink:href="http://definities.geostandaarden.nl/imkl2015/id/waarde/Thema/datatransport"/>
            <imkl:contactNetinformatie>
                <imkl:AanvraagSoortContact>
                    <imkl:aanvraagSoort xlink:href="http://definities.geostandaarden.nl/imkl2015/id/waarde/AanvraagSoortValue/graafmelding"/>
                </imkl:AanvraagSoortContact>
            </imkl:contactNetinformatie>
            <imkl:contactBeschadiging>
                <imkl:Contact/>
            </imkl:contactBeschadiging>
        </imkl:Belang>
    </gml:featureMember>
    <gml:featureMember>
        <imkl:Beheerder gml:id="nl.imkl-TS0120._Beheerder">
            <imkl:identificatie>
                <imkl:NEN3610ID>
                    <imkl:namespace>nl.imkl</imkl:namespace>
                    <imkl:lokaalID>TS0120._Beheerder</imkl:lokaalID>
                </imkl:NEN3610ID>
            </imkl:identificatie>
            <imkl:beginLifespanVersion>2000-01-01T00:00:00.000+01:00</imkl:beginLifespanVersion>
            <imkl:bronhoudercode>TS0120</imkl:bronhoudercode>
            <imkl:organisatie>
                <imkl:Organisatie>
                    <imkl:naam>Netbeheerder Belang Datatransp</imkl:naam>
                </imkl:Organisatie>
            </imkl:organisatie>
        </imkl:Beheerder>
    </gml:featureMember>
    <gml:featureMember>
        <imkl:Belanghebbende gml:id="nl.imkl-TS0098._Belanghebbende_18G001503-1">
            <imkl:identificatie>
                <imkl:NEN3610ID>
                    <imkl:namespace>nl.imkl</imkl:namespace>
                    <imkl:lokaalID>TS0098._Belanghebbende_18G001503</imkl:lokaalID>
                    <imkl:versie>1</imkl:versie>
                </imkl:NEN3610ID>
            </imkl:identificatie>
            <imkl:beginLifespanVersion>2018-09-03T11:00:41.000+02:00</imkl:beginLifespanVersion>
            <imkl:beheerdersinformatieGeleverd>true</imkl:beheerdersinformatieGeleverd>
            <imkl:betrokkenBijAanvraag>true</imkl:betrokkenBijAanvraag>
            <imkl:eisVoorzorgsmaatregel>true</imkl:eisVoorzorgsmaatregel>
            <imkl:geraaktBelangBijGraafpolygoon xlink:href="nl.imkl-TS0098._Belang_5012063-100"/>
            <imkl:netbeheerder xlink:href="nl.imkl-TS0098._Beheerder"/>
        </imkl:Belanghebbende>
    </gml:featureMember>
    <gml:featureMember>
        <imkl:Belang gml:id="nl.imkl-TS0098._Belang_5012063-100">
            <imkl:identificatie>
                <imkl:NEN3610ID>
                    <imkl:namespace>nl.imkl</imkl:namespace>
                    <imkl:lokaalID>TS0098._Belang_5012063</imkl:lokaalID>
                    <imkl:versie>100</imkl:versie>
                </imkl:NEN3610ID>
            </imkl:identificatie>
            <imkl:beginLifespanVersion>2016-04-21T00:00:00.000+02:00</imkl:beginLifespanVersion>
            <imkl:omschrijving>Belang Netbeheerder Chemisch Rotterdam</imkl:omschrijving>
            <imkl:contactAanvraag>
                <imkl:AanvraagSoortContact>
                    <imkl:aanvraagSoort xlink:href="http://definities.geostandaarden.nl/imkl2015/id/waarde/AanvraagSoortValue/graafmelding"/>
                    <imkl:naam>Graafmelding 958526</imkl:naam>
                    <imkl:telefoon>0881234567</imkl:telefoon>
                    <imkl:email>klic.testers@kadaster.nl</imkl:email>
                </imkl:AanvraagSoortContact>
            </imkl:contactAanvraag>
            <imkl:thema xlink:href="http://definities.geostandaarden.nl/imkl2015/id/waarde/Thema/petrochemie"/>
            <imkl:thema xlink:href="http://definities.geostandaarden.nl/imkl2015/id/waarde/Thema/buisleidingGevaarlijkeInhoud"/>
            <imkl:contactNetinformatie>
                <imkl:AanvraagSoortContact>
                    <imkl:aanvraagSoort xlink:href="http://definities.geostandaarden.nl/imkl2015/id/waarde/AanvraagSoortValue/graafmelding"/>
                </imkl:AanvraagSoortContact>
            </imkl:contactNetinformatie>
            <imkl:contactBeschadiging>
                <imkl:Contact/>
            </imkl:contactBeschadiging>
        </imkl:Belang>
    </gml:featureMember>
    <gml:featureMember>
        <imkl:Beheerder gml:id="nl.imkl-TS0098._Beheerder">
            <imkl:identificatie>
                <imkl:NEN3610ID>
                    <imkl:namespace>nl.imkl</imkl:namespace>
                    <imkl:lokaalID>TS0098._Beheerder</imkl:lokaalID>
                </imkl:NEN3610ID>
            </imkl:identificatie>
            <imkl:beginLifespanVersion>2000-01-01T00:00:00.000+01:00</imkl:beginLifespanVersion>
            <imkl:bronhoudercode>TS0098</imkl:bronhoudercode>
            <imkl:organisatie>
                <imkl:Organisatie>
                    <imkl:naam>Netbeheerder Belang Chemisch</imkl:naam>
                </imkl:Organisatie>
            </imkl:organisatie>
        </imkl:Beheerder>
    </gml:featureMember>
    <gml:featureMember>
        <imkl:Belanghebbende gml:id="nl.imkl-TS0078._Belanghebbende_18G001503-1">
            <imkl:identificatie>
                <imkl:NEN3610ID>
                    <imkl:namespace>nl.imkl</imkl:namespace>
                    <imkl:lokaalID>TS0078._Belanghebbende_18G001503</imkl:lokaalID>
                    <imkl:versie>1</imkl:versie>
                </imkl:NEN3610ID>
            </imkl:identificatie>
            <imkl:beginLifespanVersion>2018-09-03T10:59:40.000+02:00</imkl:beginLifespanVersion>
            <imkl:beheerdersinformatieGeleverd>true</imkl:beheerdersinformatieGeleverd>
            <imkl:betrokkenBijAanvraag>true</imkl:betrokkenBijAanvraag>
            <imkl:eisVoorzorgsmaatregel>false</imkl:eisVoorzorgsmaatregel>
            <imkl:geraaktBelangBijGraafpolygoon xlink:href="nl.imkl-TS0078._Belang_5012064-100"/>
            <imkl:netbeheerder xlink:href="nl.imkl-TS0078._Beheerder"/>
        </imkl:Belanghebbende>
    </gml:featureMember>
    <gml:featureMember>
        <imkl:Belang gml:id="nl.imkl-TS0078._Belang_5012064-100">
            <imkl:identificatie>
                <imkl:NEN3610ID>
                    <imkl:namespace>nl.imkl</imkl:namespace>
                    <imkl:lokaalID>TS0078._Belang_5012064</imkl:lokaalID>
                    <imkl:versie>100</imkl:versie>
                </imkl:NEN3610ID>
            </imkl:identificatie>
            <imkl:beginLifespanVersion>2016-04-21T00:00:00.000+02:00</imkl:beginLifespanVersion>
            <imkl:omschrijving>Belang NB Overig en Wees Rotterdam</imkl:omschrijving>
            <imkl:contactAanvraag>
                <imkl:AanvraagSoortContact>
                    <imkl:aanvraagSoort xlink:href="http://definities.geostandaarden.nl/imkl2015/id/waarde/AanvraagSoortValue/graafmelding"/>
                    <imkl:naam>Graafmelding 958528</imkl:naam>
                    <imkl:telefoon>0881234566</imkl:telefoon>
                    <imkl:email>klic.testers@kadaster.nl</imkl:email>
                </imkl:AanvraagSoortContact>
            </imkl:contactAanvraag>
            <imkl:thema xlink:href="http://definities.geostandaarden.nl/imkl2015/id/waarde/Thema/overig"/>
            <imkl:thema xlink:href="http://definities.geostandaarden.nl/imkl2015/id/waarde/Thema/wees"/>
            <imkl:contactNetinformatie>
                <imkl:AanvraagSoortContact>
                    <imkl:aanvraagSoort xlink:href="http://definities.geostandaarden.nl/imkl2015/id/waarde/AanvraagSoortValue/graafmelding"/>
                </imkl:AanvraagSoortContact>
            </imkl:contactNetinformatie>
            <imkl:contactBeschadiging>
                <imkl:Contact/>
            </imkl:contactBeschadiging>
        </imkl:Belang>
    </gml:featureMember>
    <gml:featureMember>
        <imkl:Beheerder gml:id="nl.imkl-TS0078._Beheerder">
            <imkl:identificatie>
                <imkl:NEN3610ID>
                    <imkl:namespace>nl.imkl</imkl:namespace>
                    <imkl:lokaalID>TS0078._Beheerder</imkl:lokaalID>
                </imkl:NEN3610ID>
            </imkl:identificatie>
            <imkl:beginLifespanVersion>2000-01-01T00:00:00.000+01:00</imkl:beginLifespanVersion>
            <imkl:bronhoudercode>TS0078</imkl:bronhoudercode>
            <imkl:organisatie>
                <imkl:Organisatie>
                    <imkl:naam>Netbeheerder Belang Overig  en Wees</imkl:naam>
                </imkl:Organisatie>
            </imkl:organisatie>
        </imkl:Beheerder>
    </gml:featureMember>
    <gml:featureMember>
        <imkl:Belanghebbende gml:id="nl.imkl-TS0089._Belanghebbende_18G001503-1">
            <imkl:identificatie>
                <imkl:NEN3610ID>
                    <imkl:namespace>nl.imkl</imkl:namespace>
                    <imkl:lokaalID>TS0089._Belanghebbende_18G001503</imkl:lokaalID>
                    <imkl:versie>1</imkl:versie>
                </imkl:NEN3610ID>
            </imkl:identificatie>
            <imkl:beginLifespanVersion>2018-09-03T10:59:47.000+02:00</imkl:beginLifespanVersion>
            <imkl:beheerdersinformatieGeleverd>true</imkl:beheerdersinformatieGeleverd>
            <imkl:betrokkenBijAanvraag>false</imkl:betrokkenBijAanvraag>
            <imkl:eisVoorzorgsmaatregel>false</imkl:eisVoorzorgsmaatregel>
            <imkl:geraaktBelangBijGraafpolygoon xlink:href="nl.imkl-TS0089._Belang_5012077-100"/>
            <imkl:netbeheerder xlink:href="nl.imkl-TS0089._Beheerder"/>
        </imkl:Belanghebbende>
    </gml:featureMember>
    <gml:featureMember>
        <imkl:Belang gml:id="nl.imkl-TS0089._Belang_5012077-100">
            <imkl:identificatie>
                <imkl:NEN3610ID>
                    <imkl:namespace>nl.imkl</imkl:namespace>
                    <imkl:lokaalID>TS0089._Belang_5012077</imkl:lokaalID>
                    <imkl:versie>100</imkl:versie>
                </imkl:NEN3610ID>
            </imkl:identificatie>
            <imkl:beginLifespanVersion>2016-04-21T00:00:00.000+02:00</imkl:beginLifespanVersion>
            <imkl:omschrijving>Belang Netbeheerder Schade Rotterdam</imkl:omschrijving>
            <imkl:contactAanvraag>
                <imkl:AanvraagSoortContact>
                    <imkl:aanvraagSoort xlink:href="http://definities.geostandaarden.nl/imkl2015/id/waarde/AanvraagSoortValue/graafmelding"/>
                    <imkl:naam>Graafmelding 958558</imkl:naam>
                    <imkl:telefoon>0881234567</imkl:telefoon>
                    <imkl:email>klic.testers@kadaster.nl</imkl:email>
                </imkl:AanvraagSoortContact>
            </imkl:contactAanvraag>
            <imkl:thema xlink:href="http://definities.geostandaarden.nl/imkl2015/id/waarde/Thema/hoogspanning"/>
            <imkl:thema xlink:href="http://definities.geostandaarden.nl/imkl2015/id/waarde/Thema/laagspanning"/>
            <imkl:thema xlink:href="http://definities.geostandaarden.nl/imkl2015/id/waarde/Thema/middenspanning"/>
            <imkl:contactNetinformatie>
                <imkl:AanvraagSoortContact>
                    <imkl:aanvraagSoort xlink:href="http://definities.geostandaarden.nl/imkl2015/id/waarde/AanvraagSoortValue/graafmelding"/>
                </imkl:AanvraagSoortContact>
            </imkl:contactNetinformatie>
            <imkl:contactBeschadiging>
                <imkl:Contact/>
            </imkl:contactBeschadiging>
        </imkl:Belang>
    </gml:featureMember>
    <gml:featureMember>
        <imkl:Beheerder gml:id="nl.imkl-TS0089._Beheerder">
            <imkl:identificatie>
                <imkl:NEN3610ID>
                    <imkl:namespace>nl.imkl</imkl:namespace>
                    <imkl:lokaalID>TS0089._Beheerder</imkl:lokaalID>
                </imkl:NEN3610ID>
            </imkl:identificatie>
            <imkl:beginLifespanVersion>2000-01-01T00:00:00.000+01:00</imkl:beginLifespanVersion>
            <imkl:bronhoudercode>TS0089</imkl:bronhoudercode>
            <imkl:organisatie>
                <imkl:Organisatie>
                    <imkl:naam>Netbeheerder Schade Rotterdam</imkl:naam>
                </imkl:Organisatie>
            </imkl:organisatie>
        </imkl:Beheerder>
    </gml:featureMember>
    <gml:featureMember>
        <imkl:Belanghebbende gml:id="nl.imkl-TS0086._Belanghebbende_18G001503-1">
            <imkl:identificatie>
                <imkl:NEN3610ID>
                    <imkl:namespace>nl.imkl</imkl:namespace>
                    <imkl:lokaalID>TS0086._Belanghebbende_18G001503</imkl:lokaalID>
                    <imkl:versie>1</imkl:versie>
                </imkl:NEN3610ID>
            </imkl:identificatie>
            <imkl:beginLifespanVersion>2018-09-03T11:00:51.000+02:00</imkl:beginLifespanVersion>
            <imkl:beheerdersinformatieGeleverd>true</imkl:beheerdersinformatieGeleverd>
            <imkl:betrokkenBijAanvraag>true</imkl:betrokkenBijAanvraag>
            <imkl:eisVoorzorgsmaatregel>true</imkl:eisVoorzorgsmaatregel>
            <imkl:geraaktBelangBijGraafpolygoon xlink:href="nl.imkl-TS0086._Belang_5012219-300"/>
            <imkl:geraaktBelangBijGraafpolygoon xlink:href="nl.imkl-TS0086._Belang_5012244-200"/>
            <imkl:netbeheerder xlink:href="nl.imkl-TS0086._Beheerder"/>
        </imkl:Belanghebbende>
    </gml:featureMember>
    <gml:featureMember>
        <imkl:Belang gml:id="nl.imkl-TS0086._Belang_5012219-300">
            <imkl:identificatie>
                <imkl:NEN3610ID>
                    <imkl:namespace>nl.imkl</imkl:namespace>
                    <imkl:lokaalID>TS0086._Belang_5012219</imkl:lokaalID>
                    <imkl:versie>300</imkl:versie>
                </imkl:NEN3610ID>
            </imkl:identificatie>
            <imkl:beginLifespanVersion>2016-07-09T00:00:00.000+02:00</imkl:beginLifespanVersion>
            <imkl:omschrijving>Belang Netbeheerder 8 - Rotterdam</imkl:omschrijving>
            <imkl:contactAanvraag>
                <imkl:AanvraagSoortContact>
                    <imkl:aanvraagSoort xlink:href="http://definities.geostandaarden.nl/imkl2015/id/waarde/AanvraagSoortValue/graafmelding"/>
                    <imkl:naam>BMK Netbeheerder 8</imkl:naam>
                    <imkl:telefoon>0881234567</imkl:telefoon>
                    <imkl:email>klic.testers@kadaster.nl</imkl:email>
                </imkl:AanvraagSoortContact>
            </imkl:contactAanvraag>
            <imkl:thema xlink:href="http://definities.geostandaarden.nl/imkl2015/id/waarde/Thema/gasLageDruk"/>
            <imkl:thema xlink:href="http://definities.geostandaarden.nl/imkl2015/id/waarde/Thema/gasHogeDruk"/>
            <imkl:contactNetinformatie>
                <imkl:AanvraagSoortContact>
                    <imkl:aanvraagSoort xlink:href="http://definities.geostandaarden.nl/imkl2015/id/waarde/AanvraagSoortValue/graafmelding"/>
                </imkl:AanvraagSoortContact>
            </imkl:contactNetinformatie>
            <imkl:contactBeschadiging>
                <imkl:Contact/>
            </imkl:contactBeschadiging>
        </imkl:Belang>
    </gml:featureMember>
    <gml:featureMember>
        <imkl:Belang gml:id="nl.imkl-TS0086._Belang_5012244-200">
            <imkl:identificatie>
                <imkl:NEN3610ID>
                    <imkl:namespace>nl.imkl</imkl:namespace>
                    <imkl:lokaalID>TS0086._Belang_5012244</imkl:lokaalID>
                    <imkl:versie>200</imkl:versie>
                </imkl:NEN3610ID>
            </imkl:identificatie>
            <imkl:beginLifespanVersion>2016-07-08T00:00:00.000+02:00</imkl:beginLifespanVersion>
            <imkl:omschrijving>Belang NB 8 - Rotterdam</imkl:omschrijving>
            <imkl:contactAanvraag>
                <imkl:AanvraagSoortContact>
                    <imkl:aanvraagSoort xlink:href="http://definities.geostandaarden.nl/imkl2015/id/waarde/AanvraagSoortValue/graafmelding"/>
                    <imkl:naam>BMK Netbeheerder 8</imkl:naam>
                    <imkl:telefoon>0881234567</imkl:telefoon>
                    <imkl:email>klic.testers@kadaster.nl</imkl:email>
                </imkl:AanvraagSoortContact>
            </imkl:contactAanvraag>
            <imkl:thema xlink:href="http://definities.geostandaarden.nl/imkl2015/id/waarde/Thema/middenspanning"/>
            <imkl:thema xlink:href="http://definities.geostandaarden.nl/imkl2015/id/waarde/Thema/hoogspanning"/>
            <imkl:thema xlink:href="http://definities.geostandaarden.nl/imkl2015/id/waarde/Thema/laagspanning"/>
            <imkl:contactNetinformatie>
                <imkl:AanvraagSoortContact>
                    <imkl:aanvraagSoort xlink:href="http://definities.geostandaarden.nl/imkl2015/id/waarde/AanvraagSoortValue/graafmelding"/>
                </imkl:AanvraagSoortContact>
            </imkl:contactNetinformatie>
            <imkl:contactBeschadiging>
                <imkl:Contact/>
            </imkl:contactBeschadiging>
        </imkl:Belang>
    </gml:featureMember>
    <gml:featureMember>
        <imkl:Beheerder gml:id="nl.imkl-TS0086._Beheerder">
            <imkl:identificatie>
                <imkl:NEN3610ID>
                    <imkl:namespace>nl.imkl</imkl:namespace>
                    <imkl:lokaalID>TS0086._Beheerder</imkl:lokaalID>
                </imkl:NEN3610ID>
            </imkl:identificatie>
            <imkl:beginLifespanVersion>2000-01-01T00:00:00.000+01:00</imkl:beginLifespanVersion>
            <imkl:bronhoudercode>TS0086</imkl:bronhoudercode>
            <imkl:organisatie>
                <imkl:Organisatie>
                    <imkl:naam>Netbeheerder 8X</imkl:naam>
                </imkl:Organisatie>
            </imkl:organisatie>
        </imkl:Beheerder>
    </gml:featureMember>
    <gml:featureMember>
        <imkl:Belanghebbende gml:id="nl.imkl-TS0033._Belanghebbende_18G001503-1">
            <imkl:identificatie>
                <imkl:NEN3610ID>
                    <imkl:namespace>nl.imkl</imkl:namespace>
                    <imkl:lokaalID>TS0033._Belanghebbende_18G001503</imkl:lokaalID>
                    <imkl:versie>1</imkl:versie>
                </imkl:NEN3610ID>
            </imkl:identificatie>
            <imkl:beginLifespanVersion>2018-09-03T11:00:34.000+02:00</imkl:beginLifespanVersion>
            <imkl:beheerdersinformatieGeleverd>true</imkl:beheerdersinformatieGeleverd>
            <imkl:betrokkenBijAanvraag>true</imkl:betrokkenBijAanvraag>
            <imkl:eisVoorzorgsmaatregel>true</imkl:eisVoorzorgsmaatregel>
            <imkl:geraaktBelangBijGraafpolygoon xlink:href="nl.imkl-TS0033._Belang_5012060-300"/>
            <imkl:netbeheerder xlink:href="nl.imkl-TS0033._Beheerder"/>
        </imkl:Belanghebbende>
    </gml:featureMember>
    <gml:featureMember>
        <imkl:Belang gml:id="nl.imkl-TS0033._Belang_5012060-300">
            <imkl:identificatie>
                <imkl:NEN3610ID>
                    <imkl:namespace>nl.imkl</imkl:namespace>
                    <imkl:lokaalID>TS0033._Belang_5012060</imkl:lokaalID>
                    <imkl:versie>300</imkl:versie>
                </imkl:NEN3610ID>
            </imkl:identificatie>
            <imkl:beginLifespanVersion>2016-11-01T00:00:00.000+01:00</imkl:beginLifespanVersion>
            <imkl:omschrijving>Belang Netbeheerder Belang01 Rotterdam</imkl:omschrijving>
            <imkl:contactAanvraag>
                <imkl:AanvraagSoortContact>
                    <imkl:aanvraagSoort xlink:href="http://definities.geostandaarden.nl/imkl2015/id/waarde/AanvraagSoortValue/graafmelding"/>
                    <imkl:naam>Graafmelding 958504</imkl:naam>
                    <imkl:telefoon>0881234566</imkl:telefoon>
                    <imkl:email>klic.testers@kadaster.nl</imkl:email>
                </imkl:AanvraagSoortContact>
            </imkl:contactAanvraag>
            <imkl:thema xlink:href="http://definities.geostandaarden.nl/imkl2015/id/waarde/Thema/gasLageDruk"/>
            <imkl:thema xlink:href="http://definities.geostandaarden.nl/imkl2015/id/waarde/Thema/gasHogeDruk"/>
            <imkl:contactNetinformatie>
                <imkl:AanvraagSoortContact>
                    <imkl:aanvraagSoort xlink:href="http://definities.geostandaarden.nl/imkl2015/id/waarde/AanvraagSoortValue/graafmelding"/>
                </imkl:AanvraagSoortContact>
            </imkl:contactNetinformatie>
            <imkl:contactBeschadiging>
                <imkl:Contact/>
            </imkl:contactBeschadiging>
        </imkl:Belang>
    </gml:featureMember>
    <gml:featureMember>
        <imkl:Beheerder gml:id="nl.imkl-TS0033._Beheerder">
            <imkl:identificatie>
                <imkl:NEN3610ID>
                    <imkl:namespace>nl.imkl</imkl:namespace>
                    <imkl:lokaalID>TS0033._Beheerder</imkl:lokaalID>
                </imkl:NEN3610ID>
            </imkl:identificatie>
            <imkl:beginLifespanVersion>2000-01-01T00:00:00.000+01:00</imkl:beginLifespanVersion>
            <imkl:bronhoudercode>TS0033</imkl:bronhoudercode>
            <imkl:organisatie>
                <imkl:Organisatie>
                    <imkl:naam>Netbeheerder Belang01</imkl:naam>
                </imkl:Organisatie>
            </imkl:organisatie>
        </imkl:Beheerder>
    </gml:featureMember>
    <gml:featureMember>
        <imkl:Belanghebbende gml:id="nl.imkl-TS0114._Belanghebbende_18G001503-1">
            <imkl:identificatie>
                <imkl:NEN3610ID>
                    <imkl:namespace>nl.imkl</imkl:namespace>
                    <imkl:lokaalID>TS0114._Belanghebbende_18G001503</imkl:lokaalID>
                    <imkl:versie>1</imkl:versie>
                </imkl:NEN3610ID>
            </imkl:identificatie>
            <imkl:beginLifespanVersion>2018-09-03T11:00:49.000+02:00</imkl:beginLifespanVersion>
            <imkl:beheerdersinformatieGeleverd>true</imkl:beheerdersinformatieGeleverd>
            <imkl:betrokkenBijAanvraag>true</imkl:betrokkenBijAanvraag>
            <imkl:eisVoorzorgsmaatregel>false</imkl:eisVoorzorgsmaatregel>
            <imkl:geraaktBelangBijGraafpolygoon xlink:href="nl.imkl-TS0114._Belang_5012057-200"/>
            <imkl:netbeheerder xlink:href="nl.imkl-TS0114._Beheerder"/>
        </imkl:Belanghebbende>
    </gml:featureMember>
    <gml:featureMember>
        <imkl:Belang gml:id="nl.imkl-TS0114._Belang_5012057-200">
            <imkl:identificatie>
                <imkl:NEN3610ID>
                    <imkl:namespace>nl.imkl</imkl:namespace>
                    <imkl:lokaalID>TS0114._Belang_5012057</imkl:lokaalID>
                    <imkl:versie>200</imkl:versie>
                </imkl:NEN3610ID>
            </imkl:identificatie>
            <imkl:beginLifespanVersion>2017-04-18T00:00:00.000+02:00</imkl:beginLifespanVersion>
            <imkl:omschrijving>Belang Netbeheerder Belang03 Rotterdam</imkl:omschrijving>
            <imkl:contactAanvraag>
                <imkl:AanvraagSoortContact>
                    <imkl:aanvraagSoort xlink:href="http://definities.geostandaarden.nl/imkl2015/id/waarde/AanvraagSoortValue/graafmelding"/>
                    <imkl:naam>Graafmelding 958521</imkl:naam>
                    <imkl:telefoon>0881234567</imkl:telefoon>
                    <imkl:email>klic.testers@kadaster.nl</imkl:email>
                </imkl:AanvraagSoortContact>
            </imkl:contactAanvraag>
            <imkl:thema xlink:href="http://definities.geostandaarden.nl/imkl2015/id/waarde/Thema/rioolVrijverval"/>
            <imkl:thema xlink:href="http://definities.geostandaarden.nl/imkl2015/id/waarde/Thema/water"/>
            <imkl:thema xlink:href="http://definities.geostandaarden.nl/imkl2015/id/waarde/Thema/rioolOnderOverOfOnderdruk"/>
            <imkl:thema xlink:href="http://definities.geostandaarden.nl/imkl2015/id/waarde/Thema/warmte"/>
            <imkl:contactNetinformatie>
                <imkl:AanvraagSoortContact>
                    <imkl:aanvraagSoort xlink:href="http://definities.geostandaarden.nl/imkl2015/id/waarde/AanvraagSoortValue/graafmelding"/>
                </imkl:AanvraagSoortContact>
            </imkl:contactNetinformatie>
            <imkl:contactBeschadiging>
                <imkl:Contact/>
            </imkl:contactBeschadiging>
        </imkl:Belang>
    </gml:featureMember>
    <gml:featureMember>
        <imkl:Beheerder gml:id="nl.imkl-TS0114._Beheerder">
            <imkl:identificatie>
                <imkl:NEN3610ID>
                    <imkl:namespace>nl.imkl</imkl:namespace>
                    <imkl:lokaalID>TS0114._Beheerder</imkl:lokaalID>
                </imkl:NEN3610ID>
            </imkl:identificatie>
            <imkl:beginLifespanVersion>2000-01-01T00:00:00.000+01:00</imkl:beginLifespanVersion>
            <imkl:bronhoudercode>TS0114</imkl:bronhoudercode>
            <imkl:organisatie>
                <imkl:Organisatie>
                    <imkl:naam>Netbeheerder Belang03</imkl:naam>
                </imkl:Organisatie>
            </imkl:organisatie>
        </imkl:Beheerder>
    </gml:featureMember>
    <gml:featureMember>
        <imkl:Belanghebbende gml:id="nl.imkl-TS0118._Belanghebbende_18G001503-1">
            <imkl:identificatie>
                <imkl:NEN3610ID>
                    <imkl:namespace>nl.imkl</imkl:namespace>
                    <imkl:lokaalID>TS0118._Belanghebbende_18G001503</imkl:lokaalID>
                    <imkl:versie>1</imkl:versie>
                </imkl:NEN3610ID>
            </imkl:identificatie>
            <imkl:beginLifespanVersion>2018-09-03T11:00:14.000+02:00</imkl:beginLifespanVersion>
            <imkl:beheerdersinformatieGeleverd>true</imkl:beheerdersinformatieGeleverd>
            <imkl:betrokkenBijAanvraag>true</imkl:betrokkenBijAanvraag>
            <imkl:eisVoorzorgsmaatregel>false</imkl:eisVoorzorgsmaatregel>
            <imkl:geraaktBelangBijGraafpolygoon xlink:href="nl.imkl-TS0118._Belang_5012598-100"/>
            <imkl:netbeheerder xlink:href="nl.imkl-TS0118._Beheerder"/>
        </imkl:Belanghebbende>
    </gml:featureMember>
    <gml:featureMember>
        <imkl:Belang gml:id="nl.imkl-TS0118._Belang_5012598-100">
            <imkl:identificatie>
                <imkl:NEN3610ID>
                    <imkl:namespace>nl.imkl</imkl:namespace>
                    <imkl:lokaalID>TS0118._Belang_5012598</imkl:lokaalID>
                    <imkl:versie>100</imkl:versie>
                </imkl:NEN3610ID>
            </imkl:identificatie>
            <imkl:beginLifespanVersion>2017-08-05T00:00:00.000+02:00</imkl:beginLifespanVersion>
            <imkl:omschrijving>Belang GAA changes 04-08-2017</imkl:omschrijving>
            <imkl:contactAanvraag>
                <imkl:AanvraagSoortContact>
                    <imkl:aanvraagSoort xlink:href="http://definities.geostandaarden.nl/imkl2015/id/waarde/AanvraagSoortValue/graafmelding"/>
                    <imkl:naam>BMK Netbeheerder 9</imkl:naam>
                    <imkl:telefoon>0881234567</imkl:telefoon>
                    <imkl:email>klic.testers@kadaster.nl</imkl:email>
                </imkl:AanvraagSoortContact>
            </imkl:contactAanvraag>
            <imkl:thema xlink:href="http://definities.geostandaarden.nl/imkl2015/id/waarde/Thema/buisleidingGevaarlijkeInhoud"/>
            <imkl:thema xlink:href="http://definities.geostandaarden.nl/imkl2015/id/waarde/Thema/hoogspanning"/>
            <imkl:thema xlink:href="http://definities.geostandaarden.nl/imkl2015/id/waarde/Thema/gasHogeDruk"/>
            <imkl:thema xlink:href="http://definities.geostandaarden.nl/imkl2015/id/waarde/Thema/gasLageDruk"/>
            <imkl:thema xlink:href="http://definities.geostandaarden.nl/imkl2015/id/waarde/Thema/petrochemie"/>
            <imkl:thema xlink:href="http://definities.geostandaarden.nl/imkl2015/id/waarde/Thema/middenspanning"/>
            <imkl:thema xlink:href="http://definities.geostandaarden.nl/imkl2015/id/waarde/Thema/laagspanning"/>
            <imkl:thema xlink:href="http://definities.geostandaarden.nl/imkl2015/id/waarde/Thema/rioolVrijverval"/>
            <imkl:thema xlink:href="http://definities.geostandaarden.nl/imkl2015/id/waarde/Thema/overig"/>
            <imkl:thema xlink:href="http://definities.geostandaarden.nl/imkl2015/id/waarde/Thema/water"/>
            <imkl:thema xlink:href="http://definities.geostandaarden.nl/imkl2015/id/waarde/Thema/wees"/>
            <imkl:thema xlink:href="http://definities.geostandaarden.nl/imkl2015/id/waarde/Thema/landelijkHoogspanningsnet"/>
            <imkl:thema xlink:href="http://definities.geostandaarden.nl/imkl2015/id/waarde/Thema/datatransport"/>
            <imkl:thema xlink:href="http://definities.geostandaarden.nl/imkl2015/id/waarde/Thema/warmte"/>
            <imkl:thema xlink:href="http://definities.geostandaarden.nl/imkl2015/id/waarde/Thema/rioolOnderOverOfOnderdruk"/>
            <imkl:contactNetinformatie>
                <imkl:AanvraagSoortContact>
                    <imkl:aanvraagSoort xlink:href="http://definities.geostandaarden.nl/imkl2015/id/waarde/AanvraagSoortValue/graafmelding"/>
                </imkl:AanvraagSoortContact>
            </imkl:contactNetinformatie>
            <imkl:contactBeschadiging>
                <imkl:Contact/>
            </imkl:contactBeschadiging>
        </imkl:Belang>
    </gml:featureMember>
    <gml:featureMember>
        <imkl:Beheerder gml:id="nl.imkl-TS0118._Beheerder">
            <imkl:identificatie>
                <imkl:NEN3610ID>
                    <imkl:namespace>nl.imkl</imkl:namespace>
                    <imkl:lokaalID>TS0118._Beheerder</imkl:lokaalID>
                </imkl:NEN3610ID>
            </imkl:identificatie>
            <imkl:beginLifespanVersion>2000-01-01T00:00:00.000+01:00</imkl:beginLifespanVersion>
            <imkl:bronhoudercode>TS0118</imkl:bronhoudercode>
            <imkl:organisatie>
                <imkl:Organisatie>
                    <imkl:naam>Netbeheerder 9</imkl:naam>
                </imkl:Organisatie>
            </imkl:organisatie>
        </imkl:Beheerder>
    </gml:featureMember>
    <gml:featureMember>
        <imkl:Belanghebbende gml:id="nl.imkl-nbreg1._Belanghebbende_18G001503-1">
            <imkl:identificatie>
                <imkl:NEN3610ID>
                    <imkl:namespace>nl.imkl</imkl:namespace>
                    <imkl:lokaalID>nbreg1._Belanghebbende_18G001503</imkl:lokaalID>
                    <imkl:versie>1</imkl:versie>
                </imkl:NEN3610ID>
            </imkl:identificatie>
            <imkl:beginLifespanVersion>2018-09-03T11:00:30.000+02:00</imkl:beginLifespanVersion>
            <imkl:beheerdersinformatieGeleverd>true</imkl:beheerdersinformatieGeleverd>
            <imkl:betrokkenBijAanvraag>true</imkl:betrokkenBijAanvraag>
            <imkl:eisVoorzorgsmaatregel>true</imkl:eisVoorzorgsmaatregel>
            <imkl:geraaktBelangBijGraafpolygoon xlink:href="nl.imkl-nbreg1._Belang_5012617-100"/>
            <imkl:netbeheerder xlink:href="nl.imkl-nbreg1._Beheerder"/>
        </imkl:Belanghebbende>
    </gml:featureMember>
    <gml:featureMember>
        <imkl:Belang gml:id="nl.imkl-nbreg1._Belang_5012617-100">
            <imkl:identificatie>
                <imkl:NEN3610ID>
                    <imkl:namespace>nl.imkl</imkl:namespace>
                    <imkl:lokaalID>nbreg1._Belang_5012617</imkl:lokaalID>
                    <imkl:versie>100</imkl:versie>
                </imkl:NEN3610ID>
            </imkl:identificatie>
            <imkl:beginLifespanVersion>2017-08-30T00:00:00.000+02:00</imkl:beginLifespanVersion>
            <imkl:omschrijving>BHR_RT1_Scenario_1_29-08-2017</imkl:omschrijving>
            <imkl:contactAanvraag>
                <imkl:AanvraagSoortContact>
                    <imkl:aanvraagSoort xlink:href="http://definities.geostandaarden.nl/imkl2015/id/waarde/AanvraagSoortValue/graafmelding"/>
                    <imkl:naam>Graafmelding 958469</imkl:naam>
                    <imkl:telefoon>0881234567</imkl:telefoon>
                    <imkl:email>klic.testers@kadaster.nl</imkl:email>
                </imkl:AanvraagSoortContact>
            </imkl:contactAanvraag>
            <imkl:thema xlink:href="http://definities.geostandaarden.nl/imkl2015/id/waarde/Thema/water"/>
            <imkl:thema xlink:href="http://definities.geostandaarden.nl/imkl2015/id/waarde/Thema/petrochemie"/>
            <imkl:thema xlink:href="http://definities.geostandaarden.nl/imkl2015/id/waarde/Thema/gasHogeDruk"/>
            <imkl:thema xlink:href="http://definities.geostandaarden.nl/imkl2015/id/waarde/Thema/gasLageDruk"/>
            <imkl:thema xlink:href="http://definities.geostandaarden.nl/imkl2015/id/waarde/Thema/datatransport"/>
            <imkl:thema xlink:href="http://definities.geostandaarden.nl/imkl2015/id/waarde/Thema/laagspanning"/>
            <imkl:thema xlink:href="http://definities.geostandaarden.nl/imkl2015/id/waarde/Thema/rioolVrijverval"/>
            <imkl:thema xlink:href="http://definities.geostandaarden.nl/imkl2015/id/waarde/Thema/hoogspanning"/>
            <imkl:thema xlink:href="http://definities.geostandaarden.nl/imkl2015/id/waarde/Thema/landelijkHoogspanningsnet"/>
            <imkl:thema xlink:href="http://definities.geostandaarden.nl/imkl2015/id/waarde/Thema/buisleidingGevaarlijkeInhoud"/>
            <imkl:thema xlink:href="http://definities.geostandaarden.nl/imkl2015/id/waarde/Thema/rioolOnderOverOfOnderdruk"/>
            <imkl:thema xlink:href="http://definities.geostandaarden.nl/imkl2015/id/waarde/Thema/middenspanning"/>
            <imkl:thema xlink:href="http://definities.geostandaarden.nl/imkl2015/id/waarde/Thema/warmte"/>
            <imkl:thema xlink:href="http://definities.geostandaarden.nl/imkl2015/id/waarde/Thema/wees"/>
            <imkl:thema xlink:href="http://definities.geostandaarden.nl/imkl2015/id/waarde/Thema/overig"/>
            <imkl:contactNetinformatie>
                <imkl:AanvraagSoortContact>
                    <imkl:aanvraagSoort xlink:href="http://definities.geostandaarden.nl/imkl2015/id/waarde/AanvraagSoortValue/graafmelding"/>
                </imkl:AanvraagSoortContact>
            </imkl:contactNetinformatie>
            <imkl:contactBeschadiging>
                <imkl:Contact/>
            </imkl:contactBeschadiging>
        </imkl:Belang>
    </gml:featureMember>
    <gml:featureMember>
        <imkl:Beheerder gml:id="nl.imkl-nbreg1._Beheerder">
            <imkl:identificatie>
                <imkl:NEN3610ID>
                    <imkl:namespace>nl.imkl</imkl:namespace>
                    <imkl:lokaalID>nbreg1._Beheerder</imkl:lokaalID>
                </imkl:NEN3610ID>
            </imkl:identificatie>
            <imkl:beginLifespanVersion>2000-01-01T00:00:00.000+01:00</imkl:beginLifespanVersion>
            <imkl:bronhoudercode>nbreg1</imkl:bronhoudercode>
            <imkl:organisatie>
                <imkl:Organisatie>
                    <imkl:naam>Netbeheerder Regressie</imkl:naam>
                </imkl:Organisatie>
            </imkl:organisatie>
        </imkl:Beheerder>
    </gml:featureMember>
    <gml:featureMember>
        <imkl:Belanghebbende gml:id="nl.imkl-KL1089._Belanghebbende_18G001503-0">
            <imkl:identificatie>
                <imkl:NEN3610ID>
                    <imkl:namespace>nl.imkl</imkl:namespace>
                    <imkl:lokaalID>KL1089._Belanghebbende_18G001503</imkl:lokaalID>
                    <imkl:versie>0</imkl:versie>
                </imkl:NEN3610ID>
            </imkl:identificatie>
            <imkl:beginLifespanVersion>2018-09-03T10:57:05.000+02:00</imkl:beginLifespanVersion>
            <imkl:beheerdersinformatieGeleverd>false</imkl:beheerdersinformatieGeleverd>
            <imkl:geraaktBelangBijGraafpolygoon xlink:href="nl.imkl-KL1089._Belang_5012982-1"/>
            <imkl:geraaktBelangBijGraafpolygoon xlink:href="nl.imkl-KL1089._Belang_5012983-1"/>
            <imkl:netbeheerder xlink:href="nl.imkl-KL1089._Beheerder"/>
        </imkl:Belanghebbende>
    </gml:featureMember>
    <gml:featureMember>
        <imkl:Belang gml:id="nl.imkl-KL1089._Belang_5012982-1">
            <imkl:identificatie>
                <imkl:NEN3610ID>
                    <imkl:namespace>nl.imkl</imkl:namespace>
                    <imkl:lokaalID>KL1089._Belang_5012982</imkl:lokaalID>
                    <imkl:versie>1</imkl:versie>
                </imkl:NEN3610ID>
            </imkl:identificatie>
            <imkl:beginLifespanVersion>2018-08-31T00:00:00.000+02:00</imkl:beginLifespanVersion>
            <imkl:omschrijving>Klicbelang 2018-07-23</imkl:omschrijving>
            <imkl:contactAanvraag>
                <imkl:AanvraagSoortContact>
                    <imkl:aanvraagSoort xlink:href="http://definities.geostandaarden.nl/imkl2015/id/waarde/AanvraagSoortValue/graafmelding"/>
                    <imkl:naam>Afdeling BackBone Networks</imkl:naam>
                    <imkl:telefoon>020 - 750 1133</imkl:telefoon>
                    <imkl:email>ams-klicvooroverleg@tele2.com</imkl:email>
                </imkl:AanvraagSoortContact>
            </imkl:contactAanvraag>
            <imkl:thema xlink:href="http://definities.geostandaarden.nl/imkl2015/id/waarde/Thema/laagspanning"/>
            <imkl:thema xlink:href="http://definities.geostandaarden.nl/imkl2015/id/waarde/Thema/datatransport"/>
            <imkl:contactNetinformatie>
                <imkl:AanvraagSoortContact>
                    <imkl:aanvraagSoort xlink:href="http://definities.geostandaarden.nl/imkl2015/id/waarde/AanvraagSoortValue/graafmelding"/>
                    <imkl:naam>Afdeling BackBone Networks</imkl:naam>
                    <imkl:telefoon>020 - 750 1133</imkl:telefoon>
                    <imkl:email>ams-klicvooroverleg@tele2.com</imkl:email>
                </imkl:AanvraagSoortContact>
            </imkl:contactNetinformatie>
            <imkl:contactBeschadiging>
                <imkl:Contact>
                    <imkl:naam>Afdeling BackBone Networks</imkl:naam>
                    <imkl:telefoon>020 - 750 1133</imkl:telefoon>
                    <imkl:email>ams-klicvooroverleg@tele2.com</imkl:email>
                </imkl:Contact>
            </imkl:contactBeschadiging>
        </imkl:Belang>
    </gml:featureMember>
    <gml:featureMember>
        <imkl:Belang gml:id="nl.imkl-KL1089._Belang_5012983-1">
            <imkl:identificatie>
                <imkl:NEN3610ID>
                    <imkl:namespace>nl.imkl</imkl:namespace>
                    <imkl:lokaalID>KL1089._Belang_5012983</imkl:lokaalID>
                    <imkl:versie>1</imkl:versie>
                </imkl:NEN3610ID>
            </imkl:identificatie>
            <imkl:beginLifespanVersion>2018-08-31T00:00:00.000+02:00</imkl:beginLifespanVersion>
            <imkl:omschrijving>Klicbelang 2018-08-20</imkl:omschrijving>
            <imkl:contactAanvraag>
                <imkl:AanvraagSoortContact>
                    <imkl:aanvraagSoort xlink:href="http://definities.geostandaarden.nl/imkl2015/id/waarde/AanvraagSoortValue/graafmelding"/>
                    <imkl:naam>Afdeling BackBone Networks</imkl:naam>
                    <imkl:telefoon>020 - 750 1133</imkl:telefoon>
                    <imkl:email>ams-klicvooroverleg@tele2.com</imkl:email>
                </imkl:AanvraagSoortContact>
            </imkl:contactAanvraag>
            <imkl:thema xlink:href="http://definities.geostandaarden.nl/imkl2015/id/waarde/Thema/datatransport"/>
            <imkl:thema xlink:href="http://definities.geostandaarden.nl/imkl2015/id/waarde/Thema/laagspanning"/>
            <imkl:contactNetinformatie>
                <imkl:AanvraagSoortContact>
                    <imkl:aanvraagSoort xlink:href="http://definities.geostandaarden.nl/imkl2015/id/waarde/AanvraagSoortValue/graafmelding"/>
                    <imkl:naam>Afdeling BackBone Networks</imkl:naam>
                    <imkl:telefoon>020 - 750 1133</imkl:telefoon>
                    <imkl:email>ams-klicvooroverleg@tele2.com</imkl:email>
                </imkl:AanvraagSoortContact>
            </imkl:contactNetinformatie>
            <imkl:contactBeschadiging>
                <imkl:Contact>
                    <imkl:naam>Afdeling Operations Centre</imkl:naam>
                    <imkl:telefoon>020 - 750 1500</imkl:telefoon>
                    <imkl:email>ams-klicvooroverleg@tele2.com</imkl:email>
                </imkl:Contact>
            </imkl:contactBeschadiging>
        </imkl:Belang>
    </gml:featureMember>
    <gml:featureMember>
        <imkl:Beheerder gml:id="nl.imkl-KL1089._Beheerder">
            <imkl:identificatie>
                <imkl:NEN3610ID>
                    <imkl:namespace>nl.imkl</imkl:namespace>
                    <imkl:lokaalID>KL1089._Beheerder</imkl:lokaalID>
                </imkl:NEN3610ID>
            </imkl:identificatie>
            <imkl:beginLifespanVersion>2000-01-01T00:00:00.000+01:00</imkl:beginLifespanVersion>
            <imkl:bronhoudercode>KL1089</imkl:bronhoudercode>
            <imkl:organisatie>
                <imkl:Organisatie>
                    <imkl:naam>Tele2 Nederland B.V.</imkl:naam>
                </imkl:Organisatie>
            </imkl:organisatie>
        </imkl:Beheerder>
    </gml:featureMember>
    <gml:featureMember>
        <imkl:Belanghebbende gml:id="nl.imkl-GM0599._Belanghebbende_18G001503-1">
            <imkl:identificatie>
                <imkl:NEN3610ID>
                    <imkl:namespace>nl.imkl</imkl:namespace>
                    <imkl:lokaalID>GM0599._Belanghebbende_18G001503</imkl:lokaalID>
                    <imkl:versie>1</imkl:versie>
                </imkl:NEN3610ID>
            </imkl:identificatie>
            <imkl:beginLifespanVersion>2018-09-03T10:59:41.000+02:00</imkl:beginLifespanVersion>
            <imkl:beheerdersinformatieGeleverd>true</imkl:beheerdersinformatieGeleverd>
            <imkl:betrokkenBijAanvraag>false</imkl:betrokkenBijAanvraag>
            <imkl:eisVoorzorgsmaatregel>false</imkl:eisVoorzorgsmaatregel>
            <imkl:geraaktBelangBijGraafpolygoon xlink:href="nl.imkl-GM0599._Belang_5012995-1"/>
            <imkl:netbeheerder xlink:href="nl.imkl-GM0599._Beheerder"/>
        </imkl:Belanghebbende>
    </gml:featureMember>
    <gml:featureMember>
        <imkl:Belang gml:id="nl.imkl-GM0599._Belang_5012995-1">
            <imkl:identificatie>
                <imkl:NEN3610ID>
                    <imkl:namespace>nl.imkl</imkl:namespace>
                    <imkl:lokaalID>GM0599._Belang_5012995</imkl:lokaalID>
                    <imkl:versie>1</imkl:versie>
                </imkl:NEN3610ID>
            </imkl:identificatie>
            <imkl:beginLifespanVersion>2018-08-31T00:00:00.000+02:00</imkl:beginLifespanVersion>
            <imkl:omschrijving>RDAM_2</imkl:omschrijving>
            <imkl:contactAanvraag>
                <imkl:AanvraagSoortContact>
                    <imkl:aanvraagSoort xlink:href="http://definities.geostandaarden.nl/imkl2015/id/waarde/AanvraagSoortValue/graafmelding"/>
                    <imkl:naam>Kovacs</imkl:naam>
                    <imkl:telefoon>0651115320</imkl:telefoon>
                    <imkl:email>wg.kovacs@rotterdam.nl</imkl:email>
                </imkl:AanvraagSoortContact>
            </imkl:contactAanvraag>
            <imkl:thema xlink:href="http://definities.geostandaarden.nl/imkl2015/id/waarde/Thema/rioolVrijverval"/>
            <imkl:thema xlink:href="http://definities.geostandaarden.nl/imkl2015/id/waarde/Thema/laagspanning"/>
            <imkl:thema xlink:href="http://definities.geostandaarden.nl/imkl2015/id/waarde/Thema/rioolOnderOverOfOnderdruk"/>
            <imkl:thema xlink:href="http://definities.geostandaarden.nl/imkl2015/id/waarde/Thema/datatransport"/>
            <imkl:thema xlink:href="http://definities.geostandaarden.nl/imkl2015/id/waarde/Thema/wees"/>
            <imkl:contactNetinformatie>
                <imkl:AanvraagSoortContact>
                    <imkl:aanvraagSoort xlink:href="http://definities.geostandaarden.nl/imkl2015/id/waarde/AanvraagSoortValue/graafmelding"/>
                    <imkl:naam>Kovacs</imkl:naam>
                    <imkl:telefoon>0651115320</imkl:telefoon>
                    <imkl:email>wg.kovacs@rotterdam.nl</imkl:email>
                </imkl:AanvraagSoortContact>
            </imkl:contactNetinformatie>
            <imkl:contactBeschadiging>
                <imkl:Contact>
                    <imkl:naam>Kovacs</imkl:naam>
                    <imkl:telefoon>0651115320</imkl:telefoon>
                    <imkl:email>wg.kovacs@rotterdam.nl</imkl:email>
                </imkl:Contact>
            </imkl:contactBeschadiging>
        </imkl:Belang>
    </gml:featureMember>
    <gml:featureMember>
        <imkl:Beheerder gml:id="nl.imkl-GM0599._Beheerder">
            <imkl:identificatie>
                <imkl:NEN3610ID>
                    <imkl:namespace>nl.imkl</imkl:namespace>
                    <imkl:lokaalID>GM0599._Beheerder</imkl:lokaalID>
                </imkl:NEN3610ID>
            </imkl:identificatie>
            <imkl:beginLifespanVersion>2000-01-01T00:00:00.000+01:00</imkl:beginLifespanVersion>
            <imkl:bronhoudercode>GM0599</imkl:bronhoudercode>
            <imkl:organisatie>
                <imkl:Organisatie>
                    <imkl:naam>Gemeente Rotterdam</imkl:naam>
                </imkl:Organisatie>
            </imkl:organisatie>
        </imkl:Beheerder>
    </gml:featureMember>
</gml:FeatureCollection>