<?xml version="1.0" encoding="UTF-8" standalone="yes"?><Leveringsinformatie xmlns="http://www.kadaster.nl/schemas/klic/leveringsinformatie/v20180418" xmlns:xlink="http://www.w3.org/1999/xlink" xmlns:gml="http://www.opengis.net/gml/3.2"><version>2.1</version><bijlagePerLevering><soortBijlage>achtergrondkaart</soortBijlage><bestandLocatie>bronnen/GB_18G001503.png</bestandLocatie><bestandMediaType xlink:href="http://definities.geostandaarden.nl/imkl2015/id/waarde/BestandMediaTypeValue/PNG"/><bestandIdentificator>GB_18G001503</bestandIdentificator></bijlagePerLevering><bijlagePerLevering><soortBijlage>geselecteerdGebied</soortBijlage><bestandLocatie>bronnen/SEL_18G001503.png</bestandLocatie><bestandMediaType xlink:href="http://definities.geostandaarden.nl/imkl2015/id/waarde/BestandMediaTypeValue/PNG"/><bestandIdentificator>SEL_18G001503</bestandIdentificator></bijlagePerLevering><bijlagePerLevering><soortBijlage>leveringsbrief</soortBijlage><bestandLocatie>LI_18G001503_2.pdf</bestandLocatie><bestandMediaType xlink:href="http://definities.geostandaarden.nl/imkl2015/id/waarde/BestandMediaTypeValue/PDF"/><bestandIdentificator>LI_18G001503_2</bestandIdentificator></bijlagePerLevering><bijlagePerLevering><soortBijlage>gebiedsinformatieLevering</soortBijlage><bestandLocatie>GI_gebiedsinformatielevering_18G001503_2.xml</bestandLocatie><bestandMediaType xlink:href="http://definities.geostandaarden.nl/imkl2015/id/waarde/BestandMediaTypeValue/XML"/><bestandIdentificator>GI_gebiedsinformatielevering_18G001503_2</bestandIdentificator></bijlagePerLevering><pngFormaat><omsluitendeRechthoek><gml:Envelope srsName="urn:ogc:def:crs:EPSG::28992" srsDimension="2"><gml:lowerCorner>92284.0 438833.0</gml:lowerCorner><gml:upperCorner>92741.0 439281.0</gml:upperCorner></gml:Envelope></omsluitendeRechthoek><pixelsBreed>6398</pixelsBreed><pixelsHoog>6272</pixelsHoog></pngFormaat><belanghebbende><bronhoudercode>TS0068</bronhoudercode><beheerdersinformatieVersie>klassiek</beheerdersinformatieVersie><netbeheerderContact><contact/></netbeheerderContact><bijlagePerNetbeheerder><soortBijlage>bijlage</soortBijlage><bestandLocatie>bronnen/TS0068/BL_Naam+Netbeheerder+0000958519_0000958519_18G001503_willekeurigenaam.pdf</bestandLocatie><bestandMediaType xlink:href="http://definities.geostandaarden.nl/imkl2015/id/waarde/BestandMediaTypeValue/PDF"/><bestandIdentificator>BL_Naam+Netbeheerder+0000958519_0000958519_18G001503_willekeurigenaam</bestandIdentificator></bijlagePerNetbeheerder><bijlagePerNetbeheerder><soortBijlage>eigenTopoPlan</soortBijlage><bestandLocatie>bronnen/TS0068/PT_Naam+Netbeheerder+0000958519_0000958519_18G001503.png</bestandLocatie><bestandMediaType xlink:href="http://definities.geostandaarden.nl/imkl2015/id/waarde/BestandMediaTypeValue/PNG"/><bestandIdentificator>PT_Naam+Netbeheerder+0000958519_0000958519_18G001503</bestandIdentificator></bijlagePerNetbeheerder><bijlagePerNetbeheerder><soortBijlage>eigenTopo</soortBijlage><bestandLocatie>bronnen/TS0068/ET_Naam+Netbeheerder+0000958519_0000958519_18G001503.png</bestandLocatie><bestandMediaType xlink:href="http://definities.geostandaarden.nl/imkl2015/id/waarde/BestandMediaTypeValue/PNG"/><bestandIdentificator>ET_Naam+Netbeheerder+0000958519_0000958519_18G001503</bestandIdentificator></bijlagePerNetbeheerder><beheerdersinformatie><thema xlink:href="http://definities.geostandaarden.nl/imkl2015/id/waarde/Thema/petrochemie"/><eisVoorzorgmaatregel>false</eisVoorzorgmaatregel><themabijlagePerNetbeheerder><soortBijlage>ligging</soortBijlage><bestandLocatie>bronnen/TS0068/LG_(petro)+chemie_Naam+Netbeheerder+0000958519_0000958519_18G001503.png</bestandLocatie><bestandMediaType xlink:href="http://definities.geostandaarden.nl/imkl2015/id/waarde/BestandMediaTypeValue/PNG"/><bestandIdentificator>LG_(petro)+chemie_Naam+Netbeheerder+0000958519_0000958519_18G001503</bestandIdentificator></themabijlagePerNetbeheerder><themabijlagePerNetbeheerder><soortBijlage>huisaansluiting</soortBijlage><bestandLocatie>bronnen/TS0068/HA_(petro)+chemie_Naam+Netbeheerder+0000958519_0000958519_18G001503_3036XG_23.pdf</bestandLocatie><bestandMediaType xlink:href="http://definities.geostandaarden.nl/imkl2015/id/waarde/BestandMediaTypeValue/PDF"/><bestandIdentificator>HA_(petro)+chemie_Naam+Netbeheerder+0000958519_0000958519_18G001503_3036XG_23</bestandIdentificator></themabijlagePerNetbeheerder></beheerdersinformatie><beheerdersinformatie><thema xlink:href="http://definities.geostandaarden.nl/imkl2015/id/waarde/Thema/gasHogeDruk"/><eisVoorzorgmaatregel>true</eisVoorzorgmaatregel><themabijlagePerNetbeheerder><soortBijlage>themabijlage</soortBijlage><bestandLocatie>bronnen/TS0068/TB_gas+hoge+druk_Naam+Netbeheerder+0000958519_0000958519_18G001503_willekeurigenaam.pdf</bestandLocatie><bestandMediaType xlink:href="http://definities.geostandaarden.nl/imkl2015/id/waarde/BestandMediaTypeValue/PDF"/><bestandIdentificator>TB_gas+hoge+druk_Naam+Netbeheerder+0000958519_0000958519_18G001503_willekeurigenaam</bestandIdentificator></themabijlagePerNetbeheerder><themabijlagePerNetbeheerder><soortBijlage>huisaansluiting</soortBijlage><bestandLocatie>bronnen/TS0068/HA_gas+hoge+druk_Naam+Netbeheerder+0000958519_0000958519_18G001503_3036XG_23.pdf</bestandLocatie><bestandMediaType xlink:href="http://definities.geostandaarden.nl/imkl2015/id/waarde/BestandMediaTypeValue/PDF"/><bestandIdentificator>HA_gas+hoge+druk_Naam+Netbeheerder+0000958519_0000958519_18G001503_3036XG_23</bestandIdentificator></themabijlagePerNetbeheerder><themabijlagePerNetbeheerder><soortBijlage>eisVoorzorgsmaatregel</soortBijlage><bestandLocatie>bronnen/TS0068/EV_gas+hoge+druk_Naam+Netbeheerder+0000958519_0000958519_18G001503.pdf</bestandLocatie><bestandMediaType xlink:href="http://definities.geostandaarden.nl/imkl2015/id/waarde/BestandMediaTypeValue/PDF"/><bestandIdentificator>EV_gas+hoge+druk_Naam+Netbeheerder+0000958519_0000958519_18G001503</bestandIdentificator></themabijlagePerNetbeheerder><themabijlagePerNetbeheerder><soortBijlage>ligging</soortBijlage><bestandLocatie>bronnen/TS0068/LG_gas+hoge+druk_Naam+Netbeheerder+0000958519_0000958519_18G001503.png</bestandLocatie><bestandMediaType xlink:href="http://definities.geostandaarden.nl/imkl2015/id/waarde/BestandMediaTypeValue/PNG"/><bestandIdentificator>LG_gas+hoge+druk_Naam+Netbeheerder+0000958519_0000958519_18G001503</bestandIdentificator></themabijlagePerNetbeheerder></beheerdersinformatie><beheerdersinformatie><thema xlink:href="http://definities.geostandaarden.nl/imkl2015/id/waarde/Thema/buisleidingGevaarlijkeInhoud"/><eisVoorzorgmaatregel>false</eisVoorzorgmaatregel><themabijlagePerNetbeheerder><soortBijlage>ligging</soortBijlage><bestandLocatie>bronnen/TS0068/LG_buisleiding+gevaarlijke+inhoud_Naam+Netbeheerder+0000958519_0000958519_18G001503.png</bestandLocatie><bestandMediaType xlink:href="http://definities.geostandaarden.nl/imkl2015/id/waarde/BestandMediaTypeValue/PNG"/><bestandIdentificator>LG_buisleiding+gevaarlijke+inhoud_Naam+Netbeheerder+0000958519_0000958519_18G001503</bestandIdentificator></themabijlagePerNetbeheerder><themabijlagePerNetbeheerder><soortBijlage>huisaansluiting</soortBijlage><bestandLocatie>bronnen/TS0068/HA_buisleiding+gevaarlijke+inhoud_Naam+Netbeheerder+0000958519_0000958519_18G001503_3036XG_23.pdf</bestandLocatie><bestandMediaType xlink:href="http://definities.geostandaarden.nl/imkl2015/id/waarde/BestandMediaTypeValue/PDF"/><bestandIdentificator>HA_buisleiding+gevaarlijke+inhoud_Naam+Netbeheerder+0000958519_0000958519_18G001503_3036XG_23</bestandIdentificator></themabijlagePerNetbeheerder></beheerdersinformatie></belanghebbende><belanghebbende><bronhoudercode>TS0120</bronhoudercode><beheerdersinformatieVersie>klassiek</beheerdersinformatieVersie><netbeheerderContact><contact/></netbeheerderContact><bijlagePerNetbeheerder><soortBijlage>eigenTopo</soortBijlage><bestandLocatie>bronnen/TS0120/ET_Naam+Netbeheerder+0000958524_0000958524_18G001503.png</bestandLocatie><bestandMediaType xlink:href="http://definities.geostandaarden.nl/imkl2015/id/waarde/BestandMediaTypeValue/PNG"/><bestandIdentificator>ET_Naam+Netbeheerder+0000958524_0000958524_18G001503</bestandIdentificator></bijlagePerNetbeheerder><bijlagePerNetbeheerder><soortBijlage>eigenTopoPlan</soortBijlage><bestandLocatie>bronnen/TS0120/PT_Naam+Netbeheerder+0000958524_0000958524_18G001503.png</bestandLocatie><bestandMediaType xlink:href="http://definities.geostandaarden.nl/imkl2015/id/waarde/BestandMediaTypeValue/PNG"/><bestandIdentificator>PT_Naam+Netbeheerder+0000958524_0000958524_18G001503</bestandIdentificator></bijlagePerNetbeheerder><bijlagePerNetbeheerder><soortBijlage>bijlage</soortBijlage><bestandLocatie>bronnen/TS0120/BL_Naam+Netbeheerder+0000958524_0000958524_18G001503_willekeurigenaam.pdf</bestandLocatie><bestandMediaType xlink:href="http://definities.geostandaarden.nl/imkl2015/id/waarde/BestandMediaTypeValue/PDF"/><bestandIdentificator>BL_Naam+Netbeheerder+0000958524_0000958524_18G001503_willekeurigenaam</bestandIdentificator></bijlagePerNetbeheerder><beheerdersinformatie><thema xlink:href="http://definities.geostandaarden.nl/imkl2015/id/waarde/Thema/gasHogeDruk"/><eisVoorzorgmaatregel>false</eisVoorzorgmaatregel><themabijlagePerNetbeheerder><soortBijlage>ligging</soortBijlage><bestandLocatie>bronnen/TS0120/LG_gas+hoge+druk_Naam+Netbeheerder+0000958524_0000958524_18G001503.png</bestandLocatie><bestandMediaType xlink:href="http://definities.geostandaarden.nl/imkl2015/id/waarde/BestandMediaTypeValue/PNG"/><bestandIdentificator>LG_gas+hoge+druk_Naam+Netbeheerder+0000958524_0000958524_18G001503</bestandIdentificator></themabijlagePerNetbeheerder><themabijlagePerNetbeheerder><soortBijlage>huisaansluiting</soortBijlage><bestandLocatie>bronnen/TS0120/HA_gas+hoge+druk_Naam+Netbeheerder+0000958524_0000958524_18G001503_3036XG_23.pdf</bestandLocatie><bestandMediaType xlink:href="http://definities.geostandaarden.nl/imkl2015/id/waarde/BestandMediaTypeValue/PDF"/><bestandIdentificator>HA_gas+hoge+druk_Naam+Netbeheerder+0000958524_0000958524_18G001503_3036XG_23</bestandIdentificator></themabijlagePerNetbeheerder></beheerdersinformatie></belanghebbende><belanghebbende><bronhoudercode>TS0098</bronhoudercode><beheerdersinformatieVersie>klassiek</beheerdersinformatieVersie><netbeheerderContact><contact/></netbeheerderContact><bijlagePerNetbeheerder><soortBijlage>eigenTopoPlan</soortBijlage><bestandLocatie>bronnen/TS0098/PT_Naam+Netbeheerder+0000958526_0000958526_18G001503.png</bestandLocatie><bestandMediaType xlink:href="http://definities.geostandaarden.nl/imkl2015/id/waarde/BestandMediaTypeValue/PNG"/><bestandIdentificator>PT_Naam+Netbeheerder+0000958526_0000958526_18G001503</bestandIdentificator></bijlagePerNetbeheerder><bijlagePerNetbeheerder><soortBijlage>bijlage</soortBijlage><bestandLocatie>bronnen/TS0098/BL_Naam+Netbeheerder+0000958526_0000958526_18G001503_willekeurigenaam.pdf</bestandLocatie><bestandMediaType xlink:href="http://definities.geostandaarden.nl/imkl2015/id/waarde/BestandMediaTypeValue/PDF"/><bestandIdentificator>BL_Naam+Netbeheerder+0000958526_0000958526_18G001503_willekeurigenaam</bestandIdentificator></bijlagePerNetbeheerder><bijlagePerNetbeheerder><soortBijlage>eigenTopo</soortBijlage><bestandLocatie>bronnen/TS0098/ET_Naam+Netbeheerder+0000958526_0000958526_18G001503.png</bestandLocatie><bestandMediaType xlink:href="http://definities.geostandaarden.nl/imkl2015/id/waarde/BestandMediaTypeValue/PNG"/><bestandIdentificator>ET_Naam+Netbeheerder+0000958526_0000958526_18G001503</bestandIdentificator></bijlagePerNetbeheerder><beheerdersinformatie><thema xlink:href="http://definities.geostandaarden.nl/imkl2015/id/waarde/Thema/petrochemie"/><eisVoorzorgmaatregel>false</eisVoorzorgmaatregel><themabijlagePerNetbeheerder><soortBijlage>ligging</soortBijlage><bestandLocatie>bronnen/TS0098/LG_(petro)+chemie_Naam+Netbeheerder+0000958526_0000958526_18G001503.png</bestandLocatie><bestandMediaType xlink:href="http://definities.geostandaarden.nl/imkl2015/id/waarde/BestandMediaTypeValue/PNG"/><bestandIdentificator>LG_(petro)+chemie_Naam+Netbeheerder+0000958526_0000958526_18G001503</bestandIdentificator></themabijlagePerNetbeheerder><themabijlagePerNetbeheerder><soortBijlage>huisaansluiting</soortBijlage><bestandLocatie>bronnen/TS0098/HA_(petro)+chemie_Naam+Netbeheerder+0000958526_0000958526_18G001503_3036XG_23.pdf</bestandLocatie><bestandMediaType xlink:href="http://definities.geostandaarden.nl/imkl2015/id/waarde/BestandMediaTypeValue/PDF"/><bestandIdentificator>HA_(petro)+chemie_Naam+Netbeheerder+0000958526_0000958526_18G001503_3036XG_23</bestandIdentificator></themabijlagePerNetbeheerder></beheerdersinformatie><beheerdersinformatie><thema xlink:href="http://definities.geostandaarden.nl/imkl2015/id/waarde/Thema/gasHogeDruk"/><eisVoorzorgmaatregel>true</eisVoorzorgmaatregel><themabijlagePerNetbeheerder><soortBijlage>huisaansluiting</soortBijlage><bestandLocatie>bronnen/TS0098/HA_gas+hoge+druk_Naam+Netbeheerder+0000958526_0000958526_18G001503_3036XG_23.pdf</bestandLocatie><bestandMediaType xlink:href="http://definities.geostandaarden.nl/imkl2015/id/waarde/BestandMediaTypeValue/PDF"/><bestandIdentificator>HA_gas+hoge+druk_Naam+Netbeheerder+0000958526_0000958526_18G001503_3036XG_23</bestandIdentificator></themabijlagePerNetbeheerder><themabijlagePerNetbeheerder><soortBijlage>eisVoorzorgsmaatregel</soortBijlage><bestandLocatie>bronnen/TS0098/EV_gas+hoge+druk_Naam+Netbeheerder+0000958526_0000958526_18G001503.pdf</bestandLocatie><bestandMediaType xlink:href="http://definities.geostandaarden.nl/imkl2015/id/waarde/BestandMediaTypeValue/PDF"/><bestandIdentificator>EV_gas+hoge+druk_Naam+Netbeheerder+0000958526_0000958526_18G001503</bestandIdentificator></themabijlagePerNetbeheerder><themabijlagePerNetbeheerder><soortBijlage>themabijlage</soortBijlage><bestandLocatie>bronnen/TS0098/TB_gas+hoge+druk_Naam+Netbeheerder+0000958526_0000958526_18G001503_willekeurigenaam.pdf</bestandLocatie><bestandMediaType xlink:href="http://definities.geostandaarden.nl/imkl2015/id/waarde/BestandMediaTypeValue/PDF"/><bestandIdentificator>TB_gas+hoge+druk_Naam+Netbeheerder+0000958526_0000958526_18G001503_willekeurigenaam</bestandIdentificator></themabijlagePerNetbeheerder><themabijlagePerNetbeheerder><soortBijlage>ligging</soortBijlage><bestandLocatie>bronnen/TS0098/LG_gas+hoge+druk_Naam+Netbeheerder+0000958526_0000958526_18G001503.png</bestandLocatie><bestandMediaType xlink:href="http://definities.geostandaarden.nl/imkl2015/id/waarde/BestandMediaTypeValue/PNG"/><bestandIdentificator>LG_gas+hoge+druk_Naam+Netbeheerder+0000958526_0000958526_18G001503</bestandIdentificator></themabijlagePerNetbeheerder></beheerdersinformatie><beheerdersinformatie><thema xlink:href="http://definities.geostandaarden.nl/imkl2015/id/waarde/Thema/buisleidingGevaarlijkeInhoud"/><eisVoorzorgmaatregel>false</eisVoorzorgmaatregel><themabijlagePerNetbeheerder><soortBijlage>huisaansluiting</soortBijlage><bestandLocatie>bronnen/TS0098/HA_buisleiding+gevaarlijke+inhoud_Naam+Netbeheerder+0000958526_0000958526_18G001503_3036XG_23.pdf</bestandLocatie><bestandMediaType xlink:href="http://definities.geostandaarden.nl/imkl2015/id/waarde/BestandMediaTypeValue/PDF"/><bestandIdentificator>HA_buisleiding+gevaarlijke+inhoud_Naam+Netbeheerder+0000958526_0000958526_18G001503_3036XG_23</bestandIdentificator></themabijlagePerNetbeheerder><themabijlagePerNetbeheerder><soortBijlage>ligging</soortBijlage><bestandLocatie>bronnen/TS0098/LG_buisleiding+gevaarlijke+inhoud_Naam+Netbeheerder+0000958526_0000958526_18G001503.png</bestandLocatie><bestandMediaType xlink:href="http://definities.geostandaarden.nl/imkl2015/id/waarde/BestandMediaTypeValue/PNG"/><bestandIdentificator>LG_buisleiding+gevaarlijke+inhoud_Naam+Netbeheerder+0000958526_0000958526_18G001503</bestandIdentificator></themabijlagePerNetbeheerder></beheerdersinformatie></belanghebbende><belanghebbende><bronhoudercode>TS0078</bronhoudercode><beheerdersinformatieVersie>klassiek</beheerdersinformatieVersie><netbeheerderContact><contact/></netbeheerderContact><bijlagePerNetbeheerder><soortBijlage>bijlage</soortBijlage><bestandLocatie>bronnen/TS0078/BL_Naam+Netbeheerder+0000958528_0000958528_18G001503_willekeurigenaam.pdf</bestandLocatie><bestandMediaType xlink:href="http://definities.geostandaarden.nl/imkl2015/id/waarde/BestandMediaTypeValue/PDF"/><bestandIdentificator>BL_Naam+Netbeheerder+0000958528_0000958528_18G001503_willekeurigenaam</bestandIdentificator></bijlagePerNetbeheerder><bijlagePerNetbeheerder><soortBijlage>eigenTopo</soortBijlage><bestandLocatie>bronnen/TS0078/ET_Naam+Netbeheerder+0000958528_0000958528_18G001503.png</bestandLocatie><bestandMediaType xlink:href="http://definities.geostandaarden.nl/imkl2015/id/waarde/BestandMediaTypeValue/PNG"/><bestandIdentificator>ET_Naam+Netbeheerder+0000958528_0000958528_18G001503</bestandIdentificator></bijlagePerNetbeheerder><bijlagePerNetbeheerder><soortBijlage>eigenTopoPlan</soortBijlage><bestandLocatie>bronnen/TS0078/PT_Naam+Netbeheerder+0000958528_0000958528_18G001503.png</bestandLocatie><bestandMediaType xlink:href="http://definities.geostandaarden.nl/imkl2015/id/waarde/BestandMediaTypeValue/PNG"/><bestandIdentificator>PT_Naam+Netbeheerder+0000958528_0000958528_18G001503</bestandIdentificator></bijlagePerNetbeheerder><beheerdersinformatie><thema xlink:href="http://definities.geostandaarden.nl/imkl2015/id/waarde/Thema/gasHogeDruk"/><eisVoorzorgmaatregel>false</eisVoorzorgmaatregel><themabijlagePerNetbeheerder><soortBijlage>ligging</soortBijlage><bestandLocatie>bronnen/TS0078/LG_gas+hoge+druk_Naam+Netbeheerder+0000958528_0000958528_18G001503.png</bestandLocatie><bestandMediaType xlink:href="http://definities.geostandaarden.nl/imkl2015/id/waarde/BestandMediaTypeValue/PNG"/><bestandIdentificator>LG_gas+hoge+druk_Naam+Netbeheerder+0000958528_0000958528_18G001503</bestandIdentificator></themabijlagePerNetbeheerder><themabijlagePerNetbeheerder><soortBijlage>huisaansluiting</soortBijlage><bestandLocatie>bronnen/TS0078/HA_gas+hoge+druk_Naam+Netbeheerder+0000958528_0000958528_18G001503_3036XG_23.pdf</bestandLocatie><bestandMediaType xlink:href="http://definities.geostandaarden.nl/imkl2015/id/waarde/BestandMediaTypeValue/PDF"/><bestandIdentificator>HA_gas+hoge+druk_Naam+Netbeheerder+0000958528_0000958528_18G001503_3036XG_23</bestandIdentificator></themabijlagePerNetbeheerder></beheerdersinformatie></belanghebbende><belanghebbende><bronhoudercode>TS0089</bronhoudercode><beheerdersinformatieVersie>klassiek</beheerdersinformatieVersie><netbeheerderContact><contact/></netbeheerderContact></belanghebbende><belanghebbende><bronhoudercode>TS0086</bronhoudercode><beheerdersinformatieVersie>klassiek</beheerdersinformatieVersie><netbeheerderContact><contact/></netbeheerderContact><bijlagePerNetbeheerder><soortBijlage>bijlage</soortBijlage><bestandLocatie>bronnen/TS0086/BL_Naam+Netbeheerder+0000958699_0000958699_18G001503_willekeurigenaam.pdf</bestandLocatie><bestandMediaType xlink:href="http://definities.geostandaarden.nl/imkl2015/id/waarde/BestandMediaTypeValue/PDF"/><bestandIdentificator>BL_Naam+Netbeheerder+0000958699_0000958699_18G001503_willekeurigenaam</bestandIdentificator></bijlagePerNetbeheerder><bijlagePerNetbeheerder><soortBijlage>eigenTopoPlan</soortBijlage><bestandLocatie>bronnen/TS0086/PT_Naam+Netbeheerder+0000958699_0000958699_18G001503.png</bestandLocatie><bestandMediaType xlink:href="http://definities.geostandaarden.nl/imkl2015/id/waarde/BestandMediaTypeValue/PNG"/><bestandIdentificator>PT_Naam+Netbeheerder+0000958699_0000958699_18G001503</bestandIdentificator></bijlagePerNetbeheerder><bijlagePerNetbeheerder><soortBijlage>eigenTopo</soortBijlage><bestandLocatie>bronnen/TS0086/ET_Naam+Netbeheerder+0000958699_0000958699_18G001503.png</bestandLocatie><bestandMediaType xlink:href="http://definities.geostandaarden.nl/imkl2015/id/waarde/BestandMediaTypeValue/PNG"/><bestandIdentificator>ET_Naam+Netbeheerder+0000958699_0000958699_18G001503</bestandIdentificator></bijlagePerNetbeheerder><beheerdersinformatie><thema xlink:href="http://definities.geostandaarden.nl/imkl2015/id/waarde/Thema/petrochemie"/><eisVoorzorgmaatregel>false</eisVoorzorgmaatregel><themabijlagePerNetbeheerder><soortBijlage>huisaansluiting</soortBijlage><bestandLocatie>bronnen/TS0086/HA_(petro)+chemie_Naam+Netbeheerder+0000958699_0000958699_18G001503_3036XG_23.pdf</bestandLocatie><bestandMediaType xlink:href="http://definities.geostandaarden.nl/imkl2015/id/waarde/BestandMediaTypeValue/PDF"/><bestandIdentificator>HA_(petro)+chemie_Naam+Netbeheerder+0000958699_0000958699_18G001503_3036XG_23</bestandIdentificator></themabijlagePerNetbeheerder><themabijlagePerNetbeheerder><soortBijlage>ligging</soortBijlage><bestandLocatie>bronnen/TS0086/LG_(petro)+chemie_Naam+Netbeheerder+0000958699_0000958699_18G001503.png</bestandLocatie><bestandMediaType xlink:href="http://definities.geostandaarden.nl/imkl2015/id/waarde/BestandMediaTypeValue/PNG"/><bestandIdentificator>LG_(petro)+chemie_Naam+Netbeheerder+0000958699_0000958699_18G001503</bestandIdentificator></themabijlagePerNetbeheerder></beheerdersinformatie><beheerdersinformatie><thema xlink:href="http://definities.geostandaarden.nl/imkl2015/id/waarde/Thema/buisleidingGevaarlijkeInhoud"/><eisVoorzorgmaatregel>false</eisVoorzorgmaatregel><themabijlagePerNetbeheerder><soortBijlage>huisaansluiting</soortBijlage><bestandLocatie>bronnen/TS0086/HA_buisleiding+gevaarlijke+inhoud_Naam+Netbeheerder+0000958699_0000958699_18G001503_3036XG_23.pdf</bestandLocatie><bestandMediaType xlink:href="http://definities.geostandaarden.nl/imkl2015/id/waarde/BestandMediaTypeValue/PDF"/><bestandIdentificator>HA_buisleiding+gevaarlijke+inhoud_Naam+Netbeheerder+0000958699_0000958699_18G001503_3036XG_23</bestandIdentificator></themabijlagePerNetbeheerder><themabijlagePerNetbeheerder><soortBijlage>ligging</soortBijlage><bestandLocatie>bronnen/TS0086/LG_buisleiding+gevaarlijke+inhoud_Naam+Netbeheerder+0000958699_0000958699_18G001503.png</bestandLocatie><bestandMediaType xlink:href="http://definities.geostandaarden.nl/imkl2015/id/waarde/BestandMediaTypeValue/PNG"/><bestandIdentificator>LG_buisleiding+gevaarlijke+inhoud_Naam+Netbeheerder+0000958699_0000958699_18G001503</bestandIdentificator></themabijlagePerNetbeheerder></beheerdersinformatie><beheerdersinformatie><thema xlink:href="http://definities.geostandaarden.nl/imkl2015/id/waarde/Thema/gasHogeDruk"/><eisVoorzorgmaatregel>true</eisVoorzorgmaatregel><themabijlagePerNetbeheerder><soortBijlage>huisaansluiting</soortBijlage><bestandLocatie>bronnen/TS0086/HA_gas+hoge+druk_Naam+Netbeheerder+0000958699_0000958699_18G001503_3036XG_23.pdf</bestandLocatie><bestandMediaType xlink:href="http://definities.geostandaarden.nl/imkl2015/id/waarde/BestandMediaTypeValue/PDF"/><bestandIdentificator>HA_gas+hoge+druk_Naam+Netbeheerder+0000958699_0000958699_18G001503_3036XG_23</bestandIdentificator></themabijlagePerNetbeheerder><themabijlagePerNetbeheerder><soortBijlage>themabijlage</soortBijlage><bestandLocatie>bronnen/TS0086/TB_gas+hoge+druk_Naam+Netbeheerder+0000958699_0000958699_18G001503_willekeurigenaam.pdf</bestandLocatie><bestandMediaType xlink:href="http://definities.geostandaarden.nl/imkl2015/id/waarde/BestandMediaTypeValue/PDF"/><bestandIdentificator>TB_gas+hoge+druk_Naam+Netbeheerder+0000958699_0000958699_18G001503_willekeurigenaam</bestandIdentificator></themabijlagePerNetbeheerder><themabijlagePerNetbeheerder><soortBijlage>eisVoorzorgsmaatregel</soortBijlage><bestandLocatie>bronnen/TS0086/EV_gas+hoge+druk_Naam+Netbeheerder+0000958699_0000958699_18G001503.pdf</bestandLocatie><bestandMediaType xlink:href="http://definities.geostandaarden.nl/imkl2015/id/waarde/BestandMediaTypeValue/PDF"/><bestandIdentificator>EV_gas+hoge+druk_Naam+Netbeheerder+0000958699_0000958699_18G001503</bestandIdentificator></themabijlagePerNetbeheerder><themabijlagePerNetbeheerder><soortBijlage>ligging</soortBijlage><bestandLocatie>bronnen/TS0086/LG_gas+hoge+druk_Naam+Netbeheerder+0000958699_0000958699_18G001503.png</bestandLocatie><bestandMediaType xlink:href="http://definities.geostandaarden.nl/imkl2015/id/waarde/BestandMediaTypeValue/PNG"/><bestandIdentificator>LG_gas+hoge+druk_Naam+Netbeheerder+0000958699_0000958699_18G001503</bestandIdentificator></themabijlagePerNetbeheerder></beheerdersinformatie></belanghebbende><belanghebbende><bronhoudercode>TS0033</bronhoudercode><beheerdersinformatieVersie>klassiek</beheerdersinformatieVersie><netbeheerderContact><contact/></netbeheerderContact><bijlagePerNetbeheerder><soortBijlage>bijlage</soortBijlage><bestandLocatie>bronnen/TS0033/BL_Naam+Netbeheerder+0000958504_0000958504_18G001503_willekeurigenaam.pdf</bestandLocatie><bestandMediaType xlink:href="http://definities.geostandaarden.nl/imkl2015/id/waarde/BestandMediaTypeValue/PDF"/><bestandIdentificator>BL_Naam+Netbeheerder+0000958504_0000958504_18G001503_willekeurigenaam</bestandIdentificator></bijlagePerNetbeheerder><bijlagePerNetbeheerder><soortBijlage>eigenTopo</soortBijlage><bestandLocatie>bronnen/TS0033/ET_Naam+Netbeheerder+0000958504_0000958504_18G001503.png</bestandLocatie><bestandMediaType xlink:href="http://definities.geostandaarden.nl/imkl2015/id/waarde/BestandMediaTypeValue/PNG"/><bestandIdentificator>ET_Naam+Netbeheerder+0000958504_0000958504_18G001503</bestandIdentificator></bijlagePerNetbeheerder><bijlagePerNetbeheerder><soortBijlage>eigenTopoPlan</soortBijlage><bestandLocatie>bronnen/TS0033/PT_Naam+Netbeheerder+0000958504_0000958504_18G001503.png</bestandLocatie><bestandMediaType xlink:href="http://definities.geostandaarden.nl/imkl2015/id/waarde/BestandMediaTypeValue/PNG"/><bestandIdentificator>PT_Naam+Netbeheerder+0000958504_0000958504_18G001503</bestandIdentificator></bijlagePerNetbeheerder><beheerdersinformatie><thema xlink:href="http://definities.geostandaarden.nl/imkl2015/id/waarde/Thema/petrochemie"/><eisVoorzorgmaatregel>false</eisVoorzorgmaatregel><themabijlagePerNetbeheerder><soortBijlage>ligging</soortBijlage><bestandLocatie>bronnen/TS0033/LG_(petro)+chemie_Naam+Netbeheerder+0000958504_0000958504_18G001503.png</bestandLocatie><bestandMediaType xlink:href="http://definities.geostandaarden.nl/imkl2015/id/waarde/BestandMediaTypeValue/PNG"/><bestandIdentificator>LG_(petro)+chemie_Naam+Netbeheerder+0000958504_0000958504_18G001503</bestandIdentificator></themabijlagePerNetbeheerder><themabijlagePerNetbeheerder><soortBijlage>huisaansluiting</soortBijlage><bestandLocatie>bronnen/TS0033/HA_(petro)+chemie_Naam+Netbeheerder+0000958504_0000958504_18G001503_3036XG_23.pdf</bestandLocatie><bestandMediaType xlink:href="http://definities.geostandaarden.nl/imkl2015/id/waarde/BestandMediaTypeValue/PDF"/><bestandIdentificator>HA_(petro)+chemie_Naam+Netbeheerder+0000958504_0000958504_18G001503_3036XG_23</bestandIdentificator></themabijlagePerNetbeheerder></beheerdersinformatie><beheerdersinformatie><thema xlink:href="http://definities.geostandaarden.nl/imkl2015/id/waarde/Thema/buisleidingGevaarlijkeInhoud"/><eisVoorzorgmaatregel>false</eisVoorzorgmaatregel><themabijlagePerNetbeheerder><soortBijlage>huisaansluiting</soortBijlage><bestandLocatie>bronnen/TS0033/HA_buisleiding+gevaarlijke+inhoud_Naam+Netbeheerder+0000958504_0000958504_18G001503_3036XG_23.pdf</bestandLocatie><bestandMediaType xlink:href="http://definities.geostandaarden.nl/imkl2015/id/waarde/BestandMediaTypeValue/PDF"/><bestandIdentificator>HA_buisleiding+gevaarlijke+inhoud_Naam+Netbeheerder+0000958504_0000958504_18G001503_3036XG_23</bestandIdentificator></themabijlagePerNetbeheerder><themabijlagePerNetbeheerder><soortBijlage>ligging</soortBijlage><bestandLocatie>bronnen/TS0033/LG_buisleiding+gevaarlijke+inhoud_Naam+Netbeheerder+0000958504_0000958504_18G001503.png</bestandLocatie><bestandMediaType xlink:href="http://definities.geostandaarden.nl/imkl2015/id/waarde/BestandMediaTypeValue/PNG"/><bestandIdentificator>LG_buisleiding+gevaarlijke+inhoud_Naam+Netbeheerder+0000958504_0000958504_18G001503</bestandIdentificator></themabijlagePerNetbeheerder></beheerdersinformatie><beheerdersinformatie><thema xlink:href="http://definities.geostandaarden.nl/imkl2015/id/waarde/Thema/gasHogeDruk"/><eisVoorzorgmaatregel>true</eisVoorzorgmaatregel><themabijlagePerNetbeheerder><soortBijlage>huisaansluiting</soortBijlage><bestandLocatie>bronnen/TS0033/HA_gas+hoge+druk_Naam+Netbeheerder+0000958504_0000958504_18G001503_3036XG_23.pdf</bestandLocatie><bestandMediaType xlink:href="http://definities.geostandaarden.nl/imkl2015/id/waarde/BestandMediaTypeValue/PDF"/><bestandIdentificator>HA_gas+hoge+druk_Naam+Netbeheerder+0000958504_0000958504_18G001503_3036XG_23</bestandIdentificator></themabijlagePerNetbeheerder><themabijlagePerNetbeheerder><soortBijlage>ligging</soortBijlage><bestandLocatie>bronnen/TS0033/LG_gas+hoge+druk_Naam+Netbeheerder+0000958504_0000958504_18G001503.png</bestandLocatie><bestandMediaType xlink:href="http://definities.geostandaarden.nl/imkl2015/id/waarde/BestandMediaTypeValue/PNG"/><bestandIdentificator>LG_gas+hoge+druk_Naam+Netbeheerder+0000958504_0000958504_18G001503</bestandIdentificator></themabijlagePerNetbeheerder><themabijlagePerNetbeheerder><soortBijlage>themabijlage</soortBijlage><bestandLocatie>bronnen/TS0033/TB_gas+hoge+druk_Naam+Netbeheerder+0000958504_0000958504_18G001503_willekeurigenaam.pdf</bestandLocatie><bestandMediaType xlink:href="http://definities.geostandaarden.nl/imkl2015/id/waarde/BestandMediaTypeValue/PDF"/><bestandIdentificator>TB_gas+hoge+druk_Naam+Netbeheerder+0000958504_0000958504_18G001503_willekeurigenaam</bestandIdentificator></themabijlagePerNetbeheerder><themabijlagePerNetbeheerder><soortBijlage>eisVoorzorgsmaatregel</soortBijlage><bestandLocatie>bronnen/TS0033/EV_gas+hoge+druk_Naam+Netbeheerder+0000958504_0000958504_18G001503.pdf</bestandLocatie><bestandMediaType xlink:href="http://definities.geostandaarden.nl/imkl2015/id/waarde/BestandMediaTypeValue/PDF"/><bestandIdentificator>EV_gas+hoge+druk_Naam+Netbeheerder+0000958504_0000958504_18G001503</bestandIdentificator></themabijlagePerNetbeheerder></beheerdersinformatie></belanghebbende><belanghebbende><bronhoudercode>TS0114</bronhoudercode><beheerdersinformatieVersie>klassiek</beheerdersinformatieVersie><netbeheerderContact><contact/></netbeheerderContact><bijlagePerNetbeheerder><soortBijlage>bijlage</soortBijlage><bestandLocatie>bronnen/TS0114/BL_Naam+Netbeheerder+0000958521_0000958521_18G001503_willekeurigenaam.pdf</bestandLocatie><bestandMediaType xlink:href="http://definities.geostandaarden.nl/imkl2015/id/waarde/BestandMediaTypeValue/PDF"/><bestandIdentificator>BL_Naam+Netbeheerder+0000958521_0000958521_18G001503_willekeurigenaam</bestandIdentificator></bijlagePerNetbeheerder><bijlagePerNetbeheerder><soortBijlage>eigenTopoPlan</soortBijlage><bestandLocatie>bronnen/TS0114/PT_Naam+Netbeheerder+0000958521_0000958521_18G001503.png</bestandLocatie><bestandMediaType xlink:href="http://definities.geostandaarden.nl/imkl2015/id/waarde/BestandMediaTypeValue/PNG"/><bestandIdentificator>PT_Naam+Netbeheerder+0000958521_0000958521_18G001503</bestandIdentificator></bijlagePerNetbeheerder><bijlagePerNetbeheerder><soortBijlage>eigenTopo</soortBijlage><bestandLocatie>bronnen/TS0114/ET_Naam+Netbeheerder+0000958521_0000958521_18G001503.png</bestandLocatie><bestandMediaType xlink:href="http://definities.geostandaarden.nl/imkl2015/id/waarde/BestandMediaTypeValue/PNG"/><bestandIdentificator>ET_Naam+Netbeheerder+0000958521_0000958521_18G001503</bestandIdentificator></bijlagePerNetbeheerder><beheerdersinformatie><thema xlink:href="http://definities.geostandaarden.nl/imkl2015/id/waarde/Thema/gasHogeDruk"/><eisVoorzorgmaatregel>false</eisVoorzorgmaatregel><themabijlagePerNetbeheerder><soortBijlage>ligging</soortBijlage><bestandLocatie>bronnen/TS0114/LG_gas+hoge+druk_Naam+Netbeheerder+0000958521_0000958521_18G001503.png</bestandLocatie><bestandMediaType xlink:href="http://definities.geostandaarden.nl/imkl2015/id/waarde/BestandMediaTypeValue/PNG"/><bestandIdentificator>LG_gas+hoge+druk_Naam+Netbeheerder+0000958521_0000958521_18G001503</bestandIdentificator></themabijlagePerNetbeheerder><themabijlagePerNetbeheerder><soortBijlage>huisaansluiting</soortBijlage><bestandLocatie>bronnen/TS0114/HA_gas+hoge+druk_Naam+Netbeheerder+0000958521_0000958521_18G001503_3036XG_23.pdf</bestandLocatie><bestandMediaType xlink:href="http://definities.geostandaarden.nl/imkl2015/id/waarde/BestandMediaTypeValue/PDF"/><bestandIdentificator>HA_gas+hoge+druk_Naam+Netbeheerder+0000958521_0000958521_18G001503_3036XG_23</bestandIdentificator></themabijlagePerNetbeheerder></beheerdersinformatie></belanghebbende><belanghebbende><bronhoudercode>TS0118</bronhoudercode><beheerdersinformatieVersie>klassiek</beheerdersinformatieVersie><netbeheerderContact><contact/></netbeheerderContact><bijlagePerNetbeheerder><soortBijlage>eigenTopo</soortBijlage><bestandLocatie>bronnen/TS0118/ET_Naam+Netbeheerder+0000958717_0000958717_18G001503.png</bestandLocatie><bestandMediaType xlink:href="http://definities.geostandaarden.nl/imkl2015/id/waarde/BestandMediaTypeValue/PNG"/><bestandIdentificator>ET_Naam+Netbeheerder+0000958717_0000958717_18G001503</bestandIdentificator></bijlagePerNetbeheerder><bijlagePerNetbeheerder><soortBijlage>eigenTopoPlan</soortBijlage><bestandLocatie>bronnen/TS0118/PT_Naam+Netbeheerder+0000958717_0000958717_18G001503.png</bestandLocatie><bestandMediaType xlink:href="http://definities.geostandaarden.nl/imkl2015/id/waarde/BestandMediaTypeValue/PNG"/><bestandIdentificator>PT_Naam+Netbeheerder+0000958717_0000958717_18G001503</bestandIdentificator></bijlagePerNetbeheerder><bijlagePerNetbeheerder><soortBijlage>bijlage</soortBijlage><bestandLocatie>bronnen/TS0118/BL_Naam+Netbeheerder+0000958717_0000958717_18G001503_willekeurigenaam.pdf</bestandLocatie><bestandMediaType xlink:href="http://definities.geostandaarden.nl/imkl2015/id/waarde/BestandMediaTypeValue/PDF"/><bestandIdentificator>BL_Naam+Netbeheerder+0000958717_0000958717_18G001503_willekeurigenaam</bestandIdentificator></bijlagePerNetbeheerder><beheerdersinformatie><thema xlink:href="http://definities.geostandaarden.nl/imkl2015/id/waarde/Thema/gasHogeDruk"/><eisVoorzorgmaatregel>false</eisVoorzorgmaatregel><themabijlagePerNetbeheerder><soortBijlage>ligging</soortBijlage><bestandLocatie>bronnen/TS0118/LG_gas+hoge+druk_Naam+Netbeheerder+0000958717_0000958717_18G001503.png</bestandLocatie><bestandMediaType xlink:href="http://definities.geostandaarden.nl/imkl2015/id/waarde/BestandMediaTypeValue/PNG"/><bestandIdentificator>LG_gas+hoge+druk_Naam+Netbeheerder+0000958717_0000958717_18G001503</bestandIdentificator></themabijlagePerNetbeheerder><themabijlagePerNetbeheerder><soortBijlage>huisaansluiting</soortBijlage><bestandLocatie>bronnen/TS0118/HA_gas+hoge+druk_Naam+Netbeheerder+0000958717_0000958717_18G001503_3036XG_23.pdf</bestandLocatie><bestandMediaType xlink:href="http://definities.geostandaarden.nl/imkl2015/id/waarde/BestandMediaTypeValue/PDF"/><bestandIdentificator>HA_gas+hoge+druk_Naam+Netbeheerder+0000958717_0000958717_18G001503_3036XG_23</bestandIdentificator></themabijlagePerNetbeheerder></beheerdersinformatie></belanghebbende><belanghebbende><bronhoudercode>nbreg1</bronhoudercode><beheerdersinformatieVersie>klassiek</beheerdersinformatieVersie><netbeheerderContact><contact/></netbeheerderContact><bijlagePerNetbeheerder><soortBijlage>eigenTopo</soortBijlage><bestandLocatie>bronnen/nbreg1/ET_Naam+Netbeheerder+0000958469_0000958469_18G001503.png</bestandLocatie><bestandMediaType xlink:href="http://definities.geostandaarden.nl/imkl2015/id/waarde/BestandMediaTypeValue/PNG"/><bestandIdentificator>ET_Naam+Netbeheerder+0000958469_0000958469_18G001503</bestandIdentificator></bijlagePerNetbeheerder><bijlagePerNetbeheerder><soortBijlage>eigenTopoPlan</soortBijlage><bestandLocatie>bronnen/nbreg1/PT_Naam+Netbeheerder+0000958469_0000958469_18G001503.png</bestandLocatie><bestandMediaType xlink:href="http://definities.geostandaarden.nl/imkl2015/id/waarde/BestandMediaTypeValue/PNG"/><bestandIdentificator>PT_Naam+Netbeheerder+0000958469_0000958469_18G001503</bestandIdentificator></bijlagePerNetbeheerder><bijlagePerNetbeheerder><soortBijlage>bijlage</soortBijlage><bestandLocatie>bronnen/nbreg1/BL_Naam+Netbeheerder+0000958469_0000958469_18G001503_willekeurigenaam.pdf</bestandLocatie><bestandMediaType xlink:href="http://definities.geostandaarden.nl/imkl2015/id/waarde/BestandMediaTypeValue/PDF"/><bestandIdentificator>BL_Naam+Netbeheerder+0000958469_0000958469_18G001503_willekeurigenaam</bestandIdentificator></bijlagePerNetbeheerder><beheerdersinformatie><thema xlink:href="http://definities.geostandaarden.nl/imkl2015/id/waarde/Thema/petrochemie"/><eisVoorzorgmaatregel>false</eisVoorzorgmaatregel><themabijlagePerNetbeheerder><soortBijlage>ligging</soortBijlage><bestandLocatie>bronnen/nbreg1/LG_(petro)+chemie_Naam+Netbeheerder+0000958469_0000958469_18G001503.png</bestandLocatie><bestandMediaType xlink:href="http://definities.geostandaarden.nl/imkl2015/id/waarde/BestandMediaTypeValue/PNG"/><bestandIdentificator>LG_(petro)+chemie_Naam+Netbeheerder+0000958469_0000958469_18G001503</bestandIdentificator></themabijlagePerNetbeheerder><themabijlagePerNetbeheerder><soortBijlage>huisaansluiting</soortBijlage><bestandLocatie>bronnen/nbreg1/HA_(petro)+chemie_Naam+Netbeheerder+0000958469_0000958469_18G001503_3036XG_23.pdf</bestandLocatie><bestandMediaType xlink:href="http://definities.geostandaarden.nl/imkl2015/id/waarde/BestandMediaTypeValue/PDF"/><bestandIdentificator>HA_(petro)+chemie_Naam+Netbeheerder+0000958469_0000958469_18G001503_3036XG_23</bestandIdentificator></themabijlagePerNetbeheerder></beheerdersinformatie><beheerdersinformatie><thema xlink:href="http://definities.geostandaarden.nl/imkl2015/id/waarde/Thema/gasHogeDruk"/><eisVoorzorgmaatregel>true</eisVoorzorgmaatregel><themabijlagePerNetbeheerder><soortBijlage>eisVoorzorgsmaatregel</soortBijlage><bestandLocatie>bronnen/nbreg1/EV_gas+hoge+druk_Naam+Netbeheerder+0000958469_0000958469_18G001503.pdf</bestandLocatie><bestandMediaType xlink:href="http://definities.geostandaarden.nl/imkl2015/id/waarde/BestandMediaTypeValue/PDF"/><bestandIdentificator>EV_gas+hoge+druk_Naam+Netbeheerder+0000958469_0000958469_18G001503</bestandIdentificator></themabijlagePerNetbeheerder><themabijlagePerNetbeheerder><soortBijlage>huisaansluiting</soortBijlage><bestandLocatie>bronnen/nbreg1/HA_gas+hoge+druk_Naam+Netbeheerder+0000958469_0000958469_18G001503_3036XG_23.pdf</bestandLocatie><bestandMediaType xlink:href="http://definities.geostandaarden.nl/imkl2015/id/waarde/BestandMediaTypeValue/PDF"/><bestandIdentificator>HA_gas+hoge+druk_Naam+Netbeheerder+0000958469_0000958469_18G001503_3036XG_23</bestandIdentificator></themabijlagePerNetbeheerder><themabijlagePerNetbeheerder><soortBijlage>ligging</soortBijlage><bestandLocatie>bronnen/nbreg1/LG_gas+hoge+druk_Naam+Netbeheerder+0000958469_0000958469_18G001503.png</bestandLocatie><bestandMediaType xlink:href="http://definities.geostandaarden.nl/imkl2015/id/waarde/BestandMediaTypeValue/PNG"/><bestandIdentificator>LG_gas+hoge+druk_Naam+Netbeheerder+0000958469_0000958469_18G001503</bestandIdentificator></themabijlagePerNetbeheerder><themabijlagePerNetbeheerder><soortBijlage>themabijlage</soortBijlage><bestandLocatie>bronnen/nbreg1/TB_gas+hoge+druk_Naam+Netbeheerder+0000958469_0000958469_18G001503_willekeurigenaam.pdf</bestandLocatie><bestandMediaType xlink:href="http://definities.geostandaarden.nl/imkl2015/id/waarde/BestandMediaTypeValue/PDF"/><bestandIdentificator>TB_gas+hoge+druk_Naam+Netbeheerder+0000958469_0000958469_18G001503_willekeurigenaam</bestandIdentificator></themabijlagePerNetbeheerder></beheerdersinformatie><beheerdersinformatie><thema xlink:href="http://definities.geostandaarden.nl/imkl2015/id/waarde/Thema/buisleidingGevaarlijkeInhoud"/><eisVoorzorgmaatregel>false</eisVoorzorgmaatregel><themabijlagePerNetbeheerder><soortBijlage>huisaansluiting</soortBijlage><bestandLocatie>bronnen/nbreg1/HA_buisleiding+gevaarlijke+inhoud_Naam+Netbeheerder+0000958469_0000958469_18G001503_3036XG_23.pdf</bestandLocatie><bestandMediaType xlink:href="http://definities.geostandaarden.nl/imkl2015/id/waarde/BestandMediaTypeValue/PDF"/><bestandIdentificator>HA_buisleiding+gevaarlijke+inhoud_Naam+Netbeheerder+0000958469_0000958469_18G001503_3036XG_23</bestandIdentificator></themabijlagePerNetbeheerder><themabijlagePerNetbeheerder><soortBijlage>ligging</soortBijlage><bestandLocatie>bronnen/nbreg1/LG_buisleiding+gevaarlijke+inhoud_Naam+Netbeheerder+0000958469_0000958469_18G001503.png</bestandLocatie><bestandMediaType xlink:href="http://definities.geostandaarden.nl/imkl2015/id/waarde/BestandMediaTypeValue/PNG"/><bestandIdentificator>LG_buisleiding+gevaarlijke+inhoud_Naam+Netbeheerder+0000958469_0000958469_18G001503</bestandIdentificator></themabijlagePerNetbeheerder></beheerdersinformatie></belanghebbende><belanghebbende><bronhoudercode>KL1089</bronhoudercode><beheerdersinformatieVersie>IMKL1.2</beheerdersinformatieVersie></belanghebbende><belanghebbende><bronhoudercode>GM0599</bronhoudercode><beheerdersinformatieVersie>IMKL1.2</beheerdersinformatieVersie></belanghebbende></Leveringsinformatie>