<?xml version="1.0" encoding="UTF-8"?>
<!-- bestandsnaam: netinformatie KL3131 - 2017-10-09 (demo Best).xml -->
<!-- bron: Kadaster-Klic -->
<!-- _____________________________________________________________________
Toelichting:
Dit is een voorbeeld van netinformatie van bronhouder KL3131 gelegen in de plaats Best.
De gebruikte voorbeeld-features zijn bedoeld voor demo-doeleinden en zijn niet bedoeld
om een representatie te geven van de werkelijke situatie ter plaatse.
De inhoud is gebaseerd op de definities uit IMKL2015, versie 1.2.1.

Het voorbeeld is bedoeld om netinformatie, gezamenlijk met voorzorgsmaatregelen,  te
actualiseren.
In het voorbeeld zijn van het IMKL-thema 'gasHogeDruk' een Utiliteitsnet met een aantal
features opgenomen, waaronder AanduidingEisVoorzorgsmaatregel.
De 'netbeheerderNetAanduiding' van een AanduidingEisVoorzorgsmaatregel wordt mee-
geleverd bij de beslissingsregels bij voorzorgsmaatregelen.
Hiermee wordt de relatie geillustreerd tussen AanduidingEisVoorzorgsmaatregel-features
en de voorzorgsmaatregelen die op basis daarvan mogelijk worden uitgeleverd.
De volgende features zijn opgenomen:
	- Utiliteitsnet (#1)
	- OlieGasChemicalienPijpleiding (# 2)
	- TechnischGebouw  (#1) met ExtraGeometrie (#1)
	- AanduidingEisVoorzorgsmaatregel (#3)
	- UtilityLink (#2)
______________________________________________________________________ -->

<gml:FeatureCollection xmlns:imkl="http://www.geostandaarden.nl/imkl/2015/wion/1.2"
xmlns:us-net-wa="http://inspire.ec.europa.eu/schemas/us-net-wa/4.0" 
xmlns:us-net-sw="http://inspire.ec.europa.eu/schemas/us-net-sw/4.0" 
xmlns:us-net-th="http://inspire.ec.europa.eu/schemas/us-net-th/4.0" 
xmlns:us-net-common="http://inspire.ec.europa.eu/schemas/us-net-common/4.0" 
xmlns:us-net-el="http://inspire.ec.europa.eu/schemas/us-net-el/4.0" 
xmlns:us-net-tc="http://inspire.ec.europa.eu/schemas/us-net-tc/4.0" 
xmlns:us-net-ogc="http://inspire.ec.europa.eu/schemas/us-net-ogc/4.0" 
xmlns:net="http://inspire.ec.europa.eu/schemas/net/4.0" 
xmlns:base="http://inspire.ec.europa.eu/schemas/base/3.3" 
xmlns:base2="http://inspire.ec.europa.eu/schemas/base2/2.0" 
xmlns:gml="http://www.opengis.net/gml/3.2" 
xmlns:xsi="http://www.w3.org/2001/XMLSchema-instance" 
xmlns:xlink="http://www.w3.org/1999/xlink" 
gml:id="ID_netinformatie_KL3131_2017-10-09" 
xsi:schemaLocation="http://www.geostandaarden.nl/imkl/2015/wion/1.2 http://register.geostandaarden.nl/gmlapplicatieschema/imkl2015/1.2.1/imkl2015-wion.xsd">

	<!-- Utiliteitsnet -->
	<gml:featureMember>
		<imkl:Utiliteitsnet gml:id="nl.imkl-KL3131.net00937">
			<us-net-common:utilityNetworkType xlink:href="http://inspire.ec.europa.eu/codelist/UtilityNetworkTypeValue/oilGasChemical"/>
			<us-net-common:authorityRole xlink:href="http://inspire.ec.europa.eu/codelist/RelatedPartyRoleValue/operator"/>
			<imkl:identificatie>
				<imkl:NEN3610ID>
					<imkl:namespace>nl.imkl</imkl:namespace>
					<imkl:lokaalID>KL3131.net00937</imkl:lokaalID>
				</imkl:NEN3610ID>
			</imkl:identificatie>
			<imkl:beginLifespanVersion>2001-12-17T09:30:47.00+01:00</imkl:beginLifespanVersion>
			<imkl:thema xlink:href="http://definities.geostandaarden.nl/imkl2015/id/waarde/Thema/gasHogeDruk"/>
		</imkl:Utiliteitsnet>
	</gml:featureMember>
	
	<!-- OlieGasChemicalienPijpleiding -->
	<gml:featureMember>
		<imkl:OlieGasChemicalienPijpleiding gml:id="nl.imkl-KL3131.ghd09076">
			<net:beginLifespanVersion>2001-12-17T09:30:47.00+01:00</net:beginLifespanVersion>
			<net:inspireId>
				<base:Identifier>
					<base:localId>KL3131.ghd09076</base:localId>
					<base:namespace>nl.imkl</base:namespace>
				</base:Identifier>
			</net:inspireId>
			<net:inNetwork xlink:href="nl.imkl-KL3131.net00937"/>
			<net:link xlink:href="nl.imkl-KL3131.ulink00357"/>
			<us-net-common:currentStatus xlink:href="http://inspire.ec.europa.eu/codelist/ConditionOfFacilityValue/functional"/>
			<us-net-common:validFrom>2001-12-17T09:30:47.00+01:00</us-net-common:validFrom>
			<us-net-common:verticalPosition>underground</us-net-common:verticalPosition>
			<us-net-common:utilityFacilityReference xsi:nil="true"/>
			<us-net-common:warningType xlink:href="http://inspire.ec.europa.eu/codelist/WarningTypeValue/net"/>
			<us-net-common:pipeDiameter uom="urn:ogc:def:uom:OGC::cm">0.0</us-net-common:pipeDiameter>
			<us-net-common:pressure uom="urn:ogc:def:uom:OGC::bar">0</us-net-common:pressure>
			<us-net-ogc:oilGasChemicalsProductType xlink:href="http://inspire.ec.europa.eu/codelist/OilGasChemicalsProductTypeValue/naturalGas"/>
		</imkl:OlieGasChemicalienPijpleiding>
	</gml:featureMember>
	<gml:featureMember>
		<imkl:OlieGasChemicalienPijpleiding gml:id="nl.imkl-KL3131.ghd09081">
			<net:beginLifespanVersion>2001-12-17T09:30:47.00+01:00</net:beginLifespanVersion>
			<net:inspireId>
				<base:Identifier>
					<base:localId>KL3131.ghd09081</base:localId>
					<base:namespace>nl.imkl</base:namespace>
				</base:Identifier>
			</net:inspireId>
			<net:inNetwork xlink:href="nl.imkl-KL3131.net00937"/>
			<net:link xlink:href="nl.imkl-KL3131.ulink00358"/>
			<us-net-common:currentStatus xlink:href="http://inspire.ec.europa.eu/codelist/ConditionOfFacilityValue/functional"/>
			<us-net-common:validFrom>2001-12-17T09:30:47.00+01:00</us-net-common:validFrom>
			<us-net-common:verticalPosition>underground</us-net-common:verticalPosition>
			<us-net-common:utilityFacilityReference xsi:nil="true"/>
			<us-net-common:warningType xlink:href="http://inspire.ec.europa.eu/codelist/WarningTypeValue/net"/>
			<us-net-common:pipeDiameter uom="urn:ogc:def:uom:OGC::cm">0.0</us-net-common:pipeDiameter>
			<us-net-common:pressure uom="urn:ogc:def:uom:OGC::bar">0</us-net-common:pressure>
			<us-net-ogc:oilGasChemicalsProductType xlink:href="http://inspire.ec.europa.eu/codelist/OilGasChemicalsProductTypeValue/naturalGas"/>
		</imkl:OlieGasChemicalienPijpleiding>
	</gml:featureMember>
	
	<!-- TechnischGebouw -->
	<gml:featureMember>
		<imkl:TechnischGebouw gml:id="nl.imkl-KL3131.TGEB000802">
			<us-net-common:currentStatus xlink:href="http://inspire.ec.europa.eu/codelist/ConditionOfFacilityValue/functional"/>
			<us-net-common:validFrom>2001-12-17T09:30:47.00+01:00</us-net-common:validFrom>
			<us-net-common:verticalPosition>underground</us-net-common:verticalPosition>
			<us-net-common:geometry>
				<gml:Point srsName="epsg:28992" gml:id="nl.imkl-KL3131.TGEB000802_geo">
					<gml:pos srsDimension="2">153744.0 389699.0</gml:pos>
				</gml:Point>
			</us-net-common:geometry>
			<us-net-common:inspireId>
				<base:Identifier>
					<base:localId>KL3131.TGEB000802</base:localId>
					<base:namespace>nl.imkl</base:namespace>
				</base:Identifier>
			</us-net-common:inspireId>
			<imkl:inNetwork xlink:href="nl.imkl-KL3131.net00937"/>
			<imkl:extraGeometrie xlink:href="nl.imkl-KL3131.TGEB000802_extrageo_1"/>
		</imkl:TechnischGebouw>
	</gml:featureMember>

	<!-- ExtraGeometrie voor TechnischGebouw -->
	<gml:featureMember>
		<imkl:ExtraGeometrie gml:id="nl.imkl-KL3131.TGEB000802_extrageo_1">
			<imkl:identificatie>
				<imkl:NEN3610ID>
					<imkl:namespace>nl.imkl</imkl:namespace>
					<imkl:lokaalID>KL3131.TGEB000802_extrageo_1</imkl:lokaalID>
				</imkl:NEN3610ID>
			</imkl:identificatie>
			<imkl:beginLifespanVersion>2001-12-17T09:30:47.00+01:00</imkl:beginLifespanVersion>
			<imkl:vlakgeometrie2D>
				<gml:Polygon srsName="epsg:28992" gml:id="nl.imkl-KL3131.TGEB000802_extrageo_1_geo">
					<gml:exterior>
						<gml:LinearRing>
							<gml:posList srsDimension="2">153724.0 389679.0 153764.0 389679.0 153764.0 389719.0 153724.0 389719.0 153724.0 389679.0</gml:posList>
						</gml:LinearRing>
					</gml:exterior>
				</gml:Polygon>
			</imkl:vlakgeometrie2D>
			<imkl:inNetwork xlink:href="nl.imkl-KL3131.net00937"/>
		</imkl:ExtraGeometrie>
	</gml:featureMember>

	<!-- AanduidingEisVoorzorgsmaatregel -->
	<gml:featureMember>
		<imkl:AanduidingEisVoorzorgsmaatregel gml:id="nl.imkl-KL3131.aEV_GHD000650">
			<imkl:identificatie>
				<imkl:NEN3610ID>
					<imkl:namespace>nl.imkl</imkl:namespace>
					<imkl:lokaalID>KL3131.aEV_GHD000650</imkl:lokaalID>
				</imkl:NEN3610ID>
			</imkl:identificatie>
			<imkl:beginLifespanVersion>2001-12-17T09:30:47.00+01:00</imkl:beginLifespanVersion>
			<imkl:label>EisVoorzorgsmaatregel GHD-leiding Best-west</imkl:label>
			<imkl:inNetwork xlink:href="nl.imkl-KL3131.net00937"/>
			<imkl:contactVoorzorgsmaatregel>
				<imkl:Contact>
					<imkl:naam>Contactnaam EV-GHD</imkl:naam>
					<imkl:telefoon>088-183 2311</imkl:telefoon>
					<imkl:email>herman_EV@KL3131.nl</imkl:email>
				</imkl:Contact>
			</imkl:contactVoorzorgsmaatregel>
			<imkl:netbeheerderNetAanduiding>vz_GHD</imkl:netbeheerderNetAanduiding>
			<imkl:geometrie>
				<gml:Polygon srsName="epsg:28992" gml:id="nl.imkl-KL3131.aEV_GHD000650_geo">
					<gml:exterior>
						<gml:LinearRing>
							<gml:posList srsDimension="2">153436 389711 153670 389667 153744 389689 153923 389606 
							154467 389488 154467 389508 153923 389626 153744 389709 153670 389687 153436 389731 153436 389711</gml:posList>
						</gml:LinearRing>
					</gml:exterior>
				</gml:Polygon>
			</imkl:geometrie>
		</imkl:AanduidingEisVoorzorgsmaatregel>
	</gml:featureMember>
	<gml:featureMember>
		<imkl:AanduidingEisVoorzorgsmaatregel gml:id="nl.imkl-KL3131.aEV_GHD000651">
			<imkl:identificatie>
				<imkl:NEN3610ID>
					<imkl:namespace>nl.imkl</imkl:namespace>
					<imkl:lokaalID>KL3131.aEV_GHD000651</imkl:lokaalID>
				</imkl:NEN3610ID>
			</imkl:identificatie>
			<imkl:beginLifespanVersion>2001-12-17T09:30:47.00+01:00</imkl:beginLifespanVersion>
			<imkl:label>EisVoorzorgsmaatregel GHD-technisch gebouw Best-west</imkl:label>
			<imkl:inNetwork xlink:href="nl.imkl-KL3131.net00937"/>
			<imkl:contactVoorzorgsmaatregel>
				<imkl:Contact>
					<imkl:naam>Contactnaam EV-GHD</imkl:naam>
					<imkl:telefoon>088-183 2311</imkl:telefoon>
					<imkl:email>herman_EV@KL3131.nl</imkl:email>
				</imkl:Contact>
			</imkl:contactVoorzorgsmaatregel>
			<imkl:netbeheerderNetAanduiding>vz_GHD</imkl:netbeheerderNetAanduiding>
			<imkl:geometrie>
				<gml:Polygon srsName="epsg:28992" gml:id="nl.imkl-KL3131.aEV_GHD000651_geo">
					<gml:exterior>
						<gml:LinearRing>
							<gml:posList srsDimension="2">153714 389669 153774 389669 153774 389729 153714 389729 153714 389669</gml:posList>
						</gml:LinearRing>
					</gml:exterior>
				</gml:Polygon>
			</imkl:geometrie>
		</imkl:AanduidingEisVoorzorgsmaatregel>
	</gml:featureMember>
	<gml:featureMember>
		<imkl:AanduidingEisVoorzorgsmaatregel gml:id="nl.imkl-KL3131.aEV_GHD_O00650">
			<imkl:identificatie>
				<imkl:NEN3610ID>
					<imkl:namespace>nl.imkl</imkl:namespace>
					<imkl:lokaalID>KL3131.aEV_GHD_O00650</imkl:lokaalID>
				</imkl:NEN3610ID>
			</imkl:identificatie>
			<imkl:beginLifespanVersion>2001-12-17T09:30:47.00+01:00</imkl:beginLifespanVersion>
			<imkl:label>EisVoorzorgsmaatregel-O GHD-leiding Best-west</imkl:label>
			<imkl:inNetwork xlink:href="nl.imkl-KL3131.net00937"/>
			<imkl:contactVoorzorgsmaatregel>
				<imkl:Contact>
					<imkl:naam>Contactnaam EV-GHD bij orientatie</imkl:naam>
					<imkl:telefoon>088-183 2311</imkl:telefoon>
					<imkl:email>herman_EV@KL3131.nl</imkl:email>
				</imkl:Contact>
			</imkl:contactVoorzorgsmaatregel>
			<imkl:netbeheerderNetAanduiding>vz_GHD_orientatiebuffer</imkl:netbeheerderNetAanduiding>
			<imkl:geometrie>
				<gml:Polygon srsName="epsg:28992" gml:id="nl.imkl-KL3131.aEV_GHD_O00650_geo">
					<gml:exterior>
						<gml:LinearRing>
							<gml:posList srsDimension="2">153406 389681 153670 389637 153744 389659 153923 389576 
							154497 389458 154497 389538 153923 389656 153744 389739 153670 389717 153406 389761 153406 389681</gml:posList>
						</gml:LinearRing>
					</gml:exterior>
				</gml:Polygon>
			</imkl:geometrie>
		</imkl:AanduidingEisVoorzorgsmaatregel>
	</gml:featureMember>
	
	<!-- UtilityLink -->
	<gml:featureMember>
		<us-net-common:UtilityLink gml:id="nl.imkl-KL3131.ulink00357">
			<net:beginLifespanVersion>2001-12-17T09:30:47.00+01:00</net:beginLifespanVersion>
			<net:inspireId>
				<base:Identifier>
					<base:localId>KL3131.ulink00357</base:localId>
					<base:namespace>nl.imkl</base:namespace>
				</base:Identifier>
			</net:inspireId>
			<net:inNetwork xlink:href="nl.imkl-KL3131.net00937"/>
			<net:centrelineGeometry>
				<gml:Curve srsName="epsg:28992" gml:id="nl.imkl-KL3131.ulink00357_geo">
					<gml:segments>
						<gml:LineStringSegment>
							<gml:posList srsDimension="2">153436 389721 153670 389677 153734 389699</gml:posList>
						</gml:LineStringSegment>
					</gml:segments>
				</gml:Curve>
			</net:centrelineGeometry>
			<net:fictitious>false</net:fictitious>
			<us-net-common:currentStatus xlink:href="http://inspire.ec.europa.eu/codelist/ConditionOfFacilityValue/functional"/>
			<us-net-common:validFrom>2001-12-17T09:30:47.00+01:00</us-net-common:validFrom>
			<us-net-common:verticalPosition xsi:nil="true" nilReason="Unknown"/>
		</us-net-common:UtilityLink>
	</gml:featureMember>
	<gml:featureMember>
		<us-net-common:UtilityLink gml:id="nl.imkl-KL3131.ulink00358">
			<net:beginLifespanVersion>2001-12-17T09:30:47.00+01:00</net:beginLifespanVersion>
			<net:inspireId>
				<base:Identifier>
					<base:localId>KL3131.ulink00358</base:localId>
					<base:namespace>nl.imkl</base:namespace>
				</base:Identifier>
			</net:inspireId>
			<net:inNetwork xlink:href="nl.imkl-KL3131.net00937"/>
			<net:centrelineGeometry>
				<gml:Curve srsName="epsg:28992" gml:id="nl.imkl-KL3131.ulink00358_geo">
					<gml:segments>
						<gml:LineStringSegment>
							<gml:posList srsDimension="2">153754 389699 153923 389616 154467 389498</gml:posList>
						</gml:LineStringSegment>
					</gml:segments>
				</gml:Curve>
			</net:centrelineGeometry>
			<net:fictitious>false</net:fictitious>
			<us-net-common:currentStatus xlink:href="http://inspire.ec.europa.eu/codelist/ConditionOfFacilityValue/functional"/>
			<us-net-common:validFrom>2001-12-17T09:30:47.00+01:00</us-net-common:validFrom>
			<us-net-common:verticalPosition xsi:nil="true" nilReason="Unknown"/>
		</us-net-common:UtilityLink>
	</gml:featureMember>
</gml:FeatureCollection>
