<?xml version="1.0" encoding="UTF-8"?>
<!-- bestandsnaam: [Voorbeeld 4.] beheerdersinformatie KL4141 (ExtraDetailinfo).xml -->
<!-- bron: Kadaster-KLIC -->
<!-- _____________________________________________________________________
Toelichting:
Voorbeeld voor een aanlevering van beheerdersinformatie door een decentrale netbeheerder.													 
De gebruikte voorbeeld-features zijn bedoeld voor demo-doeleinden en zijn niet bedoeld om een
representatie te geven van de werkelijke situatie ter plaatse.
De inhoud is gebaseerd op de definities uit IMKL2015, versie 1.2.1.

In het voorbeeld is nader ingezoomd op het mogelijk gebruik van het (de) feature(s):
	- ExtraDetailinfo (#4) (type 'huisaansluiting')
	- ExtraDetailinfo (#1) (type 'aansluiting')
	- ExtraDetailinfo (#1) (type 'profielschets')
	- ExtraDetailinfo (#1) (type 'overig')
Overige feature(s):
	- Belanghebbende
	- Beheerder
	- Utiliteitsnet
 _____________________________________________________________________ -->

<gml:FeatureCollection 
xmlns:imkl="http://www.geostandaarden.nl/imkl/2015/wion/1.2" 
xmlns:us-net-wa="http://inspire.ec.europa.eu/schemas/us-net-wa/4.0" 
xmlns:us-net-sw="http://inspire.ec.europa.eu/schemas/us-net-sw/4.0" 
xmlns:us-net-th="http://inspire.ec.europa.eu/schemas/us-net-th/4.0" 
xmlns:us-net-common="http://inspire.ec.europa.eu/schemas/us-net-common/4.0" 
xmlns:us-net-el="http://inspire.ec.europa.eu/schemas/us-net-el/4.0" 
xmlns:us-net-tc="http://inspire.ec.europa.eu/schemas/us-net-tc/4.0" 
xmlns:us-net-ogc="http://inspire.ec.europa.eu/schemas/us-net-ogc/4.0" 
xmlns:net="http://inspire.ec.europa.eu/schemas/net/4.0" 
xmlns:base="http://inspire.ec.europa.eu/schemas/base/3.3" 
xmlns:base2="http://inspire.ec.europa.eu/schemas/base2/2.0" 
xmlns:gml="http://www.opengis.net/gml/3.2" 
xmlns:xsi="http://www.w3.org/2001/XMLSchema-instance" 
xmlns:xlink="http://www.w3.org/1999/xlink" 
gml:id="ID_beheerdersinformatie_KL4141_17G008716_2018-01-18" 
xsi:schemaLocation="http://www.geostandaarden.nl/imkl/2015/wion/1.2 http://register.geostandaarden.nl/gmlapplicatieschema/imkl2015/1.2.1/imkl2015-wion.xsd">

	<!--________________ Belanghebbende ________________-->
	<gml:featureMember>
		<imkl:Belanghebbende gml:id="nl.imkl-KL4141._Belanghebbende_17G008716">
			<imkl:identificatie>
				<imkl:NEN3610ID>
					<imkl:namespace>nl.imkl</imkl:namespace>
					<imkl:lokaalID>KL4141._Belanghebbende_17G008716</imkl:lokaalID>
				</imkl:NEN3610ID>
			</imkl:identificatie>
			<imkl:beginLifespanVersion>2001-12-17T09:30:47.00+01:00</imkl:beginLifespanVersion>
			<imkl:betrokkenBijAanvraag>true</imkl:betrokkenBijAanvraag>
			<imkl:eisVoorzorgsmaatregel>false</imkl:eisVoorzorgsmaatregel>
			<imkl:utiliteitsnet xlink:href="nl.imkl-KL4141.net_data_00571"/>
			<imkl:netbeheerder xlink:href="nl.imkl-KL4141._Beheerder"/>
		</imkl:Belanghebbende>
	</gml:featureMember>
	<!--________________ Beheerder ________________-->
	<gml:featureMember>
		<imkl:Beheerder gml:id="nl.imkl-KL4141._Beheerder">
			<imkl:identificatie>
				<imkl:NEN3610ID>
					<imkl:namespace>nl.imkl</imkl:namespace>
					<imkl:lokaalID>KL4141._Beheerder</imkl:lokaalID>
				</imkl:NEN3610ID>
			</imkl:identificatie>
			<imkl:beginLifespanVersion>2001-12-17T09:30:47.00+01:00</imkl:beginLifespanVersion>
			<imkl:bronhoudercode>KL4141</imkl:bronhoudercode>
			<imkl:websiteKlic>http://decenter.nl/KLIC/</imkl:websiteKlic>
			<imkl:organisatie>
				<imkl:Organisatie>
					<imkl:naam>Decenter B.V.</imkl:naam>
					<imkl:kvkNummer>08215619</imkl:kvkNummer>
				</imkl:Organisatie>
			</imkl:organisatie>
		</imkl:Beheerder>
	</gml:featureMember>
	<!--________________ Utiliteitsnet ________________-->
	<gml:featureMember>
		<imkl:Utiliteitsnet gml:id="nl.imkl-KL4141.net_data_00571">
			<us-net-common:utilityNetworkType xlink:href="http://inspire.ec.europa.eu/codelist/UtilityNetworkTypeValue/telecommunications"/>
			<us-net-common:authorityRole xlink:href="http://inspire.ec.europa.eu/codelist/RelatedPartyRoleValue/operator"/>
			<imkl:identificatie>
				<imkl:NEN3610ID>
					<imkl:namespace>nl.imkl</imkl:namespace>
					<imkl:lokaalID>KL4141.net_data_00571</imkl:lokaalID>
				</imkl:NEN3610ID>
			</imkl:identificatie>
			<imkl:beginLifespanVersion>2001-12-17T09:30:47.00+01:00</imkl:beginLifespanVersion>
			<imkl:thema xlink:href="http://definities.geostandaarden.nl/imkl2015/id/waarde/Thema/datatransport"/>
		</imkl:Utiliteitsnet>
	</gml:featureMember>

	<!--________________ ExtraDetailinfo ________________-->
	<!-- huisaansluitingen -->
	<gml:featureMember>
		<imkl:ExtraDetailinfo gml:id="nl.imkl-KL4141.huisaansluiting_data_5685AK_1">
			<imkl:identificatie>
				<imkl:NEN3610ID>
					<imkl:namespace>nl.imkl</imkl:namespace>
					<imkl:lokaalID>KL4141.huisaansluiting_data_5685AK_1</imkl:lokaalID>
				</imkl:NEN3610ID>
			</imkl:identificatie>
			<imkl:beginLifespanVersion>2017-03-17T09:31:44.00+01:00</imkl:beginLifespanVersion>
			<imkl:inNetwork xlink:href="nl.imkl-KL4141.net_data_00571"/>
			<imkl:adres>
				<imkl:Adres>
					<imkl:openbareRuimteNaam>Galmheuvel</imkl:openbareRuimteNaam>
					<imkl:huisnummer>1</imkl:huisnummer>
					<imkl:woonplaatsNaam>Best</imkl:woonplaatsNaam>
					<imkl:postcode>5685AK</imkl:postcode>
					<imkl:BAGidAdresseerbaarObject>0753010000010020</imkl:BAGidAdresseerbaarObject>
				</imkl:Adres>
			</imkl:adres>
			<imkl:extraInfoType xlink:href="http://definities.geostandaarden.nl/imkl2015/id/waarde/ExtraDetailInfoTypeValue/huisaansluiting"/>
			<imkl:bestandLocatie>HAS_data_Best Galmheuvel 1.pdf</imkl:bestandLocatie>
			<imkl:bestandMediaType xlink:href="http://definities.geostandaarden.nl/imkl2015/id/waarde/BestandMediaTypeValue/PDF"/>
			<imkl:bestandIdentificator>nl.imkl-KL4141.Best_Galmheuvel_1</imkl:bestandIdentificator>
			<imkl:ligging>
				<gml:Point srsName="epsg:28992" srsDimension="2" gml:id="nl.imkl-KL4141.huisaansluiting_data_5685AK_1_geo">
					<gml:pos>154558.823 389709.193</gml:pos>
				</gml:Point>			
			</imkl:ligging>
		</imkl:ExtraDetailinfo>
	</gml:featureMember>
	<gml:featureMember>
		<imkl:ExtraDetailinfo gml:id="nl.imkl-KL4141.huisaansluiting_data_5685AK_3">
			<imkl:identificatie>
				<imkl:NEN3610ID>
					<imkl:namespace>nl.imkl</imkl:namespace>
					<imkl:lokaalID>KL4141.huisaansluiting_data_5685AK_3</imkl:lokaalID>
				</imkl:NEN3610ID>
			</imkl:identificatie>
			<imkl:beginLifespanVersion>2017-03-11T09:31:44.00+01:00</imkl:beginLifespanVersion>
			<imkl:inNetwork xlink:href="nl.imkl-KL4141.net_data_00571"/>
			<imkl:adres>
				<imkl:Adres>
					<imkl:openbareRuimteNaam>Galmheuvel</imkl:openbareRuimteNaam>
					<imkl:huisnummer>3</imkl:huisnummer>
					<imkl:woonplaatsNaam>Best</imkl:woonplaatsNaam>
					<imkl:postcode>5685AK</imkl:postcode>
					<imkl:BAGidAdresseerbaarObject>0753010000010021</imkl:BAGidAdresseerbaarObject>
				</imkl:Adres>
			</imkl:adres>
			<imkl:extraInfoType xlink:href="http://definities.geostandaarden.nl/imkl2015/id/waarde/ExtraDetailInfoTypeValue/huisaansluiting"/>
			<imkl:bestandLocatie>HAS_data_Best Galmheuvel 3.pdf</imkl:bestandLocatie>
			<imkl:bestandMediaType xlink:href="http://definities.geostandaarden.nl/imkl2015/id/waarde/BestandMediaTypeValue/PDF"/>
			<imkl:bestandIdentificator>nl.imkl-KL4141.Best_Galmheuvel_3</imkl:bestandIdentificator>
			<imkl:ligging>
				<gml:Point srsName="epsg:28992" srsDimension="2" gml:id="nl.imkl-KL4141.huisaansluiting_data_5685AK_3_geo">
					<gml:pos>154560.459 389704.124</gml:pos>
				</gml:Point>			
			</imkl:ligging>
		</imkl:ExtraDetailinfo>
	</gml:featureMember>
	<gml:featureMember>
		<imkl:ExtraDetailinfo gml:id="nl.imkl-KL4141.huisaansluiting_data_5685AK_5">
			<imkl:identificatie>
				<imkl:NEN3610ID>
					<imkl:namespace>nl.imkl</imkl:namespace>
					<imkl:lokaalID>KL4141.huisaansluiting_data_5685AK_5</imkl:lokaalID>
				</imkl:NEN3610ID>
			</imkl:identificatie>
			<imkl:beginLifespanVersion>2017-03-17T09:31:44.00+01:00</imkl:beginLifespanVersion>
			<imkl:inNetwork xlink:href="nl.imkl-KL4141.net_data_00571"/>
			<imkl:adres>
				<imkl:Adres>
					<imkl:openbareRuimteNaam>Galmheuvel</imkl:openbareRuimteNaam>
					<imkl:huisnummer>5</imkl:huisnummer>
					<imkl:woonplaatsNaam>Best</imkl:woonplaatsNaam>
					<imkl:postcode>5685AK</imkl:postcode>
					<imkl:BAGidAdresseerbaarObject>0753010000010022</imkl:BAGidAdresseerbaarObject>
				</imkl:Adres>
			</imkl:adres>
			<imkl:extraInfoType xlink:href="http://definities.geostandaarden.nl/imkl2015/id/waarde/ExtraDetailInfoTypeValue/huisaansluiting"/>
			<imkl:bestandLocatie>HAS_data_Best Galmheuvel 5.pdf</imkl:bestandLocatie>
			<imkl:bestandMediaType xlink:href="http://definities.geostandaarden.nl/imkl2015/id/waarde/BestandMediaTypeValue/PDF"/>
			<imkl:bestandIdentificator>nl.imkl-KL4141.Best_Galmheuvel_5</imkl:bestandIdentificator>
			<imkl:ligging>
				<gml:Point srsName="epsg:28992" srsDimension="2" gml:id="nl.imkl-KL4141.huisaansluiting_data_5685AK_5_geo">
					<gml:pos>154562.169 389698.820</gml:pos>
				</gml:Point>			
			</imkl:ligging>
		</imkl:ExtraDetailinfo>
	</gml:featureMember>
	<gml:featureMember>
		<imkl:ExtraDetailinfo gml:id="nl.imkl-KL4141.huisaansluiting_data_5685AK_7">
			<imkl:identificatie>
				<imkl:NEN3610ID>
					<imkl:namespace>nl.imkl</imkl:namespace>
					<imkl:lokaalID>KL4141.huisaansluiting_data_5685AK_7</imkl:lokaalID>
				</imkl:NEN3610ID>
			</imkl:identificatie>
			<imkl:beginLifespanVersion>2017-03-17T09:31:44.00+01:00</imkl:beginLifespanVersion>
			<imkl:inNetwork xlink:href="nl.imkl-KL4141.net_data_00571"/>
			<imkl:adres>
				<imkl:Adres>
					<imkl:openbareRuimteNaam>Galmheuvel</imkl:openbareRuimteNaam>
					<imkl:huisnummer>7</imkl:huisnummer>
					<imkl:woonplaatsNaam>Best</imkl:woonplaatsNaam>
					<imkl:postcode>5685AK</imkl:postcode>
					<imkl:BAGidAdresseerbaarObject>0753010000010023</imkl:BAGidAdresseerbaarObject>
				</imkl:Adres>
			</imkl:adres>
			<imkl:extraInfoType xlink:href="http://definities.geostandaarden.nl/imkl2015/id/waarde/ExtraDetailInfoTypeValue/huisaansluiting"/>
			<imkl:bestandLocatie>HAS_data_Best Galmheuvel 7.pdf</imkl:bestandLocatie>
			<imkl:bestandMediaType xlink:href="http://definities.geostandaarden.nl/imkl2015/id/waarde/BestandMediaTypeValue/PDF"/>
			<imkl:bestandIdentificator>nl.imkl-KL4141.Best_Galmheuvel_7</imkl:bestandIdentificator>
			<imkl:ligging>
				<gml:Point srsName="epsg:28992" srsDimension="2" gml:id="nl.imkl-KL4141.huisaansluiting_data_5685AK_7_geo">
					<gml:pos>154563.977 389693.216</gml:pos>
				</gml:Point>			
			</imkl:ligging>
		</imkl:ExtraDetailinfo>
	</gml:featureMember>

	<!-- aansluiting -->
	<gml:featureMember>
		<imkl:ExtraDetailinfo gml:id="nl.imkl-KL4141.aansluiting_data_5685AA_17">
			<imkl:identificatie>
				<imkl:NEN3610ID>
					<imkl:namespace>nl.imkl</imkl:namespace>
					<imkl:lokaalID>KL4141.aansluiting_data_5685AA_17</imkl:lokaalID>
				</imkl:NEN3610ID>
			</imkl:identificatie>
			<imkl:beginLifespanVersion>2005-03-11T08:00:00.00+01:00</imkl:beginLifespanVersion>
			<imkl:label>ED Aansluiting/data - 5685AA-17</imkl:label>
			<imkl:omschrijving>Aansluiting waterfontein 5685AA-17 Best</imkl:omschrijving>
			<imkl:inNetwork xlink:href="nl.imkl-KL4141.net_data_00571"/>
			<imkl:extraInfoType xlink:href="http://definities.geostandaarden.nl/imkl2015/id/waarde/ExtraDetailInfoTypeValue/aansluiting"/>
			<imkl:bestandLocatie>ED-data-aansluiting waterfontein 5685AA-17.pdf</imkl:bestandLocatie>
			<imkl:bestandMediaType xlink:href="http://definities.geostandaarden.nl/imkl2015/id/waarde/BestandMediaTypeValue/PDF"/>
			<imkl:bestandIdentificator>nl.imkl-KL4141.aansluiting_data_5685AA_17</imkl:bestandIdentificator>
			<imkl:ligging>
				<gml:Curve srsName="epsg:28992" srsDimension="2" gml:id="nl.imkl-KL4141.aansluiting_data_5685AA_17_geo">
					<gml:segments>
						<gml:LineStringSegment>
							<gml:posList>154747 389512 154789 389447 154867 389439</gml:posList>
						</gml:LineStringSegment>
					</gml:segments>
				</gml:Curve>
			</imkl:ligging>
		</imkl:ExtraDetailinfo>
	</gml:featureMember>

	<!-- profielschets -->
	<gml:featureMember>
		<imkl:ExtraDetailinfo gml:id="nl.imkl-KL4141.profielschets_data_154547_389406">
			<imkl:identificatie>
				<imkl:NEN3610ID>
					<imkl:namespace>nl.imkl</imkl:namespace>
					<imkl:lokaalID>KL4141.profielschets_data_154547_389406</imkl:lokaalID>
				</imkl:NEN3610ID>
			</imkl:identificatie>
			<imkl:beginLifespanVersion>2014-11-17T09:31:44.00+01:00</imkl:beginLifespanVersion>
			<imkl:label>Profielschets 5685AG</imkl:label>
			<imkl:omschrijving>Profielschets boring Wilhelminakanaal Best</imkl:omschrijving>
			<imkl:inNetwork xlink:href="nl.imkl-KL4141.net_data_00571"/>
			<imkl:extraInfoType xlink:href="http://definities.geostandaarden.nl/imkl2015/id/waarde/ExtraDetailInfoTypeValue/profielschets"/>
			<imkl:bestandLocatie>PF-data-Boring 154547_389406.pdf</imkl:bestandLocatie>
			<imkl:bestandMediaType xlink:href="http://definities.geostandaarden.nl/imkl2015/id/waarde/BestandMediaTypeValue/PDF"/>
			<imkl:bestandIdentificator>nl.imkl-KL4141.PF_data_154547_389406</imkl:bestandIdentificator>
			<imkl:ligging>
				<gml:Polygon srsName="epsg:28992" srsDimension="2" gml:id="nl.imkl-KL4141.profielschets_data_154547_389406_geo">
					<gml:exterior>
						<gml:LinearRing>
							<gml:posList>154552 389505 154526 389390 154545 389387 154571 389502 154552 389505</gml:posList>
						</gml:LinearRing>
					</gml:exterior>
				</gml:Polygon>
			</imkl:ligging>
		</imkl:ExtraDetailinfo>
	</gml:featureMember>

	<!-- overig -->
	<gml:featureMember>
		<imkl:ExtraDetailinfo gml:id="nl.imkl-KL4141.overig_data_5685AG_11">
			<imkl:identificatie>
				<imkl:NEN3610ID>
					<imkl:namespace>nl.imkl</imkl:namespace>
					<imkl:lokaalID>KL4141.overig_data_5685AG_11</imkl:lokaalID>
				</imkl:NEN3610ID>
			</imkl:identificatie>
			<imkl:beginLifespanVersion>1974-03-11T08:00:00.00+01:00</imkl:beginLifespanVersion>
			<imkl:label>ED overig-/data - 5685AG-11</imkl:label>
			<imkl:omschrijving>Inpeiling passage 5685AG-11 Best</imkl:omschrijving>
			<imkl:inNetwork xlink:href="nl.imkl-KL4141.net_data_00571"/>
			<imkl:extraInfoType xlink:href="http://definities.geostandaarden.nl/imkl2015/id/waarde/ExtraDetailInfoTypeValue/overig"/>
			<imkl:bestandLocatie>ED-overig_data _5685AG-11.pdf</imkl:bestandLocatie>
			<imkl:bestandMediaType xlink:href="http://definities.geostandaarden.nl/imkl2015/id/waarde/BestandMediaTypeValue/PDF"/>
			<imkl:bestandIdentificator>nl.imkl-KL4141.overig_data_5685AG_11</imkl:bestandIdentificator>
			<imkl:ligging>
				<gml:LineString srsName="epsg:28992" srsDimension="2" gml:id="nl.imkl-KL4141.overig_data_5685AG_11_geo">
					<gml:posList>154589 389541 154577 389483</gml:posList>
				</gml:LineString>
			</imkl:ligging>
		</imkl:ExtraDetailinfo>
	</gml:featureMember>

</gml:FeatureCollection>