<?xml version="1.0" encoding="UTF-8" standalone="yes"?><Leveringsinformatie xmlns="http://www.kadaster.nl/schemas/klic/leveringsinformatie/v20180418" xmlns:xlink="http://www.w3.org/1999/xlink" xmlns:gml="http://www.opengis.net/gml/3.2"><version>2.2</version><bijlagePerLevering><soortBijlage>achtergrondkaart</soortBijlage><bestandLocatie>bronnen/GB_21O002488.png</bestandLocatie><bestandMediaType xlink:href="http://definities.geostandaarden.nl/imkl2015/id/waarde/BestandMediaTypeValue/PNG"/><bestandIdentificator>GB_21O002488</bestandIdentificator></bijlagePerLevering><bijlagePerLevering><soortBijlage>leveringsbrief</soortBijlage><bestandLocatie>LI_21O002488_1.pdf</bestandLocatie><bestandMediaType xlink:href="http://definities.geostandaarden.nl/imkl2015/id/waarde/BestandMediaTypeValue/PDF"/><bestandIdentificator>LI_21O002488_1</bestandIdentificator></bijlagePerLevering><bijlagePerLevering><soortBijlage>gebiedsinformatieLevering</soortBijlage><bestandLocatie>GI_gebiedsinformatielevering_21O002488_1.xml</bestandLocatie><bestandMediaType xlink:href="http://definities.geostandaarden.nl/imkl2015/id/waarde/BestandMediaTypeValue/XML"/><bestandIdentificator>GI_gebiedsinformatielevering_21O002488_1</bestandIdentificator></bijlagePerLevering><bijlagePerLevering><soortBijlage>gebiedsinformatieLevering</soortBijlage><bestandLocatie>GI_gebiedsinformatielevering_21O002488_1_V2.xml</bestandLocatie><bestandMediaType xlink:href="http://definities.geostandaarden.nl/imkl2015/id/waarde/BestandMediaTypeValue/XML"/><bestandIdentificator>GI_gebiedsinformatielevering_21O002488_1_V2</bestandIdentificator></bijlagePerLevering><pngFormaat><omsluitendeRechthoek><gml:Envelope srsName="urn:ogc:def:crs:EPSG::28992" srsDimension="2"><gml:lowerCorner>110960.0 524894.0</gml:lowerCorner><gml:upperCorner>113366.0 527193.0</gml:upperCorner></gml:Envelope></omsluitendeRechthoek><pixelsBreed>7218</pixelsBreed><pixelsHoog>6897</pixelsHoog></pngFormaat><belanghebbende><bronhoudercode>KL1051</bronhoudercode><beheerdersinformatieVersie>IMKL1.2</beheerdersinformatieVersie><bijlagePerNetbeheerder><soortBijlage>algemeen</soortBijlage><bestandLocatie>bronnen/KL1051/nl.imkl-KL1051_21O002488.BijlageAlgemeen.pdf</bestandLocatie><bestandMediaType xlink:href="http://definities.geostandaarden.nl/imkl2015/id/waarde/BestandMediaTypeValue/PDF"/><bestandIdentificator>nl.imkl-KL1051.BijlageAlgemeen</bestandIdentificator></bijlagePerNetbeheerder><beheerdersinformatie><thema xlink:href="http://definities.geostandaarden.nl/imkl2015/id/waarde/Thema/datatransport"/><eisVoorzorgmaatregel>false</eisVoorzorgmaatregel></beheerdersinformatie></belanghebbende><belanghebbende><bronhoudercode>KL1040</bronhoudercode><beheerdersinformatieVersie>IMKL1.2</beheerdersinformatieVersie><bijlagePerNetbeheerder><soortBijlage>algemeen</soortBijlage><bestandLocatie>bronnen/KL1040/nl.imkl-KL1040_21O002488.Liander_Klic_algemeen_2b50ad74_7e61_4915_85ad_c3ac1795019a.pdf</bestandLocatie><bestandMediaType xlink:href="http://definities.geostandaarden.nl/imkl2015/id/waarde/BestandMediaTypeValue/PDF"/><bestandIdentificator>nl.imkl-KL1040.Liander_Klic_algemeen_2b50ad74_7e61_4915_85ad_c3ac1795019a</bestandIdentificator></bijlagePerNetbeheerder><beheerdersinformatie><thema xlink:href="http://definities.geostandaarden.nl/imkl2015/id/waarde/Thema/middenspanning"/><eisVoorzorgmaatregel>false</eisVoorzorgmaatregel><themabijlagePerNetbeheerder><soortBijlage>profielschets</soortBijlage><bestandLocatie>bronnen/KL1040/nl.imkl-KL1040_21O002488.profielschets_Boring__gestuurd__754845025_a4db36fc_4add_4806_8594_896589edb481.pdf</bestandLocatie><bestandMediaType xlink:href="http://definities.geostandaarden.nl/imkl2015/id/waarde/BestandMediaTypeValue/PDF"/><bestandIdentificator>nl.imkl-KL1040.profielschets_Boring__gestuurd__754845025_a4db36fc_4add_4806_8594_896589edb481</bestandIdentificator></themabijlagePerNetbeheerder><themabijlagePerNetbeheerder><soortBijlage>profielschets</soortBijlage><bestandLocatie>bronnen/KL1040/nl.imkl-KL1040_21O002488.profielschets_Boring__gestuurd__1099713189076_9ad9f2d1_efff_43fc_8aaf_fcb26d5a74fd.pdf</bestandLocatie><bestandMediaType xlink:href="http://definities.geostandaarden.nl/imkl2015/id/waarde/BestandMediaTypeValue/PDF"/><bestandIdentificator>nl.imkl-KL1040.profielschets_Boring__gestuurd__1099713189076_9ad9f2d1_efff_43fc_8aaf_fcb26d5a74fd</bestandIdentificator></themabijlagePerNetbeheerder><themabijlagePerNetbeheerder><soortBijlage>profielschets</soortBijlage><bestandLocatie>bronnen/KL1040/nl.imkl-KL1040_21O002488.profielschets_Boring__gestuurd__503096241_29fe04b3_a16d_47a7_8bcc_38f6c2bf60dc.pdf</bestandLocatie><bestandMediaType xlink:href="http://definities.geostandaarden.nl/imkl2015/id/waarde/BestandMediaTypeValue/PDF"/><bestandIdentificator>nl.imkl-KL1040.profielschets_Boring__gestuurd__503096241_29fe04b3_a16d_47a7_8bcc_38f6c2bf60dc</bestandIdentificator></themabijlagePerNetbeheerder><themabijlagePerNetbeheerder><soortBijlage>profielschets</soortBijlage><bestandLocatie>bronnen/KL1040/nl.imkl-KL1040_21O002488.profielschets_Boring__gestuurd__503838305_5eb910ae_e661_49a7_ae3d_1a2eee89716d.pdf</bestandLocatie><bestandMediaType xlink:href="http://definities.geostandaarden.nl/imkl2015/id/waarde/BestandMediaTypeValue/PDF"/><bestandIdentificator>nl.imkl-KL1040.profielschets_Boring__gestuurd__503838305_5eb910ae_e661_49a7_ae3d_1a2eee89716d</bestandIdentificator></themabijlagePerNetbeheerder><themabijlagePerNetbeheerder><soortBijlage>profielschets</soortBijlage><bestandLocatie>bronnen/KL1040/nl.imkl-KL1040_21O002488.profielschets_Boring__gestuurd__503838326_5a2e623c_793e_4e3f_bab0_30021da48360.pdf</bestandLocatie><bestandMediaType xlink:href="http://definities.geostandaarden.nl/imkl2015/id/waarde/BestandMediaTypeValue/PDF"/><bestandIdentificator>nl.imkl-KL1040.profielschets_Boring__gestuurd__503838326_5a2e623c_793e_4e3f_bab0_30021da48360</bestandIdentificator></themabijlagePerNetbeheerder><themabijlagePerNetbeheerder><soortBijlage>profielschets</soortBijlage><bestandLocatie>bronnen/KL1040/nl.imkl-KL1040_21O002488.profielschets_Boring__gestuurd__503096201_21174347_b8fb_46d4_9fd9_66c9847d19bd.pdf</bestandLocatie><bestandMediaType xlink:href="http://definities.geostandaarden.nl/imkl2015/id/waarde/BestandMediaTypeValue/PDF"/><bestandIdentificator>nl.imkl-KL1040.profielschets_Boring__gestuurd__503096201_21174347_b8fb_46d4_9fd9_66c9847d19bd</bestandIdentificator></themabijlagePerNetbeheerder><themabijlagePerNetbeheerder><soortBijlage>profielschets</soortBijlage><bestandLocatie>bronnen/KL1040/nl.imkl-KL1040_21O002488.profielschets_Boring__gestuurd__754845046_eb650dee_cf2b_42b3_b279_a4c671f9946b.pdf</bestandLocatie><bestandMediaType xlink:href="http://definities.geostandaarden.nl/imkl2015/id/waarde/BestandMediaTypeValue/PDF"/><bestandIdentificator>nl.imkl-KL1040.profielschets_Boring__gestuurd__754845046_eb650dee_cf2b_42b3_b279_a4c671f9946b</bestandIdentificator></themabijlagePerNetbeheerder><themabijlagePerNetbeheerder><soortBijlage>profielschets</soortBijlage><bestandLocatie>bronnen/KL1040/nl.imkl-KL1040_21O002488.profielschets_Boring__gestuurd__754845101_620f7534_0cbe_427f_a40d_182de5e4ea21.pdf</bestandLocatie><bestandMediaType xlink:href="http://definities.geostandaarden.nl/imkl2015/id/waarde/BestandMediaTypeValue/PDF"/><bestandIdentificator>nl.imkl-KL1040.profielschets_Boring__gestuurd__754845101_620f7534_0cbe_427f_a40d_182de5e4ea21</bestandIdentificator></themabijlagePerNetbeheerder></beheerdersinformatie><beheerdersinformatie><thema xlink:href="http://definities.geostandaarden.nl/imkl2015/id/waarde/Thema/gasHogeDruk"/><eisVoorzorgmaatregel>true</eisVoorzorgmaatregel><themabijlagePerNetbeheerder><soortBijlage>profielschets</soortBijlage><bestandLocatie>bronnen/KL1040/nl.imkl-KL1040_21O002488.profielschets_Zinker_381765858_fe17ba69_caf3_4af9_843c_c8bd7334f6ef.pdf</bestandLocatie><bestandMediaType xlink:href="http://definities.geostandaarden.nl/imkl2015/id/waarde/BestandMediaTypeValue/PDF"/><bestandIdentificator>nl.imkl-KL1040.profielschets_Zinker_381765858_fe17ba69_caf3_4af9_843c_c8bd7334f6ef</bestandIdentificator></themabijlagePerNetbeheerder><themabijlagePerNetbeheerder><soortBijlage>profielschets</soortBijlage><bestandLocatie>bronnen/KL1040/nl.imkl-KL1040_21O002488.profielschets_Zinker__boog__785222229_242e12c4_848a_4eaa_8683_c23cbed32b86.pdf</bestandLocatie><bestandMediaType xlink:href="http://definities.geostandaarden.nl/imkl2015/id/waarde/BestandMediaTypeValue/PDF"/><bestandIdentificator>nl.imkl-KL1040.profielschets_Zinker__boog__785222229_242e12c4_848a_4eaa_8683_c23cbed32b86</bestandIdentificator></themabijlagePerNetbeheerder><themabijlagePerNetbeheerder><soortBijlage>eisVoorzorgsmaatregel</soortBijlage><bestandLocatie>bronnen/KL1040/nl.imkl-KL1040_21O002488.EvOrientatie.008_gasHogeDruk.pdf</bestandLocatie><bestandMediaType xlink:href="http://definities.geostandaarden.nl/imkl2015/id/waarde/BestandMediaTypeValue/PDF"/><bestandIdentificator>nl.imkl-KL1040.EvOrientatie.008_gasHogeDruk</bestandIdentificator></themabijlagePerNetbeheerder></beheerdersinformatie><beheerdersinformatie><thema xlink:href="http://definities.geostandaarden.nl/imkl2015/id/waarde/Thema/gasLageDruk"/><eisVoorzorgmaatregel>false</eisVoorzorgmaatregel><themabijlagePerNetbeheerder><soortBijlage>profielschets</soortBijlage><bestandLocatie>bronnen/KL1040/nl.imkl-KL1040_21O002488.profielschets_Boring__gestuurd__381516446_83e15b9f_83d9_408b_91fc_9b06d28d0758.pdf</bestandLocatie><bestandMediaType xlink:href="http://definities.geostandaarden.nl/imkl2015/id/waarde/BestandMediaTypeValue/PDF"/><bestandIdentificator>nl.imkl-KL1040.profielschets_Boring__gestuurd__381516446_83e15b9f_83d9_408b_91fc_9b06d28d0758</bestandIdentificator></themabijlagePerNetbeheerder><themabijlagePerNetbeheerder><soortBijlage>profielschets</soortBijlage><bestandLocatie>bronnen/KL1040/nl.imkl-KL1040_21O002488.profielschets_Boring__gestuurd__381516467_c256fdbc_5819_4059_bb44_a9a918d006ed.pdf</bestandLocatie><bestandMediaType xlink:href="http://definities.geostandaarden.nl/imkl2015/id/waarde/BestandMediaTypeValue/PDF"/><bestandIdentificator>nl.imkl-KL1040.profielschets_Boring__gestuurd__381516467_c256fdbc_5819_4059_bb44_a9a918d006ed</bestandIdentificator></themabijlagePerNetbeheerder><themabijlagePerNetbeheerder><soortBijlage>profielschets</soortBijlage><bestandLocatie>bronnen/KL1040/nl.imkl-KL1040_21O002488.profielschets_Boring__gestuurd__381523814_46a6f935_14b9_49dd_91fd_837263f4767e.pdf</bestandLocatie><bestandMediaType xlink:href="http://definities.geostandaarden.nl/imkl2015/id/waarde/BestandMediaTypeValue/PDF"/><bestandIdentificator>nl.imkl-KL1040.profielschets_Boring__gestuurd__381523814_46a6f935_14b9_49dd_91fd_837263f4767e</bestandIdentificator></themabijlagePerNetbeheerder><themabijlagePerNetbeheerder><soortBijlage>profielschets</soortBijlage><bestandLocatie>bronnen/KL1040/nl.imkl-KL1040_21O002488.profielschets_Boring__gestuurd__381523859_e119b3d0_a938_4157_a25f_3a3f8c9ac75f.pdf</bestandLocatie><bestandMediaType xlink:href="http://definities.geostandaarden.nl/imkl2015/id/waarde/BestandMediaTypeValue/PDF"/><bestandIdentificator>nl.imkl-KL1040.profielschets_Boring__gestuurd__381523859_e119b3d0_a938_4157_a25f_3a3f8c9ac75f</bestandIdentificator></themabijlagePerNetbeheerder><themabijlagePerNetbeheerder><soortBijlage>profielschets</soortBijlage><bestandLocatie>bronnen/KL1040/nl.imkl-KL1040_21O002488.profielschets_Boring__gestuurd__381523883_8c8e8767_18dd_4763_ad88_c3d98b8dbded.pdf</bestandLocatie><bestandMediaType xlink:href="http://definities.geostandaarden.nl/imkl2015/id/waarde/BestandMediaTypeValue/PDF"/><bestandIdentificator>nl.imkl-KL1040.profielschets_Boring__gestuurd__381523883_8c8e8767_18dd_4763_ad88_c3d98b8dbded</bestandIdentificator></themabijlagePerNetbeheerder><themabijlagePerNetbeheerder><soortBijlage>profielschets</soortBijlage><bestandLocatie>bronnen/KL1040/nl.imkl-KL1040_21O002488.profielschets_Boring__gestuurd__381523838_f88763c7_b263_47fb_91da_cb829b261023.pdf</bestandLocatie><bestandMediaType xlink:href="http://definities.geostandaarden.nl/imkl2015/id/waarde/BestandMediaTypeValue/PDF"/><bestandIdentificator>nl.imkl-KL1040.profielschets_Boring__gestuurd__381523838_f88763c7_b263_47fb_91da_cb829b261023</bestandIdentificator></themabijlagePerNetbeheerder><themabijlagePerNetbeheerder><soortBijlage>profielschets</soortBijlage><bestandLocatie>bronnen/KL1040/nl.imkl-KL1040_21O002488.profielschets_Zinker_381113253_23584382_9387_489d_9172_d9fee57f30de.pdf</bestandLocatie><bestandMediaType xlink:href="http://definities.geostandaarden.nl/imkl2015/id/waarde/BestandMediaTypeValue/PDF"/><bestandIdentificator>nl.imkl-KL1040.profielschets_Zinker_381113253_23584382_9387_489d_9172_d9fee57f30de</bestandIdentificator></themabijlagePerNetbeheerder><themabijlagePerNetbeheerder><soortBijlage>profielschets</soortBijlage><bestandLocatie>bronnen/KL1040/nl.imkl-KL1040_21O002488.profielschets_Boring__gestuurd__381568701_c8eef783_6565_4c34_9c79_f07f30e4c21b.pdf</bestandLocatie><bestandMediaType xlink:href="http://definities.geostandaarden.nl/imkl2015/id/waarde/BestandMediaTypeValue/PDF"/><bestandIdentificator>nl.imkl-KL1040.profielschets_Boring__gestuurd__381568701_c8eef783_6565_4c34_9c79_f07f30e4c21b</bestandIdentificator></themabijlagePerNetbeheerder><themabijlagePerNetbeheerder><soortBijlage>overig</soortBijlage><bestandLocatie>bronnen/KL1040/nl.imkl-KL1040_21O002488.overig_0a95510f_9be3_4480_ac08_480723125d3a.pdf</bestandLocatie><bestandMediaType xlink:href="http://definities.geostandaarden.nl/imkl2015/id/waarde/BestandMediaTypeValue/PDF"/><bestandIdentificator>nl.imkl-KL1040.overig_0a95510f_9be3_4480_ac08_480723125d3a</bestandIdentificator></themabijlagePerNetbeheerder></beheerdersinformatie><beheerdersinformatie><thema xlink:href="http://definities.geostandaarden.nl/imkl2015/id/waarde/Thema/laagspanning"/><eisVoorzorgmaatregel>false</eisVoorzorgmaatregel><themabijlagePerNetbeheerder><soortBijlage>profielschets</soortBijlage><bestandLocatie>bronnen/KL1040/nl.imkl-KL1040_21O002488.profielschets_Boring__gestuurd__507114166_efc72168_a16f_4e30_9373_14e03d28d46f.pdf</bestandLocatie><bestandMediaType xlink:href="http://definities.geostandaarden.nl/imkl2015/id/waarde/BestandMediaTypeValue/PDF"/><bestandIdentificator>nl.imkl-KL1040.profielschets_Boring__gestuurd__507114166_efc72168_a16f_4e30_9373_14e03d28d46f</bestandIdentificator></themabijlagePerNetbeheerder><themabijlagePerNetbeheerder><soortBijlage>profielschets</soortBijlage><bestandLocatie>bronnen/KL1040/nl.imkl-KL1040_21O002488.profielschets_Boring__gestuurd__506736287_af176a7c_bc15_4960_9fe2_522ff6f5c0cb.pdf</bestandLocatie><bestandMediaType xlink:href="http://definities.geostandaarden.nl/imkl2015/id/waarde/BestandMediaTypeValue/PDF"/><bestandIdentificator>nl.imkl-KL1040.profielschets_Boring__gestuurd__506736287_af176a7c_bc15_4960_9fe2_522ff6f5c0cb</bestandIdentificator></themabijlagePerNetbeheerder><themabijlagePerNetbeheerder><soortBijlage>profielschets</soortBijlage><bestandLocatie>bronnen/KL1040/nl.imkl-KL1040_21O002488.profielschets_Boring__gestuurd__59614157876463_a8744d70_aaa1_4322_b81d_cadaac563ed0.pdf</bestandLocatie><bestandMediaType xlink:href="http://definities.geostandaarden.nl/imkl2015/id/waarde/BestandMediaTypeValue/PDF"/><bestandIdentificator>nl.imkl-KL1040.profielschets_Boring__gestuurd__59614157876463_a8744d70_aaa1_4322_b81d_cadaac563ed0</bestandIdentificator></themabijlagePerNetbeheerder></beheerdersinformatie></belanghebbende><belanghebbende><bronhoudercode>PV0027</bronhoudercode><beheerdersinformatieVersie>IMKL1.2</beheerdersinformatieVersie><beheerdersinformatie><thema xlink:href="http://definities.geostandaarden.nl/imkl2015/id/waarde/Thema/water"/><eisVoorzorgmaatregel>false</eisVoorzorgmaatregel></beheerdersinformatie><beheerdersinformatie><thema xlink:href="http://definities.geostandaarden.nl/imkl2015/id/waarde/Thema/laagspanning"/><eisVoorzorgmaatregel>false</eisVoorzorgmaatregel></beheerdersinformatie></belanghebbende></Leveringsinformatie>