<?xml version="1.0" encoding="UTF-8"?>
<!-- bestandsnaam: netinformatie KL3131 - 2017-12-01 (demo Best).xml -->
<!-- bron: Kadaster-Klic -->
<!-- _____________________________________________________________________
Toelichting:
Dit is een voorbeeld van netinformatie van bronhouder KL3131 gelegen in de plaats Best.
De gebruikte voorbeeld-features zijn bedoeld voor demo-doeleinden en zijn niet bedoeld
om een representatie te geven van de werkelijke situatie ter plaatse.
De inhoud is gebaseerd op de definities uit IMKL2015, versie 1.2.1.

Het voorbeeld is bedoeld om netinformatie met ExtraDetailInfo te actualiseren.
In het voorbeeld zijn van het IMKL-thema 'middenspanning' een Utiliteitsnet met een aantal
features opgenomen, waaronder ExtraDetailInfo.
De volgende features zijn opgenomen:
	- Utiliteitsnet 'middenspanning' (netMS077) (#1), met:
	- Elektriciteitskabel (#1)
	- UtilityLink (#1)
	- ExtraDetailInfo 'profielschets' (#2)
______________________________________________________________________ -->

<gml:FeatureCollection 
xmlns:imkl="http://www.geostandaarden.nl/imkl/2015/wion/1.2"
xmlns:gml="http://www.opengis.net/gml/3.2" 
xmlns:xsi="http://www.w3.org/2001/XMLSchema-instance" 
xmlns:xlink="http://www.w3.org/1999/xlink" 
xmlns:net="http://inspire.ec.europa.eu/schemas/net/4.0" 
xmlns:base="http://inspire.ec.europa.eu/schemas/base/3.3" 
xmlns:base2="http://inspire.ec.europa.eu/schemas/base2/2.0" 
xmlns:us-net-common="http://inspire.ec.europa.eu/schemas/us-net-common/4.0" 
xmlns:us-net-ogc="http://inspire.ec.europa.eu/schemas/us-net-ogc/4.0" 
xmlns:us-net-el="http://inspire.ec.europa.eu/schemas/us-net-el/4.0" 
xmlns:us-net-sw="http://inspire.ec.europa.eu/schemas/us-net-sw/4.0" 
xmlns:us-net-tc="http://inspire.ec.europa.eu/schemas/us-net-tc/4.0" 
xmlns:us-net-th="http://inspire.ec.europa.eu/schemas/us-net-th/4.0" 
xmlns:us-net-wa="http://inspire.ec.europa.eu/schemas/us-net-wa/4.0" 
gml:id="ID_netinformatie_KL3131_2017-12-01" 
xsi:schemaLocation="http://www.geostandaarden.nl/imkl/2015/wion/1.2 http://register.geostandaarden.nl/gmlapplicatieschema/imkl2015/1.2.1/imkl2015-wion.xsd">

	<!-- Utiliteitsnet -->
	<gml:featureMember>
		<imkl:Utiliteitsnet gml:id="nl.imkl-KL3131.netMS077">
			<us-net-common:utilityNetworkType xlink:href="http://inspire.ec.europa.eu/codelist/UtilityNetworkTypeValue/electricity"/>
			<us-net-common:authorityRole xlink:href="http://inspire.ec.europa.eu/codelist/RelatedPartyRoleValue/operator"/>
			<imkl:identificatie>
				<imkl:NEN3610ID>
					<imkl:namespace>nl.imkl</imkl:namespace>
					<imkl:lokaalID>KL3131.netMS077</imkl:lokaalID>
				</imkl:NEN3610ID>
			</imkl:identificatie>
			<imkl:beginLifespanVersion>2001-12-17T09:30:47.00+01:00</imkl:beginLifespanVersion>
			<imkl:thema xlink:href="http://definities.geostandaarden.nl/imkl2015/id/waarde/Thema/middenspanning"/>
		</imkl:Utiliteitsnet>
	</gml:featureMember>

	<!-- Elektriciteitskabel -->
	<gml:featureMember>
		<imkl:Elektriciteitskabel gml:id="nl.imkl-KL3131.ms09076">
			<net:beginLifespanVersion>2001-12-17T09:30:47.00+01:00</net:beginLifespanVersion>
			<net:inspireId>
				<base:Identifier>
					<base:localId>KL3131.ms09076</base:localId>
					<base:namespace>nl.imkl</base:namespace>
				</base:Identifier>
			</net:inspireId>
			<net:inNetwork xlink:href="nl.imkl-KL3131.netMS077"/>
			<net:link xlink:href="nl.imkl-KL3131.ulink_ms09076"/>
			<us-net-common:currentStatus xlink:href="http://inspire.ec.europa.eu/codelist/ConditionOfFacilityValue/functional"/>
			<us-net-common:validFrom>1996-12-25T00:00:00+01:00</us-net-common:validFrom>
			<us-net-common:verticalPosition>underground</us-net-common:verticalPosition>
			<us-net-common:utilityDeliveryType xlink:href="http://inspire.ec.europa.eu/codelist/UtilityDeliveryTypeValue/transport"></us-net-common:utilityDeliveryType>
			<us-net-common:warningType  xsi:nil="true"/>
			<us-net-el:operatingVoltage uom="urn:ogc:def:uom:OGC::V">230</us-net-el:operatingVoltage>
			<us-net-el:nominalVoltage uom="urn:ogc:def:uom:OGC::V">230</us-net-el:nominalVoltage>
			<imkl:geoNauwkeurigheidXY xlink:href="http://definities.geostandaarden.nl/imkl2015/id/waarde/NauwkeurigheidXYvalue/tot100cm"></imkl:geoNauwkeurigheidXY>
			<imkl:label>Kabelgroep: BST6531</imkl:label>
			<imkl:omschrijving>Aansluitkabel met functie OV</imkl:omschrijving>
		</imkl:Elektriciteitskabel>
	</gml:featureMember>

	<!-- ExtraDetailInfo - 2 profielschetsen-->
	<gml:featureMember>
		<imkl:ExtraDetailinfo gml:id="nl.imkl-KL3131.edi155_netMS077_DWARS">
			<imkl:identificatie>
				<imkl:NEN3610ID>
					<imkl:namespace>nl.imkl</imkl:namespace>
					<imkl:lokaalID>KL3131.edi155_netMS077_DWARS</imkl:lokaalID>
				</imkl:NEN3610ID>
			</imkl:identificatie>
			<imkl:beginLifespanVersion>2001-12-17T09:30:47.00+01:00</imkl:beginLifespanVersion>
			<imkl:label>dwarsprofiel</imkl:label>
			<imkl:omschrijving>Voor meer details: zie meegeleverde profielschets</imkl:omschrijving>
			<imkl:inNetwork xlink:href="nl.imkl-KL3131.netMS077"/>
			<imkl:extraInfoType xlink:href="http://definities.geostandaarden.nl/imkl2015/id/waarde/ExtraDetailInfoTypeValue/profielschets"/>
			<imkl:bestandIdentificator>nl.imkl-KL3131.pf_boringMS_dwars_5684PB,Best,Bataweg</imkl:bestandIdentificator>
			<imkl:ligging>
				<gml:Polygon srsName="urn:ogc:def:crs:EPSG::28992" srsDimension="2" gml:id="nl.imkl-KL3131.edi155_netMS077_DWARS_geo">
					<gml:exterior>
						<gml:LinearRing>
							<gml:posList>155247 389158 155283 389170 155318 389206 155384 389258 155384 389281 155327 389253 155283 389190 155247 389182 155247 389158</gml:posList>
						</gml:LinearRing>
					</gml:exterior>
				</gml:Polygon>
			</imkl:ligging>
		</imkl:ExtraDetailinfo>
	</gml:featureMember>
	<gml:featureMember>
		<imkl:ExtraDetailinfo gml:id="nl.imkl-KL3131.edi155_netMS077_LENGTE">
			<imkl:identificatie>
				<imkl:NEN3610ID>
					<imkl:namespace>nl.imkl</imkl:namespace>
					<imkl:lokaalID>KL3131.edi155_netMS077_LENGTE</imkl:lokaalID>
				</imkl:NEN3610ID>
			</imkl:identificatie>
			<imkl:beginLifespanVersion>2001-12-17T09:30:47.00+01:00</imkl:beginLifespanVersion>
			<imkl:label>lengteprofiel</imkl:label>
			<imkl:omschrijving>Voor meer details: zie meegeleverde profielschets</imkl:omschrijving>
			<imkl:inNetwork xlink:href="nl.imkl-KL3131.netMS077"/>
			<imkl:extraInfoType xlink:href="http://definities.geostandaarden.nl/imkl2015/id/waarde/ExtraDetailInfoTypeValue/profielschets"/>
			<imkl:bestandIdentificator>nl.imkl-KL3131.pf_boringMS_lengte_5684PB,Best,Bataweg</imkl:bestandIdentificator>
			<imkl:ligging>
				<gml:Polygon srsName="urn:ogc:def:crs:EPSG::28992" srsDimension="2" gml:id="nl.imkl-KL3131.edi155_netMS077_LENGTE_geo">
					<gml:exterior>
						<gml:LinearRing>
							<gml:posList>155247 389158 155283 389170 155318 389206 155384 389258 155384 389281 155327 389253 155283 389190 155247 389182 155247 389158</gml:posList>
						</gml:LinearRing>
					</gml:exterior>
				</gml:Polygon>
			</imkl:ligging>
		</imkl:ExtraDetailinfo>
	</gml:featureMember>

	<!-- UtilityLink -->
	<gml:featureMember>
		<us-net-common:UtilityLink gml:id="nl.imkl-KL3131.ulink_ms09076">
			<net:beginLifespanVersion>2001-12-17T09:30:47.00+01:00</net:beginLifespanVersion>
			<net:inspireId>
				<base:Identifier>
					<base:localId>KL3131.ulink_ms09076</base:localId>
					<base:namespace>nl.imkl</base:namespace>
				</base:Identifier>
			</net:inspireId>
			<net:inNetwork xlink:href="nl.imkl-KL3131.netMS077"/>
			<net:centrelineGeometry>
				<gml:Curve srsName="urn:ogc:def:crs:EPSG::28992" srsDimension="2" gml:id="nl.imkl-KL3131.ulink_ms09076_geo">
					<gml:segments>
						<gml:LineStringSegment>
							<gml:posList>155919 389513 155618 389347 155384 389270 155322 389240 155283 389180 155247 389170 155211 389137 155228 389074 155222 388901</gml:posList>
						</gml:LineStringSegment>
					</gml:segments>
				</gml:Curve>
			</net:centrelineGeometry>
			<net:fictitious>false</net:fictitious>
			<us-net-common:currentStatus xlink:href="http://inspire.ec.europa.eu/codelist/ConditionOfFacilityValue/functional"/>
			<us-net-common:validFrom>2001-12-17T09:30:47.00+01:00</us-net-common:validFrom>
			<us-net-common:verticalPosition xsi:nil="true" nilReason="Unknown"/>
		</us-net-common:UtilityLink>
	</gml:featureMember>

</gml:FeatureCollection>