<?xml version="1.0" encoding="UTF-8"?>
<!-- bestandsnaam: netinformatie KL5151 - 2017-12-01 (demo Best).xml -->
<!-- bron: Kadaster-Klic -->
<!-- _____________________________________________________________________
Toelichting:
Dit is een voorbeeld van netinformatie van bronhouder KL5151 gelegen in de plaats Best.
De gebruikte voorbeeld-features zijn bedoeld voor demo-doeleinden en zijn niet bedoeld
om een representatie te geven van de werkelijke situatie ter plaatse.
De inhoud is gebaseerd op de definities uit IMKL2015, versie 1.2.1.

Het voorbeeld is bedoeld om netinformatie met ExtraDetailInfo te actualiseren.
In het voorbeeld zijn van het IMKL-thema 'datatransport' een Utiliteitsnet met een aantal
features opgenomen, waaronder ExtraDetailInfo.
De volgende features zijn opgenomen:
	- Utiliteitsnet 'datatransport' (NW_data521) (#1), met:
	- Telecommunicatiekabel (#1)
	- UtilityLink (#1)
	- ExtraDetailInfo 'huisaansluiting' (#1)
______________________________________________________________________ -->

<gml:FeatureCollection 
xmlns:imkl="http://www.geostandaarden.nl/imkl/2015/wion/1.2"
xmlns:gml="http://www.opengis.net/gml/3.2" 
xmlns:xsi="http://www.w3.org/2001/XMLSchema-instance" 
xmlns:xlink="http://www.w3.org/1999/xlink" 
xmlns:net="http://inspire.ec.europa.eu/schemas/net/4.0" 
xmlns:base="http://inspire.ec.europa.eu/schemas/base/3.3" 
xmlns:base2="http://inspire.ec.europa.eu/schemas/base2/2.0" 
xmlns:us-net-common="http://inspire.ec.europa.eu/schemas/us-net-common/4.0" 
xmlns:us-net-ogc="http://inspire.ec.europa.eu/schemas/us-net-ogc/4.0" 
xmlns:us-net-el="http://inspire.ec.europa.eu/schemas/us-net-el/4.0" 
xmlns:us-net-sw="http://inspire.ec.europa.eu/schemas/us-net-sw/4.0" 
xmlns:us-net-tc="http://inspire.ec.europa.eu/schemas/us-net-tc/4.0" 
xmlns:us-net-th="http://inspire.ec.europa.eu/schemas/us-net-th/4.0" 
xmlns:us-net-wa="http://inspire.ec.europa.eu/schemas/us-net-wa/4.0" 
gml:id="ID_netinformatie_KL5151_2017-12-01" 
xsi:schemaLocation="http://www.geostandaarden.nl/imkl/2015/wion/1.2 http://register.geostandaarden.nl/gmlapplicatieschema/imkl2015/1.2.1/imkl2015-wion.xsd">

	<!-- Utiliteitsnet -->
	<gml:featureMember>
		<imkl:Utiliteitsnet gml:id="nl.imkl-KL5151.NW_data521">
			<us-net-common:utilityNetworkType xlink:href="http://inspire.ec.europa.eu/codelist/UtilityNetworkTypeValue/telecommunications"/>
			<us-net-common:authorityRole xlink:href="http://inspire.ec.europa.eu/codelist/RelatedPartyRoleValue/operator"/>
			<imkl:identificatie>
				<imkl:NEN3610ID>
					<imkl:namespace>nl.imkl</imkl:namespace>
					<imkl:lokaalID>KL5151.NW_data521</imkl:lokaalID>
				</imkl:NEN3610ID>
			</imkl:identificatie>
			<imkl:beginLifespanVersion>2001-12-17T09:30:47.00+01:00</imkl:beginLifespanVersion>
			<imkl:thema xlink:href="http://definities.geostandaarden.nl/imkl2015/id/waarde/Thema/datatransport"/>
		</imkl:Utiliteitsnet>
	</gml:featureMember>

	<!-- Telecommunicatiekabel -->
	<gml:featureMember>
		<imkl:Telecommunicatiekabel gml:id="nl.imkl-KL5151.data_53301">
			<net:beginLifespanVersion>2001-12-17T09:30:47.00+01:00</net:beginLifespanVersion>
			<net:inspireId>
				<base:Identifier>
					<base:localId>KL5151.data_53301</base:localId>
					<base:namespace>nl.imkl</base:namespace>
				</base:Identifier>
			</net:inspireId>
			<net:inNetwork xlink:href="nl.imkl-KL5151.NW_data521"/>
			<net:link xlink:href="nl.imkl-KL5151.ulink_data_53301"/>
			<us-net-common:currentStatus xlink:href="http://inspire.ec.europa.eu/codelist/ConditionOfFacilityValue/functional"/>
			<us-net-common:validFrom>1996-12-25T00:00:00+01:00</us-net-common:validFrom>
			<us-net-common:verticalPosition>underground</us-net-common:verticalPosition>
			<us-net-common:utilityDeliveryType xlink:href="http://inspire.ec.europa.eu/codelist/UtilityDeliveryTypeValue/transport"></us-net-common:utilityDeliveryType>
			<us-net-common:warningType  xlink:href="http://inspire.ec.europa.eu/codelist/WarningTypeValue/tape"/>
			<us-net-tc:telecommunicationsCableMaterialType  xlink:href="http://definities.geostandaarden.nl/imkl2015/id/waarde/TelecommunicationsCableMaterialTypeIMKLValue/opticalFiber"/>
			<imkl:geoNauwkeurigheidXY xlink:href="http://definities.geostandaarden.nl/imkl2015/id/waarde/NauwkeurigheidXYvalue/tot50cm"/>
			<imkl:toelichting>Hoofdaansluitikabel uitbreidingswijk Best/West</imkl:toelichting>
			<imkl:label>Hoofdaansluitkabel: BST-53301</imkl:label>
			<imkl:omschrijving>Aansluitkabel met functie datatransport</imkl:omschrijving>
			<imkl:kabelDiameter uom="urn:ogc:def:uom:OGC::cm">16</imkl:kabelDiameter>
		</imkl:Telecommunicatiekabel>
	</gml:featureMember>

	<!-- ExtraDetailInfo - 1 huisaansluiting-->
	<gml:featureMember>
		<imkl:ExtraDetailinfo gml:id="nl.imkl-KL5151.has_data_0753010000009963">
			<imkl:identificatie>
				<imkl:NEN3610ID>
					<imkl:namespace>nl.imkl</imkl:namespace>
					<imkl:lokaalID>KL5151.has_data_0753010000009963</imkl:lokaalID>
				</imkl:NEN3610ID>
			</imkl:identificatie>
			<imkl:beginLifespanVersion>2001-12-17T09:30:47.00+01:00</imkl:beginLifespanVersion>
			<imkl:label>HAS</imkl:label>
			<imkl:omschrijving>Voor meer details: zie meegeleverde huisaansluiting</imkl:omschrijving>
			<imkl:inNetwork xlink:href="nl.imkl-KL5151.NW_data521"/>
			<imkl:adres>
				<imkl:Adres>
					<imkl:openbareRuimteNaam>Aardheuvel</imkl:openbareRuimteNaam>
					<imkl:huisnummer>30</imkl:huisnummer>
					<imkl:woonplaatsNaam>Best</imkl:woonplaatsNaam>
					<imkl:postcode>5685AC</imkl:postcode>
					<imkl:BAGidAdresseerbaarObject>0753010000009963</imkl:BAGidAdresseerbaarObject>
				</imkl:Adres>
			</imkl:adres>
			<imkl:extraInfoType xlink:href="http://definities.geostandaarden.nl/imkl2015/id/waarde/ExtraDetailInfoTypeValue/huisaansluiting"/>
			<imkl:bestandIdentificator>nl.imkl-KL5151.HAS_data_5685AC_30</imkl:bestandIdentificator>
			<imkl:ligging>
				<gml:Point srsName="urn:ogc:def:crs:EPSG::28992" srsDimension="2" gml:id="nl.imkl-KL5151.has_data_0753010000009963_geo">
					<gml:pos>154657.572 389715.532</gml:pos>
				</gml:Point>
			</imkl:ligging>
		</imkl:ExtraDetailinfo>
	</gml:featureMember>

	<!-- UtilityLink -->
	<gml:featureMember>
		<us-net-common:UtilityLink gml:id="nl.imkl-KL5151.ulink_data_53301">
			<net:beginLifespanVersion>2001-12-17T09:30:47.00+01:00</net:beginLifespanVersion>
			<net:inspireId>
				<base:Identifier>
					<base:localId>KL5151.ulink_data_53301</base:localId>
					<base:namespace>nl.imkl</base:namespace>
				</base:Identifier>
			</net:inspireId>
			<net:inNetwork xlink:href="nl.imkl-KL5151.NW_data521"/>
			<net:centrelineGeometry>
				<gml:Curve srsName="urn:ogc:def:crs:EPSG::28992" srsDimension="2" gml:id="nl.imkl-KL5151.ulink_data_53301_geo">
					<gml:segments>
						<gml:LineStringSegment>
							<gml:posList>154975 388798 154944 388829 154904 388920 154884 389217 154928 389446 154872 389576 154414 390395 154394 390462 154382 390517</gml:posList>
						</gml:LineStringSegment>
					</gml:segments>
				</gml:Curve>
			</net:centrelineGeometry>
			<net:fictitious>false</net:fictitious>
			<us-net-common:currentStatus xlink:href="http://inspire.ec.europa.eu/codelist/ConditionOfFacilityValue/projected"/>
			<us-net-common:validFrom>2001-12-17T09:30:47.00+01:00</us-net-common:validFrom>
			<us-net-common:verticalPosition xsi:nil="true" nilReason="Unknown"/>
		</us-net-common:UtilityLink>
	</gml:featureMember>

</gml:FeatureCollection>