<?xml version="1.0" encoding="UTF-8"?>
<!-- bestandsnaam: Voorbeeld GebiedsinformatieLevering 17O100038.xml -->
<!-- bron: Kadaster-KLIC -->
<!-- _____________________________________________________________________	-->
<!-- toelichting:  -->
<!-- Voorbeeld van een levering van gebiedsinformatie bij Kadaster-KLIC. 					-->
<!-- De gebruikte voorbeeld-features zijn bedoeld voor demo-doeleinden en zijn niet bedoeld	-->
<!-- om een representatie te geven van de werkelijke situatie ter plaatse. 					-->
<!-- De inhoud is gebaseerd op de definities uit IMKL2015, versie 1.2.1 					-->
<!-- -->
<!-- Het voorbeeld is niet compleet uitgewerkt, maar laat zien hoe een levering er uit kan 	-->
<!-- zien waarbij sprake is van eis voorzorgsmaatregelen. De focus ligt op deze aspecten.	-->
<!-- De volgende features zijn opgenomen:						-->
<!--   - GebiedsinformatieAanvraag 17O100038 (#1)				-->
<!--   - Orientatiepolygoon (#1)								-->
<!-- met beheerdersinformatie:									-->
<!--   - Belanghebbende KL3131 									-->
<!--   - Beheerder KL3131 										-->
<!--   - EisVoorzorgsmaatregelBijlage (#1) 						-->
<!--   - Belang (#1) 											-->
<!-- en bijbehorende netinformatie:								-->
<!--   Utiliteitsnet 'gasHogeDruk' (netGHD37) (#1), met			-->
<!--   - OlieGasChemicalienPijpleiding (#1)						-->
<!--   - TechnischGebouw (#1) met ExtraGeometrie (#1)			-->
<!--   - AanduidingEisVoorzorgsmaatregel (#1)					-->
<!--   - UtilityLink (#1)										-->
<!--   Utiliteitsnet 'gasLageDruk' (netGLD90) (#1), met			-->
<!--   - OlieGasChemicalienPijpleiding (#1)						-->
<!--   - UtilityLink (#1)										-->
<!-- _____________________________________________________________________	-->

<gml:FeatureCollection 
xmlns:imkl="http://www.geostandaarden.nl/imkl/2015/wion/1.2" 
xmlns:us-net-wa="http://inspire.ec.europa.eu/schemas/us-net-wa/4.0" 
xmlns:us-net-sw="http://inspire.ec.europa.eu/schemas/us-net-sw/4.0" 
xmlns:us-net-th="http://inspire.ec.europa.eu/schemas/us-net-th/4.0" 
xmlns:us-net-common="http://inspire.ec.europa.eu/schemas/us-net-common/4.0" 
xmlns:us-net-el="http://inspire.ec.europa.eu/schemas/us-net-el/4.0" 
xmlns:us-net-tc="http://inspire.ec.europa.eu/schemas/us-net-tc/4.0" 
xmlns:us-net-ogc="http://inspire.ec.europa.eu/schemas/us-net-ogc/4.0" 
xmlns:net="http://inspire.ec.europa.eu/schemas/net/4.0" 
xmlns:base="http://inspire.ec.europa.eu/schemas/base/3.3" 
xmlns:base2="http://inspire.ec.europa.eu/schemas/base2/2.0" 
xmlns:gml="http://www.opengis.net/gml/3.2" 
xmlns:xsi="http://www.w3.org/2001/XMLSchema-instance" 
xmlns:xlink="http://www.w3.org/1999/xlink" 
gml:id="ID_1c0c5554-5c4a-467a-a9ef-9f36b5af2bfq" 
xsi:schemaLocation="http://www.geostandaarden.nl/imkl/2015/wion/1.2 http://register.geostandaarden.nl/gmlapplicatieschema/imkl2015/1.2.1/imkl2015-wion.xsd">

	<!--________________ GebiedsinformatieLevering ________________-->
	<gml:featureMember>
		<imkl:GebiedsinformatieLevering gml:id="nl.imkl-KA0000._GebiedsinformatieLevering_17O100038-1">
			<imkl:identificatie>
				<imkl:NEN3610ID>
					<imkl:namespace>nl.imkl</imkl:namespace>
					<imkl:lokaalID>KA0000._GebiedsinformatieLevering_17O100038</imkl:lokaalID>
					<imkl:versie>1</imkl:versie>
				</imkl:NEN3610ID>
			</imkl:identificatie>
			<imkl:beginLifespanVersion>2017-01-11T09:09:11.00+01:00</imkl:beginLifespanVersion>
			<imkl:leveringsvolgnummer>1</imkl:leveringsvolgnummer>
			<imkl:datumLeveringSamengesteld>2017-01-11T09:09:11+01:00</imkl:datumLeveringSamengesteld>
			<imkl:indicatieLeveringCompleet>false</imkl:indicatieLeveringCompleet>
			<imkl:achtergrondkaart>
				<imkl:Achtergrondkaart>
					<imkl:achtergrondkaartSoort xlink:href="http://definities.geostandaarden.nl/imkl2015/id/waarde/AchtergrondkaartSoortValue/bgtBestaand"/>
					<imkl:kaartreferentie>bronnen/GB_17O100038.png</imkl:kaartreferentie>
				</imkl:Achtergrondkaart>
			</imkl:achtergrondkaart>
			<imkl:achtergrondkaart>
				<imkl:Achtergrondkaart>
					<imkl:achtergrondkaartSoort xlink:href="http://definities.geostandaarden.nl/imkl2015/id/waarde/AchtergrondkaartSoortValue/bgtPlan"/>
					<imkl:kaartreferentie>bronnen/GP_17O100038.png</imkl:kaartreferentie>
				</imkl:Achtergrondkaart>
			</imkl:achtergrondkaart>
			<imkl:belanghebbende xlink:href="nl.imkl-KL3131._Belanghebbende_17O100038"/>
			<!--
			<imkl:belanghebbende xlink:href="nl.imkl-nbact3._Belanghebbende_17O100038"/>
			<imkl:belanghebbende xlink:href="nl.imkl-nbact4._Belanghebbende_17O100038"/>
			<imkl:belanghebbende xlink:href="nl.imkl-guni01._Belanghebbende_17O100038"/> -->
			<imkl:aanvraag xlink:href="nl.imkl-KA0000._GebiedsinformatieAanvraag_17O100038"/>
		</imkl:GebiedsinformatieLevering>
	</gml:featureMember>
	<gml:featureMember>
		<!--________________ GebiedsinformatieAanvraag ________________-->
		<imkl:GebiedsinformatieAanvraag gml:id="nl.imkl-KA0000._GebiedsinformatieAanvraag_17O100038">
			<imkl:identificatie>
				<imkl:NEN3610ID>
					<imkl:namespace>nl.imkl</imkl:namespace>
					<imkl:lokaalID>KA0000._GebiedsinformatieAanvraag_17O100038</imkl:lokaalID>
				</imkl:NEN3610ID>
			</imkl:identificatie>
			<imkl:beginLifespanVersion>2017-11-08T09:09:23.00+01:00</imkl:beginLifespanVersion>
			<imkl:ordernummer>9806747038</imkl:ordernummer>
			<imkl:positienummer>000010</imkl:positienummer>
			<imkl:klicMeldnummer>17O100038</imkl:klicMeldnummer>
			<imkl:aanvrager>
				<imkl:Aanvrager>
					<imkl:contactpersoon>
						<imkl:Contact>
							<imkl:naam>J. Aanvrager</imkl:naam>
							<imkl:telefoon>088-1838911</imkl:telefoon>
							<imkl:email>j.aanvrager@grondroerdererX.nl</imkl:email>
						</imkl:Contact>
					</imkl:contactpersoon>
					<imkl:organisatie>
						<imkl:Organisatie>
							<imkl:naam>GrondroerderX B.V.</imkl:naam>
							<imkl:naam>afd. KLIC</imkl:naam>
							<imkl:kvkNummer>0035384940</imkl:kvkNummer>
							<imkl:bezoekAdres>
								<imkl:Adres>
									<imkl:openbareRuimteNaam>Laan van Westenenk</imkl:openbareRuimteNaam>
									<imkl:huisnummer>701</imkl:huisnummer>
									<imkl:woonplaatsNaam>Apeldoorn</imkl:woonplaatsNaam>
									<imkl:postcode>7320XY</imkl:postcode>
								</imkl:Adres>
							</imkl:bezoekAdres>
							<imkl:telefoon>088-1234567</imkl:telefoon>
							<imkl:fax>088-1234568</imkl:fax>
							<imkl:email>info@grondroerderX.nl</imkl:email>
						</imkl:Organisatie>
					</imkl:organisatie>
					<imkl:extraEmail>p.werkvoorbereider@grondroerderX.nl</imkl:extraEmail>
				</imkl:Aanvrager>
			</imkl:aanvrager>
			<imkl:referentie>Orientatieverzoek 17O100038 (EV-Best)</imkl:referentie>
			<imkl:opdrachtgever>
				<imkl:Opdrachtgever>
					<imkl:contactpersoon>
						<imkl:Contact>
							<imkl:naam>J. Opdrachtgever</imkl:naam>
							<imkl:telefoon>055-4273534</imkl:telefoon>
							<imkl:email>j.opdrachtgever@gemeenteapeldoorn.nl</imkl:email>
						</imkl:Contact>
					</imkl:contactpersoon>
					<imkl:organisatie>
						<imkl:Organisatie>
							<imkl:naam>Gemeente Best</imkl:naam>
							<imkl:naam>afd. grondwerken</imkl:naam>
							<imkl:kvkNummer>0035384999</imkl:kvkNummer>
							<imkl:bezoekAdres>
								<imkl:Adres>
									<imkl:openbareRuimteNaam>Raadhuisplein</imkl:openbareRuimteNaam>
									<imkl:huisnummer>1</imkl:huisnummer>
									<imkl:woonplaatsNaam>Best</imkl:woonplaatsNaam>
									<imkl:postcode>5683EA</imkl:postcode>
								</imkl:Adres>
							</imkl:bezoekAdres>
							<imkl:telefoon>(0499) 360 911</imkl:telefoon>
							<imkl:email>info@gemeentebest.nl</imkl:email>
						</imkl:Organisatie>
					</imkl:organisatie>
				</imkl:Opdrachtgever>
			</imkl:opdrachtgever>
			<imkl:aanvraagSoort xlink:href="http://definities.geostandaarden.nl/imkl2015/id/waarde/AanvraagSoortValue/orientatieverzoek"/>
			<imkl:aanvraagDatum>2017-11-08T09:09:23.00+01:00</imkl:aanvraagDatum>
			<imkl:soortWerkzaamheden xlink:href="http://definities.geostandaarden.nl/imkl2015/id/waarde/SoortWerkzaamhedenValue/heien"/>
			<imkl:omschrijvingWerkzaamheden>Vernieuwen gasHogeDruk - station. Zie projectnr. XX-3526-YY</imkl:omschrijvingWerkzaamheden>
			<imkl:locatieWerkzaamheden>Praalheuvel 39 5685BM Best</imkl:locatieWerkzaamheden>
			<imkl:startDatum>2017-11-20</imkl:startDatum>
			<imkl:eindDatum>2018-01-31</imkl:eindDatum>
			<imkl:orientatiepolygoon xlink:href="nl.imkl-KA0000._Orientatiepolygoon_17O100038"/>
		</imkl:GebiedsinformatieAanvraag>
	</gml:featureMember>
	<!--________________ Orientatiepolygoon ________________-->
	<gml:featureMember>
		<imkl:Orientatiepolygoon gml:id="nl.imkl-KA0000._Orientatiepolygoon_17O100038">
			<imkl:identificatie>
				<imkl:NEN3610ID>
					<imkl:namespace>nl.imkl</imkl:namespace>
					<imkl:lokaalID>KA0000._Orientatiepolygoon_17O100038</imkl:lokaalID>
				</imkl:NEN3610ID>
			</imkl:identificatie>
			<imkl:beginLifespanVersion>2017-11-08T09:09:23.00+01:00</imkl:beginLifespanVersion>
			<imkl:geometrie>
				<gml:Polygon srsName="epsg:28992" srsDimension="2" axisLabels="x y" uomLabels="m m" gml:id="pol82643743954027304">
					<gml:exterior>
						<gml:LinearRing>
							<gml:posList>153515 389400 154510 389400 154510 389780 153515 389780 153515 389400</gml:posList>
						</gml:LinearRing>
					</gml:exterior>
				</gml:Polygon>
			</imkl:geometrie>
		</imkl:Orientatiepolygoon>
	</gml:featureMember>

	<!--________________ Beheerdersinformatie ______________________-->
	<!--________________ Belanghebbende KL3131 ________________-->
	<gml:featureMember>
		<imkl:Belanghebbende gml:id="nl.imkl-KL3131._Belanghebbende_17O100038">
			<imkl:identificatie>
				<imkl:NEN3610ID>
					<imkl:namespace>nl.imkl</imkl:namespace>
					<imkl:lokaalID>KL3131._Belanghebbende_17O100038</imkl:lokaalID>
				</imkl:NEN3610ID>
			</imkl:identificatie>
			<imkl:beginLifespanVersion>2017-01-11T09:09:11.00+01:00</imkl:beginLifespanVersion>
			<imkl:beheerdersinformatieGeleverd>true</imkl:beheerdersinformatieGeleverd>
			<imkl:betrokkenBijAanvraag>true</imkl:betrokkenBijAanvraag>
			<imkl:eisVoorzorgsmaatregel>true</imkl:eisVoorzorgsmaatregel>
			<imkl:utiliteitsnet xlink:href="nl.imkl-KL3131.netGHD37"/>
			<imkl:bijlage xlink:href="nl.imkl-KL3131._EisVoorzorgsmaatregelBijlage_17O100038_gasHogeDruk"/>
			<imkl:geraaktBelangBijOrientatiepolygoon xlink:href="nl.imkl-KL3131._Belang_GasregioZuidOost-17"/>
			<imkl:netbeheerder xlink:href="nl.imkl-KL3131._Beheerder"/>
		</imkl:Belanghebbende>
	</gml:featureMember>
	<!--________________ Beheerder KL3131________________-->
	<gml:featureMember>
		<imkl:Beheerder gml:id="nl.imkl-KL3131._Beheerder">
			<imkl:identificatie>
				<imkl:NEN3610ID>
					<imkl:namespace>nl.imkl</imkl:namespace>
					<imkl:lokaalID>KL3131._Beheerder</imkl:lokaalID>
					<imkl:versie/>
				</imkl:NEN3610ID>
			</imkl:identificatie>
			<imkl:beginLifespanVersion>2017-01-01T00:00:00.00+01:00</imkl:beginLifespanVersion>
			<!--
			<imkl:kvkNummer>17131139</imkl:kvkNummer>
			<imkl:naam>Enander B.V.[3131]</imkl:naam>
			<imkl:naam>Afdeling KLIC</imkl:naam>
-->
			<imkl:bronhoudercode>KL3131</imkl:bronhoudercode>
			<imkl:websiteKlic>https://werkenbijEnander.nl/vestigingen</imkl:websiteKlic>
		</imkl:Beheerder>
	</gml:featureMember>
	<!--________________ Bijlagen ________________-->
		<gml:featureMember>
		<imkl:EisVoorzorgsmaatregelBijlage gml:id="nl.imkl-KL3131._EisVoorzorgsmaatregelBijlage_17O100038_gasHogeDruk">
			<imkl:identificatie>
				<imkl:NEN3610ID>
					<imkl:namespace>nl.imkl</imkl:namespace>
					<imkl:lokaalID>KL3131._EisVoorzorgsmaatregelBijlage_17O100038_gasHogeDruk</imkl:lokaalID>
				</imkl:NEN3610ID>
			</imkl:identificatie>
			<imkl:beginLifespanVersion>2017-01-11T09:09:11.00+01:00</imkl:beginLifespanVersion>
			<imkl:bijlageType xlink:href="http://definities.geostandaarden.nl/imkl2015/id/waarde/BijlageTypeValue/eisVoorzorgsmaatregel"/>
			<imkl:bestandLocatie>bronnen/KL3131/nl.imkl-KL3131.EV_gasHogeDruk_T_standaard_orientatie_gasHogeDruk.pdf</imkl:bestandLocatie>
			<imkl:bestandMediaType xlink:href="http://definities.geostandaarden.nl/imkl2015/id/waarde/BestandMediaTypeValue/PDF"/>
			<imkl:bestandIdentificator>nl.imkl-KL3131.EV_gasHogeDruk_T_standaard_orientatie_gasHogeDruk</imkl:bestandIdentificator>
			<imkl:thema xlink:href="http://definities.geostandaarden.nl/imkl2015/id/waarde/Thema/gasHogeDruk"/>
			<imkl:eisVoorzorgsmaatregel>GHD-T-W3-O</imkl:eisVoorzorgsmaatregel>
			<imkl:toelichting>transport_risicobuffer risico HOOG (bij deze werkzaamheden)</imkl:toelichting>
		</imkl:EisVoorzorgsmaatregelBijlage>
	</gml:featureMember>
	<!--________________ Belangen ________________-->
	<gml:featureMember>
		<imkl:Belang gml:id="nl.imkl-KL3131._Belang_GasregioZuidOost-17">
			<imkl:identificatie>
				<imkl:NEN3610ID>
					<imkl:namespace>nl.imkl</imkl:namespace>
					<imkl:lokaalID>KL3131._Belang_GasregioNoordOost</imkl:lokaalID>
					<imkl:versie>17</imkl:versie>
				</imkl:NEN3610ID>
			</imkl:identificatie>
			<imkl:beginLifespanVersion>2017-02-28T19:30:47.00+01:00</imkl:beginLifespanVersion>
			<imkl:omschrijving>Gas, regio Noord-Oost</imkl:omschrijving>
			<imkl:thema xlink:href="http://definities.geostandaarden.nl/imkl2015/id/waarde/Thema/gasHogeDruk"/>
			<imkl:thema xlink:href="http://definities.geostandaarden.nl/imkl2015/id/waarde/Thema/gasLageDruk"/>
			<imkl:contactNetinformatie>
				<imkl:AanvraagSoortContact>
					<imkl:aanvraagSoort xlink:href="http://definities.geostandaarden.nl/imkl2015/id/waarde/AanvraagSoortValue/orientatieverzoek"/>
					<imkl:naam>G. ToezichthouderGHD</imkl:naam>
					<imkl:telefoon>088-4567890</imkl:telefoon>
					<imkl:email>G.ToezichthouderGHD@kl-organisatie</imkl:email>
				</imkl:AanvraagSoortContact>
			</imkl:contactNetinformatie>
			<imkl:contactStoring>
				<imkl:Contact>
					<imkl:naam>storingsnummer GasHogeDruk</imkl:naam>
					<imkl:telefoon>0900-1313</imkl:telefoon>
				</imkl:Contact>
			</imkl:contactStoring>
			<imkl:contactBeschadiging>
				<imkl:Contact>
					<imkl:naam>beschadigingsnummer GasHogeDruk</imkl:naam>
					<imkl:telefoon>0900-1399</imkl:telefoon>
				</imkl:Contact>
			</imkl:contactBeschadiging>
		</imkl:Belang>
	</gml:featureMember>

	<!--________________ netinformatie ______________________-->
	<!-- Utiliteitsnet -->
	<gml:featureMember>
		<imkl:Utiliteitsnet gml:id="nl.imkl-KL3131.netGHD37">
			<us-net-common:utilityNetworkType xlink:href="http://inspire.ec.europa.eu/codelist/UtilityNetworkTypeValue/oilGasChemical"/>
			<us-net-common:authorityRole xlink:href="http://inspire.ec.europa.eu/codelist/RelatedPartyRoleValue/operator"/>
			<imkl:identificatie>
				<imkl:NEN3610ID>
					<imkl:namespace>nl.imkl</imkl:namespace>
					<imkl:lokaalID>KL3131.netGHD37</imkl:lokaalID>
				</imkl:NEN3610ID>
			</imkl:identificatie>
			<imkl:beginLifespanVersion>2001-12-17T09:30:47.00+01:00</imkl:beginLifespanVersion>
			<imkl:thema xlink:href="http://definities.geostandaarden.nl/imkl2015/id/waarde/Thema/gasHogeDruk"/>
		</imkl:Utiliteitsnet>
	</gml:featureMember>
	<gml:featureMember>
		<imkl:Utiliteitsnet gml:id="nl.imkl-KL3131.netGLD90">
			<us-net-common:utilityNetworkType xlink:href="http://inspire.ec.europa.eu/codelist/UtilityNetworkTypeValue/oilGasChemical"/>
			<us-net-common:authorityRole xlink:href="http://inspire.ec.europa.eu/codelist/RelatedPartyRoleValue/operator"/>
			<imkl:identificatie>
				<imkl:NEN3610ID>
					<imkl:namespace>nl.imkl</imkl:namespace>
					<imkl:lokaalID>KL3131.netGLD90</imkl:lokaalID>
				</imkl:NEN3610ID>
			</imkl:identificatie>
			<imkl:beginLifespanVersion>2001-12-17T09:30:47.00+01:00</imkl:beginLifespanVersion>
			<imkl:thema xlink:href="http://definities.geostandaarden.nl/imkl2015/id/waarde/Thema/gasLageDruk"/>
		</imkl:Utiliteitsnet>
	</gml:featureMember>

	<!-- OlieGasChemicalienPijpleiding -->
	<gml:featureMember>
		<imkl:OlieGasChemicalienPijpleiding gml:id="nl.imkl-KL3131.ghd09076">
			<net:beginLifespanVersion>2001-12-17T09:30:47.00+01:00</net:beginLifespanVersion>
			<net:inspireId>
				<base:Identifier>
					<base:localId>KL3131.ghd09076</base:localId>
					<base:namespace>nl.imkl</base:namespace>
				</base:Identifier>
			</net:inspireId>
			<net:inNetwork xlink:href="nl.imkl-KL3131.netGHD37"/>
			<net:link xlink:href="nl.imkl-KL3131.ulink00357"/>
			<us-net-common:currentStatus xlink:href="http://inspire.ec.europa.eu/codelist/ConditionOfFacilityValue/functional"/>
			<us-net-common:validFrom>2001-12-17T09:30:47.00+01:00</us-net-common:validFrom>
			<us-net-common:verticalPosition>underground</us-net-common:verticalPosition>
			<us-net-common:utilityFacilityReference xsi:nil="true"/>
			<us-net-common:warningType xlink:href="http://inspire.ec.europa.eu/codelist/WarningTypeValue/net"/>
			<us-net-common:pipeDiameter uom="urn:ogc:def:uom:OGC::cm">0.0</us-net-common:pipeDiameter>
			<us-net-common:pressure uom="urn:ogc:def:uom:OGC::bar">0</us-net-common:pressure>
			<us-net-ogc:oilGasChemicalsProductType xlink:href="http://inspire.ec.europa.eu/codelist/OilGasChemicalsProductTypeValue/naturalGas"/>
		</imkl:OlieGasChemicalienPijpleiding>
	</gml:featureMember>
	<gml:featureMember>
		<imkl:OlieGasChemicalienPijpleiding gml:id="nl.imkl-KL3131.gld02090">
			<net:beginLifespanVersion>2001-12-17T09:30:47.00+01:00</net:beginLifespanVersion>
			<net:inspireId>
				<base:Identifier>
					<base:localId>KL3131.gld02090</base:localId>
					<base:namespace>nl.imkl</base:namespace>
				</base:Identifier>
			</net:inspireId>
			<net:inNetwork xlink:href="nl.imkl-KL3131.netGLD90"/>
			<net:link xlink:href="nl.imkl-KL3131.ulink_00090"/>
			<us-net-common:currentStatus xlink:href="http://inspire.ec.europa.eu/codelist/ConditionOfFacilityValue/functional"/>
			<us-net-common:validFrom>2001-12-17T09:30:47.00+01:00</us-net-common:validFrom>
			<us-net-common:verticalPosition>underground</us-net-common:verticalPosition>
			<us-net-common:utilityFacilityReference xsi:nil="true"/>
			<us-net-common:warningType xlink:href="http://inspire.ec.europa.eu/codelist/WarningTypeValue/net"/>
			<us-net-common:pipeDiameter uom="urn:ogc:def:uom:OGC::cm">0.0</us-net-common:pipeDiameter>
			<us-net-common:pressure uom="urn:ogc:def:uom:OGC::bar">0</us-net-common:pressure>
			<us-net-ogc:oilGasChemicalsProductType xlink:href="http://inspire.ec.europa.eu/codelist/OilGasChemicalsProductTypeValue/naturalGas"/>
		</imkl:OlieGasChemicalienPijpleiding>
	</gml:featureMember>
	
	<!-- TechnischGebouw -->
	<gml:featureMember>
		<imkl:TechnischGebouw gml:id="nl.imkl-KL3131.TGEB000802">
			<us-net-common:currentStatus xlink:href="http://inspire.ec.europa.eu/codelist/ConditionOfFacilityValue/functional"/>
			<us-net-common:validFrom>2001-12-17T09:30:47.00+01:00</us-net-common:validFrom>
			<us-net-common:verticalPosition>underground</us-net-common:verticalPosition>
			<us-net-common:geometry>
				<gml:Point srsName="urn:ogc:def:crs:EPSG::28992" gml:id="id_TGEB000802">
					<gml:pos srsDimension="2">153744.0 389699.0</gml:pos>
				</gml:Point>
			</us-net-common:geometry>
			<us-net-common:inspireId>
				<base:Identifier>
					<base:localId>KL3131.TGEB000802</base:localId>
					<base:namespace>nl.imkl</base:namespace>
				</base:Identifier>
			</us-net-common:inspireId>
			<imkl:inNetwork xlink:href="nl.imkl-KL3131.netGHD37"/>
			<imkl:extraGeometrie xlink:href="nl.imkl-KL3131.TGEB000802_extrageo_1"/>
		</imkl:TechnischGebouw>
	</gml:featureMember>
	<!-- ExtraGeometrie voor TechnischGebouw -->
	<gml:featureMember>
		<imkl:ExtraGeometrie gml:id="nl.imkl-KL3131.TGEB000802_extrageo_1">
			<imkl:identificatie>
				<imkl:NEN3610ID>
					<imkl:namespace>nl.imkl</imkl:namespace>
					<imkl:lokaalID>KL3131.TGEB000802_extrageo_1</imkl:lokaalID>
				</imkl:NEN3610ID>
			</imkl:identificatie>
			<imkl:beginLifespanVersion>2001-12-17T09:30:47.00+01:00</imkl:beginLifespanVersion>
			<imkl:vlakgeometrie2D>
				<gml:Polygon srsName="urn:ogc:def:crs:EPSG::28992" gml:id="id_nl.imkl-KL3131.TGEB000802_extrageo_1">
					<gml:exterior>
						<gml:LinearRing>
							<gml:posList srsDimension="2">153724.0 389679.0 153764.0 389679.0 153764.0 389719.0 153724.0 389719.0 153724.0 389679.0</gml:posList>
						</gml:LinearRing>
					</gml:exterior>
				</gml:Polygon>
			</imkl:vlakgeometrie2D>
			<imkl:inNetwork xlink:href="nl.imkl-KL3131.netGHD37"/>
		</imkl:ExtraGeometrie>
	</gml:featureMember>
	
	<!-- AanduidingEisVoorzorgsmaatregel -->
	<gml:featureMember>
		<imkl:AanduidingEisVoorzorgsmaatregel gml:id="nl.imkl-KL3131.EV2">
			<imkl:identificatie>
				<imkl:NEN3610ID>
					<imkl:namespace>nl.imkl</imkl:namespace>
					<imkl:lokaalID>KL3131.EV2</imkl:lokaalID>
				</imkl:NEN3610ID>
			</imkl:identificatie>
			<imkl:beginLifespanVersion>2001-12-17T09:30:47.00+01:00</imkl:beginLifespanVersion>
			<imkl:label>EisVoorzorgsmaatregel-buffer GHD-leiding Best-west</imkl:label>
			<imkl:inNetwork xlink:href="nl.imkl-KL3131.netGHD37"/>
			<imkl:eisVoorzorgsmaatregel>GHD-T-W3-O</imkl:eisVoorzorgsmaatregel>
			<imkl:contactVoorzorgsmaatregel>
				<imkl:Contact>
					<imkl:naam>Contactnaam EV2</imkl:naam>
					<imkl:telefoon>088-183 2222</imkl:telefoon>
					<imkl:email>EV2@KL3131.nl</imkl:email>
				</imkl:Contact>
			</imkl:contactVoorzorgsmaatregel>
			<imkl:netbeheerderNetOmschrijving>EV-gebied transport risicobuffer</imkl:netbeheerderNetOmschrijving>
			<imkl:netbeheerderNetAanduiding>transport_risicobuffer</imkl:netbeheerderNetAanduiding>
			<imkl:netbeheerderWerkAanduiding>W3-hoog</imkl:netbeheerderWerkAanduiding>
			<imkl:geometrie>
				<gml:Polygon srsName="urn:ogc:def:crs:EPSG::28992" gml:id="id_nl.imkl-KL3131.EV2">
					<gml:exterior>
						<gml:LinearRing>
							<gml:posList srsDimension="2">153406 389681 153670 389637 153781 389670 153781 389750 153670 389717 153406 389761 153406 389681</gml:posList>
						</gml:LinearRing>
					</gml:exterior>
				</gml:Polygon>
			</imkl:geometrie>
		</imkl:AanduidingEisVoorzorgsmaatregel>
	</gml:featureMember>
	
	<!-- UtilityLink -->
	<gml:featureMember>
		<us-net-common:UtilityLink gml:id="nl.imkl-KL3131.ulink00357">
			<net:beginLifespanVersion>2001-12-17T09:30:47.00+01:00</net:beginLifespanVersion>
			<net:inspireId>
				<base:Identifier>
					<base:localId>KL3131.ulink00357</base:localId>
					<base:namespace>nl.imkl</base:namespace>
				</base:Identifier>
			</net:inspireId>
			<net:inNetwork xlink:href="nl.imkl-KL3131.netGHD37"/>
			<net:centrelineGeometry>
				<gml:Curve srsName="urn:ogc:def:crs:EPSG::28992" gml:id="id_522346971536">
					<gml:segments>
						<gml:LineStringSegment>
							<gml:posList srsDimension="2">153436 389721 153670 389677 153734 389699</gml:posList>
						</gml:LineStringSegment>
					</gml:segments>
				</gml:Curve>
			</net:centrelineGeometry>
			<net:fictitious>false</net:fictitious>
			<us-net-common:currentStatus xlink:href="http://inspire.ec.europa.eu/codelist/ConditionOfFacilityValue/functional"/>
			<us-net-common:validFrom>2001-12-17T09:30:47.00+01:00</us-net-common:validFrom>
			<us-net-common:verticalPosition xsi:nil="true" nilReason="Unknown"/>
		</us-net-common:UtilityLink>
	</gml:featureMember>
	
	<gml:featureMember>
		<us-net-common:UtilityLink gml:id="nl.imkl-KL3131.ulink_00090">
			<net:beginLifespanVersion>2001-12-17T09:30:47.00+01:00</net:beginLifespanVersion>
			<net:inspireId>
				<base:Identifier>
					<base:localId>KL3131.ulink_00090</base:localId>
					<base:namespace>nl.imkl</base:namespace>
				</base:Identifier>
			</net:inspireId>
			<net:inNetwork xlink:href="nl.imkl-KL3131.netGLD90"/>
			<net:centrelineGeometry>
				<gml:Curve srsName="urn:ogc:def:crs:EPSG::28992" gml:id="id_511346971422">
					<gml:segments>
						<gml:LineStringSegment>
							<gml:posList srsDimension="2">153790 389680 153923 389616 154467 389498</gml:posList>
						</gml:LineStringSegment>
					</gml:segments>
				</gml:Curve>
			</net:centrelineGeometry>
			<net:fictitious>false</net:fictitious>
			<us-net-common:currentStatus xlink:href="http://inspire.ec.europa.eu/codelist/ConditionOfFacilityValue/functional"/>
			<us-net-common:validFrom>2001-12-17T09:30:47.00+01:00</us-net-common:validFrom>
			<us-net-common:verticalPosition xsi:nil="true" nilReason="Unknown"/>
		</us-net-common:UtilityLink>
	</gml:featureMember>
</gml:FeatureCollection>
