<?xml version="1.0" encoding="UTF-8"?>
<!-- bestandsnaam: Voorbeeld GebiedsinformatieLevering 17O051010.xml -->
<!-- bron: Kadaster-KLIC -->
<!-- _____________________________________________________________________
Toelichting:
Voorbeeld van een levering van gebiedsinformatie bij Kadaster-KLIC.
De gebruikte voorbeeld-features zijn bedoeld voor demo-doeleinden en zijn niet bedoeld
om een representatie te geven van de werkelijke situatie ter plaatse.
De inhoud is gebaseerd op de definities uit IMKL2015, versie 1.2.1.

Het voorbeeld is niet compleet uitgewerkt, maar laat zien hoe een levering er uit kan zien
waarbij sprake is van ExtraDetailInfo-objecten. eis De focus ligt op deze aspecten.
De volgende features zijn opgenomen:
	- GebiedsinformatieAanvraag 17O051010 (#1)
	- Orientatiepolygoon (#1)
met beheerdersinformatie voor:
	- Belanghebbende KL3131
	- Beheerder KL3131
	- Belang (#1)
	en bijbehorende netinformatie:
	- Utiliteitsnet 'middenspanning' (netMS077) (#1), met:
	- Elektriciteitskabel (#1)
	- UtilityLink (#1)
	- ExtraDetailInfo 'profielschets' (#2)
met beheerdersinformatie voor:
	- Belanghebbende KL5151
	- Beheerder KL5151
	- Belang (#1)
	en bijbehorende netinformatie:
	- Utiliteitsnet 'datatransport' (NW_data521) (#1), met:
	- Telecommunicatiekabel (#1)
	- UtilityLink (#1)
	- ExtraDetailInfo 'huisaansluiting' (#1)
_____________________________________________________________________	-->

<gml:FeatureCollection 
xmlns:imkl="http://www.geostandaarden.nl/imkl/2015/wion/1.2" 
xmlns:us-net-wa="http://inspire.ec.europa.eu/schemas/us-net-wa/4.0" 
xmlns:us-net-sw="http://inspire.ec.europa.eu/schemas/us-net-sw/4.0" 
xmlns:us-net-th="http://inspire.ec.europa.eu/schemas/us-net-th/4.0" 
xmlns:us-net-common="http://inspire.ec.europa.eu/schemas/us-net-common/4.0" 
xmlns:us-net-el="http://inspire.ec.europa.eu/schemas/us-net-el/4.0" 
xmlns:us-net-tc="http://inspire.ec.europa.eu/schemas/us-net-tc/4.0" 
xmlns:us-net-ogc="http://inspire.ec.europa.eu/schemas/us-net-ogc/4.0" 
xmlns:net="http://inspire.ec.europa.eu/schemas/net/4.0" 
xmlns:base="http://inspire.ec.europa.eu/schemas/base/3.3" 
xmlns:base2="http://inspire.ec.europa.eu/schemas/base2/2.0" 
xmlns:gml="http://www.opengis.net/gml/3.2" 
xmlns:xsi="http://www.w3.org/2001/XMLSchema-instance" 
xmlns:xlink="http://www.w3.org/1999/xlink" 
gml:id="FeatureCollection_nl.imkl-KA0000._GebiedsinformatieLevering_17O051010-1" 
xsi:schemaLocation="http://www.geostandaarden.nl/imkl/2015/wion/1.2 http://register.geostandaarden.nl/gmlapplicatieschema/imkl2015/1.2.1/imkl2015-wion.xsd">

	<!--________________ GebiedsinformatieLevering ________________-->
	<gml:featureMember>
		<imkl:GebiedsinformatieLevering gml:id="nl.imkl-KA0000._GebiedsinformatieLevering_17O051010-1">
			<imkl:identificatie>
				<imkl:NEN3610ID>
					<imkl:namespace>nl.imkl</imkl:namespace>
					<imkl:lokaalID>KA0000._GebiedsinformatieLevering_17O051010</imkl:lokaalID>
					<imkl:versie>1</imkl:versie>
				</imkl:NEN3610ID>
			</imkl:identificatie>
			<imkl:beginLifespanVersion>2017-01-11T09:09:11.00+01:00</imkl:beginLifespanVersion>
			<imkl:leveringsvolgnummer>1</imkl:leveringsvolgnummer>
			<imkl:datumLeveringSamengesteld>2017-01-11T09:09:11+01:00</imkl:datumLeveringSamengesteld>
			<imkl:indicatieLeveringCompleet>false</imkl:indicatieLeveringCompleet>
			<imkl:achtergrondkaart>
				<imkl:Achtergrondkaart>
					<imkl:achtergrondkaartSoort xlink:href="http://definities.geostandaarden.nl/imkl2015/id/waarde/AchtergrondkaartSoortValue/bgtBestaand"/>
					<imkl:kaartreferentie>bronnen/GB_17O051010.png</imkl:kaartreferentie>
				</imkl:Achtergrondkaart>
			</imkl:achtergrondkaart>
			<imkl:belanghebbende xlink:href="nl.imkl-KL3131._Belanghebbende_17O051010-1"/>
			<imkl:belanghebbende xlink:href="nl.imkl-KL5151._Belanghebbende_17O051010-1"/>
			<!-- -->
			<imkl:aanvraag xlink:href="nl.imkl-KA0000._GebiedsinformatieAanvraag_17O051010"/>
		</imkl:GebiedsinformatieLevering>
	</gml:featureMember>
	<!--________________ GebiedsinformatieAanvraag ________________-->
	<gml:featureMember>
		<imkl:GebiedsinformatieAanvraag gml:id="nl.imkl-KA0000._GebiedsinformatieAanvraag_17O051010">
			<imkl:identificatie>
				<imkl:NEN3610ID>
					<imkl:namespace>nl.imkl</imkl:namespace>
					<imkl:lokaalID>KA0000._GebiedsinformatieAanvraag_17O051010</imkl:lokaalID>
				</imkl:NEN3610ID>
			</imkl:identificatie>
			<imkl:beginLifespanVersion>2017-11-08T09:09:23.00+01:00</imkl:beginLifespanVersion>
			<imkl:ordernummer>9804947010</imkl:ordernummer>
			<imkl:positienummer>000010</imkl:positienummer>
			<imkl:klicMeldnummer>17O051010</imkl:klicMeldnummer>
			<imkl:aanvrager>
				<imkl:Aanvrager>
					<imkl:contactpersoon>
						<imkl:Contact>
							<imkl:naam>J. Aanvrager</imkl:naam>
							<imkl:telefoon>088-1838911</imkl:telefoon>
							<imkl:email>j.aanvrager@grondroerdererX.nl</imkl:email>
						</imkl:Contact>
					</imkl:contactpersoon>
					<imkl:organisatie>
						<imkl:Organisatie>
							<imkl:naam>GrondroerderX B.V.</imkl:naam>
							<imkl:naam>afd. KLIC</imkl:naam>
							<imkl:kvkNummer>0035384940</imkl:kvkNummer>
							<imkl:bezoekAdres>
								<imkl:Adres>
									<imkl:openbareRuimteNaam>Laan van Westenenk</imkl:openbareRuimteNaam>
									<imkl:huisnummer>701</imkl:huisnummer>
									<imkl:woonplaatsNaam>Apeldoorn</imkl:woonplaatsNaam>
									<imkl:postcode>7320XY</imkl:postcode>
								</imkl:Adres>
							</imkl:bezoekAdres>
							<imkl:telefoon>088-1234567</imkl:telefoon>
							<imkl:fax>088-1234568</imkl:fax>
							<imkl:email>info@grondroerderX.nl</imkl:email>
						</imkl:Organisatie>
					</imkl:organisatie>
					<imkl:extraEmail>p.werkvoorbereider@grondroerderX.nl</imkl:extraEmail>
				</imkl:Aanvrager>
			</imkl:aanvrager>
			<imkl:referentie>Orientatieverzoek documentreferenties</imkl:referentie>
			<imkl:aanvraagSoort xlink:href="http://definities.geostandaarden.nl/imkl2015/id/waarde/AanvraagSoortValue/orientatieverzoek"/>
			<imkl:aanvraagDatum>2017-11-08T09:09:23.00+01:00</imkl:aanvraagDatum>
			<imkl:soortWerkzaamheden xlink:href="http://definities.geostandaarden.nl/imkl2015/id/waarde/SoortWerkzaamhedenValue/heien"/>
			<imkl:soortWerkzaamheden xlink:href="http://definities.geostandaarden.nl/imkl2015/id/waarde/SoortWerkzaamhedenValue/funderingswerk"/>
			<imkl:soortWerkzaamheden xlink:href="http://definities.geostandaarden.nl/imkl2015/id/waarde/SoortWerkzaamhedenValue/bestratingswerk"/>
			<imkl:omschrijvingWerkzaamheden>Vernieuwen aansluiting middenspanning-leiding bij overlaadstation. Zie projectnr. XX-3520-basis</imkl:omschrijvingWerkzaamheden>
			<imkl:locatieWerkzaamheden>Hoefblad 113 5684JW Best</imkl:locatieWerkzaamheden>
			<imkl:startDatum>2017-11-23</imkl:startDatum>
			<imkl:eindDatum>2017-12-31</imkl:eindDatum>
			<imkl:huisaansluitingAdressen>
				<imkl:Adres>
					<imkl:openbareRuimteNaam>Aardheuvel</imkl:openbareRuimteNaam>
					<imkl:huisnummer>30</imkl:huisnummer>
					<imkl:woonplaatsNaam>Best</imkl:woonplaatsNaam>
					<imkl:postcode>5685AC</imkl:postcode>
					<imkl:BAGidAdresseerbaarObject>0753010000009963</imkl:BAGidAdresseerbaarObject>
				</imkl:Adres>
			</imkl:huisaansluitingAdressen>
			<imkl:orientatiepolygoon xlink:href="nl.imkl-KA0000._Orientatiepolygoon_17O051010"/>
		</imkl:GebiedsinformatieAanvraag>
	</gml:featureMember>
	<!--________________ Orientatiepolygoon ________________-->
	<gml:featureMember>
		<imkl:Orientatiepolygoon gml:id="nl.imkl-KA0000._Orientatiepolygoon_17O051010">
			<imkl:identificatie>
				<imkl:NEN3610ID>
					<imkl:namespace>nl.imkl</imkl:namespace>
					<imkl:lokaalID>KA0000._Orientatiepolygoon_17O051010</imkl:lokaalID>
				</imkl:NEN3610ID>
			</imkl:identificatie>
			<imkl:beginLifespanVersion>2017-11-08T09:09:23.00+01:00</imkl:beginLifespanVersion>
			<imkl:geometrie>
				<gml:Polygon srsName="epsg:28992" srsDimension="2" gml:id="nl.imkl-KA0000._Orientatiepolygoon_17O051010_geo">
					<gml:exterior>
						<gml:LinearRing>
							<gml:posList>154699 389083 155438 389096 155434 389764 154707 389760 154699 389083</gml:posList>
						</gml:LinearRing>
					</gml:exterior>
				</gml:Polygon>
			</imkl:geometrie>
		</imkl:Orientatiepolygoon>
	</gml:featureMember>

	<!--________________ Beheerdersinformatie ______________________-->
	<!--________________ Belanghebbende KL3131 ________________-->
	<gml:featureMember>
		<imkl:Belanghebbende gml:id="nl.imkl-KL3131._Belanghebbende_17O051010-1">
			<imkl:identificatie>
				<imkl:NEN3610ID>
					<imkl:namespace>nl.imkl</imkl:namespace>
					<imkl:lokaalID>KL3131._Belanghebbende_17O051010</imkl:lokaalID>
					<imkl:versie>1</imkl:versie>
				</imkl:NEN3610ID>
			</imkl:identificatie>
			<imkl:beginLifespanVersion>2017-01-11T09:09:11.00+01:00</imkl:beginLifespanVersion>
			<imkl:beheerdersinformatieGeleverd>true</imkl:beheerdersinformatieGeleverd>
			<imkl:betrokkenBijAanvraag>true</imkl:betrokkenBijAanvraag>
			<imkl:eisVoorzorgsmaatregel>false</imkl:eisVoorzorgsmaatregel>
			<imkl:utiliteitsnet xlink:href="nl.imkl-KL3131.netMS077"/>
			<imkl:geraaktBelangBijOrientatiepolygoon xlink:href="nl.imkl-KL3131._Belang_54423-17"/>
			<imkl:netbeheerder xlink:href="nl.imkl-KL3131._Beheerder"/>
		</imkl:Belanghebbende>
	</gml:featureMember>
	<!--________________ Beheerder KL3131________________-->
	<gml:featureMember>
		<imkl:Beheerder gml:id="nl.imkl-KL3131._Beheerder">
			<imkl:identificatie>
				<imkl:NEN3610ID>
					<imkl:namespace>nl.imkl</imkl:namespace>
					<imkl:lokaalID>KL3131._Beheerder</imkl:lokaalID>
					<imkl:versie/>
				</imkl:NEN3610ID>
			</imkl:identificatie>
			<imkl:beginLifespanVersion>2017-01-01T00:00:00.00+01:00</imkl:beginLifespanVersion>
			<imkl:bronhoudercode>KL3131</imkl:bronhoudercode>
			<imkl:websiteKlic>https://werkenbijEnander.nl/vestigingen</imkl:websiteKlic>
			<imkl:organisatie>
				<imkl:Organisatie>
					<imkl:naam>Enander B.V.[3131]</imkl:naam>
					<imkl:naam>Afdeling KLIC</imkl:naam>
					<imkl:kvkNummer>17131139</imkl:kvkNummer>
				</imkl:Organisatie>
			</imkl:organisatie>
		</imkl:Beheerder>
	</gml:featureMember>
	<!--________________ Belangen ________________-->
	<gml:featureMember>
		<imkl:Belang gml:id="nl.imkl-KL3131._Belang_54423-17">
			<imkl:identificatie>
				<imkl:NEN3610ID>
					<imkl:namespace>nl.imkl</imkl:namespace>
					<imkl:lokaalID>KL3131._Belang_54423</imkl:lokaalID>
					<imkl:versie>17</imkl:versie>
				</imkl:NEN3610ID>
			</imkl:identificatie>
			<imkl:beginLifespanVersion>2017-02-28T19:30:47.00+01:00</imkl:beginLifespanVersion>
			<imkl:omschrijving>MS+LS+GLD, regio Zuid-Oost</imkl:omschrijving>
			<imkl:contactAanvraag>
				<imkl:AanvraagSoortContact>
						<imkl:aanvraagSoort xlink:href="http://definities.geostandaarden.nl/imkl2015/id/waarde/AanvraagSoortValue/orientatieverzoek"/>
						<imkl:naam>Klic-helpdesk Enander</imkl:naam>
						<imkl:telefoon>088-4545450</imkl:telefoon>
						<imkl:email>klic.helpdesk@enander.nl</imkl:email>
				</imkl:AanvraagSoortContact>
			</imkl:contactAanvraag>
			<imkl:thema xlink:href="http://definities.geostandaarden.nl/imkl2015/id/waarde/Thema/middenspanning"/>
			<imkl:thema xlink:href="http://definities.geostandaarden.nl/imkl2015/id/waarde/Thema/laagspanning"/>
			<imkl:thema xlink:href="http://definities.geostandaarden.nl/imkl2015/id/waarde/Thema/gasLageDruk"/>
			<imkl:contactNetinformatie>
				<imkl:AanvraagSoortContact>
					<imkl:aanvraagSoort xlink:href="http://definities.geostandaarden.nl/imkl2015/id/waarde/AanvraagSoortValue/orientatieverzoek"/>
					<imkl:naam>G. ToezichthouderGHD</imkl:naam>
					<imkl:telefoon>088-4567890</imkl:telefoon>
					<imkl:email>G.ToezichthouderGHD@kl-organisatie</imkl:email>
				</imkl:AanvraagSoortContact>
			</imkl:contactNetinformatie>
			<imkl:contactBeschadiging>
				<imkl:Contact>
					<imkl:naam>beschadigingsnummer middenspanning</imkl:naam>
					<imkl:telefoon>0900-1399</imkl:telefoon>
				</imkl:Contact>
			</imkl:contactBeschadiging>
		</imkl:Belang>
	</gml:featureMember>

	<!-- Utiliteitsnet -->
	<gml:featureMember>
		<imkl:Utiliteitsnet gml:id="nl.imkl-KL3131.netMS077">
			<us-net-common:utilityNetworkType xlink:href="http://inspire.ec.europa.eu/codelist/UtilityNetworkTypeValue/electricity"/>
			<us-net-common:authorityRole xlink:href="http://inspire.ec.europa.eu/codelist/RelatedPartyRoleValue/operator"/>
			<imkl:identificatie>
				<imkl:NEN3610ID>
					<imkl:namespace>nl.imkl</imkl:namespace>
					<imkl:lokaalID>KL3131.netMS077</imkl:lokaalID>
				</imkl:NEN3610ID>
			</imkl:identificatie>
			<imkl:beginLifespanVersion>2001-12-17T09:30:47.00+01:00</imkl:beginLifespanVersion>
			<imkl:thema xlink:href="http://definities.geostandaarden.nl/imkl2015/id/waarde/Thema/middenspanning"/>
		</imkl:Utiliteitsnet>
	</gml:featureMember>

	<!-- Elektriciteitskabel -->
	<gml:featureMember>
		<imkl:Elektriciteitskabel gml:id="nl.imkl-KL3131.ms09076">
			<net:beginLifespanVersion>2001-12-17T09:30:47.00+01:00</net:beginLifespanVersion>
			<net:inspireId>
				<base:Identifier>
					<base:localId>KL3131.ms09076</base:localId>
					<base:namespace>nl.imkl</base:namespace>
				</base:Identifier>
			</net:inspireId>
			<net:inNetwork xlink:href="nl.imkl-KL3131.netMS077"/>
			<net:link xlink:href="nl.imkl-KL3131.ulink_ms09076"/>
			<us-net-common:currentStatus xlink:href="http://inspire.ec.europa.eu/codelist/ConditionOfFacilityValue/functional"/>
			<us-net-common:validFrom>1996-12-25T00:00:00+01:00</us-net-common:validFrom>
			<us-net-common:verticalPosition>underground</us-net-common:verticalPosition>
			<us-net-common:utilityDeliveryType xlink:href="http://inspire.ec.europa.eu/codelist/UtilityDeliveryTypeValue/transport"></us-net-common:utilityDeliveryType>
			<us-net-common:warningType  xsi:nil="true"/>
			<us-net-el:operatingVoltage uom="urn:ogc:def:uom:OGC::V">230</us-net-el:operatingVoltage>
			<us-net-el:nominalVoltage uom="urn:ogc:def:uom:OGC::V">230</us-net-el:nominalVoltage>
			<imkl:geoNauwkeurigheidXY xlink:href="http://definities.geostandaarden.nl/imkl2015/id/waarde/NauwkeurigheidXYvalue/tot100cm"></imkl:geoNauwkeurigheidXY>
			<imkl:label>Kabelgroep: BST6531</imkl:label>
			<imkl:omschrijving>Aansluitkabel met functie OV</imkl:omschrijving>
		</imkl:Elektriciteitskabel>
	</gml:featureMember>

	<!-- ExtraDetailInfo - 2 profielschetsen-->
	<gml:featureMember>
		<imkl:ExtraDetailinfo gml:id="nl.imkl-KL3131.edi155_netMS077_DWARS">
			<imkl:identificatie>
				<imkl:NEN3610ID>
					<imkl:namespace>nl.imkl</imkl:namespace>
					<imkl:lokaalID>KL3131.edi155_netMS077_DWARS</imkl:lokaalID>
				</imkl:NEN3610ID>
			</imkl:identificatie>
			<imkl:beginLifespanVersion>2001-12-17T09:30:47.00+01:00</imkl:beginLifespanVersion>
			<imkl:label>dwarsprofiel</imkl:label>
			<imkl:omschrijving>Voor meer details: zie meegeleverde profielschets</imkl:omschrijving>
			<imkl:inNetwork xlink:href="nl.imkl-KL3131.netMS077"/>
			<imkl:extraInfoType xlink:href="http://definities.geostandaarden.nl/imkl2015/id/waarde/ExtraDetailInfoTypeValue/profielschets"/>
			<imkl:bestandLocatie>bronnen/KL3131/nl.imkl-KL3131.pf_boringMS_dwars_5684PB,Best,Bataweg.pdf</imkl:bestandLocatie>
			<imkl:bestandMediaType xlink:href="http://definities.geostandaarden.nl/imkl2015/id/waarde/BestandMediaTypeValue/PDF"/>
			<imkl:bestandIdentificator>nl.imkl-KL3131.pf_boringMS_dwars_5684PB,Best,Bataweg</imkl:bestandIdentificator>
			<imkl:ligging>
				<gml:Polygon srsName="urn:ogc:def:crs:EPSG::28992" srsDimension="2" gml:id="nl.imkl-KL3131.edi155_netMS077_DWARS_geo">
					<gml:exterior>
						<gml:LinearRing>
							<gml:posList>155247 389158 155283 389170 155318 389206 155384 389258 155384 389281 155327 389253 155283 389190 155247 389182 155247 389158</gml:posList>
						</gml:LinearRing>
					</gml:exterior>
				</gml:Polygon>
			</imkl:ligging>
		</imkl:ExtraDetailinfo>
	</gml:featureMember>
	<gml:featureMember>
		<imkl:ExtraDetailinfo gml:id="nl.imkl-KL3131.edi155_netMS077_LENGTE">
			<imkl:identificatie>
				<imkl:NEN3610ID>
					<imkl:namespace>nl.imkl</imkl:namespace>
					<imkl:lokaalID>KL3131.edi155_netMS077_LENGTE</imkl:lokaalID>
				</imkl:NEN3610ID>
			</imkl:identificatie>
			<imkl:beginLifespanVersion>2001-12-17T09:30:47.00+01:00</imkl:beginLifespanVersion>
			<imkl:label>lengteprofiel</imkl:label>
			<imkl:omschrijving>Voor meer details: zie meegeleverde profielschets</imkl:omschrijving>
			<imkl:inNetwork xlink:href="nl.imkl-KL3131.netMS077"/>
			<imkl:extraInfoType xlink:href="http://definities.geostandaarden.nl/imkl2015/id/waarde/ExtraDetailInfoTypeValue/profielschets"/>
			<imkl:bestandLocatie>bronnen/KL3131/nl.imkl-KL3131.pf_boringMS_lengte_5684PB,Best,Bataweg.pdf</imkl:bestandLocatie>
			<imkl:bestandMediaType xlink:href="http://definities.geostandaarden.nl/imkl2015/id/waarde/BestandMediaTypeValue/PDF"/>
			<imkl:bestandIdentificator>nl.imkl-KL3131.pf_boringMS_lengte_5684PB,Best,Bataweg</imkl:bestandIdentificator>
			<imkl:ligging>
				<gml:Polygon srsName="urn:ogc:def:crs:EPSG::28992" srsDimension="2" gml:id="nl.imkl-KL3131.edi155_netMS077_LENGTE_geo">
					<gml:exterior>
						<gml:LinearRing>
							<gml:posList>155247 389158 155283 389170 155318 389206 155384 389258 155384 389281 155327 389253 155283 389190 155247 389182 155247 389158</gml:posList>
						</gml:LinearRing>
					</gml:exterior>
				</gml:Polygon>
			</imkl:ligging>
		</imkl:ExtraDetailinfo>
	</gml:featureMember>

	<!-- UtilityLink -->
	<gml:featureMember>
		<us-net-common:UtilityLink gml:id="nl.imkl-KL3131.ulink_ms09076">
			<net:beginLifespanVersion>2001-12-17T09:30:47.00+01:00</net:beginLifespanVersion>
			<net:inspireId>
				<base:Identifier>
					<base:localId>KL3131.ulink_ms09076</base:localId>
					<base:namespace>nl.imkl</base:namespace>
				</base:Identifier>
			</net:inspireId>
			<net:inNetwork xlink:href="nl.imkl-KL3131.netMS077"/>
			<net:centrelineGeometry>
				<gml:Curve srsName="urn:ogc:def:crs:EPSG::28992" srsDimension="2" gml:id="nl.imkl-KL3131.ulink_ms09076_geo">
					<gml:segments>
						<gml:LineStringSegment>
							<gml:posList>155437 389260 155384 389270 155322 389240 155283 389180 155247 389170 155211 389137 155228 389092</gml:posList>
						</gml:LineStringSegment>
					</gml:segments>
				</gml:Curve>
			</net:centrelineGeometry>
			<net:fictitious>false</net:fictitious>
			<us-net-common:currentStatus xlink:href="http://inspire.ec.europa.eu/codelist/ConditionOfFacilityValue/functional"/>
			<us-net-common:validFrom>2001-12-17T09:30:47.00+01:00</us-net-common:validFrom>
			<us-net-common:verticalPosition xsi:nil="true" nilReason="Unknown"/>
		</us-net-common:UtilityLink>
	</gml:featureMember>

	<!--________________ Belanghebbende KL5151 ________________-->
	<gml:featureMember>
		<imkl:Belanghebbende gml:id="nl.imkl-KL5151._Belanghebbende_17O051010-1">
			<imkl:identificatie>
				<imkl:NEN3610ID>
					<imkl:namespace>nl.imkl</imkl:namespace>
					<imkl:lokaalID>KL5151._Belanghebbende_17O051010</imkl:lokaalID>
					<imkl:versie>1</imkl:versie>
				</imkl:NEN3610ID>
			</imkl:identificatie>
			<imkl:beginLifespanVersion>2017-01-11T09:09:11.00+01:00</imkl:beginLifespanVersion>
			<imkl:beheerdersinformatieGeleverd>true</imkl:beheerdersinformatieGeleverd>
			<imkl:betrokkenBijAanvraag>true</imkl:betrokkenBijAanvraag>
			<imkl:eisVoorzorgsmaatregel>false</imkl:eisVoorzorgsmaatregel>
			<imkl:utiliteitsnet xlink:href="nl.imkl-KL5151.netMS077"/>
			<imkl:geraaktBelangBijOrientatiepolygoon xlink:href="nl.imkl-KL5151._Belang_64420-3"/>
			<imkl:netbeheerder xlink:href="nl.imkl-KL5151._Beheerder"/>
		</imkl:Belanghebbende>
	</gml:featureMember>
	<!--________________ Beheerder KL5151________________-->
	<gml:featureMember>
		<imkl:Beheerder gml:id="nl.imkl-KL5151._Beheerder">
			<imkl:identificatie>
				<imkl:NEN3610ID>
					<imkl:namespace>nl.imkl</imkl:namespace>
					<imkl:lokaalID>KL5151._Beheerder</imkl:lokaalID>
					<imkl:versie/>
				</imkl:NEN3610ID>
			</imkl:identificatie>
			<imkl:beginLifespanVersion>2017-01-01T00:00:00.00+01:00</imkl:beginLifespanVersion>
			<imkl:bronhoudercode>KL5151</imkl:bronhoudercode>
			<imkl:websiteKlic>https://TelecomInternationalBV.nl/KLIC</imkl:websiteKlic>
			<imkl:organisatie>
				<imkl:Organisatie>
					<imkl:naam>Telecom B.V.[5151]</imkl:naam>
				</imkl:Organisatie>
			</imkl:organisatie>
		</imkl:Beheerder>
	</gml:featureMember>
	<!--________________ Belangen ________________-->
	<gml:featureMember>
		<imkl:Belang gml:id="nl.imkl-KL5151._Belang_64420-3">
			<imkl:identificatie>
				<imkl:NEN3610ID>
					<imkl:namespace>nl.imkl</imkl:namespace>
					<imkl:lokaalID>KL5151._Belang_64420</imkl:lokaalID>
					<imkl:versie>3</imkl:versie>
				</imkl:NEN3610ID>
			</imkl:identificatie>
			<imkl:beginLifespanVersion>2017-02-28T19:30:47.00+01:00</imkl:beginLifespanVersion>
			<imkl:omschrijving>Datatransport, regio Noord-Brabant</imkl:omschrijving>
			<imkl:contactAanvraag>
				<imkl:AanvraagSoortContact>
						<imkl:aanvraagSoort xlink:href="http://definities.geostandaarden.nl/imkl2015/id/waarde/AanvraagSoortValue/orientatieverzoek"/>
						<imkl:naam>Klic-helpdesk Telecom BV</imkl:naam>
						<imkl:telefoon>088-4545450</imkl:telefoon>
						<imkl:email>klic.helpdesk@telecominternationalbv.nl</imkl:email>
				</imkl:AanvraagSoortContact>
			</imkl:contactAanvraag>
			<imkl:thema xlink:href="http://definities.geostandaarden.nl/imkl2015/id/waarde/Thema/datatransport"/>
			<imkl:contactNetinformatie>
				<imkl:AanvraagSoortContact>
					<imkl:aanvraagSoort xlink:href="http://definities.geostandaarden.nl/imkl2015/id/waarde/AanvraagSoortValue/orientatieverzoek"/>
					<imkl:naam>afdeling Toezicht</imkl:naam>
					<imkl:telefoon>088-4567890</imkl:telefoon>
					<imkl:email>klic.toezicht@telecominternationalbv.nl</imkl:email>
				</imkl:AanvraagSoortContact>
			</imkl:contactNetinformatie>
			<imkl:contactBeschadiging>
				<imkl:Contact>
					<imkl:naam>beschadigingsnummer datatransport</imkl:naam>
					<imkl:telefoon>0900-1399</imkl:telefoon>
				</imkl:Contact>
			</imkl:contactBeschadiging>
		</imkl:Belang>
	</gml:featureMember>

	<!-- Utiliteitsnet -->
	<gml:featureMember>
		<imkl:Utiliteitsnet gml:id="nl.imkl-KL5151.NW_data521">
			<us-net-common:utilityNetworkType xlink:href="http://inspire.ec.europa.eu/codelist/UtilityNetworkTypeValue/telecommunications"/>
			<us-net-common:authorityRole xlink:href="http://inspire.ec.europa.eu/codelist/RelatedPartyRoleValue/operator"/>
			<imkl:identificatie>
				<imkl:NEN3610ID>
					<imkl:namespace>nl.imkl</imkl:namespace>
					<imkl:lokaalID>KL5151.NW_data521</imkl:lokaalID>
				</imkl:NEN3610ID>
			</imkl:identificatie>
			<imkl:beginLifespanVersion>2001-12-17T09:30:47.00+01:00</imkl:beginLifespanVersion>
			<imkl:thema xlink:href="http://definities.geostandaarden.nl/imkl2015/id/waarde/Thema/datatransport"/>
		</imkl:Utiliteitsnet>
	</gml:featureMember>

	<!-- Telecommunicatiekabel -->
	<gml:featureMember>
		<imkl:Telecommunicatiekabel gml:id="nl.imkl-KL5151.data_53301">
			<net:beginLifespanVersion>2001-12-17T09:30:47.00+01:00</net:beginLifespanVersion>
			<net:inspireId>
				<base:Identifier>
					<base:localId>KL5151.data_53301</base:localId>
					<base:namespace>nl.imkl</base:namespace>
				</base:Identifier>
			</net:inspireId>
			<net:inNetwork xlink:href="nl.imkl-KL5151.NW_data521"/>
			<net:link xlink:href="nl.imkl-KL5151.ulink_data_53301"/>
			<us-net-common:currentStatus xlink:href="http://inspire.ec.europa.eu/codelist/ConditionOfFacilityValue/functional"/>
			<us-net-common:validFrom>1996-12-25T00:00:00+01:00</us-net-common:validFrom>
			<us-net-common:verticalPosition>underground</us-net-common:verticalPosition>
			<us-net-common:utilityDeliveryType xlink:href="http://inspire.ec.europa.eu/codelist/UtilityDeliveryTypeValue/transport"></us-net-common:utilityDeliveryType>
			<us-net-common:warningType  xlink:href="http://inspire.ec.europa.eu/codelist/WarningTypeValue/tape"/>
			<us-net-tc:telecommunicationsCableMaterialType  xlink:href="http://definities.geostandaarden.nl/imkl2015/id/waarde/TelecommunicationsCableMaterialTypeIMKLValue/opticalFiber"/>
			<imkl:geoNauwkeurigheidXY xlink:href="http://definities.geostandaarden.nl/imkl2015/id/waarde/NauwkeurigheidXYvalue/tot50cm"/>
			<imkl:toelichting>Hoofdaansluitikabel uitbreidingswijk Best/West</imkl:toelichting>
			<imkl:label>Hoofdaansluitkabel: BST-53301</imkl:label>
			<imkl:omschrijving>Aansluitkabel met functie datatransport</imkl:omschrijving>
			<imkl:kabelDiameter uom="urn:ogc:def:uom:OGC::cm">16</imkl:kabelDiameter>
		</imkl:Telecommunicatiekabel>
	</gml:featureMember>

	<!-- ExtraDetailInfo - 1 huisaansluiting-->
	<gml:featureMember>
		<imkl:ExtraDetailinfo gml:id="nl.imkl-KL5151.has_data_0753010000009963">
			<imkl:identificatie>
				<imkl:NEN3610ID>
					<imkl:namespace>nl.imkl</imkl:namespace>
					<imkl:lokaalID>KL5151.has_data_0753010000009963</imkl:lokaalID>
				</imkl:NEN3610ID>
			</imkl:identificatie>
			<imkl:beginLifespanVersion>2001-12-17T09:30:47.00+01:00</imkl:beginLifespanVersion>
			<imkl:label>HAS</imkl:label>
			<imkl:omschrijving>Voor meer details: zie meegeleverde huisaansluiting</imkl:omschrijving>
			<imkl:inNetwork xlink:href="nl.imkl-KL5151.NW_data521"/>
			<imkl:adres>
				<imkl:Adres>
					<imkl:openbareRuimteNaam>Aardheuvel</imkl:openbareRuimteNaam>
					<imkl:huisnummer>30</imkl:huisnummer>
					<imkl:woonplaatsNaam>Best</imkl:woonplaatsNaam>
					<imkl:postcode>5685AC</imkl:postcode>
					<imkl:BAGidAdresseerbaarObject>0753010000009963</imkl:BAGidAdresseerbaarObject>
				</imkl:Adres>
			</imkl:adres>
			<imkl:extraInfoType xlink:href="http://definities.geostandaarden.nl/imkl2015/id/waarde/ExtraDetailInfoTypeValue/huisaansluiting"/>
			<imkl:bestandLocatie>bronnen/KL5151/nl.imkl-KL5151.HAS_data_5685AC_30.pdf</imkl:bestandLocatie>
			<imkl:bestandMediaType xlink:href="http://definities.geostandaarden.nl/imkl2015/id/waarde/BestandMediaTypeValue/PDF"/>
			<imkl:bestandIdentificator>nl.imkl-KL5151.HAS_data_5685AC_30</imkl:bestandIdentificator>
			<imkl:ligging>
				<gml:Point srsName="urn:ogc:def:crs:EPSG::28992" srsDimension="2" gml:id="nl.imkl-KL5151.has_data_0753010000009963_geo">
					<gml:pos>154657.572 389715.532</gml:pos>
				</gml:Point>
			</imkl:ligging>
		</imkl:ExtraDetailinfo>
	</gml:featureMember>

	<!-- UtilityLink -->
	<gml:featureMember>
		<us-net-common:UtilityLink gml:id="nl.imkl-KL5151.ulink_data_53301">
			<net:beginLifespanVersion>2001-12-17T09:30:47.00+01:00</net:beginLifespanVersion>
			<net:inspireId>
				<base:Identifier>
					<base:localId>KL5151.ulink_data_53301</base:localId>
					<base:namespace>nl.imkl</base:namespace>
				</base:Identifier>
			</net:inspireId>
			<net:inNetwork xlink:href="nl.imkl-KL5151.NW_data521"/>
			<net:centrelineGeometry>
				<gml:Curve srsName="urn:ogc:def:crs:EPSG::28992" srsDimension="2" gml:id="nl.imkl-KL5151.ulink_data_53301_geo">
					<gml:segments>
						<gml:LineStringSegment>
							<gml:posList>154900 389088 154884 389217 154928 389446 154872 389576 154500 389761</gml:posList>
						</gml:LineStringSegment>
					</gml:segments>
				</gml:Curve>
			</net:centrelineGeometry>
			<net:fictitious>false</net:fictitious>
			<us-net-common:currentStatus xlink:href="http://inspire.ec.europa.eu/codelist/ConditionOfFacilityValue/projected"/>
			<us-net-common:validFrom>2001-12-17T09:30:47.00+01:00</us-net-common:validFrom>
			<us-net-common:verticalPosition xsi:nil="true" nilReason="Unknown"/>
		</us-net-common:UtilityLink>
	</gml:featureMember>

</gml:FeatureCollection>
