<?xml version="1.0" encoding="UTF-8" standalone="yes"?>
<Leveringsinformatie xmlns="http://www.kadaster.nl/schemas/klic/leveringsinformatie/v20180418" xmlns:xlink="http://www.w3.org/1999/xlink" xmlns:gml="http://www.opengis.net/gml/3.2">
	<version>2.2</version>
	<bijlagePerLevering>
		<soortBijlage>achtergrondkaart</soortBijlage>
		<bestandLocatie>bronnen/GB_19G559122.png</bestandLocatie>
		<bestandMediaType xlink:href="http://definities.geostandaarden.nl/imkl2015/id/waarde/BestandMediaTypeValue/PNG"/>
		<bestandIdentificator>GB_19G559122</bestandIdentificator>
	</bijlagePerLevering>
	<bijlagePerLevering>
		<soortBijlage>leveringsbrief</soortBijlage>
		<bestandLocatie>LI_19G559122_1.pdf</bestandLocatie>
		<bestandMediaType xlink:href="http://definities.geostandaarden.nl/imkl2015/id/waarde/BestandMediaTypeValue/PDF"/>
		<bestandIdentificator>LI_19G559122_1</bestandIdentificator>
	</bijlagePerLevering>
	<bijlagePerLevering>
		<soortBijlage>gebiedsinformatieLevering</soortBijlage>
		<bestandLocatie>GI_gebiedsinformatielevering_19G559122_1.xml</bestandLocatie>
		<bestandMediaType xlink:href="http://definities.geostandaarden.nl/imkl2015/id/waarde/BestandMediaTypeValue/XML"/>
		<bestandIdentificator>GI_gebiedsinformatielevering_19G559122_1</bestandIdentificator>
	</bijlagePerLevering>
	<pngFormaat>
		<omsluitendeRechthoek>
			<gml:Envelope srsName="urn:ogc:def:crs:EPSG::28992" srsDimension="2">
				<gml:lowerCorner>233800.0 581800.0</gml:lowerCorner>
				<gml:upperCorner>234300.0 582300.0</gml:upperCorner>
			</gml:Envelope>
		</omsluitendeRechthoek>
		<pixelsBreed>7000</pixelsBreed>
		<pixelsHoog>7000</pixelsHoog>
	</pngFormaat>
	<belanghebbende>
		<bronhoudercode>KL1103</bronhoudercode>
		<beheerdersinformatieVersie>IMKL1.2</beheerdersinformatieVersie>
		<bijlagePerNetbeheerder>
			<soortBijlage>algemeen</soortBijlage>
			<bestandLocatie>bronnen/KL1103/nl.imkl-KL1103_19G559122.WaterbedrijfGroningen_ALG_95e8ff30_4298_43b4_91ef_386bbe634b91.pdf</bestandLocatie>
			<bestandMediaType xlink:href="http://definities.geostandaarden.nl/imkl2015/id/waarde/BestandMediaTypeValue/PDF"/>
			<bestandIdentificator>nl.imkl-KL1103.WaterbedrijfGroningen_ALG_95e8ff30_4298_43b4_91ef_386bbe634b91</bestandIdentificator>
		</bijlagePerNetbeheerder>
		<beheerdersinformatie>
			<thema xlink:href="http://definities.geostandaarden.nl/imkl2015/id/waarde/Thema/water"/>
			<eisVoorzorgmaatregel>true</eisVoorzorgmaatregel>
			<themabijlagePerNetbeheerder>
				<soortBijlage>eisVoorzorgsmaatregel</soortBijlage>
				<bestandLocatie>bronnen/KL1103/nl.imkl-KL1103_19G559122.WaterbedrijfGroningenEV.001_water.pdf</bestandLocatie>
				<bestandMediaType xlink:href="http://definities.geostandaarden.nl/imkl2015/id/waarde/BestandMediaTypeValue/PDF"/>
				<bestandIdentificator>nl.imkl-KL1103.WaterbedrijfGroningenEV.001_water</bestandIdentificator>
			</themabijlagePerNetbeheerder>
			<themabijlagePerNetbeheerder>
				<soortBijlage>profielschets</soortBijlage>
				<bestandLocatie>bronnen/KL1103/nl.imkl-KL1103_19G559122.profielschets_Zinkerschetsen_e5040070_5ddd_486e_8927_186512a69d7b.pdf</bestandLocatie>
				<bestandMediaType xlink:href="http://definities.geostandaarden.nl/imkl2015/id/waarde/BestandMediaTypeValue/PDF"/>
				<bestandIdentificator>nl.imkl-KL1103.profielschets_Zinkerschetsen_e5040070_5ddd_486e_8927_186512a69d7b</bestandIdentificator>
			</themabijlagePerNetbeheerder>
		</beheerdersinformatie>
	</belanghebbende>
	<belanghebbende>
		<bronhoudercode>KL1011</bronhoudercode>
		<beheerdersinformatieVersie>IMKL1.2</beheerdersinformatieVersie>
		<bijlagePerNetbeheerder>
			<soortBijlage>algemeen</soortBijlage>
			<bestandLocatie>bronnen/KL1011/nl.imkl-KL1011_19G559122.BriefBelang_Algemeen_1de0ea86_79d9_4101_8664_3032603cda75.pdf</bestandLocatie>
			<bestandMediaType xlink:href="http://definities.geostandaarden.nl/imkl2015/id/waarde/BestandMediaTypeValue/PDF"/>
			<bestandIdentificator>nl.imkl-KL1011.BriefBelang_Algemeen_1de0ea86_79d9_4101_8664_3032603cda75</bestandIdentificator>
		</bijlagePerNetbeheerder>
		<beheerdersinformatie>
			<thema xlink:href="http://definities.geostandaarden.nl/imkl2015/id/waarde/Thema/datatransport"/>
			<eisVoorzorgmaatregel>false</eisVoorzorgmaatregel>
			<themabijlagePerNetbeheerder>
				<soortBijlage>profielschets</soortBijlage>
				<bestandLocatie>bronnen/KL1011/nl.imkl-KL1011_19G559122.profielschets_7a795d47_03ad_4f40_9ad5_2f935abdb664.pdf</bestandLocatie>
				<bestandMediaType xlink:href="http://definities.geostandaarden.nl/imkl2015/id/waarde/BestandMediaTypeValue/PDF"/>
				<bestandIdentificator>nl.imkl-KL1011.profielschets_7a795d47_03ad_4f40_9ad5_2f935abdb664</bestandIdentificator>
			</themabijlagePerNetbeheerder>
		</beheerdersinformatie>
	</belanghebbende>
	<belanghebbende>
		<bronhoudercode>KL1762</bronhoudercode>
		<beheerdersinformatieVersie>IMKL1.2</beheerdersinformatieVersie>
		<bijlagePerNetbeheerder>
			<soortBijlage>algemeen</soortBijlage>
			<bestandLocatie>bronnen/KL1762/nl.imkl-KL1762_19G559122.WarmteStad_ALG_b2e742b9_2356_4301_9357_b6d5745a4654.pdf</bestandLocatie>
			<bestandMediaType xlink:href="http://definities.geostandaarden.nl/imkl2015/id/waarde/BestandMediaTypeValue/PDF"/>
			<bestandIdentificator>nl.imkl-KL1762.WarmteStad_ALG_b2e742b9_2356_4301_9357_b6d5745a4654</bestandIdentificator>
		</bijlagePerNetbeheerder>
	</belanghebbende>
	<belanghebbende>
		<bronhoudercode>KL1049</bronhoudercode>
		<beheerdersinformatieVersie>IMKL1.2</beheerdersinformatieVersie>
		<bijlagePerNetbeheerder>
			<soortBijlage>nietBetrokken</soortBijlage>
			<bestandLocatie>bronnen/KL1049/nl.imkl-KL1049_19G559122.brief-nietbetrokken.pdf</bestandLocatie>
			<bestandMediaType xlink:href="http://definities.geostandaarden.nl/imkl2015/id/waarde/BestandMediaTypeValue/PDF"/>
			<bestandIdentificator>nl.imkl-KL1049.brief-nietbetrokken</bestandIdentificator>
		</bijlagePerNetbeheerder>
	</belanghebbende>
	<belanghebbende>
		<bronhoudercode>KL1031</bronhoudercode>
		<beheerdersinformatieVersie>IMKL1.2</beheerdersinformatieVersie>
		<bijlagePerNetbeheerder>
			<soortBijlage>algemeen</soortBijlage>
			<bestandLocatie>bronnen/KL1031/nl.imkl-KL1031_19G559122.Brief_Algemeen_KW_v4_20190401_aa75cc6e_87fb_4cd3_ac62_d934605978c9.pdf</bestandLocatie>
			<bestandMediaType xlink:href="http://definities.geostandaarden.nl/imkl2015/id/waarde/BestandMediaTypeValue/PDF"/>
			<bestandIdentificator>nl.imkl-KL1031.Brief_Algemeen_KW_v4_20190401_aa75cc6e_87fb_4cd3_ac62_d934605978c9</bestandIdentificator>
		</bijlagePerNetbeheerder>
		<beheerdersinformatie>
			<thema xlink:href="http://definities.geostandaarden.nl/imkl2015/id/waarde/Thema/gasLageDruk"/>
			<eisVoorzorgmaatregel>true</eisVoorzorgmaatregel>
			<themabijlagePerNetbeheerder>
				<soortBijlage>eisVoorzorgsmaatregel</soortBijlage>
				<bestandLocatie>bronnen/KL1031/nl.imkl-KL1031_19G559122.EnexisEV.002_gasLageDruk.pdf</bestandLocatie>
				<bestandMediaType xlink:href="http://definities.geostandaarden.nl/imkl2015/id/waarde/BestandMediaTypeValue/PDF"/>
				<bestandIdentificator>nl.imkl-KL1031.EnexisEV.002_gasLageDruk</bestandIdentificator>
			</themabijlagePerNetbeheerder>
			<themabijlagePerNetbeheerder>
				<soortBijlage>profielschets</soortBijlage>
				<bestandLocatie>bronnen/KL1031/nl.imkl-KL1031_19G559122.profielschets_06741433_fed5_4787_8ec9_bed8b45288cd.pdf</bestandLocatie>
				<bestandMediaType xlink:href="http://definities.geostandaarden.nl/imkl2015/id/waarde/BestandMediaTypeValue/PDF"/>
				<bestandIdentificator>nl.imkl-KL1031.profielschets_06741433_fed5_4787_8ec9_bed8b45288cd</bestandIdentificator>
			</themabijlagePerNetbeheerder>
			<themabijlagePerNetbeheerder>
				<soortBijlage>profielschets</soortBijlage>
				<bestandLocatie>bronnen/KL1031/nl.imkl-KL1031_19G559122.profielschets_b586d668_390f_45fa_934c_0b2527f4cc5d.pdf</bestandLocatie>
				<bestandMediaType xlink:href="http://definities.geostandaarden.nl/imkl2015/id/waarde/BestandMediaTypeValue/PDF"/>
				<bestandIdentificator>nl.imkl-KL1031.profielschets_b586d668_390f_45fa_934c_0b2527f4cc5d</bestandIdentificator>
			</themabijlagePerNetbeheerder>
			<themabijlagePerNetbeheerder>
				<soortBijlage>profielschets</soortBijlage>
				<bestandLocatie>bronnen/KL1031/nl.imkl-KL1031_19G559122.profielschets_431534c3_e3be_47d9_b4c8_68bc0e951459.pdf</bestandLocatie>
				<bestandMediaType xlink:href="http://definities.geostandaarden.nl/imkl2015/id/waarde/BestandMediaTypeValue/PDF"/>
				<bestandIdentificator>nl.imkl-KL1031.profielschets_431534c3_e3be_47d9_b4c8_68bc0e951459</bestandIdentificator>
			</themabijlagePerNetbeheerder>
			<themabijlagePerNetbeheerder>
				<soortBijlage>profielschets</soortBijlage>
				<bestandLocatie>bronnen/KL1031/nl.imkl-KL1031_19G559122.profielschets_c6ef35ed_66c1_4b8a_8fb4_e680ee9c8bcf.pdf</bestandLocatie>
				<bestandMediaType xlink:href="http://definities.geostandaarden.nl/imkl2015/id/waarde/BestandMediaTypeValue/PDF"/>
				<bestandIdentificator>nl.imkl-KL1031.profielschets_c6ef35ed_66c1_4b8a_8fb4_e680ee9c8bcf</bestandIdentificator>
			</themabijlagePerNetbeheerder>
			<themabijlagePerNetbeheerder>
				<soortBijlage>profielschets</soortBijlage>
				<bestandLocatie>bronnen/KL1031/nl.imkl-KL1031_19G559122.profielschets_b6c6aa1e_5e38_4f83_8e2b_ae5848bc4c61.pdf</bestandLocatie>
				<bestandMediaType xlink:href="http://definities.geostandaarden.nl/imkl2015/id/waarde/BestandMediaTypeValue/PDF"/>
				<bestandIdentificator>nl.imkl-KL1031.profielschets_b6c6aa1e_5e38_4f83_8e2b_ae5848bc4c61</bestandIdentificator>
			</themabijlagePerNetbeheerder>
		</beheerdersinformatie>
		<beheerdersinformatie>
			<thema xlink:href="http://definities.geostandaarden.nl/imkl2015/id/waarde/Thema/middenspanning"/>
			<eisVoorzorgmaatregel>false</eisVoorzorgmaatregel>
			<themabijlagePerNetbeheerder>
				<soortBijlage>profielschets</soortBijlage>
				<bestandLocatie>bronnen/KL1031/nl.imkl-KL1031_19G559122.profielschets_174b6d26_41b0_486b_9423_e2b2cc3d978f.pdf</bestandLocatie>
				<bestandMediaType xlink:href="http://definities.geostandaarden.nl/imkl2015/id/waarde/BestandMediaTypeValue/PDF"/>
				<bestandIdentificator>nl.imkl-KL1031.profielschets_174b6d26_41b0_486b_9423_e2b2cc3d978f</bestandIdentificator>
			</themabijlagePerNetbeheerder>
			<themabijlagePerNetbeheerder>
				<soortBijlage>profielschets</soortBijlage>
				<bestandLocatie>bronnen/KL1031/nl.imkl-KL1031_19G559122.profielschets_6e68cc78_90d9_4839_b28e_fbeb3feb6911.pdf</bestandLocatie>
				<bestandMediaType xlink:href="http://definities.geostandaarden.nl/imkl2015/id/waarde/BestandMediaTypeValue/PDF"/>
				<bestandIdentificator>nl.imkl-KL1031.profielschets_6e68cc78_90d9_4839_b28e_fbeb3feb6911</bestandIdentificator>
			</themabijlagePerNetbeheerder>
			<themabijlagePerNetbeheerder>
				<soortBijlage>profielschets</soortBijlage>
				<bestandLocatie>bronnen/KL1031/nl.imkl-KL1031_19G559122.profielschets_8977a564_42ec_417f_be05_3208eec16846.pdf</bestandLocatie>
				<bestandMediaType xlink:href="http://definities.geostandaarden.nl/imkl2015/id/waarde/BestandMediaTypeValue/PDF"/>
				<bestandIdentificator>nl.imkl-KL1031.profielschets_8977a564_42ec_417f_be05_3208eec16846</bestandIdentificator>
			</themabijlagePerNetbeheerder>
			<themabijlagePerNetbeheerder>
				<soortBijlage>profielschets</soortBijlage>
				<bestandLocatie>bronnen/KL1031/nl.imkl-KL1031_19G559122.profielschets_63cb6c82_f150_4ae0_93b8_fc82ef1c9811.pdf</bestandLocatie>
				<bestandMediaType xlink:href="http://definities.geostandaarden.nl/imkl2015/id/waarde/BestandMediaTypeValue/PDF"/>
				<bestandIdentificator>nl.imkl-KL1031.profielschets_63cb6c82_f150_4ae0_93b8_fc82ef1c9811</bestandIdentificator>
			</themabijlagePerNetbeheerder>
			<themabijlagePerNetbeheerder>
				<soortBijlage>profielschets</soortBijlage>
				<bestandLocatie>bronnen/KL1031/nl.imkl-KL1031_19G559122.profielschets_386284a4_5151_44e0_b615_2f89e24faec3.pdf</bestandLocatie>
				<bestandMediaType xlink:href="http://definities.geostandaarden.nl/imkl2015/id/waarde/BestandMediaTypeValue/PDF"/>
				<bestandIdentificator>nl.imkl-KL1031.profielschets_386284a4_5151_44e0_b615_2f89e24faec3</bestandIdentificator>
			</themabijlagePerNetbeheerder>
			<themabijlagePerNetbeheerder>
				<soortBijlage>profielschets</soortBijlage>
				<bestandLocatie>bronnen/KL1031/nl.imkl-KL1031_19G559122.profielschets_a7c91e18_b2ab_483c_9ba4_6b4b94921d3a.pdf</bestandLocatie>
				<bestandMediaType xlink:href="http://definities.geostandaarden.nl/imkl2015/id/waarde/BestandMediaTypeValue/PDF"/>
				<bestandIdentificator>nl.imkl-KL1031.profielschets_a7c91e18_b2ab_483c_9ba4_6b4b94921d3a</bestandIdentificator>
			</themabijlagePerNetbeheerder>
			<themabijlagePerNetbeheerder>
				<soortBijlage>profielschets</soortBijlage>
				<bestandLocatie>bronnen/KL1031/nl.imkl-KL1031_19G559122.profielschets_8901c388_7460_45b0_958f_6f585f2c68be.pdf</bestandLocatie>
				<bestandMediaType xlink:href="http://definities.geostandaarden.nl/imkl2015/id/waarde/BestandMediaTypeValue/PDF"/>
				<bestandIdentificator>nl.imkl-KL1031.profielschets_8901c388_7460_45b0_958f_6f585f2c68be</bestandIdentificator>
			</themabijlagePerNetbeheerder>
			<themabijlagePerNetbeheerder>
				<soortBijlage>profielschets</soortBijlage>
				<bestandLocatie>bronnen/KL1031/nl.imkl-KL1031_19G559122.profielschets_f60881f5_8217_4646_a872_a1781df0fc72.pdf</bestandLocatie>
				<bestandMediaType xlink:href="http://definities.geostandaarden.nl/imkl2015/id/waarde/BestandMediaTypeValue/PDF"/>
				<bestandIdentificator>nl.imkl-KL1031.profielschets_f60881f5_8217_4646_a872_a1781df0fc72</bestandIdentificator>
			</themabijlagePerNetbeheerder>
			<themabijlagePerNetbeheerder>
				<soortBijlage>profielschets</soortBijlage>
				<bestandLocatie>bronnen/KL1031/nl.imkl-KL1031_19G559122.profielschets_5f0010ca_1c58_4ba3_971b_6aaa87c06c75.pdf</bestandLocatie>
				<bestandMediaType xlink:href="http://definities.geostandaarden.nl/imkl2015/id/waarde/BestandMediaTypeValue/PDF"/>
				<bestandIdentificator>nl.imkl-KL1031.profielschets_5f0010ca_1c58_4ba3_971b_6aaa87c06c75</bestandIdentificator>
			</themabijlagePerNetbeheerder>
			<themabijlagePerNetbeheerder>
				<soortBijlage>profielschets</soortBijlage>
				<bestandLocatie>bronnen/KL1031/nl.imkl-KL1031_19G559122.profielschets_3a84dda4_528d_4f46_85e0_e2a38c506c6f.pdf</bestandLocatie>
				<bestandMediaType xlink:href="http://definities.geostandaarden.nl/imkl2015/id/waarde/BestandMediaTypeValue/PDF"/>
				<bestandIdentificator>nl.imkl-KL1031.profielschets_3a84dda4_528d_4f46_85e0_e2a38c506c6f</bestandIdentificator>
			</themabijlagePerNetbeheerder>
		</beheerdersinformatie>
		<beheerdersinformatie>
			<thema xlink:href="http://definities.geostandaarden.nl/imkl2015/id/waarde/Thema/laagspanning"/>
			<eisVoorzorgmaatregel>false</eisVoorzorgmaatregel>
			<themabijlagePerNetbeheerder>
				<soortBijlage>profielschets</soortBijlage>
				<bestandLocatie>bronnen/KL1031/nl.imkl-KL1031_19G559122.profielschets_ab2ca928_8d53_4f21_8c4b_bbdc323695ad.pdf</bestandLocatie>
				<bestandMediaType xlink:href="http://definities.geostandaarden.nl/imkl2015/id/waarde/BestandMediaTypeValue/PDF"/>
				<bestandIdentificator>nl.imkl-KL1031.profielschets_ab2ca928_8d53_4f21_8c4b_bbdc323695ad</bestandIdentificator>
			</themabijlagePerNetbeheerder>
			<themabijlagePerNetbeheerder>
				<soortBijlage>profielschets</soortBijlage>
				<bestandLocatie>bronnen/KL1031/nl.imkl-KL1031_19G559122.profielschets_114af13a_8d5f_4489_a623_aca0649d4f86.pdf</bestandLocatie>
				<bestandMediaType xlink:href="http://definities.geostandaarden.nl/imkl2015/id/waarde/BestandMediaTypeValue/PDF"/>
				<bestandIdentificator>nl.imkl-KL1031.profielschets_114af13a_8d5f_4489_a623_aca0649d4f86</bestandIdentificator>
			</themabijlagePerNetbeheerder>
			<themabijlagePerNetbeheerder>
				<soortBijlage>profielschets</soortBijlage>
				<bestandLocatie>bronnen/KL1031/nl.imkl-KL1031_19G559122.profielschets_72d37023_de00_4636_957f_993faa307a04.pdf</bestandLocatie>
				<bestandMediaType xlink:href="http://definities.geostandaarden.nl/imkl2015/id/waarde/BestandMediaTypeValue/PDF"/>
				<bestandIdentificator>nl.imkl-KL1031.profielschets_72d37023_de00_4636_957f_993faa307a04</bestandIdentificator>
			</themabijlagePerNetbeheerder>
			<themabijlagePerNetbeheerder>
				<soortBijlage>profielschets</soortBijlage>
				<bestandLocatie>bronnen/KL1031/nl.imkl-KL1031_19G559122.profielschets_442fd7e9_2bc7_4b48_ad6d_56fc7f4ef6fa.pdf</bestandLocatie>
				<bestandMediaType xlink:href="http://definities.geostandaarden.nl/imkl2015/id/waarde/BestandMediaTypeValue/PDF"/>
				<bestandIdentificator>nl.imkl-KL1031.profielschets_442fd7e9_2bc7_4b48_ad6d_56fc7f4ef6fa</bestandIdentificator>
			</themabijlagePerNetbeheerder>
			<themabijlagePerNetbeheerder>
				<soortBijlage>profielschets</soortBijlage>
				<bestandLocatie>bronnen/KL1031/nl.imkl-KL1031_19G559122.profielschets_f9e3d7cb_f1e1_4cc1_a0a3_50735ca880e1.pdf</bestandLocatie>
				<bestandMediaType xlink:href="http://definities.geostandaarden.nl/imkl2015/id/waarde/BestandMediaTypeValue/PDF"/>
				<bestandIdentificator>nl.imkl-KL1031.profielschets_f9e3d7cb_f1e1_4cc1_a0a3_50735ca880e1</bestandIdentificator>
			</themabijlagePerNetbeheerder>
			<themabijlagePerNetbeheerder>
				<soortBijlage>profielschets</soortBijlage>
				<bestandLocatie>bronnen/KL1031/nl.imkl-KL1031_19G559122.profielschets_3a84dda4_528d_4f46_85e0_e2a38c506c6f.pdf</bestandLocatie>
				<bestandMediaType xlink:href="http://definities.geostandaarden.nl/imkl2015/id/waarde/BestandMediaTypeValue/PDF"/>
				<bestandIdentificator>nl.imkl-KL1031.profielschets_3a84dda4_528d_4f46_85e0_e2a38c506c6f</bestandIdentificator>
			</themabijlagePerNetbeheerder>
		</beheerdersinformatie>
		<beheerdersinformatie>
			<thema xlink:href="http://definities.geostandaarden.nl/imkl2015/id/waarde/Thema/gasHogeDruk"/>
			<eisVoorzorgmaatregel>true</eisVoorzorgmaatregel>
			<themabijlagePerNetbeheerder>
				<soortBijlage>eisVoorzorgsmaatregel</soortBijlage>
				<bestandLocatie>bronnen/KL1031/nl.imkl-KL1031_19G559122.EnexisEV.002_gasHogeDruk.pdf</bestandLocatie>
				<bestandMediaType xlink:href="http://definities.geostandaarden.nl/imkl2015/id/waarde/BestandMediaTypeValue/PDF"/>
				<bestandIdentificator>nl.imkl-KL1031.EnexisEV.002_gasHogeDruk</bestandIdentificator>
			</themabijlagePerNetbeheerder>
			<themabijlagePerNetbeheerder>
				<soortBijlage>profielschets</soortBijlage>
				<bestandLocatie>bronnen/KL1031/nl.imkl-KL1031_19G559122.profielschets_bcb83aff_c308_4e8b_8f7f_747203ad90bd.pdf</bestandLocatie>
				<bestandMediaType xlink:href="http://definities.geostandaarden.nl/imkl2015/id/waarde/BestandMediaTypeValue/PDF"/>
				<bestandIdentificator>nl.imkl-KL1031.profielschets_bcb83aff_c308_4e8b_8f7f_747203ad90bd</bestandIdentificator>
			</themabijlagePerNetbeheerder>
		</beheerdersinformatie>
	</belanghebbende>
	<belanghebbende>
		<bronhoudercode>KL1167</bronhoudercode>
		<beheerdersinformatieVersie>IMKL1.2</beheerdersinformatieVersie>
	</belanghebbende>
	<belanghebbende>
		<bronhoudercode>KL1306</bronhoudercode>
		<beheerdersinformatieVersie>IMKL1.2</beheerdersinformatieVersie>
		<bijlagePerNetbeheerder>
			<soortBijlage>algemeen</soortBijlage>
			<bestandLocatie>bronnen/KL1306/nl.imkl-KL1306_19G559122.Brief_Betrokken.pdf</bestandLocatie>
			<bestandMediaType xlink:href="http://definities.geostandaarden.nl/imkl2015/id/waarde/BestandMediaTypeValue/PDF"/>
			<bestandIdentificator>nl.imkl-KL1306.Brief_Betrokken</bestandIdentificator>
		</bijlagePerNetbeheerder>
		<beheerdersinformatie>
			<thema xlink:href="http://definities.geostandaarden.nl/imkl2015/id/waarde/Thema/datatransport"/>
			<eisVoorzorgmaatregel>false</eisVoorzorgmaatregel>
		</beheerdersinformatie>
	</belanghebbende>
	<belanghebbende>
		<bronhoudercode>GM0014</bronhoudercode>
		<beheerdersinformatieVersie>IMKL1.2</beheerdersinformatieVersie>
		<beheerdersinformatie>
			<thema xlink:href="http://definities.geostandaarden.nl/imkl2015/id/waarde/Thema/rioolVrijverval"/>
			<eisVoorzorgmaatregel>false</eisVoorzorgmaatregel>
		</beheerdersinformatie>
		<beheerdersinformatie>
			<thema xlink:href="http://definities.geostandaarden.nl/imkl2015/id/waarde/Thema/laagspanning"/>
			<eisVoorzorgmaatregel>false</eisVoorzorgmaatregel>
		</beheerdersinformatie>
	</belanghebbende>
	<belanghebbende>
		<bronhoudercode>KL1051</bronhoudercode>
		<beheerdersinformatieVersie>IMKL1.2</beheerdersinformatieVersie>
		<beheerdersinformatie>
			<thema xlink:href="http://definities.geostandaarden.nl/imkl2015/id/waarde/Thema/datatransport"/>
			<eisVoorzorgmaatregel>false</eisVoorzorgmaatregel>
			<themabijlagePerNetbeheerder>
				<soortBijlage>profielschets</soortBijlage>
				<bestandLocatie>bronnen/KL1051/nl.imkl-KL1051.19G5591222.TB_datatransport_KPN_19G559122_45916_38691153_Waterkruisingen.PDF.pdf</bestandLocatie>
				<bestandMediaType xlink:href="http://definities.geostandaarden.nl/imkl2015/id/waarde/BestandMediaTypeValue/PDF"/>
				<bestandIdentificator>nl.imkl-KL1051.19G5591222.TB_datatransport_KPN_19G559122_45916_38691153_Waterkruisingen.PDF</bestandIdentificator>
			</themabijlagePerNetbeheerder>
			<themabijlagePerNetbeheerder>
				<soortBijlage>profielschets</soortBijlage>
				<bestandLocatie>bronnen/KL1051/nl.imkl-KL1051.19G5591223.TB_datatransport_KPN_19G559122_9138_38699510_Waterkruisingen.PDF.pdf</bestandLocatie>
				<bestandMediaType xlink:href="http://definities.geostandaarden.nl/imkl2015/id/waarde/BestandMediaTypeValue/PDF"/>
				<bestandIdentificator>nl.imkl-KL1051.19G5591223.TB_datatransport_KPN_19G559122_9138_38699510_Waterkruisingen.PDF</bestandIdentificator>
			</themabijlagePerNetbeheerder>
			<themabijlagePerNetbeheerder>
				<soortBijlage>profielschets</soortBijlage>
				<bestandLocatie>bronnen/KL1051/nl.imkl-KL1051.19G5591224.TB_datatransport_KPN_19G559122_1096_38696463_Waterkruisingen.PDF.pdf</bestandLocatie>
				<bestandMediaType xlink:href="http://definities.geostandaarden.nl/imkl2015/id/waarde/BestandMediaTypeValue/PDF"/>
				<bestandIdentificator>nl.imkl-KL1051.19G5591224.TB_datatransport_KPN_19G559122_1096_38696463_Waterkruisingen.PDF</bestandIdentificator>
			</themabijlagePerNetbeheerder>
			<themabijlagePerNetbeheerder>
				<soortBijlage>profielschets</soortBijlage>
				<bestandLocatie>bronnen/KL1051/nl.imkl-KL1051.19G5591225.TB_datatransport_KPN_19G559122_1127_38682950_Waterkruisingen.PDF.pdf</bestandLocatie>
				<bestandMediaType xlink:href="http://definities.geostandaarden.nl/imkl2015/id/waarde/BestandMediaTypeValue/PDF"/>
				<bestandIdentificator>nl.imkl-KL1051.19G5591225.TB_datatransport_KPN_19G559122_1127_38682950_Waterkruisingen.PDF</bestandIdentificator>
			</themabijlagePerNetbeheerder>
			<themabijlagePerNetbeheerder>
				<soortBijlage>profielschets</soortBijlage>
				<bestandLocatie>bronnen/KL1051/nl.imkl-KL1051.19G5591226.TB_datatransport_KPN_19G559122_1137_38676140_Waterkruisingen.PDF.pdf</bestandLocatie>
				<bestandMediaType xlink:href="http://definities.geostandaarden.nl/imkl2015/id/waarde/BestandMediaTypeValue/PDF"/>
				<bestandIdentificator>nl.imkl-KL1051.19G5591226.TB_datatransport_KPN_19G559122_1137_38676140_Waterkruisingen.PDF</bestandIdentificator>
			</themabijlagePerNetbeheerder>
			<themabijlagePerNetbeheerder>
				<soortBijlage>profielschets</soortBijlage>
				<bestandLocatie>bronnen/KL1051/nl.imkl-KL1051.19G5591227.TB_datatransport_KPN_19G559122_2062_38699801_Waterkruisingen.PDF.pdf</bestandLocatie>
				<bestandMediaType xlink:href="http://definities.geostandaarden.nl/imkl2015/id/waarde/BestandMediaTypeValue/PDF"/>
				<bestandIdentificator>nl.imkl-KL1051.19G5591227.TB_datatransport_KPN_19G559122_2062_38699801_Waterkruisingen.PDF</bestandIdentificator>
			</themabijlagePerNetbeheerder>
			<themabijlagePerNetbeheerder>
				<soortBijlage>huisaansluiting</soortBijlage>
				<bestandLocatie>bronnen/KL1051/nl.imkl-KL1051.HC_10.HA_datatransport_KPN_19G559122_9711NM_2_1.PDF.pdf</bestandLocatie>
				<bestandMediaType xlink:href="http://definities.geostandaarden.nl/imkl2015/id/waarde/BestandMediaTypeValue/PDF"/>
				<bestandIdentificator>nl.imkl-KL1051.HC_10.HA_datatransport_KPN_19G559122_9711NM_2_1.PDF</bestandIdentificator>
				<adres>
					<postcode>9711NM</postcode>
					<huisnummerLetterToev>2 c</huisnummerLetterToev>
					<BAGidAdresseerbaarObject>0014010022187628</BAGidAdresseerbaarObject>
				</adres>
			</themabijlagePerNetbeheerder>
			<themabijlagePerNetbeheerder>
				<soortBijlage>huisaansluiting</soortBijlage>
				<bestandLocatie>bronnen/KL1051/nl.imkl-KL1051.HC_11.HA_datatransport_KPN_19G559122_9711NM_3_1.PDF.pdf</bestandLocatie>
				<bestandMediaType xlink:href="http://definities.geostandaarden.nl/imkl2015/id/waarde/BestandMediaTypeValue/PDF"/>
				<bestandIdentificator>nl.imkl-KL1051.HC_11.HA_datatransport_KPN_19G559122_9711NM_3_1.PDF</bestandIdentificator>
				<adres>
					<postcode>9711NM</postcode>
					<huisnummerLetterToev>3</huisnummerLetterToev>
					<BAGidAdresseerbaarObject>0014010011015371</BAGidAdresseerbaarObject>
				</adres>
			</themabijlagePerNetbeheerder>
			<themabijlagePerNetbeheerder>
				<soortBijlage>huisaansluiting</soortBijlage>
				<bestandLocatie>bronnen/KL1051/nl.imkl-KL1051.HC_12.HA_datatransport_KPN_19G559122_9711PL_23_1.PDF.pdf</bestandLocatie>
				<bestandMediaType xlink:href="http://definities.geostandaarden.nl/imkl2015/id/waarde/BestandMediaTypeValue/PDF"/>
				<bestandIdentificator>nl.imkl-KL1051.HC_12.HA_datatransport_KPN_19G559122_9711PL_23_1.PDF</bestandIdentificator>
				<adres>
					<postcode>9711PL</postcode>
					<huisnummerLetterToev>23 1</huisnummerLetterToev>
					<BAGidAdresseerbaarObject>0014010022194612</BAGidAdresseerbaarObject>
				</adres>
			</themabijlagePerNetbeheerder>
			<themabijlagePerNetbeheerder>
				<soortBijlage>huisaansluiting</soortBijlage>
				<bestandLocatie>bronnen/KL1051/nl.imkl-KL1051.HC_13.HA_datatransport_KPN_19G559122_9711PM_25_1.PDF.pdf</bestandLocatie>
				<bestandMediaType xlink:href="http://definities.geostandaarden.nl/imkl2015/id/waarde/BestandMediaTypeValue/PDF"/>
				<bestandIdentificator>nl.imkl-KL1051.HC_13.HA_datatransport_KPN_19G559122_9711PM_25_1.PDF</bestandIdentificator>
				<adres>
					<postcode>9711PM</postcode>
					<huisnummerLetterToev>25</huisnummerLetterToev>
					<BAGidAdresseerbaarObject>0014010011073792</BAGidAdresseerbaarObject>
				</adres>
			</themabijlagePerNetbeheerder>
			<themabijlagePerNetbeheerder>
				<soortBijlage>huisaansluiting</soortBijlage>
				<bestandLocatie>bronnen/KL1051/nl.imkl-KL1051.HC_14.HA_datatransport_KPN_19G559122_9711PM_33_1.PDF.pdf</bestandLocatie>
				<bestandMediaType xlink:href="http://definities.geostandaarden.nl/imkl2015/id/waarde/BestandMediaTypeValue/PDF"/>
				<bestandIdentificator>nl.imkl-KL1051.HC_14.HA_datatransport_KPN_19G559122_9711PM_33_1.PDF</bestandIdentificator>
				<adres>
					<postcode>9711PM</postcode>
					<huisnummerLetterToev>33</huisnummerLetterToev>
					<BAGidAdresseerbaarObject>0014010011049196</BAGidAdresseerbaarObject>
				</adres>
			</themabijlagePerNetbeheerder>
			<themabijlagePerNetbeheerder>
				<soortBijlage>huisaansluiting</soortBijlage>
				<bestandLocatie>bronnen/KL1051/nl.imkl-KL1051.HC_15.HA_datatransport_KPN_19G559122_9711PM_35_1.PDF.pdf</bestandLocatie>
				<bestandMediaType xlink:href="http://definities.geostandaarden.nl/imkl2015/id/waarde/BestandMediaTypeValue/PDF"/>
				<bestandIdentificator>nl.imkl-KL1051.HC_15.HA_datatransport_KPN_19G559122_9711PM_35_1.PDF</bestandIdentificator>
				<adres>
					<postcode>9711PM</postcode>
					<huisnummerLetterToev>35</huisnummerLetterToev>
					<BAGidAdresseerbaarObject>0014010010996186</BAGidAdresseerbaarObject>
				</adres>
			</themabijlagePerNetbeheerder>
			<themabijlagePerNetbeheerder>
				<soortBijlage>huisaansluiting</soortBijlage>
				<bestandLocatie>bronnen/KL1051/nl.imkl-KL1051.HC_16.HA_datatransport_KPN_19G559122_9711PR_10_1.PDF.pdf</bestandLocatie>
				<bestandMediaType xlink:href="http://definities.geostandaarden.nl/imkl2015/id/waarde/BestandMediaTypeValue/PDF"/>
				<bestandIdentificator>nl.imkl-KL1051.HC_16.HA_datatransport_KPN_19G559122_9711PR_10_1.PDF</bestandIdentificator>
				<adres>
					<postcode>9711PR</postcode>
					<huisnummerLetterToev>10</huisnummerLetterToev>
					<BAGidAdresseerbaarObject>0014010022203281</BAGidAdresseerbaarObject>
				</adres>
			</themabijlagePerNetbeheerder>
			<themabijlagePerNetbeheerder>
				<soortBijlage>huisaansluiting</soortBijlage>
				<bestandLocatie>bronnen/KL1051/nl.imkl-KL1051.HC_17.HA_datatransport_KPN_19G559122_9711PR_12_1.PDF.pdf</bestandLocatie>
				<bestandMediaType xlink:href="http://definities.geostandaarden.nl/imkl2015/id/waarde/BestandMediaTypeValue/PDF"/>
				<bestandIdentificator>nl.imkl-KL1051.HC_17.HA_datatransport_KPN_19G559122_9711PR_12_1.PDF</bestandIdentificator>
				<adres>
					<postcode>9711PR</postcode>
					<huisnummerLetterToev>12</huisnummerLetterToev>
					<BAGidAdresseerbaarObject>0014010022203283</BAGidAdresseerbaarObject>
				</adres>
			</themabijlagePerNetbeheerder>
			<themabijlagePerNetbeheerder>
				<soortBijlage>huisaansluiting</soortBijlage>
				<bestandLocatie>bronnen/KL1051/nl.imkl-KL1051.HC_18.HA_datatransport_KPN_19G559122_9711PR_14_1.PDF.pdf</bestandLocatie>
				<bestandMediaType xlink:href="http://definities.geostandaarden.nl/imkl2015/id/waarde/BestandMediaTypeValue/PDF"/>
				<bestandIdentificator>nl.imkl-KL1051.HC_18.HA_datatransport_KPN_19G559122_9711PR_14_1.PDF</bestandIdentificator>
				<adres>
					<postcode>9711PR</postcode>
					<huisnummerLetterToev>14</huisnummerLetterToev>
					<BAGidAdresseerbaarObject>0014010022203285</BAGidAdresseerbaarObject>
				</adres>
			</themabijlagePerNetbeheerder>
			<themabijlagePerNetbeheerder>
				<soortBijlage>huisaansluiting</soortBijlage>
				<bestandLocatie>bronnen/KL1051/nl.imkl-KL1051.HC_19.HA_datatransport_KPN_19G559122_9711PR_16_1.PDF.pdf</bestandLocatie>
				<bestandMediaType xlink:href="http://definities.geostandaarden.nl/imkl2015/id/waarde/BestandMediaTypeValue/PDF"/>
				<bestandIdentificator>nl.imkl-KL1051.HC_19.HA_datatransport_KPN_19G559122_9711PR_16_1.PDF</bestandIdentificator>
				<adres>
					<postcode>9711PR</postcode>
					<huisnummerLetterToev>16</huisnummerLetterToev>
					<BAGidAdresseerbaarObject>0014010022203287</BAGidAdresseerbaarObject>
				</adres>
			</themabijlagePerNetbeheerder>
			<themabijlagePerNetbeheerder>
				<soortBijlage>huisaansluiting</soortBijlage>
				<bestandLocatie>bronnen/KL1051/nl.imkl-KL1051.HC_20.HA_datatransport_KPN_19G559122_9711PR_18_1.PDF.pdf</bestandLocatie>
				<bestandMediaType xlink:href="http://definities.geostandaarden.nl/imkl2015/id/waarde/BestandMediaTypeValue/PDF"/>
				<bestandIdentificator>nl.imkl-KL1051.HC_20.HA_datatransport_KPN_19G559122_9711PR_18_1.PDF</bestandIdentificator>
				<adres>
					<postcode>9711PR</postcode>
					<huisnummerLetterToev>18</huisnummerLetterToev>
					<BAGidAdresseerbaarObject>0014010011050667</BAGidAdresseerbaarObject>
				</adres>
			</themabijlagePerNetbeheerder>
			<themabijlagePerNetbeheerder>
				<soortBijlage>huisaansluiting</soortBijlage>
				<bestandLocatie>bronnen/KL1051/nl.imkl-KL1051.HC_21.HA_datatransport_KPN_19G559122_9711PR_20_1.PDF.pdf</bestandLocatie>
				<bestandMediaType xlink:href="http://definities.geostandaarden.nl/imkl2015/id/waarde/BestandMediaTypeValue/PDF"/>
				<bestandIdentificator>nl.imkl-KL1051.HC_21.HA_datatransport_KPN_19G559122_9711PR_20_1.PDF</bestandIdentificator>
				<adres>
					<postcode>9711PR</postcode>
					<huisnummerLetterToev>20</huisnummerLetterToev>
					<BAGidAdresseerbaarObject>0014010011061319</BAGidAdresseerbaarObject>
				</adres>
			</themabijlagePerNetbeheerder>
			<themabijlagePerNetbeheerder>
				<soortBijlage>huisaansluiting</soortBijlage>
				<bestandLocatie>bronnen/KL1051/nl.imkl-KL1051.HC_22.HA_datatransport_KPN_19G559122_9711PR_22_1.PDF.pdf</bestandLocatie>
				<bestandMediaType xlink:href="http://definities.geostandaarden.nl/imkl2015/id/waarde/BestandMediaTypeValue/PDF"/>
				<bestandIdentificator>nl.imkl-KL1051.HC_22.HA_datatransport_KPN_19G559122_9711PR_22_1.PDF</bestandIdentificator>
				<adres>
					<postcode>9711PR</postcode>
					<huisnummerLetterToev>22</huisnummerLetterToev>
					<BAGidAdresseerbaarObject>0014010022203289</BAGidAdresseerbaarObject>
				</adres>
			</themabijlagePerNetbeheerder>
			<themabijlagePerNetbeheerder>
				<soortBijlage>huisaansluiting</soortBijlage>
				<bestandLocatie>bronnen/KL1051/nl.imkl-KL1051.HC_23.HA_datatransport_KPN_19G559122_9711PR_24_1.PDF.pdf</bestandLocatie>
				<bestandMediaType xlink:href="http://definities.geostandaarden.nl/imkl2015/id/waarde/BestandMediaTypeValue/PDF"/>
				<bestandIdentificator>nl.imkl-KL1051.HC_23.HA_datatransport_KPN_19G559122_9711PR_24_1.PDF</bestandIdentificator>
				<adres>
					<postcode>9711PR</postcode>
					<huisnummerLetterToev>24</huisnummerLetterToev>
					<BAGidAdresseerbaarObject>0014010022203291</BAGidAdresseerbaarObject>
				</adres>
			</themabijlagePerNetbeheerder>
			<themabijlagePerNetbeheerder>
				<soortBijlage>huisaansluiting</soortBijlage>
				<bestandLocatie>bronnen/KL1051/nl.imkl-KL1051.HC_24.HA_datatransport_KPN_19G559122_9711PR_26_1.PDF.pdf</bestandLocatie>
				<bestandMediaType xlink:href="http://definities.geostandaarden.nl/imkl2015/id/waarde/BestandMediaTypeValue/PDF"/>
				<bestandIdentificator>nl.imkl-KL1051.HC_24.HA_datatransport_KPN_19G559122_9711PR_26_1.PDF</bestandIdentificator>
				<adres>
					<postcode>9711PR</postcode>
					<huisnummerLetterToev>26</huisnummerLetterToev>
					<BAGidAdresseerbaarObject>0014010022203293</BAGidAdresseerbaarObject>
				</adres>
			</themabijlagePerNetbeheerder>
			<themabijlagePerNetbeheerder>
				<soortBijlage>huisaansluiting</soortBijlage>
				<bestandLocatie>bronnen/KL1051/nl.imkl-KL1051.HC_25.HA_datatransport_KPN_19G559122_9711PR_28_1.PDF.pdf</bestandLocatie>
				<bestandMediaType xlink:href="http://definities.geostandaarden.nl/imkl2015/id/waarde/BestandMediaTypeValue/PDF"/>
				<bestandIdentificator>nl.imkl-KL1051.HC_25.HA_datatransport_KPN_19G559122_9711PR_28_1.PDF</bestandIdentificator>
				<adres>
					<postcode>9711PR</postcode>
					<huisnummerLetterToev>28</huisnummerLetterToev>
					<BAGidAdresseerbaarObject>0014010022203295</BAGidAdresseerbaarObject>
				</adres>
			</themabijlagePerNetbeheerder>
			<themabijlagePerNetbeheerder>
				<soortBijlage>huisaansluiting</soortBijlage>
				<bestandLocatie>bronnen/KL1051/nl.imkl-KL1051.HC_26.HA_datatransport_KPN_19G559122_9711PR_30_1.PDF.pdf</bestandLocatie>
				<bestandMediaType xlink:href="http://definities.geostandaarden.nl/imkl2015/id/waarde/BestandMediaTypeValue/PDF"/>
				<bestandIdentificator>nl.imkl-KL1051.HC_26.HA_datatransport_KPN_19G559122_9711PR_30_1.PDF</bestandIdentificator>
				<adres>
					<postcode>9711PR</postcode>
					<huisnummerLetterToev>30</huisnummerLetterToev>
					<BAGidAdresseerbaarObject>0014010022203297</BAGidAdresseerbaarObject>
				</adres>
			</themabijlagePerNetbeheerder>
			<themabijlagePerNetbeheerder>
				<soortBijlage>huisaansluiting</soortBijlage>
				<bestandLocatie>bronnen/KL1051/nl.imkl-KL1051.HC_27.HA_datatransport_KPN_19G559122_9711PR_32_1.PDF.pdf</bestandLocatie>
				<bestandMediaType xlink:href="http://definities.geostandaarden.nl/imkl2015/id/waarde/BestandMediaTypeValue/PDF"/>
				<bestandIdentificator>nl.imkl-KL1051.HC_27.HA_datatransport_KPN_19G559122_9711PR_32_1.PDF</bestandIdentificator>
				<adres>
					<postcode>9711PR</postcode>
					<huisnummerLetterToev>32</huisnummerLetterToev>
					<BAGidAdresseerbaarObject>0014010022203299</BAGidAdresseerbaarObject>
				</adres>
			</themabijlagePerNetbeheerder>
			<themabijlagePerNetbeheerder>
				<soortBijlage>huisaansluiting</soortBijlage>
				<bestandLocatie>bronnen/KL1051/nl.imkl-KL1051.HC_28.HA_datatransport_KPN_19G559122_9711PR_34_1.PDF.pdf</bestandLocatie>
				<bestandMediaType xlink:href="http://definities.geostandaarden.nl/imkl2015/id/waarde/BestandMediaTypeValue/PDF"/>
				<bestandIdentificator>nl.imkl-KL1051.HC_28.HA_datatransport_KPN_19G559122_9711PR_34_1.PDF</bestandIdentificator>
				<adres>
					<postcode>9711PR</postcode>
					<huisnummerLetterToev>34</huisnummerLetterToev>
					<BAGidAdresseerbaarObject>0014010022203301</BAGidAdresseerbaarObject>
				</adres>
			</themabijlagePerNetbeheerder>
			<themabijlagePerNetbeheerder>
				<soortBijlage>huisaansluiting</soortBijlage>
				<bestandLocatie>bronnen/KL1051/nl.imkl-KL1051.HC_29.HA_datatransport_KPN_19G559122_9711PR_36_1.PDF.pdf</bestandLocatie>
				<bestandMediaType xlink:href="http://definities.geostandaarden.nl/imkl2015/id/waarde/BestandMediaTypeValue/PDF"/>
				<bestandIdentificator>nl.imkl-KL1051.HC_29.HA_datatransport_KPN_19G559122_9711PR_36_1.PDF</bestandIdentificator>
				<adres>
					<postcode>9711PR</postcode>
					<huisnummerLetterToev>36</huisnummerLetterToev>
					<BAGidAdresseerbaarObject>0014010022203303</BAGidAdresseerbaarObject>
				</adres>
			</themabijlagePerNetbeheerder>
			<themabijlagePerNetbeheerder>
				<soortBijlage>huisaansluiting</soortBijlage>
				<bestandLocatie>bronnen/KL1051/nl.imkl-KL1051.HC_30.HA_datatransport_KPN_19G559122_9711PR_4_1.PDF.pdf</bestandLocatie>
				<bestandMediaType xlink:href="http://definities.geostandaarden.nl/imkl2015/id/waarde/BestandMediaTypeValue/PDF"/>
				<bestandIdentificator>nl.imkl-KL1051.HC_30.HA_datatransport_KPN_19G559122_9711PR_4_1.PDF</bestandIdentificator>
				<adres>
					<postcode>9711PR</postcode>
					<huisnummerLetterToev>4</huisnummerLetterToev>
					<BAGidAdresseerbaarObject>0014010011061621</BAGidAdresseerbaarObject>
				</adres>
			</themabijlagePerNetbeheerder>
			<themabijlagePerNetbeheerder>
				<soortBijlage>huisaansluiting</soortBijlage>
				<bestandLocatie>bronnen/KL1051/nl.imkl-KL1051.HC_31.HA_datatransport_KPN_19G559122_9711PR_8_1.PDF.pdf</bestandLocatie>
				<bestandMediaType xlink:href="http://definities.geostandaarden.nl/imkl2015/id/waarde/BestandMediaTypeValue/PDF"/>
				<bestandIdentificator>nl.imkl-KL1051.HC_31.HA_datatransport_KPN_19G559122_9711PR_8_1.PDF</bestandIdentificator>
				<adres>
					<postcode>9711PR</postcode>
					<huisnummerLetterToev>8</huisnummerLetterToev>
					<BAGidAdresseerbaarObject>0014010011011427</BAGidAdresseerbaarObject>
				</adres>
			</themabijlagePerNetbeheerder>
			<themabijlagePerNetbeheerder>
				<soortBijlage>huisaansluiting</soortBijlage>
				<bestandLocatie>bronnen/KL1051/nl.imkl-KL1051.HC_32.HA_datatransport_KPN_19G559122_9711PS_38_1.PDF.pdf</bestandLocatie>
				<bestandMediaType xlink:href="http://definities.geostandaarden.nl/imkl2015/id/waarde/BestandMediaTypeValue/PDF"/>
				<bestandIdentificator>nl.imkl-KL1051.HC_32.HA_datatransport_KPN_19G559122_9711PS_38_1.PDF</bestandIdentificator>
				<adres>
					<postcode>9711PS</postcode>
					<huisnummerLetterToev>38</huisnummerLetterToev>
					<BAGidAdresseerbaarObject>0014010011061191</BAGidAdresseerbaarObject>
				</adres>
			</themabijlagePerNetbeheerder>
			<themabijlagePerNetbeheerder>
				<soortBijlage>huisaansluiting</soortBijlage>
				<bestandLocatie>bronnen/KL1051/nl.imkl-KL1051.HC_33.HA_datatransport_KPN_19G559122_9711PS_40_1.PDF.pdf</bestandLocatie>
				<bestandMediaType xlink:href="http://definities.geostandaarden.nl/imkl2015/id/waarde/BestandMediaTypeValue/PDF"/>
				<bestandIdentificator>nl.imkl-KL1051.HC_33.HA_datatransport_KPN_19G559122_9711PS_40_1.PDF</bestandIdentificator>
				<adres>
					<postcode>9711PS</postcode>
					<huisnummerLetterToev>40</huisnummerLetterToev>
					<BAGidAdresseerbaarObject>0014010011048862</BAGidAdresseerbaarObject>
				</adres>
			</themabijlagePerNetbeheerder>
			<themabijlagePerNetbeheerder>
				<soortBijlage>huisaansluiting</soortBijlage>
				<bestandLocatie>bronnen/KL1051/nl.imkl-KL1051.HC_34.HA_datatransport_KPN_19G559122_9711PS_42_1.PDF.pdf</bestandLocatie>
				<bestandMediaType xlink:href="http://definities.geostandaarden.nl/imkl2015/id/waarde/BestandMediaTypeValue/PDF"/>
				<bestandIdentificator>nl.imkl-KL1051.HC_34.HA_datatransport_KPN_19G559122_9711PS_42_1.PDF</bestandIdentificator>
				<adres>
					<postcode>9711PS</postcode>
					<huisnummerLetterToev>42</huisnummerLetterToev>
					<BAGidAdresseerbaarObject>0014010022203305</BAGidAdresseerbaarObject>
				</adres>
			</themabijlagePerNetbeheerder>
			<themabijlagePerNetbeheerder>
				<soortBijlage>huisaansluiting</soortBijlage>
				<bestandLocatie>bronnen/KL1051/nl.imkl-KL1051.HC_35.HA_datatransport_KPN_19G559122_9711PS_44_1.PDF.pdf</bestandLocatie>
				<bestandMediaType xlink:href="http://definities.geostandaarden.nl/imkl2015/id/waarde/BestandMediaTypeValue/PDF"/>
				<bestandIdentificator>nl.imkl-KL1051.HC_35.HA_datatransport_KPN_19G559122_9711PS_44_1.PDF</bestandIdentificator>
				<adres>
					<postcode>9711PS</postcode>
					<huisnummerLetterToev>44</huisnummerLetterToev>
					<BAGidAdresseerbaarObject>0014010011051261</BAGidAdresseerbaarObject>
				</adres>
			</themabijlagePerNetbeheerder>
			<themabijlagePerNetbeheerder>
				<soortBijlage>huisaansluiting</soortBijlage>
				<bestandLocatie>bronnen/KL1051/nl.imkl-KL1051.HC_36.HA_datatransport_KPN_19G559122_9711TN_1_1.PDF.pdf</bestandLocatie>
				<bestandMediaType xlink:href="http://definities.geostandaarden.nl/imkl2015/id/waarde/BestandMediaTypeValue/PDF"/>
				<bestandIdentificator>nl.imkl-KL1051.HC_36.HA_datatransport_KPN_19G559122_9711TN_1_1.PDF</bestandIdentificator>
				<adres>
					<postcode>9711TN</postcode>
					<huisnummerLetterToev>1</huisnummerLetterToev>
					<BAGidAdresseerbaarObject>0014010011007812</BAGidAdresseerbaarObject>
				</adres>
			</themabijlagePerNetbeheerder>
			<themabijlagePerNetbeheerder>
				<soortBijlage>huisaansluiting</soortBijlage>
				<bestandLocatie>bronnen/KL1051/nl.imkl-KL1051.HC_37.HA_datatransport_KPN_19G559122_9711TN_11_1.PDF.pdf</bestandLocatie>
				<bestandMediaType xlink:href="http://definities.geostandaarden.nl/imkl2015/id/waarde/BestandMediaTypeValue/PDF"/>
				<bestandIdentificator>nl.imkl-KL1051.HC_37.HA_datatransport_KPN_19G559122_9711TN_11_1.PDF</bestandIdentificator>
				<adres>
					<postcode>9711TN</postcode>
					<huisnummerLetterToev>11</huisnummerLetterToev>
					<BAGidAdresseerbaarObject>0014010011019205</BAGidAdresseerbaarObject>
				</adres>
			</themabijlagePerNetbeheerder>
			<themabijlagePerNetbeheerder>
				<soortBijlage>huisaansluiting</soortBijlage>
				<bestandLocatie>bronnen/KL1051/nl.imkl-KL1051.HC_38.HA_datatransport_KPN_19G559122_9711TN_13_1.PDF.pdf</bestandLocatie>
				<bestandMediaType xlink:href="http://definities.geostandaarden.nl/imkl2015/id/waarde/BestandMediaTypeValue/PDF"/>
				<bestandIdentificator>nl.imkl-KL1051.HC_38.HA_datatransport_KPN_19G559122_9711TN_13_1.PDF</bestandIdentificator>
				<adres>
					<postcode>9711TN</postcode>
					<huisnummerLetterToev>13</huisnummerLetterToev>
					<BAGidAdresseerbaarObject>0014010011040466</BAGidAdresseerbaarObject>
				</adres>
			</themabijlagePerNetbeheerder>
			<themabijlagePerNetbeheerder>
				<soortBijlage>huisaansluiting</soortBijlage>
				<bestandLocatie>bronnen/KL1051/nl.imkl-KL1051.HC_39.HA_datatransport_KPN_19G559122_9711TN_15_1.PDF.pdf</bestandLocatie>
				<bestandMediaType xlink:href="http://definities.geostandaarden.nl/imkl2015/id/waarde/BestandMediaTypeValue/PDF"/>
				<bestandIdentificator>nl.imkl-KL1051.HC_39.HA_datatransport_KPN_19G559122_9711TN_15_1.PDF</bestandIdentificator>
				<adres>
					<postcode>9711TN</postcode>
					<huisnummerLetterToev>15</huisnummerLetterToev>
					<BAGidAdresseerbaarObject>0014010011030308</BAGidAdresseerbaarObject>
				</adres>
			</themabijlagePerNetbeheerder>
			<themabijlagePerNetbeheerder>
				<soortBijlage>huisaansluiting</soortBijlage>
				<bestandLocatie>bronnen/KL1051/nl.imkl-KL1051.HC_40.HA_datatransport_KPN_19G559122_9711TN_17_1.PDF.pdf</bestandLocatie>
				<bestandMediaType xlink:href="http://definities.geostandaarden.nl/imkl2015/id/waarde/BestandMediaTypeValue/PDF"/>
				<bestandIdentificator>nl.imkl-KL1051.HC_40.HA_datatransport_KPN_19G559122_9711TN_17_1.PDF</bestandIdentificator>
				<adres>
					<postcode>9711TN</postcode>
					<huisnummerLetterToev>17</huisnummerLetterToev>
					<BAGidAdresseerbaarObject>0014010011027636</BAGidAdresseerbaarObject>
				</adres>
			</themabijlagePerNetbeheerder>
			<themabijlagePerNetbeheerder>
				<soortBijlage>huisaansluiting</soortBijlage>
				<bestandLocatie>bronnen/KL1051/nl.imkl-KL1051.HC_41.HA_datatransport_KPN_19G559122_9711TN_19_1.PDF.pdf</bestandLocatie>
				<bestandMediaType xlink:href="http://definities.geostandaarden.nl/imkl2015/id/waarde/BestandMediaTypeValue/PDF"/>
				<bestandIdentificator>nl.imkl-KL1051.HC_41.HA_datatransport_KPN_19G559122_9711TN_19_1.PDF</bestandIdentificator>
				<adres>
					<postcode>9711TN</postcode>
					<huisnummerLetterToev>19</huisnummerLetterToev>
					<BAGidAdresseerbaarObject>0014010011053784</BAGidAdresseerbaarObject>
				</adres>
			</themabijlagePerNetbeheerder>
			<themabijlagePerNetbeheerder>
				<soortBijlage>huisaansluiting</soortBijlage>
				<bestandLocatie>bronnen/KL1051/nl.imkl-KL1051.HC_42.HA_datatransport_KPN_19G559122_9711TN_21_1.PDF.pdf</bestandLocatie>
				<bestandMediaType xlink:href="http://definities.geostandaarden.nl/imkl2015/id/waarde/BestandMediaTypeValue/PDF"/>
				<bestandIdentificator>nl.imkl-KL1051.HC_42.HA_datatransport_KPN_19G559122_9711TN_21_1.PDF</bestandIdentificator>
				<adres>
					<postcode>9711TN</postcode>
					<huisnummerLetterToev>21</huisnummerLetterToev>
					<BAGidAdresseerbaarObject>0014010011025470</BAGidAdresseerbaarObject>
				</adres>
			</themabijlagePerNetbeheerder>
			<themabijlagePerNetbeheerder>
				<soortBijlage>huisaansluiting</soortBijlage>
				<bestandLocatie>bronnen/KL1051/nl.imkl-KL1051.HC_43.HA_datatransport_KPN_19G559122_9711TN_23_1.PDF.pdf</bestandLocatie>
				<bestandMediaType xlink:href="http://definities.geostandaarden.nl/imkl2015/id/waarde/BestandMediaTypeValue/PDF"/>
				<bestandIdentificator>nl.imkl-KL1051.HC_43.HA_datatransport_KPN_19G559122_9711TN_23_1.PDF</bestandIdentificator>
				<adres>
					<postcode>9711TN</postcode>
					<huisnummerLetterToev>23</huisnummerLetterToev>
					<BAGidAdresseerbaarObject>0014010011064532</BAGidAdresseerbaarObject>
				</adres>
			</themabijlagePerNetbeheerder>
			<themabijlagePerNetbeheerder>
				<soortBijlage>huisaansluiting</soortBijlage>
				<bestandLocatie>bronnen/KL1051/nl.imkl-KL1051.HC_44.HA_datatransport_KPN_19G559122_9711TN_3_1.PDF.pdf</bestandLocatie>
				<bestandMediaType xlink:href="http://definities.geostandaarden.nl/imkl2015/id/waarde/BestandMediaTypeValue/PDF"/>
				<bestandIdentificator>nl.imkl-KL1051.HC_44.HA_datatransport_KPN_19G559122_9711TN_3_1.PDF</bestandIdentificator>
				<adres>
					<postcode>9711TN</postcode>
					<huisnummerLetterToev>3 a</huisnummerLetterToev>
					<BAGidAdresseerbaarObject>0014010011023037</BAGidAdresseerbaarObject>
				</adres>
			</themabijlagePerNetbeheerder>
			<themabijlagePerNetbeheerder>
				<soortBijlage>huisaansluiting</soortBijlage>
				<bestandLocatie>bronnen/KL1051/nl.imkl-KL1051.HC_45.HA_datatransport_KPN_19G559122_9711TN_5_1.PDF.pdf</bestandLocatie>
				<bestandMediaType xlink:href="http://definities.geostandaarden.nl/imkl2015/id/waarde/BestandMediaTypeValue/PDF"/>
				<bestandIdentificator>nl.imkl-KL1051.HC_45.HA_datatransport_KPN_19G559122_9711TN_5_1.PDF</bestandIdentificator>
				<adres>
					<postcode>9711TN</postcode>
					<huisnummerLetterToev>5 1</huisnummerLetterToev>
					<BAGidAdresseerbaarObject>0014010011002597</BAGidAdresseerbaarObject>
				</adres>
			</themabijlagePerNetbeheerder>
			<themabijlagePerNetbeheerder>
				<soortBijlage>huisaansluiting</soortBijlage>
				<bestandLocatie>bronnen/KL1051/nl.imkl-KL1051.HC_46.HA_datatransport_KPN_19G559122_9711TN_9_1.PDF.pdf</bestandLocatie>
				<bestandMediaType xlink:href="http://definities.geostandaarden.nl/imkl2015/id/waarde/BestandMediaTypeValue/PDF"/>
				<bestandIdentificator>nl.imkl-KL1051.HC_46.HA_datatransport_KPN_19G559122_9711TN_9_1.PDF</bestandIdentificator>
				<adres>
					<postcode>9711TN</postcode>
					<huisnummerLetterToev>9</huisnummerLetterToev>
					<BAGidAdresseerbaarObject>0014010011074123</BAGidAdresseerbaarObject>
				</adres>
			</themabijlagePerNetbeheerder>
			<themabijlagePerNetbeheerder>
				<soortBijlage>huisaansluiting</soortBijlage>
				<bestandLocatie>bronnen/KL1051/nl.imkl-KL1051.HC_47.HA_datatransport_KPN_19G559122_9711TP_25_1.PDF.pdf</bestandLocatie>
				<bestandMediaType xlink:href="http://definities.geostandaarden.nl/imkl2015/id/waarde/BestandMediaTypeValue/PDF"/>
				<bestandIdentificator>nl.imkl-KL1051.HC_47.HA_datatransport_KPN_19G559122_9711TP_25_1.PDF</bestandIdentificator>
				<adres>
					<postcode>9711TP</postcode>
					<huisnummerLetterToev>25</huisnummerLetterToev>
					<BAGidAdresseerbaarObject>0014010011044603</BAGidAdresseerbaarObject>
				</adres>
			</themabijlagePerNetbeheerder>
			<themabijlagePerNetbeheerder>
				<soortBijlage>huisaansluiting</soortBijlage>
				<bestandLocatie>bronnen/KL1051/nl.imkl-KL1051.HC_48.HA_datatransport_KPN_19G559122_9711TP_27_1.PDF.pdf</bestandLocatie>
				<bestandMediaType xlink:href="http://definities.geostandaarden.nl/imkl2015/id/waarde/BestandMediaTypeValue/PDF"/>
				<bestandIdentificator>nl.imkl-KL1051.HC_48.HA_datatransport_KPN_19G559122_9711TP_27_1.PDF</bestandIdentificator>
				<adres>
					<postcode>9711TP</postcode>
					<huisnummerLetterToev>27</huisnummerLetterToev>
					<BAGidAdresseerbaarObject>0014010011059069</BAGidAdresseerbaarObject>
				</adres>
			</themabijlagePerNetbeheerder>
			<themabijlagePerNetbeheerder>
				<soortBijlage>huisaansluiting</soortBijlage>
				<bestandLocatie>bronnen/KL1051/nl.imkl-KL1051.HC_49.HA_datatransport_KPN_19G559122_9711TP_29_1.PDF.pdf</bestandLocatie>
				<bestandMediaType xlink:href="http://definities.geostandaarden.nl/imkl2015/id/waarde/BestandMediaTypeValue/PDF"/>
				<bestandIdentificator>nl.imkl-KL1051.HC_49.HA_datatransport_KPN_19G559122_9711TP_29_1.PDF</bestandIdentificator>
				<adres>
					<postcode>9711TP</postcode>
					<huisnummerLetterToev>29</huisnummerLetterToev>
					<BAGidAdresseerbaarObject>0014010011010321</BAGidAdresseerbaarObject>
				</adres>
			</themabijlagePerNetbeheerder>
			<themabijlagePerNetbeheerder>
				<soortBijlage>huisaansluiting</soortBijlage>
				<bestandLocatie>bronnen/KL1051/nl.imkl-KL1051.HC_50.HA_datatransport_KPN_19G559122_9711TP_31_1.PDF.pdf</bestandLocatie>
				<bestandMediaType xlink:href="http://definities.geostandaarden.nl/imkl2015/id/waarde/BestandMediaTypeValue/PDF"/>
				<bestandIdentificator>nl.imkl-KL1051.HC_50.HA_datatransport_KPN_19G559122_9711TP_31_1.PDF</bestandIdentificator>
				<adres>
					<postcode>9711TP</postcode>
					<huisnummerLetterToev>31</huisnummerLetterToev>
					<BAGidAdresseerbaarObject>0014010011025382</BAGidAdresseerbaarObject>
				</adres>
			</themabijlagePerNetbeheerder>
			<themabijlagePerNetbeheerder>
				<soortBijlage>huisaansluiting</soortBijlage>
				<bestandLocatie>bronnen/KL1051/nl.imkl-KL1051.HC_51.HA_datatransport_KPN_19G559122_9711TP_33_1.PDF.pdf</bestandLocatie>
				<bestandMediaType xlink:href="http://definities.geostandaarden.nl/imkl2015/id/waarde/BestandMediaTypeValue/PDF"/>
				<bestandIdentificator>nl.imkl-KL1051.HC_51.HA_datatransport_KPN_19G559122_9711TP_33_1.PDF</bestandIdentificator>
				<adres>
					<postcode>9711TP</postcode>
					<huisnummerLetterToev>33</huisnummerLetterToev>
					<BAGidAdresseerbaarObject>0014010011065672</BAGidAdresseerbaarObject>
				</adres>
			</themabijlagePerNetbeheerder>
			<themabijlagePerNetbeheerder>
				<soortBijlage>huisaansluiting</soortBijlage>
				<bestandLocatie>bronnen/KL1051/nl.imkl-KL1051.HC_52.HA_datatransport_KPN_19G559122_9711TR_10_1.PDF.pdf</bestandLocatie>
				<bestandMediaType xlink:href="http://definities.geostandaarden.nl/imkl2015/id/waarde/BestandMediaTypeValue/PDF"/>
				<bestandIdentificator>nl.imkl-KL1051.HC_52.HA_datatransport_KPN_19G559122_9711TR_10_1.PDF</bestandIdentificator>
				<adres>
					<postcode>9711TR</postcode>
					<huisnummerLetterToev>10</huisnummerLetterToev>
					<BAGidAdresseerbaarObject>0014010011047377</BAGidAdresseerbaarObject>
				</adres>
			</themabijlagePerNetbeheerder>
			<themabijlagePerNetbeheerder>
				<soortBijlage>huisaansluiting</soortBijlage>
				<bestandLocatie>bronnen/KL1051/nl.imkl-KL1051.HC_53.HA_datatransport_KPN_19G559122_9711TR_12_1.PDF.pdf</bestandLocatie>
				<bestandMediaType xlink:href="http://definities.geostandaarden.nl/imkl2015/id/waarde/BestandMediaTypeValue/PDF"/>
				<bestandIdentificator>nl.imkl-KL1051.HC_53.HA_datatransport_KPN_19G559122_9711TR_12_1.PDF</bestandIdentificator>
				<adres>
					<postcode>9711TR</postcode>
					<huisnummerLetterToev>12</huisnummerLetterToev>
					<BAGidAdresseerbaarObject>0014010011064538</BAGidAdresseerbaarObject>
				</adres>
			</themabijlagePerNetbeheerder>
			<themabijlagePerNetbeheerder>
				<soortBijlage>huisaansluiting</soortBijlage>
				<bestandLocatie>bronnen/KL1051/nl.imkl-KL1051.HC_54.HA_datatransport_KPN_19G559122_9711TR_14_1.PDF.pdf</bestandLocatie>
				<bestandMediaType xlink:href="http://definities.geostandaarden.nl/imkl2015/id/waarde/BestandMediaTypeValue/PDF"/>
				<bestandIdentificator>nl.imkl-KL1051.HC_54.HA_datatransport_KPN_19G559122_9711TR_14_1.PDF</bestandIdentificator>
				<adres>
					<postcode>9711TR</postcode>
					<huisnummerLetterToev>14</huisnummerLetterToev>
					<BAGidAdresseerbaarObject>0014010011005858</BAGidAdresseerbaarObject>
				</adres>
			</themabijlagePerNetbeheerder>
			<themabijlagePerNetbeheerder>
				<soortBijlage>huisaansluiting</soortBijlage>
				<bestandLocatie>bronnen/KL1051/nl.imkl-KL1051.HC_55.HA_datatransport_KPN_19G559122_9711TR_16_1.PDF.pdf</bestandLocatie>
				<bestandMediaType xlink:href="http://definities.geostandaarden.nl/imkl2015/id/waarde/BestandMediaTypeValue/PDF"/>
				<bestandIdentificator>nl.imkl-KL1051.HC_55.HA_datatransport_KPN_19G559122_9711TR_16_1.PDF</bestandIdentificator>
				<adres>
					<postcode>9711TR</postcode>
					<huisnummerLetterToev>16</huisnummerLetterToev>
					<BAGidAdresseerbaarObject>0014010011016150</BAGidAdresseerbaarObject>
				</adres>
			</themabijlagePerNetbeheerder>
			<themabijlagePerNetbeheerder>
				<soortBijlage>huisaansluiting</soortBijlage>
				<bestandLocatie>bronnen/KL1051/nl.imkl-KL1051.HC_56.HA_datatransport_KPN_19G559122_9711TR_18_1.PDF.pdf</bestandLocatie>
				<bestandMediaType xlink:href="http://definities.geostandaarden.nl/imkl2015/id/waarde/BestandMediaTypeValue/PDF"/>
				<bestandIdentificator>nl.imkl-KL1051.HC_56.HA_datatransport_KPN_19G559122_9711TR_18_1.PDF</bestandIdentificator>
				<adres>
					<postcode>9711TR</postcode>
					<huisnummerLetterToev>18</huisnummerLetterToev>
					<BAGidAdresseerbaarObject>0014010010998579</BAGidAdresseerbaarObject>
				</adres>
			</themabijlagePerNetbeheerder>
			<themabijlagePerNetbeheerder>
				<soortBijlage>huisaansluiting</soortBijlage>
				<bestandLocatie>bronnen/KL1051/nl.imkl-KL1051.HC_57.HA_datatransport_KPN_19G559122_9711TR_2_1.PDF.pdf</bestandLocatie>
				<bestandMediaType xlink:href="http://definities.geostandaarden.nl/imkl2015/id/waarde/BestandMediaTypeValue/PDF"/>
				<bestandIdentificator>nl.imkl-KL1051.HC_57.HA_datatransport_KPN_19G559122_9711TR_2_1.PDF</bestandIdentificator>
				<adres>
					<postcode>9711TR</postcode>
					<huisnummerLetterToev>2</huisnummerLetterToev>
					<BAGidAdresseerbaarObject>0014010010997685</BAGidAdresseerbaarObject>
				</adres>
			</themabijlagePerNetbeheerder>
			<themabijlagePerNetbeheerder>
				<soortBijlage>huisaansluiting</soortBijlage>
				<bestandLocatie>bronnen/KL1051/nl.imkl-KL1051.HC_58.HA_datatransport_KPN_19G559122_9711TR_20_1.PDF.pdf</bestandLocatie>
				<bestandMediaType xlink:href="http://definities.geostandaarden.nl/imkl2015/id/waarde/BestandMediaTypeValue/PDF"/>
				<bestandIdentificator>nl.imkl-KL1051.HC_58.HA_datatransport_KPN_19G559122_9711TR_20_1.PDF</bestandIdentificator>
				<adres>
					<postcode>9711TR</postcode>
					<huisnummerLetterToev>20</huisnummerLetterToev>
					<BAGidAdresseerbaarObject>0014010010997002</BAGidAdresseerbaarObject>
				</adres>
			</themabijlagePerNetbeheerder>
			<themabijlagePerNetbeheerder>
				<soortBijlage>huisaansluiting</soortBijlage>
				<bestandLocatie>bronnen/KL1051/nl.imkl-KL1051.HC_59.HA_datatransport_KPN_19G559122_9711TR_22_1.PDF.pdf</bestandLocatie>
				<bestandMediaType xlink:href="http://definities.geostandaarden.nl/imkl2015/id/waarde/BestandMediaTypeValue/PDF"/>
				<bestandIdentificator>nl.imkl-KL1051.HC_59.HA_datatransport_KPN_19G559122_9711TR_22_1.PDF</bestandIdentificator>
				<adres>
					<postcode>9711TR</postcode>
					<huisnummerLetterToev>22</huisnummerLetterToev>
					<BAGidAdresseerbaarObject>0014010011061188</BAGidAdresseerbaarObject>
				</adres>
			</themabijlagePerNetbeheerder>
			<themabijlagePerNetbeheerder>
				<soortBijlage>huisaansluiting</soortBijlage>
				<bestandLocatie>bronnen/KL1051/nl.imkl-KL1051.HC_60.HA_datatransport_KPN_19G559122_9711TR_24_1.PDF.pdf</bestandLocatie>
				<bestandMediaType xlink:href="http://definities.geostandaarden.nl/imkl2015/id/waarde/BestandMediaTypeValue/PDF"/>
				<bestandIdentificator>nl.imkl-KL1051.HC_60.HA_datatransport_KPN_19G559122_9711TR_24_1.PDF</bestandIdentificator>
				<adres>
					<postcode>9711TR</postcode>
					<huisnummerLetterToev>24</huisnummerLetterToev>
					<BAGidAdresseerbaarObject>0014010011005011</BAGidAdresseerbaarObject>
				</adres>
			</themabijlagePerNetbeheerder>
			<themabijlagePerNetbeheerder>
				<soortBijlage>huisaansluiting</soortBijlage>
				<bestandLocatie>bronnen/KL1051/nl.imkl-KL1051.HC_61.HA_datatransport_KPN_19G559122_9711TR_26_1.PDF.pdf</bestandLocatie>
				<bestandMediaType xlink:href="http://definities.geostandaarden.nl/imkl2015/id/waarde/BestandMediaTypeValue/PDF"/>
				<bestandIdentificator>nl.imkl-KL1051.HC_61.HA_datatransport_KPN_19G559122_9711TR_26_1.PDF</bestandIdentificator>
				<adres>
					<postcode>9711TR</postcode>
					<huisnummerLetterToev>26</huisnummerLetterToev>
					<BAGidAdresseerbaarObject>0014010011006214</BAGidAdresseerbaarObject>
				</adres>
			</themabijlagePerNetbeheerder>
			<themabijlagePerNetbeheerder>
				<soortBijlage>huisaansluiting</soortBijlage>
				<bestandLocatie>bronnen/KL1051/nl.imkl-KL1051.HC_62.HA_datatransport_KPN_19G559122_9711TR_4_1.PDF.pdf</bestandLocatie>
				<bestandMediaType xlink:href="http://definities.geostandaarden.nl/imkl2015/id/waarde/BestandMediaTypeValue/PDF"/>
				<bestandIdentificator>nl.imkl-KL1051.HC_62.HA_datatransport_KPN_19G559122_9711TR_4_1.PDF</bestandIdentificator>
				<adres>
					<postcode>9711TR</postcode>
					<huisnummerLetterToev>4</huisnummerLetterToev>
					<BAGidAdresseerbaarObject>0014010011048785</BAGidAdresseerbaarObject>
				</adres>
			</themabijlagePerNetbeheerder>
			<themabijlagePerNetbeheerder>
				<soortBijlage>huisaansluiting</soortBijlage>
				<bestandLocatie>bronnen/KL1051/nl.imkl-KL1051.HC_63.HA_datatransport_KPN_19G559122_9711TR_8_1.PDF.pdf</bestandLocatie>
				<bestandMediaType xlink:href="http://definities.geostandaarden.nl/imkl2015/id/waarde/BestandMediaTypeValue/PDF"/>
				<bestandIdentificator>nl.imkl-KL1051.HC_63.HA_datatransport_KPN_19G559122_9711TR_8_1.PDF</bestandIdentificator>
				<adres>
					<postcode>9711TR</postcode>
					<huisnummerLetterToev>8</huisnummerLetterToev>
					<BAGidAdresseerbaarObject>0014010011025129</BAGidAdresseerbaarObject>
				</adres>
			</themabijlagePerNetbeheerder>
			<themabijlagePerNetbeheerder>
				<soortBijlage>huisaansluiting</soortBijlage>
				<bestandLocatie>bronnen/KL1051/nl.imkl-KL1051.HC_64.HA_datatransport_KPN_19G559122_9711TS_30_1.PDF.pdf</bestandLocatie>
				<bestandMediaType xlink:href="http://definities.geostandaarden.nl/imkl2015/id/waarde/BestandMediaTypeValue/PDF"/>
				<bestandIdentificator>nl.imkl-KL1051.HC_64.HA_datatransport_KPN_19G559122_9711TS_30_1.PDF</bestandIdentificator>
				<adres>
					<postcode>9711TS</postcode>
					<huisnummerLetterToev>30</huisnummerLetterToev>
					<BAGidAdresseerbaarObject>0014010011063092</BAGidAdresseerbaarObject>
				</adres>
			</themabijlagePerNetbeheerder>
			<themabijlagePerNetbeheerder>
				<soortBijlage>huisaansluiting</soortBijlage>
				<bestandLocatie>bronnen/KL1051/nl.imkl-KL1051.HC_65.HA_datatransport_KPN_19G559122_9711TS_34_1.PDF.pdf</bestandLocatie>
				<bestandMediaType xlink:href="http://definities.geostandaarden.nl/imkl2015/id/waarde/BestandMediaTypeValue/PDF"/>
				<bestandIdentificator>nl.imkl-KL1051.HC_65.HA_datatransport_KPN_19G559122_9711TS_34_1.PDF</bestandIdentificator>
				<adres>
					<postcode>9711TS</postcode>
					<huisnummerLetterToev>34</huisnummerLetterToev>
					<BAGidAdresseerbaarObject>0014010011000342</BAGidAdresseerbaarObject>
				</adres>
			</themabijlagePerNetbeheerder>
			<themabijlagePerNetbeheerder>
				<soortBijlage>huisaansluiting</soortBijlage>
				<bestandLocatie>bronnen/KL1051/nl.imkl-KL1051.HC_66.HA_datatransport_KPN_19G559122_9711TS_36_1.PDF.pdf</bestandLocatie>
				<bestandMediaType xlink:href="http://definities.geostandaarden.nl/imkl2015/id/waarde/BestandMediaTypeValue/PDF"/>
				<bestandIdentificator>nl.imkl-KL1051.HC_66.HA_datatransport_KPN_19G559122_9711TS_36_1.PDF</bestandIdentificator>
				<adres>
					<postcode>9711TS</postcode>
					<huisnummerLetterToev>36</huisnummerLetterToev>
					<BAGidAdresseerbaarObject>0014010022204363</BAGidAdresseerbaarObject>
				</adres>
			</themabijlagePerNetbeheerder>
			<themabijlagePerNetbeheerder>
				<soortBijlage>huisaansluiting</soortBijlage>
				<bestandLocatie>bronnen/KL1051/nl.imkl-KL1051.HC_67.HA_datatransport_KPN_19G559122_9711TT_38_1.PDF.pdf</bestandLocatie>
				<bestandMediaType xlink:href="http://definities.geostandaarden.nl/imkl2015/id/waarde/BestandMediaTypeValue/PDF"/>
				<bestandIdentificator>nl.imkl-KL1051.HC_67.HA_datatransport_KPN_19G559122_9711TT_38_1.PDF</bestandIdentificator>
				<adres>
					<postcode>9711TT</postcode>
					<huisnummerLetterToev>38</huisnummerLetterToev>
					<BAGidAdresseerbaarObject>0014010011032847</BAGidAdresseerbaarObject>
				</adres>
			</themabijlagePerNetbeheerder>
			<themabijlagePerNetbeheerder>
				<soortBijlage>huisaansluiting</soortBijlage>
				<bestandLocatie>bronnen/KL1051/nl.imkl-KL1051.HC_68.HA_datatransport_KPN_19G559122_9711TV_40_1.PDF.pdf</bestandLocatie>
				<bestandMediaType xlink:href="http://definities.geostandaarden.nl/imkl2015/id/waarde/BestandMediaTypeValue/PDF"/>
				<bestandIdentificator>nl.imkl-KL1051.HC_68.HA_datatransport_KPN_19G559122_9711TV_40_1.PDF</bestandIdentificator>
				<adres>
					<postcode>9711TV</postcode>
					<huisnummerLetterToev>40</huisnummerLetterToev>
					<BAGidAdresseerbaarObject>0014010011030197</BAGidAdresseerbaarObject>
				</adres>
			</themabijlagePerNetbeheerder>
			<themabijlagePerNetbeheerder>
				<soortBijlage>huisaansluiting</soortBijlage>
				<bestandLocatie>bronnen/KL1051/nl.imkl-KL1051.HC_69.HA_datatransport_KPN_19G559122_9711TV_42_1.PDF.pdf</bestandLocatie>
				<bestandMediaType xlink:href="http://definities.geostandaarden.nl/imkl2015/id/waarde/BestandMediaTypeValue/PDF"/>
				<bestandIdentificator>nl.imkl-KL1051.HC_69.HA_datatransport_KPN_19G559122_9711TV_42_1.PDF</bestandIdentificator>
				<adres>
					<postcode>9711TV</postcode>
					<huisnummerLetterToev>42</huisnummerLetterToev>
					<BAGidAdresseerbaarObject>0014010011034171</BAGidAdresseerbaarObject>
				</adres>
			</themabijlagePerNetbeheerder>
			<themabijlagePerNetbeheerder>
				<soortBijlage>overig</soortBijlage>
				<bestandLocatie>bronnen/KL1051/nl.imkl-KL1051.HC_70.HA_datatransport_KPN_19G559122_9712JS_16_1.PDF.pdf</bestandLocatie>
				<bestandMediaType xlink:href="http://definities.geostandaarden.nl/imkl2015/id/waarde/BestandMediaTypeValue/PDF"/>
				<bestandIdentificator>nl.imkl-KL1051.HC_70.HA_datatransport_KPN_19G559122_9712JS_16_1.PDF</bestandIdentificator>
			</themabijlagePerNetbeheerder>
			<themabijlagePerNetbeheerder>
				<soortBijlage>huisaansluiting</soortBijlage>
				<bestandLocatie>bronnen/KL1051/nl.imkl-KL1051.HC_8.HA_datatransport_KPN_19G559122_9711NA_1_1.PDF.pdf</bestandLocatie>
				<bestandMediaType xlink:href="http://definities.geostandaarden.nl/imkl2015/id/waarde/BestandMediaTypeValue/PDF"/>
				<bestandIdentificator>nl.imkl-KL1051.HC_8.HA_datatransport_KPN_19G559122_9711NA_1_1.PDF</bestandIdentificator>
				<adres>
					<postcode>9711NA</postcode>
					<huisnummerLetterToev>1 b</huisnummerLetterToev>
					<BAGidAdresseerbaarObject>0014010022188545</BAGidAdresseerbaarObject>
				</adres>
			</themabijlagePerNetbeheerder>
			<themabijlagePerNetbeheerder>
				<soortBijlage>huisaansluiting</soortBijlage>
				<bestandLocatie>bronnen/KL1051/nl.imkl-KL1051.HC_9.HA_datatransport_KPN_19G559122_9711NA_3_1.PDF.pdf</bestandLocatie>
				<bestandMediaType xlink:href="http://definities.geostandaarden.nl/imkl2015/id/waarde/BestandMediaTypeValue/PDF"/>
				<bestandIdentificator>nl.imkl-KL1051.HC_9.HA_datatransport_KPN_19G559122_9711NA_3_1.PDF</bestandIdentificator>
				<adres>
					<postcode>9711NA</postcode>
					<huisnummerLetterToev>3 b</huisnummerLetterToev>
					<BAGidAdresseerbaarObject>0014010022188527</BAGidAdresseerbaarObject>
				</adres>
			</themabijlagePerNetbeheerder>
			<themabijlagePerNetbeheerder>
				<soortBijlage>profielschets</soortBijlage>
				<bestandLocatie>bronnen/KL1051/nl.imkl-KL1051.LI_1.BL_KPN_19G559122_Brief-belang.PDF.pdf</bestandLocatie>
				<bestandMediaType xlink:href="http://definities.geostandaarden.nl/imkl2015/id/waarde/BestandMediaTypeValue/PDF"/>
				<bestandIdentificator>nl.imkl-KL1051.LI_1.BL_KPN_19G559122_Brief-belang.PDF</bestandIdentificator>
			</themabijlagePerNetbeheerder>
		</beheerdersinformatie>
	</belanghebbende>
	<belanghebbende>
		<bronhoudercode>KL1620</bronhoudercode>
		<beheerdersinformatieVersie>IMKL1.2</beheerdersinformatieVersie>
		<beheerdersinformatie>
			<thema xlink:href="http://definities.geostandaarden.nl/imkl2015/id/waarde/Thema/datatransport"/>
			<eisVoorzorgmaatregel>false</eisVoorzorgmaatregel>
			<themabijlagePerNetbeheerder>
				<soortBijlage>profielschets</soortBijlage>
				<bestandLocatie>bronnen/KL1620/nl.imkl-KL1620_19G559122.233558175_GB01.pdf</bestandLocatie>
				<bestandMediaType xlink:href="http://definities.geostandaarden.nl/imkl2015/id/waarde/BestandMediaTypeValue/PDF"/>
				<bestandIdentificator>nl.imkl-KL1620.233558175_GB01</bestandIdentificator>
			</themabijlagePerNetbeheerder>
			<themabijlagePerNetbeheerder>
				<soortBijlage>profielschets</soortBijlage>
				<bestandLocatie>bronnen/KL1620/nl.imkl-KL1620_19G559122.233558175_GB02.pdf</bestandLocatie>
				<bestandMediaType xlink:href="http://definities.geostandaarden.nl/imkl2015/id/waarde/BestandMediaTypeValue/PDF"/>
				<bestandIdentificator>nl.imkl-KL1620.233558175_GB02</bestandIdentificator>
			</themabijlagePerNetbeheerder>
			<themabijlagePerNetbeheerder>
				<soortBijlage>profielschets</soortBijlage>
				<bestandLocatie>bronnen/KL1620/nl.imkl-KL1620_19G559122.233558200_GB01.pdf</bestandLocatie>
				<bestandMediaType xlink:href="http://definities.geostandaarden.nl/imkl2015/id/waarde/BestandMediaTypeValue/PDF"/>
				<bestandIdentificator>nl.imkl-KL1620.233558200_GB01</bestandIdentificator>
			</themabijlagePerNetbeheerder>
			<themabijlagePerNetbeheerder>
				<soortBijlage>profielschets</soortBijlage>
				<bestandLocatie>bronnen/KL1620/nl.imkl-KL1620_19G559122.234058200_GB01.pdf</bestandLocatie>
				<bestandMediaType xlink:href="http://definities.geostandaarden.nl/imkl2015/id/waarde/BestandMediaTypeValue/PDF"/>
				<bestandIdentificator>nl.imkl-KL1620.234058200_GB01</bestandIdentificator>
			</themabijlagePerNetbeheerder>
		</beheerdersinformatie>
	</belanghebbende>
	<belanghebbende>
		<bronhoudercode>KL1089</bronhoudercode>
		<beheerdersinformatieVersie>IMKL1.2</beheerdersinformatieVersie>
		<bijlagePerNetbeheerder>
			<soortBijlage>algemeen</soortBijlage>
			<bestandLocatie>bronnen/KL1089/nl.imkl-KL1089_19G559122.brief-betrokken.pdf</bestandLocatie>
			<bestandMediaType xlink:href="http://definities.geostandaarden.nl/imkl2015/id/waarde/BestandMediaTypeValue/PDF"/>
			<bestandIdentificator>nl.imkl-KL1089.brief-betrokken</bestandIdentificator>
		</bijlagePerNetbeheerder>
		<bijlagePerNetbeheerder>
			<soortBijlage>algemeen</soortBijlage>
			<bestandLocatie>bronnen/KL1089/nl.imkl-KL1089_19G559122.overzicht.pdf</bestandLocatie>
			<bestandMediaType xlink:href="http://definities.geostandaarden.nl/imkl2015/id/waarde/BestandMediaTypeValue/PDF"/>
			<bestandIdentificator>nl.imkl-KL1089.overzicht</bestandIdentificator>
		</bijlagePerNetbeheerder>
		<beheerdersinformatie>
			<thema xlink:href="http://definities.geostandaarden.nl/imkl2015/id/waarde/Thema/datatransport"/>
			<eisVoorzorgmaatregel>false</eisVoorzorgmaatregel>
		</beheerdersinformatie>
	</belanghebbende>
	<belanghebbende>
		<bronhoudercode>KL1010</bronhoudercode>
		<beheerdersinformatieVersie>IMKL1.2</beheerdersinformatieVersie>
		<bijlagePerNetbeheerder>
			<soortBijlage>algemeen</soortBijlage>
			<bestandLocatie>bronnen/KL1010/nl.imkl-KL1010_19G559122.brief-betrokken.pdf</bestandLocatie>
			<bestandMediaType xlink:href="http://definities.geostandaarden.nl/imkl2015/id/waarde/BestandMediaTypeValue/PDF"/>
			<bestandIdentificator>nl.imkl-KL1010.brief-betrokken</bestandIdentificator>
		</bijlagePerNetbeheerder>
		<bijlagePerNetbeheerder>
			<soortBijlage>algemeen</soortBijlage>
			<bestandLocatie>bronnen/KL1010/nl.imkl-KL1010_19G559122.f12f01_standaardvoorwaarden_eurofiber.pdf</bestandLocatie>
			<bestandMediaType xlink:href="http://definities.geostandaarden.nl/imkl2015/id/waarde/BestandMediaTypeValue/PDF"/>
			<bestandIdentificator>nl.imkl-KL1010.f12f01_standaardvoorwaarden_eurofiber</bestandIdentificator>
		</bijlagePerNetbeheerder>
		<bijlagePerNetbeheerder>
			<soortBijlage>algemeen</soortBijlage>
			<bestandLocatie>bronnen/KL1010/nl.imkl-KL1010_19G559122.overzicht.pdf</bestandLocatie>
			<bestandMediaType xlink:href="http://definities.geostandaarden.nl/imkl2015/id/waarde/BestandMediaTypeValue/PDF"/>
			<bestandIdentificator>nl.imkl-KL1010.overzicht</bestandIdentificator>
		</bijlagePerNetbeheerder>
		<beheerdersinformatie>
			<thema xlink:href="http://definities.geostandaarden.nl/imkl2015/id/waarde/Thema/datatransport"/>
			<eisVoorzorgmaatregel>false</eisVoorzorgmaatregel>
			<themabijlagePerNetbeheerder>
				<soortBijlage>profielschets</soortBijlage>
				<bestandLocatie>bronnen/KL1010/nl.imkl-KL1010_19G559122.gb1030571_143602.pdf</bestandLocatie>
				<bestandMediaType xlink:href="http://definities.geostandaarden.nl/imkl2015/id/waarde/BestandMediaTypeValue/PDF"/>
				<bestandIdentificator>nl.imkl-KL1010.gb1030571_143602</bestandIdentificator>
			</themabijlagePerNetbeheerder>
			<themabijlagePerNetbeheerder>
				<soortBijlage>profielschets</soortBijlage>
				<bestandLocatie>bronnen/KL1010/nl.imkl-KL1010_19G559122.gb1007965_un_233558200-1.pdf</bestandLocatie>
				<bestandMediaType xlink:href="http://definities.geostandaarden.nl/imkl2015/id/waarde/BestandMediaTypeValue/PDF"/>
				<bestandIdentificator>nl.imkl-KL1010.gb1007965_un_233558200-1</bestandIdentificator>
			</themabijlagePerNetbeheerder>
			<themabijlagePerNetbeheerder>
				<soortBijlage>profielschets</soortBijlage>
				<bestandLocatie>bronnen/KL1010/nl.imkl-KL1010_19G559122.gb1014839-1.pdf</bestandLocatie>
				<bestandMediaType xlink:href="http://definities.geostandaarden.nl/imkl2015/id/waarde/BestandMediaTypeValue/PDF"/>
				<bestandIdentificator>nl.imkl-KL1010.gb1014839-1</bestandIdentificator>
			</themabijlagePerNetbeheerder>
			<themabijlagePerNetbeheerder>
				<soortBijlage>profielschets</soortBijlage>
				<bestandLocatie>bronnen/KL1010/nl.imkl-KL1010_19G559122.gb1014839-2.pdf</bestandLocatie>
				<bestandMediaType xlink:href="http://definities.geostandaarden.nl/imkl2015/id/waarde/BestandMediaTypeValue/PDF"/>
				<bestandIdentificator>nl.imkl-KL1010.gb1014839-2</bestandIdentificator>
			</themabijlagePerNetbeheerder>
			<themabijlagePerNetbeheerder>
				<soortBijlage>profielschets</soortBijlage>
				<bestandLocatie>bronnen/KL1010/nl.imkl-KL1010_19G559122.gb1014838-1.pdf</bestandLocatie>
				<bestandMediaType xlink:href="http://definities.geostandaarden.nl/imkl2015/id/waarde/BestandMediaTypeValue/PDF"/>
				<bestandIdentificator>nl.imkl-KL1010.gb1014838-1</bestandIdentificator>
			</themabijlagePerNetbeheerder>
			<themabijlagePerNetbeheerder>
				<soortBijlage>profielschets</soortBijlage>
				<bestandLocatie>bronnen/KL1010/nl.imkl-KL1010_19G559122.gb1014838-2.pdf</bestandLocatie>
				<bestandMediaType xlink:href="http://definities.geostandaarden.nl/imkl2015/id/waarde/BestandMediaTypeValue/PDF"/>
				<bestandIdentificator>nl.imkl-KL1010.gb1014838-2</bestandIdentificator>
			</themabijlagePerNetbeheerder>
		</beheerdersinformatie>
	</belanghebbende>
	<belanghebbende>
		<bronhoudercode>KL1016</bronhoudercode>
		<beheerdersinformatieVersie>IMKL1.2</beheerdersinformatieVersie>
		<bijlagePerNetbeheerder>
			<soortBijlage>nietBetrokken</soortBijlage>
			<bestandLocatie>bronnen/KL1016/nl.imkl-KL1016_19G559122.brief-nietbetrokken.pdf</bestandLocatie>
			<bestandMediaType xlink:href="http://definities.geostandaarden.nl/imkl2015/id/waarde/BestandMediaTypeValue/PDF"/>
			<bestandIdentificator>nl.imkl-KL1016.brief-nietbetrokken</bestandIdentificator>
		</bijlagePerNetbeheerder>
		<bijlagePerNetbeheerder>
			<soortBijlage>algemeen</soortBijlage>
			<bestandLocatie>bronnen/KL1016/nl.imkl-KL1016_19G559122.voorwaarden_en_richtlijnen_bt.pdf</bestandLocatie>
			<bestandMediaType xlink:href="http://definities.geostandaarden.nl/imkl2015/id/waarde/BestandMediaTypeValue/PDF"/>
			<bestandIdentificator>nl.imkl-KL1016.voorwaarden_en_richtlijnen_bt</bestandIdentificator>
		</bijlagePerNetbeheerder>
	</belanghebbende>
</Leveringsinformatie>
