<?xml version="1.0" encoding="UTF-8" standalone="yes"?><lev:Leveringsinformatie xmlns:lev="http://www.kadaster.nl/schemas/klic/20080722/leveringsinfo" xmlns:gml="http://www.opengis.net/gml" xmlns:ns3="http://www.w3.org/1999/xlink" xmlns:ns4="http://www.w3.org/2001/SMIL20/" xmlns:ns5="http://www.w3.org/2001/SMIL20/Language"><lev:Version>1.5</lev:Version><lev:Klicnummer>18G030795</lev:Klicnummer><lev:Ordernummer>9807992518</lev:Ordernummer><lev:RelatienummerGrondroerder>0000648756</lev:RelatienummerGrondroerder><lev:Leveringsvolgnummer>1</lev:Leveringsvolgnummer><lev:Meldingsoort>Graafmelding</lev:Meldingsoort><lev:DatumTijdAanvraag>2018-01-18T16:15:06.000+01:00</lev:DatumTijdAanvraag><lev:Locatie srsName="epsg:28992" srsDimension="2" axisLabels="x y" uomLabels="m m"><gml:exterior><gml:LinearRing><gml:posList>153645 389917 153622 389578 154112 389504 154092 389854 153645 389917</gml:posList></gml:LinearRing></gml:exterior></lev:Locatie><lev:Pngformaat><lev:OmsluitendeRechthoek><gml:Envelope srsName="epsg:28992" srsDimension="2" axisLabels="x y" uomLabels="m m"><gml:lowerCorner>153622 389504</gml:lowerCorner><gml:upperCorner>154112 389917</gml:upperCorner></gml:Envelope></lev:OmsluitendeRechthoek><lev:PixelsBreed>6860</lev:PixelsBreed><lev:PixelsHoog>5782</lev:PixelsHoog></lev:Pngformaat><lev:NetbeheerderLeveringen><lev:NetbeheerderLevering><lev:RelatienummerNetbeheerder>0000546659</lev:RelatienummerNetbeheerder><lev:Bedrijfsnaam>dpo</lev:Bedrijfsnaam><lev:BedrijfsnaamAfkorting>dpo</lev:BedrijfsnaamAfkorting><lev:Contact><lev:Naam>Jan van Velsen</lev:Naam><lev:Telefoon>070-3163155</lev:Telefoon><lev:Email>vgi@dpo.mindef.nl</lev:Email></lev:Contact><lev:Contactpersoon><lev:Naam>T. Dijk Van</lev:Naam><lev:Telefoon>0703163155</lev:Telefoon><lev:Email>VGI@dpo.mindef.nl</lev:Email><lev:Fax>0703163190</lev:Fax></lev:Contactpersoon><lev:BelangAanwezig>false</lev:BelangAanwezig><lev:Storingsnummer>010-5061555</lev:Storingsnummer><lev:Beschadigingsnummer>010-5061555</lev:Beschadigingsnummer><lev:Bijlagen><lev:Bijlage><lev:Bestandsnaam>BL_dpo_0000546659_18G030795_overzichtskaart.pdf</lev:Bestandsnaam></lev:Bijlage><lev:Bijlage><lev:Bestandsnaam>BL_dpo_0000546659_18G030795_G_nvt_dpo.pdf</lev:Bestandsnaam></lev:Bijlage></lev:Bijlagen></lev:NetbeheerderLevering><lev:NetbeheerderLevering><lev:RelatienummerNetbeheerder>0000572472</lev:RelatienummerNetbeheerder><lev:Bedrijfsnaam>gasuniewest</lev:Bedrijfsnaam><lev:BedrijfsnaamAfkorting>gasuniewest</lev:BedrijfsnaamAfkorting><lev:Contact><lev:Naam>N.V. Nederlandse Gasunie</lev:Naam><lev:Telefoon>0182-623368</lev:Telefoon><lev:Email>CTA@gasunie.nl</lev:Email></lev:Contact><lev:Contactpersoon><lev:Naam>C.T.A. West</lev:Naam><lev:Telefoon>0182623368</lev:Telefoon><lev:Email>cta-west@gasunie.nl</lev:Email><lev:Fax>0182623378</lev:Fax></lev:Contactpersoon><lev:BelangAanwezig>true</lev:BelangAanwezig><lev:Storingsnummer>0182-623368</lev:Storingsnummer><lev:Beschadigingsnummer>050-5211500</lev:Beschadigingsnummer><lev:Themas><lev:Thema><lev:Themanaam>buisleiding gevaarlijke inhoud</lev:Themanaam><lev:Toezichthouders><lev:Toezichthouder><lev:Naam>N.V. Nederlandse Gasunie West SBW</lev:Naam><lev:Telefoon>0182 623 368</lev:Telefoon><lev:Email>KaaS-West@gasunie.nl</lev:Email></lev:Toezichthouder></lev:Toezichthouders><lev:EisVoorzorgmaatregel>true</lev:EisVoorzorgmaatregel><lev:Ligging><lev:Bestandsnaam>LG_buisleiding+gevaarlijke+inhoud_gasuniewest_0000572472_18G030795.png</lev:Bestandsnaam></lev:Ligging><lev:ThemaBijlagen><lev:ThemaBijlage><lev:Bestandsnaam>EV_buisleiding+gevaarlijke+inhoud_gasuniewest_0000572472_18G030795.pdf</lev:Bestandsnaam></lev:ThemaBijlage></lev:ThemaBijlagen></lev:Thema><lev:Thema><lev:Themanaam>overig</lev:Themanaam><lev:Toezichthouders><lev:Toezichthouder><lev:Naam>N.V. Nederlandse Gasunie</lev:Naam><lev:Telefoon>0182-623368</lev:Telefoon><lev:Email>CTA@gasunie.nl</lev:Email></lev:Toezichthouder></lev:Toezichthouders><lev:EisVoorzorgmaatregel>false</lev:EisVoorzorgmaatregel><lev:Ligging><lev:Bestandsnaam>LG_overig_gasuniewest_0000572472_18G030795.png</lev:Bestandsnaam></lev:Ligging></lev:Thema></lev:Themas><lev:Bijlagen><lev:Bijlage><lev:Bestandsnaam>BL_gasuniewest_0000572472_18G030795_overzichtskaart.pdf</lev:Bestandsnaam></lev:Bijlage></lev:Bijlagen></lev:NetbeheerderLevering><lev:NetbeheerderLevering><lev:RelatienummerNetbeheerder>0000729946</lev:RelatienummerNetbeheerder><lev:Bedrijfsnaam>Enexis</lev:Bedrijfsnaam><lev:BedrijfsnaamAfkorting>Enexis</lev:BedrijfsnaamAfkorting><lev:Contact><lev:Naam>Binnendienst Preventie Graafschade</lev:Naam><lev:Telefoon>088-8577271</lev:Telefoon><lev:Email>klicinfo@enexis.nl</lev:Email></lev:Contact><lev:Contactpersoon><lev:Naam>KLICINFO</lev:Naam><lev:Telefoon>0888577271</lev:Telefoon><lev:Email>klicinfo@enexis.nl</lev:Email><lev:Fax>0388527646</lev:Fax></lev:Contactpersoon><lev:BelangAanwezig>true</lev:BelangAanwezig><lev:Storingsnummer>0800-9009</lev:Storingsnummer><lev:Beschadigingsnummer>0800-9009</lev:Beschadigingsnummer><lev:Themas><lev:Thema><lev:Themanaam>middenspanning</lev:Themanaam><lev:EisVoorzorgmaatregel>false</lev:EisVoorzorgmaatregel><lev:Ligging><lev:Bestandsnaam>LG_middenspanning_Enexis_0000729946_18G030795.png</lev:Bestandsnaam></lev:Ligging><lev:Maatvoering><lev:Bestandsnaam>MV_middenspanning_Enexis_0000729946_18G030795.png</lev:Bestandsnaam></lev:Maatvoering><lev:Annotatie><lev:Bestandsnaam>AN_middenspanning_Enexis_0000729946_18G030795.png</lev:Bestandsnaam></lev:Annotatie></lev:Thema><lev:Thema><lev:Themanaam>gas lage druk</lev:Themanaam><lev:EisVoorzorgmaatregel>false</lev:EisVoorzorgmaatregel><lev:Ligging><lev:Bestandsnaam>LG_gas+lage+druk_Enexis_0000729946_18G030795.png</lev:Bestandsnaam></lev:Ligging><lev:Maatvoering><lev:Bestandsnaam>MV_gas+lage+druk_Enexis_0000729946_18G030795.png</lev:Bestandsnaam></lev:Maatvoering><lev:Annotatie><lev:Bestandsnaam>AN_gas+lage+druk_Enexis_0000729946_18G030795.png</lev:Bestandsnaam></lev:Annotatie></lev:Thema><lev:Thema><lev:Themanaam>laagspanning</lev:Themanaam><lev:EisVoorzorgmaatregel>false</lev:EisVoorzorgmaatregel><lev:Ligging><lev:Bestandsnaam>LG_laagspanning_Enexis_0000729946_18G030795.png</lev:Bestandsnaam></lev:Ligging><lev:Maatvoering><lev:Bestandsnaam>MV_laagspanning_Enexis_0000729946_18G030795.png</lev:Bestandsnaam></lev:Maatvoering><lev:Annotatie><lev:Bestandsnaam>AN_laagspanning_Enexis_0000729946_18G030795.png</lev:Bestandsnaam></lev:Annotatie></lev:Thema></lev:Themas><lev:Bijlagen><lev:Bijlage><lev:Bestandsnaam>BL_Enexis_0000729946_18G030795_BriefAlgemeen_2014_GC.pdf</lev:Bestandsnaam></lev:Bijlage></lev:Bijlagen></lev:NetbeheerderLevering><lev:NetbeheerderLevering><lev:RelatienummerNetbeheerder>0000584719</lev:RelatienummerNetbeheerder><lev:Bedrijfsnaam>rwswaterbrabant</lev:Bedrijfsnaam><lev:BedrijfsnaamAfkorting>rwswaterbrabant</lev:BedrijfsnaamAfkorting><lev:Contact><lev:Naam>Arie Heefer</lev:Naam><lev:Telefoon>0882461333</lev:Telefoon><lev:Email>Arie.heefer@rws.nl</lev:Email></lev:Contact><lev:Contactpersoon><lev:Naam>Areaalloket Zuid-Nederland</lev:Naam><lev:Telefoon>0135491491</lev:Telefoon><lev:Email>zn-areaalgegevens@rws.nl</lev:Email></lev:Contactpersoon><lev:BelangAanwezig>true</lev:BelangAanwezig><lev:Storingsnummer>0135491449</lev:Storingsnummer><lev:Beschadigingsnummer>0135491449</lev:Beschadigingsnummer><lev:Themas><lev:Thema><lev:Themanaam>datatransport</lev:Themanaam><lev:EisVoorzorgmaatregel>false</lev:EisVoorzorgmaatregel><lev:Ligging><lev:Bestandsnaam>LG_datatransport_rwswaterbrabant_0000584719_18G030795.png</lev:Bestandsnaam></lev:Ligging><lev:Annotatie><lev:Bestandsnaam>AN_datatransport_rwswaterbrabant_0000584719_18G030795.png</lev:Bestandsnaam></lev:Annotatie></lev:Thema><lev:Thema><lev:Themanaam>overig</lev:Themanaam><lev:EisVoorzorgmaatregel>false</lev:EisVoorzorgmaatregel><lev:Ligging><lev:Bestandsnaam>LG_overig_rwswaterbrabant_0000584719_18G030795.png</lev:Bestandsnaam></lev:Ligging><lev:Annotatie><lev:Bestandsnaam>AN_overig_rwswaterbrabant_0000584719_18G030795.png</lev:Bestandsnaam></lev:Annotatie></lev:Thema></lev:Themas><lev:Bijlagen><lev:Bijlage><lev:Bestandsnaam>BL_rwswaterbrabant_0000584719_18G030795_20170606+begeleidingsbrief+KLIC+melding+Zuid+Nederland+V1_8b.pdf</lev:Bestandsnaam></lev:Bijlage></lev:Bijlagen><lev:PlanTopo><lev:Bestandsnaam>PT_rwswaterbrabant_0000584719_18G030795.png</lev:Bestandsnaam></lev:PlanTopo></lev:NetbeheerderLevering><lev:NetbeheerderLevering><lev:RelatienummerNetbeheerder>0000551269</lev:RelatienummerNetbeheerder><lev:Bedrijfsnaam>bw</lev:Bedrijfsnaam><lev:BedrijfsnaamAfkorting>bw</lev:BedrijfsnaamAfkorting><lev:Contact><lev:Naam>Administratie van de regio</lev:Naam><lev:Telefoon>073-6838888</lev:Telefoon><lev:Email>wion@brabantwater.nl</lev:Email></lev:Contact><lev:Contactpersoon><lev:Naam>Regio Zuidoost</lev:Naam><lev:Telefoon>0736838850</lev:Telefoon><lev:Email>regiozuidoostadministratie@brabantwater.nl</lev:Email><lev:Fax>0736838899</lev:Fax></lev:Contactpersoon><lev:BelangAanwezig>true</lev:BelangAanwezig><lev:Storingsnummer>073-6838888</lev:Storingsnummer><lev:Beschadigingsnummer>073-6838888</lev:Beschadigingsnummer><lev:Themas><lev:Thema><lev:Themanaam>water</lev:Themanaam><lev:Toezichthouders><lev:Toezichthouder><lev:Naam>via administratie van de regio (zie brief)</lev:Naam><lev:Telefoon>073-6838888</lev:Telefoon><lev:Email>regioadministratiexxx@brabantwater.nl</lev:Email></lev:Toezichthouder></lev:Toezichthouders><lev:EisVoorzorgmaatregel>false</lev:EisVoorzorgmaatregel><lev:Ligging><lev:Bestandsnaam>LG_water_bw_0000551269_18G030795.png</lev:Bestandsnaam></lev:Ligging><lev:Maatvoering><lev:Bestandsnaam>MV_water_bw_0000551269_18G030795.png</lev:Bestandsnaam></lev:Maatvoering><lev:Annotatie><lev:Bestandsnaam>AN_water_bw_0000551269_18G030795.png</lev:Bestandsnaam></lev:Annotatie></lev:Thema></lev:Themas><lev:Bijlagen><lev:Bijlage><lev:Bestandsnaam>BL_bw_0000551269_18G030795_brief.pdf</lev:Bestandsnaam></lev:Bijlage></lev:Bijlagen></lev:NetbeheerderLevering><lev:NetbeheerderLevering><lev:RelatienummerNetbeheerder>0000560460</lev:RelatienummerNetbeheerder><lev:Bedrijfsnaam>Eurofiber</lev:Bedrijfsnaam><lev:BedrijfsnaamAfkorting>Eurofiber</lev:BedrijfsnaamAfkorting><lev:Contact><lev:Naam>Speer IT</lev:Naam><lev:Email>wion.eurofiber@speerit.nl</lev:Email></lev:Contact><lev:Contactpersoon><lev:Naam>J.F. Tetelepta</lev:Naam><lev:Telefoon>0302428700</lev:Telefoon><lev:Email>vooroverleg@eurofiber.com</lev:Email></lev:Contactpersoon><lev:BelangAanwezig>false</lev:BelangAanwezig><lev:Bijlagen><lev:Bijlage><lev:Bestandsnaam>BL_Eurofiber_0000560460_18G030795_Brief-GeenBelang.pdf</lev:Bestandsnaam></lev:Bijlage></lev:Bijlagen></lev:NetbeheerderLevering><lev:NetbeheerderLevering><lev:RelatienummerNetbeheerder>0000590513</lev:RelatienummerNetbeheerder><lev:Bedrijfsnaam>vdbgembest</lev:Bedrijfsnaam><lev:BedrijfsnaamAfkorting>vdbgembest</lev:BedrijfsnaamAfkorting><lev:Contact><lev:Naam>Medewerker kabel en leiding beheer</lev:Naam><lev:Telefoon>0172-632032</lev:Telefoon><lev:Email>Klic_best@bam.nl</lev:Email></lev:Contact><lev:Contactpersoon><lev:Naam>P. Houtman</lev:Naam><lev:Telefoon>0499360423</lev:Telefoon><lev:Email>p.houtman@gembest.nl</lev:Email><lev:Fax>0499360252</lev:Fax></lev:Contactpersoon><lev:BelangAanwezig>true</lev:BelangAanwezig><lev:Storingsnummer>0499-360360</lev:Storingsnummer><lev:Beschadigingsnummer>0499-360360</lev:Beschadigingsnummer><lev:Themas><lev:Thema><lev:Themanaam>riool onder druk</lev:Themanaam><lev:EisVoorzorgmaatregel>false</lev:EisVoorzorgmaatregel><lev:Ligging><lev:Bestandsnaam>LG_riool+onder+druk_vdbgembest_0000590513_18G030795.png</lev:Bestandsnaam></lev:Ligging></lev:Thema><lev:Thema><lev:Themanaam>laagspanning</lev:Themanaam><lev:EisVoorzorgmaatregel>false</lev:EisVoorzorgmaatregel><lev:Ligging><lev:Bestandsnaam>LG_laagspanning_vdbgembest_0000590513_18G030795.png</lev:Bestandsnaam></lev:Ligging><lev:Maatvoering><lev:Bestandsnaam>MV_laagspanning_vdbgembest_0000590513_18G030795.png</lev:Bestandsnaam></lev:Maatvoering><lev:Annotatie><lev:Bestandsnaam>AN_laagspanning_vdbgembest_0000590513_18G030795.png</lev:Bestandsnaam></lev:Annotatie></lev:Thema><lev:Thema><lev:Themanaam>riool vrijverval</lev:Themanaam><lev:EisVoorzorgmaatregel>false</lev:EisVoorzorgmaatregel><lev:Ligging><lev:Bestandsnaam>LG_riool+vrijverval_vdbgembest_0000590513_18G030795.png</lev:Bestandsnaam></lev:Ligging><lev:Maatvoering><lev:Bestandsnaam>MV_riool+vrijverval_vdbgembest_0000590513_18G030795.png</lev:Bestandsnaam></lev:Maatvoering><lev:Annotatie><lev:Bestandsnaam>AN_riool+vrijverval_vdbgembest_0000590513_18G030795.png</lev:Bestandsnaam></lev:Annotatie></lev:Thema></lev:Themas><lev:Bijlagen><lev:Bijlage><lev:Bestandsnaam>BL_vdbgembest_0000590513_18G030795_Voorwaarden+gemeenten+v3.pdf</lev:Bestandsnaam></lev:Bijlage><lev:Bijlage><lev:Bestandsnaam>BL_vdbgembest_0000590513_18G030795_Belang+graaf.pdf</lev:Bestandsnaam></lev:Bijlage></lev:Bijlagen></lev:NetbeheerderLevering><lev:NetbeheerderLevering><lev:RelatienummerNetbeheerder>0000546663</lev:RelatienummerNetbeheerder><lev:Bedrijfsnaam>KPN</lev:Bedrijfsnaam><lev:BedrijfsnaamAfkorting>KPN</lev:BedrijfsnaamAfkorting><lev:Contact><lev:Naam>KPN KLIC-loket</lev:Naam><lev:Telefoon>030-25 53334</lev:Telefoon><lev:Email>orderintakeplan@kpn.com</lev:Email></lev:Contact><lev:Contactpersoon><lev:Naam>KPN Klic-loket</lev:Naam><lev:Telefoon>(030) 255 33 34</lev:Telefoon><lev:Email>orderintakeplan@kpn.com</lev:Email></lev:Contactpersoon><lev:BelangAanwezig>true</lev:BelangAanwezig><lev:Storingsnummer>0800 023 01 93</lev:Storingsnummer><lev:Beschadigingsnummer>0800 023 01 93</lev:Beschadigingsnummer><lev:Themas><lev:Thema><lev:Themanaam>datatransport</lev:Themanaam><lev:Toezichthouders><lev:Toezichthouder><lev:Naam>KPN KLIC-loket</lev:Naam><lev:Telefoon>030-25 53334</lev:Telefoon><lev:Email>orderintakeplan@kpn.com</lev:Email></lev:Toezichthouder></lev:Toezichthouders><lev:EisVoorzorgmaatregel>false</lev:EisVoorzorgmaatregel><lev:Ligging><lev:Bestandsnaam>LG_datatransport_KPN_0000546663_18G030795.png</lev:Bestandsnaam></lev:Ligging><lev:Maatvoering><lev:Bestandsnaam>MV_datatransport_KPN_0000546663_18G030795.png</lev:Bestandsnaam></lev:Maatvoering><lev:Annotatie><lev:Bestandsnaam>AN_datatransport_KPN_0000546663_18G030795.png</lev:Bestandsnaam></lev:Annotatie><lev:Huisaansluitschetsen><lev:Huisaansluitschets><lev:Bestandsnaam>HA_datatransport_KPN_0000546663_18G030795_5685BL_10.PDF</lev:Bestandsnaam></lev:Huisaansluitschets><lev:Huisaansluitschets><lev:Bestandsnaam>HA_datatransport_KPN_0000546663_18G030795_5685BL_11.PDF</lev:Bestandsnaam></lev:Huisaansluitschets><lev:Huisaansluitschets><lev:Bestandsnaam>HA_datatransport_KPN_0000546663_18G030795_5685BL_12.PDF</lev:Bestandsnaam></lev:Huisaansluitschets><lev:Huisaansluitschets><lev:Bestandsnaam>HA_datatransport_KPN_0000546663_18G030795_5685BL_13.PDF</lev:Bestandsnaam></lev:Huisaansluitschets><lev:Huisaansluitschets><lev:Bestandsnaam>HA_datatransport_KPN_0000546663_18G030795_5685BL_14.PDF</lev:Bestandsnaam></lev:Huisaansluitschets><lev:Huisaansluitschets><lev:Bestandsnaam>HA_datatransport_KPN_0000546663_18G030795_5685BL_15.PDF</lev:Bestandsnaam></lev:Huisaansluitschets><lev:Huisaansluitschets><lev:Bestandsnaam>HA_datatransport_KPN_0000546663_18G030795_5685BL_16.PDF</lev:Bestandsnaam></lev:Huisaansluitschets><lev:Huisaansluitschets><lev:Bestandsnaam>HA_datatransport_KPN_0000546663_18G030795_5685BL_17.PDF</lev:Bestandsnaam></lev:Huisaansluitschets><lev:Huisaansluitschets><lev:Bestandsnaam>HA_datatransport_KPN_0000546663_18G030795_5685BL_18.PDF</lev:Bestandsnaam></lev:Huisaansluitschets><lev:Huisaansluitschets><lev:Bestandsnaam>HA_datatransport_KPN_0000546663_18G030795_5685BL_19.PDF</lev:Bestandsnaam></lev:Huisaansluitschets><lev:Huisaansluitschets><lev:Bestandsnaam>HA_datatransport_KPN_0000546663_18G030795_5685BL_8.PDF</lev:Bestandsnaam></lev:Huisaansluitschets><lev:Huisaansluitschets><lev:Bestandsnaam>HA_datatransport_KPN_0000546663_18G030795_5685BL_9.PDF</lev:Bestandsnaam></lev:Huisaansluitschets></lev:Huisaansluitschetsen><lev:ThemaBijlagen><lev:ThemaBijlage><lev:Bestandsnaam>TB_datatransport_KPN_0000546663_18G030795_Waterkruisingen.PDF</lev:Bestandsnaam></lev:ThemaBijlage></lev:ThemaBijlagen></lev:Thema></lev:Themas><lev:Bijlagen><lev:Bijlage><lev:Bestandsnaam>BL_KPN_0000546663_18G030795_Brief-belang.PDF</lev:Bestandsnaam></lev:Bijlage></lev:Bijlagen><lev:EigenTopo><lev:Bestandsnaam>ET_KPN_0000546663_18G030795.png</lev:Bestandsnaam></lev:EigenTopo><lev:PlanTopo><lev:Bestandsnaam>PT_KPN_0000546663_18G030795.png</lev:Bestandsnaam></lev:PlanTopo></lev:NetbeheerderLevering><lev:NetbeheerderLevering><lev:RelatienummerNetbeheerder>0000579733</lev:RelatienummerNetbeheerder><lev:Bedrijfsnaam>Reggefiber</lev:Bedrijfsnaam><lev:BedrijfsnaamAfkorting>Reggefiber</lev:BedrijfsnaamAfkorting><lev:Contact><lev:Naam>Reggefiber Operator bv</lev:Naam><lev:Email>ReggefiberKliconMail@speerit.nl</lev:Email></lev:Contact><lev:Contactpersoon><lev:Naam>Reggefiber Regio Zuid</lev:Naam><lev:Telefoon>0548800893</lev:Telefoon><lev:Email>klic-zuid@reggefiber.nl</lev:Email></lev:Contactpersoon><lev:BelangAanwezig>true</lev:BelangAanwezig><lev:Themas><lev:Thema><lev:Themanaam>datatransport</lev:Themanaam><lev:Toezichthouders><lev:Toezichthouder><lev:Naam>Reggefiber Operator bv</lev:Naam><lev:Telefoon>+31 (0)548 800 8</lev:Telefoon><lev:Email>beheerpassief@reggefiber.nl</lev:Email></lev:Toezichthouder></lev:Toezichthouders><lev:EisVoorzorgmaatregel>false</lev:EisVoorzorgmaatregel><lev:Ligging><lev:Bestandsnaam>LG_datatransport_Reggefiber_0000579733_18G030795.png</lev:Bestandsnaam></lev:Ligging><lev:Maatvoering><lev:Bestandsnaam>MV_datatransport_Reggefiber_0000579733_18G030795.png</lev:Bestandsnaam></lev:Maatvoering><lev:Annotatie><lev:Bestandsnaam>AN_datatransport_Reggefiber_0000579733_18G030795.png</lev:Bestandsnaam></lev:Annotatie><lev:Detailkaarten><lev:Detailkaart><lev:Bestandsnaam>DK_datatransport_Reggefiber_0000579733_18G030795_Details.pdf</lev:Bestandsnaam></lev:Detailkaart></lev:Detailkaarten></lev:Thema></lev:Themas><lev:Bijlagen><lev:Bijlage><lev:Bestandsnaam>BL_Reggefiber_0000579733_18G030795_Brief-Belang+Regio+Zuid.pdf</lev:Bestandsnaam></lev:Bijlage></lev:Bijlagen></lev:NetbeheerderLevering><lev:NetbeheerderLevering><lev:RelatienummerNetbeheerder>0000546674</lev:RelatienummerNetbeheerder><lev:Bedrijfsnaam>Ziggo BV</lev:Bedrijfsnaam><lev:BedrijfsnaamAfkorting>Ziggo BV</lev:BedrijfsnaamAfkorting><lev:Contact><lev:Naam>Afd. ROS Regional Project Infrastructure</lev:Naam><lev:Telefoon>088 - 717 3025</lev:Telefoon><lev:Email>topografie.zuid@office.ziggo.nl</lev:Email></lev:Contact><lev:Contactpersoon><lev:Naam>Network Infrastructure South</lev:Naam><lev:Telefoon>0887168723</lev:Telefoon><lev:Email>topografie.zuid@office.ziggo.nl</lev:Email><lev:Fax>0887173711</lev:Fax></lev:Contactpersoon><lev:BelangAanwezig>true</lev:BelangAanwezig><lev:Storingsnummer>088 - 717 4402</lev:Storingsnummer><lev:Beschadigingsnummer>088 - 717 4402</lev:Beschadigingsnummer><lev:Themas><lev:Thema><lev:Themanaam>datatransport</lev:Themanaam><lev:EisVoorzorgmaatregel>false</lev:EisVoorzorgmaatregel><lev:Ligging><lev:Bestandsnaam>LG_datatransport_Ziggo+BV_0000546674_18G030795.png</lev:Bestandsnaam></lev:Ligging><lev:Maatvoering><lev:Bestandsnaam>MV_datatransport_Ziggo+BV_0000546674_18G030795.png</lev:Bestandsnaam></lev:Maatvoering><lev:Annotatie><lev:Bestandsnaam>AN_datatransport_Ziggo+BV_0000546674_18G030795.png</lev:Bestandsnaam></lev:Annotatie><lev:ThemaBijlagen><lev:ThemaBijlage><lev:Bestandsnaam>TB_datatransport_Ziggo+BV_0000546674_18G030795_Regiobrief.pdf</lev:Bestandsnaam></lev:ThemaBijlage></lev:ThemaBijlagen></lev:Thema></lev:Themas><lev:PlanTopo><lev:Bestandsnaam>PT_Ziggo+BV_0000546674_18G030795.png</lev:Bestandsnaam></lev:PlanTopo></lev:NetbeheerderLevering><lev:NetbeheerderLevering><lev:RelatienummerNetbeheerder>0000565862</lev:RelatienummerNetbeheerder><lev:Bedrijfsnaam>Ziggo Services</lev:Bedrijfsnaam><lev:BedrijfsnaamAfkorting>Ziggo Services</lev:BedrijfsnaamAfkorting><lev:Contact><lev:Naam>Ziggo Services</lev:Naam><lev:Telefoon>0582348800</lev:Telefoon><lev:Email>klicnl@office.ziggo.nl</lev:Email></lev:Contact><lev:Contactpersoon><lev:Naam>Afdeling NI&amp;C - Klic &amp; Inlichtingen</lev:Naam><lev:Telefoon>058-2348800</lev:Telefoon><lev:Email>klicnl@office.ziggo.nl</lev:Email></lev:Contactpersoon><lev:BelangAanwezig>false</lev:BelangAanwezig><lev:Storingsnummer>08002200022</lev:Storingsnummer><lev:Beschadigingsnummer>08002200022</lev:Beschadigingsnummer><lev:Bijlagen><lev:Bijlage><lev:Bestandsnaam>BL_Ziggo+Services_0000565862_18G030795_letter.pdf</lev:Bestandsnaam></lev:Bijlage><lev:Bijlage><lev:Bestandsnaam>BL_Ziggo+Services_0000565862_18G030795_voorwaarden.pdf</lev:Bestandsnaam></lev:Bijlage></lev:Bijlagen></lev:NetbeheerderLevering></lev:NetbeheerderLeveringen></lev:Leveringsinformatie>