<?xml version="1.0" encoding="UTF-8"?><gml:FeatureCollection gml:id="nl.imkl-KA0000._FeatureCollection_19O000391-1" xsi:schemaLocation="http://www.geostandaarden.nl/imkl/2015/wion/1.2 http://register.geostandaarden.nl/gmlapplicatieschema/imkl2015/1.2.1/imkl2015-wion.xsd" xmlns:us-net-sw="http://inspire.ec.europa.eu/schemas/us-net-sw/4.0" xmlns:us-net-el="http://inspire.ec.europa.eu/schemas/us-net-el/4.0" xmlns:gml="http://www.opengis.net/gml/3.2" xmlns:us-net-wa="http://inspire.ec.europa.eu/schemas/us-net-wa/4.0" xmlns:us-net-tc="http://inspire.ec.europa.eu/schemas/us-net-tc/4.0" xmlns:us-net-ogc="http://inspire.ec.europa.eu/schemas/us-net-ogc/4.0" xmlns:xsi="http://www.w3.org/2001/XMLSchema-instance" xmlns:us-net-th="http://inspire.ec.europa.eu/schemas/us-net-th/4.0" xmlns:base2="http://inspire.ec.europa.eu/schemas/base2/2.0" xmlns:imkl="http://www.geostandaarden.nl/imkl/2015/wion/1.2" xmlns:us-net-common="http://inspire.ec.europa.eu/schemas/us-net-common/4.0" xmlns:net="http://inspire.ec.europa.eu/schemas/net/4.0" xmlns:xlink="http://www.w3.org/1999/xlink" xmlns:base="http://inspire.ec.europa.eu/schemas/base/3.3">
    <gml:boundedBy>
        <gml:Envelope srsName="urn:ogc:def:crs:EPSG::28992" srsDimension="2">
            <gml:lowerCorner>189640.0 353994.0</gml:lowerCorner>
            <gml:upperCorner>190143.0 354369.0</gml:upperCorner>
        </gml:Envelope>
    </gml:boundedBy>
    <gml:featureMember>
        <imkl:GebiedsinformatieLevering gml:id="nl.imkl-KA0000._GebiedsinformatieLevering_19O000391-1">
            <imkl:identificatie>
                <imkl:NEN3610ID>
                    <imkl:namespace>nl.imkl</imkl:namespace>
                    <imkl:lokaalID>KA0000._GebiedsinformatieLevering_19O000391</imkl:lokaalID>
                    <imkl:versie>1</imkl:versie>
                </imkl:NEN3610ID>
            </imkl:identificatie>
            <imkl:beginLifespanVersion>2019-08-12T17:31:09.953+02:00</imkl:beginLifespanVersion>
            <imkl:leveringsvolgnummer>1</imkl:leveringsvolgnummer>
            <imkl:datumLeveringSamengesteld>2019-08-12T17:31:09.953+02:00</imkl:datumLeveringSamengesteld>
            <imkl:indicatieLeveringCompleet>false</imkl:indicatieLeveringCompleet>
            <imkl:achtergrondkaart>
                <imkl:Achtergrondkaart>
                    <imkl:achtergrondkaartSoort xlink:href="http://definities.geostandaarden.nl/imkl2015/id/waarde/AchtergrondkaartSoortValue/bgtBestaand"/>
                    <imkl:kaartreferentie>bronnen/GB_19O000391.png</imkl:kaartreferentie>
                </imkl:Achtergrondkaart>
            </imkl:achtergrondkaart>
            <imkl:belanghebbende xlink:href="nl.imkl-KL1052._Belanghebbende_19O000391-1"/>
            <imkl:aanvraag xlink:href="nl.imkl-KA0000._GebiedsinformatieAanvraag_19O000391"/>
        </imkl:GebiedsinformatieLevering>
    </gml:featureMember>
    <gml:featureMember>
        <imkl:GebiedsinformatieAanvraag gml:id="nl.imkl-KA0000._GebiedsinformatieAanvraag_19O000391">
            <imkl:identificatie>
                <imkl:NEN3610ID>
                    <imkl:namespace>nl.imkl</imkl:namespace>
                    <imkl:lokaalID>KA0000._GebiedsinformatieAanvraag_19O000391</imkl:lokaalID>
                </imkl:NEN3610ID>
            </imkl:identificatie>
            <imkl:beginLifespanVersion>2019-08-12T17:29:22.000+02:00</imkl:beginLifespanVersion>
            <imkl:ordernummer>9806924696</imkl:ordernummer>
            <imkl:positienummer>0000000010</imkl:positienummer>
            <imkl:klicMeldnummer>19O000391</imkl:klicMeldnummer>
            <imkl:aanvrager>
                <imkl:Aanvrager>
                    <imkl:contactpersoon>
                        <imkl:Contact>
                            <imkl:naam>BMK FTO Grondroerder01</imkl:naam>
                            <imkl:telefoon>0651678908</imkl:telefoon>
                            <imkl:email>klic.testers@kadaster.nl</imkl:email>
                        </imkl:Contact>
                    </imkl:contactpersoon>
                    <imkl:organisatie>
                        <imkl:Organisatie>
                            <imkl:naam>FTO Grondroerder01</imkl:naam>
                            <imkl:bezoekAdres>
                                <imkl:Adres>
                                    <imkl:openbareRuimteNaam>Laan van Westenenk</imkl:openbareRuimteNaam>
                                    <imkl:huisnummer>701</imkl:huisnummer>
                                    <imkl:woonplaatsNaam>APELDOORN</imkl:woonplaatsNaam>
                                    <imkl:postcode>7334DP</imkl:postcode>
                                    <imkl:landcode>NL</imkl:landcode>
                                </imkl:Adres>
                            </imkl:bezoekAdres>
                        </imkl:Organisatie>
                    </imkl:organisatie>
                    <imkl:extraEmail>bram.reinders@kadaster.nl</imkl:extraEmail>
                </imkl:Aanvrager>
            </imkl:aanvrager>
            <imkl:referentie>KLCW-4231 ORI FTO</imkl:referentie>
            <imkl:aanvraagSoort xlink:href="http://definities.geostandaarden.nl/imkl2015/id/waarde/AanvraagSoortValue/orientatieverzoek"/>
            <imkl:aanvraagDatum>2019-08-12T17:29:22.000+02:00</imkl:aanvraagDatum>
            <imkl:soortWerkzaamheden xlink:href="http://definities.geostandaarden.nl/imkl2015/id/waarde/SoortWerkzaamhedenValue/aardingSlaan"/>
            <imkl:locatieWerkzaamheden>Panheelderweg 29 6097AH Heel NL</imkl:locatieWerkzaamheden>
            <imkl:orientatiepolygoon xlink:href="nl.imkl-KA0000._Orientatiepolygoon_19O000391"/>
        </imkl:GebiedsinformatieAanvraag>
    </gml:featureMember>
    <gml:featureMember>
        <imkl:Orientatiepolygoon gml:id="nl.imkl-KA0000._Orientatiepolygoon_19O000391">
            <imkl:identificatie>
                <imkl:NEN3610ID>
                    <imkl:namespace>nl.imkl</imkl:namespace>
                    <imkl:lokaalID>KA0000._Orientatiepolygoon_19O000391</imkl:lokaalID>
                </imkl:NEN3610ID>
            </imkl:identificatie>
            <imkl:beginLifespanVersion>2019-08-12T17:29:22.000+02:00</imkl:beginLifespanVersion>
            <imkl:geometrie>
                <gml:Polygon srsName="urn:ogc:def:crs:EPSG::28992" srsDimension="2" gml:id="nl.imkl-KA0000._Orientatiepolygoon_19O000391_geo">
                    <gml:exterior>
                        <gml:LinearRing>
                            <gml:posList>189640.0 354350.0 189785.0 354164.0 189847.0 354081.0 190143.0 353994.0 190141.0 354369.0 189640.0 354350.0</gml:posList>
                        </gml:LinearRing>
                    </gml:exterior>
                </gml:Polygon>
            </imkl:geometrie>
        </imkl:Orientatiepolygoon>
    </gml:featureMember>
    <gml:featureMember>
        <imkl:Belanghebbende gml:id="nl.imkl-KL1052._Belanghebbende_19O000391-1">
            <imkl:identificatie>
                <imkl:NEN3610ID>
                    <imkl:namespace>nl.imkl</imkl:namespace>
                    <imkl:lokaalID>KL1052._Belanghebbende_19O000391</imkl:lokaalID>
                    <imkl:versie>1</imkl:versie>
                </imkl:NEN3610ID>
            </imkl:identificatie>
            <imkl:beginLifespanVersion>2019-08-12T17:31:09.000+02:00</imkl:beginLifespanVersion>
            <imkl:beheerdersinformatieGeleverd>true</imkl:beheerdersinformatieGeleverd>
            <imkl:betrokkenBijAanvraag>true</imkl:betrokkenBijAanvraag>
            <imkl:eisVoorzorgsmaatregel>false</imkl:eisVoorzorgsmaatregel>
            <imkl:utiliteitsnet xlink:href="nl.imkl-KL1052.UNET_HSBovengronds_1"/>
            <imkl:geraaktBelangBijOrientatiepolygoon xlink:href="nl.imkl-KL1052._Belang_5013023-1"/>
            <imkl:netbeheerder xlink:href="nl.imkl-KL1052._Beheerder"/>
        </imkl:Belanghebbende>
    </gml:featureMember>
    <gml:featureMember>
        <imkl:Belang gml:id="nl.imkl-KL1052._Belang_5013023-1">
            <imkl:identificatie>
                <imkl:NEN3610ID>
                    <imkl:namespace>nl.imkl</imkl:namespace>
                    <imkl:lokaalID>KL1052._Belang_5013023</imkl:lokaalID>
                    <imkl:versie>1</imkl:versie>
                </imkl:NEN3610ID>
            </imkl:identificatie>
            <imkl:beginLifespanVersion>2018-09-23T00:00:00.000+02:00</imkl:beginLifespanVersion>
            <imkl:omschrijving>Boven 18 9</imkl:omschrijving>
            <imkl:contactAanvraag>
                <imkl:AanvraagSoortContact>
                    <imkl:aanvraagSoort xlink:href="http://definities.geostandaarden.nl/imkl2015/id/waarde/AanvraagSoortValue/orientatieverzoek"/>
                    <imkl:naam>Klic</imkl:naam>
                    <imkl:telefoon>0263731874</imkl:telefoon>
                    <imkl:email>klic-info@tennet.eu</imkl:email>
                </imkl:AanvraagSoortContact>
            </imkl:contactAanvraag>
            <imkl:thema xlink:href="http://definities.geostandaarden.nl/imkl2015/id/waarde/Thema/landelijkHoogspanningsnet"/>
            <imkl:contactNetinformatie>
                <imkl:AanvraagSoortContact>
                    <imkl:aanvraagSoort xlink:href="http://definities.geostandaarden.nl/imkl2015/id/waarde/AanvraagSoortValue/orientatieverzoek"/>
                    <imkl:naam>Klic</imkl:naam>
                    <imkl:telefoon>0263731874</imkl:telefoon>
                    <imkl:email>klic-info@tennet.eu</imkl:email>
                </imkl:AanvraagSoortContact>
            </imkl:contactNetinformatie>
            <imkl:contactBeschadiging>
                <imkl:Contact>
                    <imkl:naam>Klic</imkl:naam>
                    <imkl:telefoon>0263731874</imkl:telefoon>
                    <imkl:email>klic-info@tennet.eu</imkl:email>
                </imkl:Contact>
            </imkl:contactBeschadiging>
        </imkl:Belang>
    </gml:featureMember>
    <gml:featureMember>
        <imkl:Beheerder gml:id="nl.imkl-KL1052._Beheerder">
            <imkl:identificatie>
                <imkl:NEN3610ID>
                    <imkl:namespace>nl.imkl</imkl:namespace>
                    <imkl:lokaalID>KL1052._Beheerder</imkl:lokaalID>
                </imkl:NEN3610ID>
            </imkl:identificatie>
            <imkl:beginLifespanVersion>2000-01-01T00:00:00.000+01:00</imkl:beginLifespanVersion>
            <imkl:bronhoudercode>KL1052</imkl:bronhoudercode>
            <imkl:websiteKlic>https://www.tennet.eu/fileadmin/user_upload/Company/Safety/Documents/Uw_Veiligheid_Ondergronds_FEB2017_i_DEF.pdf</imkl:websiteKlic>
            <imkl:organisatie>
                <imkl:Organisatie>
                    <imkl:naam>TenneT</imkl:naam>
                </imkl:Organisatie>
            </imkl:organisatie>
        </imkl:Beheerder>
    </gml:featureMember>
<gml:featureMember>
<imkl:Annotatie gml:id="nl.imkl-KL1052.ANNO_Mast_label_485955_50057_13497">
			<imkl:identificatie>
				<imkl:NEN3610ID>
					<imkl:namespace>nl.imkl</imkl:namespace>
					<imkl:lokaalID>KL1052.ANNO_Mast_label_485955_50057_13497</imkl:lokaalID>
				</imkl:NEN3610ID>
			</imkl:identificatie>
			<imkl:beginLifespanVersion>2012-08-14T00:00:00+02:00</imkl:beginLifespanVersion>
			<imkl:label>MastNR 012</imkl:label>
			<imkl:inNetwork xlink:href="nl.imkl-KL1052.UNET_HSBovengronds_1"></imkl:inNetwork>
			<imkl:annotatieType xlink:href="http://definities.geostandaarden.nl/imkl2015/id/waarde/AnnotatieTypeValue/annotatielabel"></imkl:annotatieType>
			<imkl:rotatiehoek uom="urn:ogc:def:uom:OGC::deg">0</imkl:rotatiehoek>
			<imkl:labelpositie>
				<imkl:Labelpositie>
					<imkl:aangrijpingHorizontaal xlink:href="http://definities.geostandaarden.nl/imkl2015/id/waarde/LabelpositieValue/0.5"></imkl:aangrijpingHorizontaal>
					<imkl:aangrijpingVerticaal xlink:href="http://definities.geostandaarden.nl/imkl2015/id/waarde/LabelpositieValue/1"></imkl:aangrijpingVerticaal>
				</imkl:Labelpositie>
			</imkl:labelpositie>
			<imkl:ligging>
				<gml:Point srsName="http://spatialreference.org/ref/epsg/28992/" gml:id="ANNO_Mast_label_485955_50057_13497_GeoSeq_1">
					<gml:pos>189880.922 354118.569</gml:pos>
				</gml:Point>
			</imkl:ligging>
		</imkl:Annotatie>
</gml:featureMember>
<gml:featureMember>
<imkl:Annotatie gml:id="nl.imkl-KL1052.ANNO_Mast_label_485966_50057_9497">
			<imkl:identificatie>
				<imkl:NEN3610ID>
					<imkl:namespace>nl.imkl</imkl:namespace>
					<imkl:lokaalID>KL1052.ANNO_Mast_label_485966_50057_9497</imkl:lokaalID>
				</imkl:NEN3610ID>
			</imkl:identificatie>
			<imkl:beginLifespanVersion>2012-08-14T00:00:00+02:00</imkl:beginLifespanVersion>
			<imkl:label>MastNR 013</imkl:label>
			<imkl:inNetwork xlink:href="nl.imkl-KL1052.UNET_HSBovengronds_1"></imkl:inNetwork>
			<imkl:annotatieType xlink:href="http://definities.geostandaarden.nl/imkl2015/id/waarde/AnnotatieTypeValue/annotatielabel"></imkl:annotatieType>
			<imkl:rotatiehoek uom="urn:ogc:def:uom:OGC::deg">0</imkl:rotatiehoek>
			<imkl:labelpositie>
				<imkl:Labelpositie>
					<imkl:aangrijpingHorizontaal xlink:href="http://definities.geostandaarden.nl/imkl2015/id/waarde/LabelpositieValue/0.5"></imkl:aangrijpingHorizontaal>
					<imkl:aangrijpingVerticaal xlink:href="http://definities.geostandaarden.nl/imkl2015/id/waarde/LabelpositieValue/1"></imkl:aangrijpingVerticaal>
				</imkl:Labelpositie>
			</imkl:labelpositie>
			<imkl:ligging>
				<gml:Point srsName="http://spatialreference.org/ref/epsg/28992/" gml:id="ANNO_Mast_label_485966_50057_9497_GeoSeq_1">
					<gml:pos>189721.274 354338.477</gml:pos>
				</gml:Point>
			</imkl:ligging>
		</imkl:Annotatie>
</gml:featureMember>
<gml:featureMember>
<imkl:Elektriciteitskabel xmlns:gco="http://www.isotc211.org/2005/gco" xmlns:gmd="http://www.isotc211.org/2005/gmd" gml:id="nl.imkl-KL1052.EKBL_HSLeiding_503183_50053_181354">
			<net:beginLifespanVersion>2017-03-02T00:00:00+01:00</net:beginLifespanVersion>
			<net:inspireId>
				<base:Identifier>
					<base:localId>KL1052.EKBL_HSLeiding_503183_50053_181354</base:localId>
					<base:namespace>nl.imkl</base:namespace>
				</base:Identifier>
			</net:inspireId>
			<net:inNetwork xlink:href="nl.imkl-KL1052.UNET_HSBovengronds_1"></net:inNetwork>
			<net:link xlink:href="nl.imkl-KL1052.UL_HSLeiding_503183_50053_181353"></net:link>
			<us-net-common:currentStatus xlink:href="http://inspire.ec.europa.eu/codelist/ConditionOfFacilityValue/functional"></us-net-common:currentStatus>
			<us-net-common:validFrom>1969-01-01T00:00:00+01:00</us-net-common:validFrom>
			<us-net-common:verticalPosition>suspendedOrElevated</us-net-common:verticalPosition>
			<us-net-common:utilityDeliveryType xlink:href="http://inspire.ec.europa.eu/codelist/UtilityDeliveryTypeValue/transport"></us-net-common:utilityDeliveryType>
			<us-net-common:warningType xsi:nil="true" nilReason="Unpopulated"></us-net-common:warningType>
			<us-net-el:operatingVoltage uom="urn:ogc:def:uom:OGC::V">380000</us-net-el:operatingVoltage>
			<us-net-el:nominalVoltage uom="urn:ogc:def:uom:OGC::V">380000</us-net-el:nominalVoltage>
		</imkl:Elektriciteitskabel>
</gml:featureMember>
<gml:featureMember>
<imkl:Elektriciteitskabel xmlns:gco="http://www.isotc211.org/2005/gco" xmlns:gmd="http://www.isotc211.org/2005/gmd" gml:id="nl.imkl-KL1052.EKBL_HSLeiding_503185_50053_179824">
			<net:beginLifespanVersion>2017-03-02T00:00:00+01:00</net:beginLifespanVersion>
			<net:inspireId>
				<base:Identifier>
					<base:localId>KL1052.EKBL_HSLeiding_503185_50053_179824</base:localId>
					<base:namespace>nl.imkl</base:namespace>
				</base:Identifier>
			</net:inspireId>
			<net:inNetwork xlink:href="nl.imkl-KL1052.UNET_HSBovengronds_1"></net:inNetwork>
			<net:link xlink:href="nl.imkl-KL1052.UL_HSLeiding_503185_50053_179823"></net:link>
			<us-net-common:currentStatus xlink:href="http://inspire.ec.europa.eu/codelist/ConditionOfFacilityValue/functional"></us-net-common:currentStatus>
			<us-net-common:validFrom>1969-01-01T00:00:00+01:00</us-net-common:validFrom>
			<us-net-common:verticalPosition>suspendedOrElevated</us-net-common:verticalPosition>
			<us-net-common:utilityDeliveryType xlink:href="http://inspire.ec.europa.eu/codelist/UtilityDeliveryTypeValue/transport"></us-net-common:utilityDeliveryType>
			<us-net-common:warningType xsi:nil="true" nilReason="Unpopulated"></us-net-common:warningType>
			<us-net-el:operatingVoltage uom="urn:ogc:def:uom:OGC::V">380000</us-net-el:operatingVoltage>
			<us-net-el:nominalVoltage uom="urn:ogc:def:uom:OGC::V">380000</us-net-el:nominalVoltage>
		</imkl:Elektriciteitskabel>
</gml:featureMember>
<gml:featureMember>
<imkl:Elektriciteitskabel xmlns:gco="http://www.isotc211.org/2005/gco" xmlns:gmd="http://www.isotc211.org/2005/gmd" gml:id="nl.imkl-KL1052.EKBL_HSLeiding_503187_50053_181352">
			<net:beginLifespanVersion>2017-03-02T00:00:00+01:00</net:beginLifespanVersion>
			<net:inspireId>
				<base:Identifier>
					<base:localId>KL1052.EKBL_HSLeiding_503187_50053_181352</base:localId>
					<base:namespace>nl.imkl</base:namespace>
				</base:Identifier>
			</net:inspireId>
			<net:inNetwork xlink:href="nl.imkl-KL1052.UNET_HSBovengronds_1"></net:inNetwork>
			<net:link xlink:href="nl.imkl-KL1052.UL_HSLeiding_503187_50053_181351"></net:link>
			<us-net-common:currentStatus xlink:href="http://inspire.ec.europa.eu/codelist/ConditionOfFacilityValue/functional"></us-net-common:currentStatus>
			<us-net-common:validFrom>1969-01-01T00:00:00+01:00</us-net-common:validFrom>
			<us-net-common:verticalPosition>suspendedOrElevated</us-net-common:verticalPosition>
			<us-net-common:utilityDeliveryType xlink:href="http://inspire.ec.europa.eu/codelist/UtilityDeliveryTypeValue/transport"></us-net-common:utilityDeliveryType>
			<us-net-common:warningType xsi:nil="true" nilReason="Unpopulated"></us-net-common:warningType>
			<us-net-el:operatingVoltage uom="urn:ogc:def:uom:OGC::V">380000</us-net-el:operatingVoltage>
			<us-net-el:nominalVoltage uom="urn:ogc:def:uom:OGC::V">380000</us-net-el:nominalVoltage>
		</imkl:Elektriciteitskabel>
</gml:featureMember>
<gml:featureMember>
<imkl:Elektriciteitskabel xmlns:gco="http://www.isotc211.org/2005/gco" xmlns:gmd="http://www.isotc211.org/2005/gmd" gml:id="nl.imkl-KL1052.EKBL_HSLeiding_503189_50053_180640">
			<net:beginLifespanVersion>2017-03-02T00:00:00+01:00</net:beginLifespanVersion>
			<net:inspireId>
				<base:Identifier>
					<base:localId>KL1052.EKBL_HSLeiding_503189_50053_180640</base:localId>
					<base:namespace>nl.imkl</base:namespace>
				</base:Identifier>
			</net:inspireId>
			<net:inNetwork xlink:href="nl.imkl-KL1052.UNET_HSBovengronds_1"></net:inNetwork>
			<net:link xlink:href="nl.imkl-KL1052.UL_HSLeiding_503189_50053_180639"></net:link>
			<us-net-common:currentStatus xlink:href="http://inspire.ec.europa.eu/codelist/ConditionOfFacilityValue/functional"></us-net-common:currentStatus>
			<us-net-common:validFrom>1969-01-01T00:00:00+01:00</us-net-common:validFrom>
			<us-net-common:verticalPosition>suspendedOrElevated</us-net-common:verticalPosition>
			<us-net-common:utilityDeliveryType xlink:href="http://inspire.ec.europa.eu/codelist/UtilityDeliveryTypeValue/transport"></us-net-common:utilityDeliveryType>
			<us-net-common:warningType xsi:nil="true" nilReason="Unpopulated"></us-net-common:warningType>
			<us-net-el:operatingVoltage uom="urn:ogc:def:uom:OGC::V">380000</us-net-el:operatingVoltage>
			<us-net-el:nominalVoltage uom="urn:ogc:def:uom:OGC::V">380000</us-net-el:nominalVoltage>
		</imkl:Elektriciteitskabel>
</gml:featureMember>
<gml:featureMember>
<imkl:Elektriciteitskabel xmlns:gco="http://www.isotc211.org/2005/gco" xmlns:gmd="http://www.isotc211.org/2005/gmd" gml:id="nl.imkl-KL1052.EKBL_HSLeiding_503191_50053_180618">
			<net:beginLifespanVersion>2017-03-02T00:00:00+01:00</net:beginLifespanVersion>
			<net:inspireId>
				<base:Identifier>
					<base:localId>KL1052.EKBL_HSLeiding_503191_50053_180618</base:localId>
					<base:namespace>nl.imkl</base:namespace>
				</base:Identifier>
			</net:inspireId>
			<net:inNetwork xlink:href="nl.imkl-KL1052.UNET_HSBovengronds_1"></net:inNetwork>
			<net:link xlink:href="nl.imkl-KL1052.UL_HSLeiding_503191_50053_180617"></net:link>
			<us-net-common:currentStatus xlink:href="http://inspire.ec.europa.eu/codelist/ConditionOfFacilityValue/functional"></us-net-common:currentStatus>
			<us-net-common:validFrom>1969-01-01T00:00:00+01:00</us-net-common:validFrom>
			<us-net-common:verticalPosition>suspendedOrElevated</us-net-common:verticalPosition>
			<us-net-common:utilityDeliveryType xlink:href="http://inspire.ec.europa.eu/codelist/UtilityDeliveryTypeValue/transport"></us-net-common:utilityDeliveryType>
			<us-net-common:warningType xsi:nil="true" nilReason="Unpopulated"></us-net-common:warningType>
			<us-net-el:operatingVoltage uom="urn:ogc:def:uom:OGC::V">380000</us-net-el:operatingVoltage>
			<us-net-el:nominalVoltage uom="urn:ogc:def:uom:OGC::V">380000</us-net-el:nominalVoltage>
		</imkl:Elektriciteitskabel>
</gml:featureMember>
<gml:featureMember>
<imkl:Elektriciteitskabel xmlns:gco="http://www.isotc211.org/2005/gco" xmlns:gmd="http://www.isotc211.org/2005/gmd" gml:id="nl.imkl-KL1052.EKBL_HSLeiding_503193_50053_179446">
			<net:beginLifespanVersion>2017-03-02T00:00:00+01:00</net:beginLifespanVersion>
			<net:inspireId>
				<base:Identifier>
					<base:localId>KL1052.EKBL_HSLeiding_503193_50053_179446</base:localId>
					<base:namespace>nl.imkl</base:namespace>
				</base:Identifier>
			</net:inspireId>
			<net:inNetwork xlink:href="nl.imkl-KL1052.UNET_HSBovengronds_1"></net:inNetwork>
			<net:link xlink:href="nl.imkl-KL1052.UL_HSLeiding_503193_50053_179445"></net:link>
			<us-net-common:currentStatus xlink:href="http://inspire.ec.europa.eu/codelist/ConditionOfFacilityValue/functional"></us-net-common:currentStatus>
			<us-net-common:validFrom>1969-01-01T00:00:00+01:00</us-net-common:validFrom>
			<us-net-common:verticalPosition>suspendedOrElevated</us-net-common:verticalPosition>
			<us-net-common:utilityDeliveryType xlink:href="http://inspire.ec.europa.eu/codelist/UtilityDeliveryTypeValue/transport"></us-net-common:utilityDeliveryType>
			<us-net-common:warningType xsi:nil="true" nilReason="Unpopulated"></us-net-common:warningType>
			<us-net-el:operatingVoltage uom="urn:ogc:def:uom:OGC::V">380000</us-net-el:operatingVoltage>
			<us-net-el:nominalVoltage uom="urn:ogc:def:uom:OGC::V">380000</us-net-el:nominalVoltage>
		</imkl:Elektriciteitskabel>
</gml:featureMember>
<gml:featureMember>
<imkl:Elektriciteitskabel xmlns:gco="http://www.isotc211.org/2005/gco" xmlns:gmd="http://www.isotc211.org/2005/gmd" gml:id="nl.imkl-KL1052.EKBL_HSLeiding_503195_50053_180638">
			<net:beginLifespanVersion>2017-03-02T00:00:00+01:00</net:beginLifespanVersion>
			<net:inspireId>
				<base:Identifier>
					<base:localId>KL1052.EKBL_HSLeiding_503195_50053_180638</base:localId>
					<base:namespace>nl.imkl</base:namespace>
				</base:Identifier>
			</net:inspireId>
			<net:inNetwork xlink:href="nl.imkl-KL1052.UNET_HSBovengronds_1"></net:inNetwork>
			<net:link xlink:href="nl.imkl-KL1052.UL_HSLeiding_503195_50053_180637"></net:link>
			<us-net-common:currentStatus xlink:href="http://inspire.ec.europa.eu/codelist/ConditionOfFacilityValue/functional"></us-net-common:currentStatus>
			<us-net-common:validFrom>1969-01-01T00:00:00+01:00</us-net-common:validFrom>
			<us-net-common:verticalPosition>suspendedOrElevated</us-net-common:verticalPosition>
			<us-net-common:utilityDeliveryType xlink:href="http://inspire.ec.europa.eu/codelist/UtilityDeliveryTypeValue/transport"></us-net-common:utilityDeliveryType>
			<us-net-common:warningType xsi:nil="true" nilReason="Unpopulated"></us-net-common:warningType>
			<us-net-el:operatingVoltage uom="urn:ogc:def:uom:OGC::V">380000</us-net-el:operatingVoltage>
			<us-net-el:nominalVoltage uom="urn:ogc:def:uom:OGC::V">380000</us-net-el:nominalVoltage>
		</imkl:Elektriciteitskabel>
</gml:featureMember>
<gml:featureMember>
<imkl:Elektriciteitskabel xmlns:gco="http://www.isotc211.org/2005/gco" xmlns:gmd="http://www.isotc211.org/2005/gmd" gml:id="nl.imkl-KL1052.EKBL_HSLeiding_503197_50053_181558">
			<net:beginLifespanVersion>2017-03-02T00:00:00+01:00</net:beginLifespanVersion>
			<net:inspireId>
				<base:Identifier>
					<base:localId>KL1052.EKBL_HSLeiding_503197_50053_181558</base:localId>
					<base:namespace>nl.imkl</base:namespace>
				</base:Identifier>
			</net:inspireId>
			<net:inNetwork xlink:href="nl.imkl-KL1052.UNET_HSBovengronds_1"></net:inNetwork>
			<net:link xlink:href="nl.imkl-KL1052.UL_HSLeiding_503197_50053_181557"></net:link>
			<us-net-common:currentStatus xlink:href="http://inspire.ec.europa.eu/codelist/ConditionOfFacilityValue/functional"></us-net-common:currentStatus>
			<us-net-common:validFrom>1969-01-01T00:00:00+01:00</us-net-common:validFrom>
			<us-net-common:verticalPosition>suspendedOrElevated</us-net-common:verticalPosition>
			<us-net-common:utilityDeliveryType xlink:href="http://inspire.ec.europa.eu/codelist/UtilityDeliveryTypeValue/transport"></us-net-common:utilityDeliveryType>
			<us-net-common:warningType xsi:nil="true" nilReason="Unpopulated"></us-net-common:warningType>
			<us-net-el:operatingVoltage uom="urn:ogc:def:uom:OGC::V">380000</us-net-el:operatingVoltage>
			<us-net-el:nominalVoltage uom="urn:ogc:def:uom:OGC::V">380000</us-net-el:nominalVoltage>
		</imkl:Elektriciteitskabel>
</gml:featureMember>
<gml:featureMember>
<imkl:Elektriciteitskabel xmlns:gco="http://www.isotc211.org/2005/gco" xmlns:gmd="http://www.isotc211.org/2005/gmd" gml:id="nl.imkl-KL1052.EKBL_HSLeiding_503199_50053_179680">
			<net:beginLifespanVersion>2017-03-02T00:00:00+01:00</net:beginLifespanVersion>
			<net:inspireId>
				<base:Identifier>
					<base:localId>KL1052.EKBL_HSLeiding_503199_50053_179680</base:localId>
					<base:namespace>nl.imkl</base:namespace>
				</base:Identifier>
			</net:inspireId>
			<net:inNetwork xlink:href="nl.imkl-KL1052.UNET_HSBovengronds_1"></net:inNetwork>
			<net:link xlink:href="nl.imkl-KL1052.UL_HSLeiding_503199_50053_179679"></net:link>
			<us-net-common:currentStatus xlink:href="http://inspire.ec.europa.eu/codelist/ConditionOfFacilityValue/functional"></us-net-common:currentStatus>
			<us-net-common:validFrom>1969-01-01T00:00:00+01:00</us-net-common:validFrom>
			<us-net-common:verticalPosition>suspendedOrElevated</us-net-common:verticalPosition>
			<us-net-common:utilityDeliveryType xlink:href="http://inspire.ec.europa.eu/codelist/UtilityDeliveryTypeValue/transport"></us-net-common:utilityDeliveryType>
			<us-net-common:warningType xsi:nil="true" nilReason="Unpopulated"></us-net-common:warningType>
			<us-net-el:operatingVoltage uom="urn:ogc:def:uom:OGC::V">380000</us-net-el:operatingVoltage>
			<us-net-el:nominalVoltage uom="urn:ogc:def:uom:OGC::V">380000</us-net-el:nominalVoltage>
		</imkl:Elektriciteitskabel>
</gml:featureMember>
<gml:featureMember>
<imkl:Elektriciteitskabel xmlns:gco="http://www.isotc211.org/2005/gco" xmlns:gmd="http://www.isotc211.org/2005/gmd" gml:id="nl.imkl-KL1052.EKBL_HSLeiding_503201_50053_179916">
			<net:beginLifespanVersion>2017-03-02T00:00:00+01:00</net:beginLifespanVersion>
			<net:inspireId>
				<base:Identifier>
					<base:localId>KL1052.EKBL_HSLeiding_503201_50053_179916</base:localId>
					<base:namespace>nl.imkl</base:namespace>
				</base:Identifier>
			</net:inspireId>
			<net:inNetwork xlink:href="nl.imkl-KL1052.UNET_HSBovengronds_1"></net:inNetwork>
			<net:link xlink:href="nl.imkl-KL1052.UL_HSLeiding_503201_50053_179915"></net:link>
			<us-net-common:currentStatus xlink:href="http://inspire.ec.europa.eu/codelist/ConditionOfFacilityValue/functional"></us-net-common:currentStatus>
			<us-net-common:validFrom>1969-01-01T00:00:00+01:00</us-net-common:validFrom>
			<us-net-common:verticalPosition>suspendedOrElevated</us-net-common:verticalPosition>
			<us-net-common:utilityDeliveryType xlink:href="http://inspire.ec.europa.eu/codelist/UtilityDeliveryTypeValue/transport"></us-net-common:utilityDeliveryType>
			<us-net-common:warningType xsi:nil="true" nilReason="Unpopulated"></us-net-common:warningType>
			<us-net-el:operatingVoltage uom="urn:ogc:def:uom:OGC::V">380000</us-net-el:operatingVoltage>
			<us-net-el:nominalVoltage uom="urn:ogc:def:uom:OGC::V">380000</us-net-el:nominalVoltage>
		</imkl:Elektriciteitskabel>
</gml:featureMember>
<gml:featureMember>
<imkl:Elektriciteitskabel xmlns:gco="http://www.isotc211.org/2005/gco" xmlns:gmd="http://www.isotc211.org/2005/gmd" gml:id="nl.imkl-KL1052.EKBL_HSLeiding_503203_50053_178980">
			<net:beginLifespanVersion>2017-03-02T00:00:00+01:00</net:beginLifespanVersion>
			<net:inspireId>
				<base:Identifier>
					<base:localId>KL1052.EKBL_HSLeiding_503203_50053_178980</base:localId>
					<base:namespace>nl.imkl</base:namespace>
				</base:Identifier>
			</net:inspireId>
			<net:inNetwork xlink:href="nl.imkl-KL1052.UNET_HSBovengronds_1"></net:inNetwork>
			<net:link xlink:href="nl.imkl-KL1052.UL_HSLeiding_503203_50053_178979"></net:link>
			<us-net-common:currentStatus xlink:href="http://inspire.ec.europa.eu/codelist/ConditionOfFacilityValue/functional"></us-net-common:currentStatus>
			<us-net-common:validFrom>1969-01-01T00:00:00+01:00</us-net-common:validFrom>
			<us-net-common:verticalPosition>suspendedOrElevated</us-net-common:verticalPosition>
			<us-net-common:utilityDeliveryType xlink:href="http://inspire.ec.europa.eu/codelist/UtilityDeliveryTypeValue/transport"></us-net-common:utilityDeliveryType>
			<us-net-common:warningType xsi:nil="true" nilReason="Unpopulated"></us-net-common:warningType>
			<us-net-el:operatingVoltage uom="urn:ogc:def:uom:OGC::V">380000</us-net-el:operatingVoltage>
			<us-net-el:nominalVoltage uom="urn:ogc:def:uom:OGC::V">380000</us-net-el:nominalVoltage>
		</imkl:Elektriciteitskabel>
</gml:featureMember>
<gml:featureMember>
<imkl:Elektriciteitskabel xmlns:gco="http://www.isotc211.org/2005/gco" xmlns:gmd="http://www.isotc211.org/2005/gmd" gml:id="nl.imkl-KL1052.EKBL_HSLeiding_503205_50053_179278">
			<net:beginLifespanVersion>2017-03-02T00:00:00+01:00</net:beginLifespanVersion>
			<net:inspireId>
				<base:Identifier>
					<base:localId>KL1052.EKBL_HSLeiding_503205_50053_179278</base:localId>
					<base:namespace>nl.imkl</base:namespace>
				</base:Identifier>
			</net:inspireId>
			<net:inNetwork xlink:href="nl.imkl-KL1052.UNET_HSBovengronds_1"></net:inNetwork>
			<net:link xlink:href="nl.imkl-KL1052.UL_HSLeiding_503205_50053_179277"></net:link>
			<us-net-common:currentStatus xlink:href="http://inspire.ec.europa.eu/codelist/ConditionOfFacilityValue/functional"></us-net-common:currentStatus>
			<us-net-common:validFrom>1969-01-01T00:00:00+01:00</us-net-common:validFrom>
			<us-net-common:verticalPosition>suspendedOrElevated</us-net-common:verticalPosition>
			<us-net-common:utilityDeliveryType xlink:href="http://inspire.ec.europa.eu/codelist/UtilityDeliveryTypeValue/transport"></us-net-common:utilityDeliveryType>
			<us-net-common:warningType xsi:nil="true" nilReason="Unpopulated"></us-net-common:warningType>
			<us-net-el:operatingVoltage uom="urn:ogc:def:uom:OGC::V">380000</us-net-el:operatingVoltage>
			<us-net-el:nominalVoltage uom="urn:ogc:def:uom:OGC::V">380000</us-net-el:nominalVoltage>
		</imkl:Elektriciteitskabel>
</gml:featureMember>
<gml:featureMember>
<imkl:Elektriciteitskabel xmlns:gco="http://www.isotc211.org/2005/gco" xmlns:gmd="http://www.isotc211.org/2005/gmd" gml:id="nl.imkl-KL1052.EKBL_HSLeiding_503209_50053_181602">
			<net:beginLifespanVersion>2017-03-02T00:00:00+01:00</net:beginLifespanVersion>
			<net:inspireId>
				<base:Identifier>
					<base:localId>KL1052.EKBL_HSLeiding_503209_50053_181602</base:localId>
					<base:namespace>nl.imkl</base:namespace>
				</base:Identifier>
			</net:inspireId>
			<net:inNetwork xlink:href="nl.imkl-KL1052.UNET_HSBovengronds_1"></net:inNetwork>
			<net:link xlink:href="nl.imkl-KL1052.UL_HSLeiding_503209_50053_181601"></net:link>
			<us-net-common:currentStatus xlink:href="http://inspire.ec.europa.eu/codelist/ConditionOfFacilityValue/functional"></us-net-common:currentStatus>
			<us-net-common:validFrom>1969-01-01T00:00:00+01:00</us-net-common:validFrom>
			<us-net-common:verticalPosition>suspendedOrElevated</us-net-common:verticalPosition>
			<us-net-common:utilityDeliveryType xlink:href="http://inspire.ec.europa.eu/codelist/UtilityDeliveryTypeValue/transport"></us-net-common:utilityDeliveryType>
			<us-net-common:warningType xsi:nil="true" nilReason="Unpopulated"></us-net-common:warningType>
			<us-net-el:operatingVoltage uom="urn:ogc:def:uom:OGC::V">380000</us-net-el:operatingVoltage>
			<us-net-el:nominalVoltage uom="urn:ogc:def:uom:OGC::V">380000</us-net-el:nominalVoltage>
		</imkl:Elektriciteitskabel>
</gml:featureMember>
<gml:featureMember>
<imkl:Elektriciteitskabel xmlns:gco="http://www.isotc211.org/2005/gco" xmlns:gmd="http://www.isotc211.org/2005/gmd" gml:id="nl.imkl-KL1052.EKBL_HSLeiding_503211_50053_180954">
			<net:beginLifespanVersion>2017-03-02T00:00:00+01:00</net:beginLifespanVersion>
			<net:inspireId>
				<base:Identifier>
					<base:localId>KL1052.EKBL_HSLeiding_503211_50053_180954</base:localId>
					<base:namespace>nl.imkl</base:namespace>
				</base:Identifier>
			</net:inspireId>
			<net:inNetwork xlink:href="nl.imkl-KL1052.UNET_HSBovengronds_1"></net:inNetwork>
			<net:link xlink:href="nl.imkl-KL1052.UL_HSLeiding_503211_50053_180953"></net:link>
			<us-net-common:currentStatus xlink:href="http://inspire.ec.europa.eu/codelist/ConditionOfFacilityValue/functional"></us-net-common:currentStatus>
			<us-net-common:validFrom>1969-01-01T00:00:00+01:00</us-net-common:validFrom>
			<us-net-common:verticalPosition>suspendedOrElevated</us-net-common:verticalPosition>
			<us-net-common:utilityDeliveryType xlink:href="http://inspire.ec.europa.eu/codelist/UtilityDeliveryTypeValue/transport"></us-net-common:utilityDeliveryType>
			<us-net-common:warningType xsi:nil="true" nilReason="Unpopulated"></us-net-common:warningType>
			<us-net-el:operatingVoltage uom="urn:ogc:def:uom:OGC::V">380000</us-net-el:operatingVoltage>
			<us-net-el:nominalVoltage uom="urn:ogc:def:uom:OGC::V">380000</us-net-el:nominalVoltage>
		</imkl:Elektriciteitskabel>
</gml:featureMember>
<gml:featureMember>
<imkl:Elektriciteitskabel xmlns:gco="http://www.isotc211.org/2005/gco" xmlns:gmd="http://www.isotc211.org/2005/gmd" gml:id="nl.imkl-KL1052.EKBL_HSLeiding_503213_50053_178860">
			<net:beginLifespanVersion>2017-03-02T00:00:00+01:00</net:beginLifespanVersion>
			<net:inspireId>
				<base:Identifier>
					<base:localId>KL1052.EKBL_HSLeiding_503213_50053_178860</base:localId>
					<base:namespace>nl.imkl</base:namespace>
				</base:Identifier>
			</net:inspireId>
			<net:inNetwork xlink:href="nl.imkl-KL1052.UNET_HSBovengronds_1"></net:inNetwork>
			<net:link xlink:href="nl.imkl-KL1052.UL_HSLeiding_503213_50053_178859"></net:link>
			<us-net-common:currentStatus xlink:href="http://inspire.ec.europa.eu/codelist/ConditionOfFacilityValue/functional"></us-net-common:currentStatus>
			<us-net-common:validFrom>1969-01-01T00:00:00+01:00</us-net-common:validFrom>
			<us-net-common:verticalPosition>suspendedOrElevated</us-net-common:verticalPosition>
			<us-net-common:utilityDeliveryType xlink:href="http://inspire.ec.europa.eu/codelist/UtilityDeliveryTypeValue/transport"></us-net-common:utilityDeliveryType>
			<us-net-common:warningType xsi:nil="true" nilReason="Unpopulated"></us-net-common:warningType>
			<us-net-el:operatingVoltage uom="urn:ogc:def:uom:OGC::V">380000</us-net-el:operatingVoltage>
			<us-net-el:nominalVoltage uom="urn:ogc:def:uom:OGC::V">380000</us-net-el:nominalVoltage>
		</imkl:Elektriciteitskabel>
</gml:featureMember>
<gml:featureMember>
<imkl:Elektriciteitskabel xmlns:gco="http://www.isotc211.org/2005/gco" xmlns:gmd="http://www.isotc211.org/2005/gmd" gml:id="nl.imkl-KL1052.EKBL_HSLeiding_503215_50053_178888">
			<net:beginLifespanVersion>2017-03-02T00:00:00+01:00</net:beginLifespanVersion>
			<net:inspireId>
				<base:Identifier>
					<base:localId>KL1052.EKBL_HSLeiding_503215_50053_178888</base:localId>
					<base:namespace>nl.imkl</base:namespace>
				</base:Identifier>
			</net:inspireId>
			<net:inNetwork xlink:href="nl.imkl-KL1052.UNET_HSBovengronds_1"></net:inNetwork>
			<net:link xlink:href="nl.imkl-KL1052.UL_HSLeiding_503215_50053_178887"></net:link>
			<us-net-common:currentStatus xlink:href="http://inspire.ec.europa.eu/codelist/ConditionOfFacilityValue/functional"></us-net-common:currentStatus>
			<us-net-common:validFrom>1969-01-01T00:00:00+01:00</us-net-common:validFrom>
			<us-net-common:verticalPosition>suspendedOrElevated</us-net-common:verticalPosition>
			<us-net-common:utilityDeliveryType xlink:href="http://inspire.ec.europa.eu/codelist/UtilityDeliveryTypeValue/transport"></us-net-common:utilityDeliveryType>
			<us-net-common:warningType xsi:nil="true" nilReason="Unpopulated"></us-net-common:warningType>
			<us-net-el:operatingVoltage uom="urn:ogc:def:uom:OGC::V">380000</us-net-el:operatingVoltage>
			<us-net-el:nominalVoltage uom="urn:ogc:def:uom:OGC::V">380000</us-net-el:nominalVoltage>
		</imkl:Elektriciteitskabel>
</gml:featureMember>
<gml:featureMember>
<imkl:Elektriciteitskabel xmlns:gco="http://www.isotc211.org/2005/gco" xmlns:gmd="http://www.isotc211.org/2005/gmd" gml:id="nl.imkl-KL1052.EKBL_HSLeiding_560077_50053_179096">
			<net:beginLifespanVersion>2017-03-02T00:00:00+01:00</net:beginLifespanVersion>
			<net:inspireId>
				<base:Identifier>
					<base:localId>KL1052.EKBL_HSLeiding_560077_50053_179096</base:localId>
					<base:namespace>nl.imkl</base:namespace>
				</base:Identifier>
			</net:inspireId>
			<net:inNetwork xlink:href="nl.imkl-KL1052.UNET_HSBovengronds_1"></net:inNetwork>
			<net:link xlink:href="nl.imkl-KL1052.UL_HSLeiding_560077_50053_179095"></net:link>
			<us-net-common:currentStatus xlink:href="http://inspire.ec.europa.eu/codelist/ConditionOfFacilityValue/functional"></us-net-common:currentStatus>
			<us-net-common:validFrom>1969-01-01T00:00:00+01:00</us-net-common:validFrom>
			<us-net-common:verticalPosition>suspendedOrElevated</us-net-common:verticalPosition>
			<us-net-common:utilityDeliveryType xlink:href="http://inspire.ec.europa.eu/codelist/UtilityDeliveryTypeValue/transport"></us-net-common:utilityDeliveryType>
			<us-net-common:warningType xsi:nil="true" nilReason="Unpopulated"></us-net-common:warningType>
			<us-net-el:operatingVoltage uom="urn:ogc:def:uom:OGC::V">380000</us-net-el:operatingVoltage>
			<us-net-el:nominalVoltage uom="urn:ogc:def:uom:OGC::V">380000</us-net-el:nominalVoltage>
		</imkl:Elektriciteitskabel>
</gml:featureMember>
<gml:featureMember>
<imkl:Elektriciteitskabel xmlns:gco="http://www.isotc211.org/2005/gco" xmlns:gmd="http://www.isotc211.org/2005/gmd" gml:id="nl.imkl-KL1052.EKBL_HSLeiding_560082_50053_179664">
			<net:beginLifespanVersion>2017-03-02T00:00:00+01:00</net:beginLifespanVersion>
			<net:inspireId>
				<base:Identifier>
					<base:localId>KL1052.EKBL_HSLeiding_560082_50053_179664</base:localId>
					<base:namespace>nl.imkl</base:namespace>
				</base:Identifier>
			</net:inspireId>
			<net:inNetwork xlink:href="nl.imkl-KL1052.UNET_HSBovengronds_1"></net:inNetwork>
			<net:link xlink:href="nl.imkl-KL1052.UL_HSLeiding_560082_50053_179663"></net:link>
			<us-net-common:currentStatus xlink:href="http://inspire.ec.europa.eu/codelist/ConditionOfFacilityValue/functional"></us-net-common:currentStatus>
			<us-net-common:validFrom>1969-01-01T00:00:00+01:00</us-net-common:validFrom>
			<us-net-common:verticalPosition>suspendedOrElevated</us-net-common:verticalPosition>
			<us-net-common:utilityDeliveryType xlink:href="http://inspire.ec.europa.eu/codelist/UtilityDeliveryTypeValue/transport"></us-net-common:utilityDeliveryType>
			<us-net-common:warningType xsi:nil="true" nilReason="Unpopulated"></us-net-common:warningType>
			<us-net-el:operatingVoltage uom="urn:ogc:def:uom:OGC::V">380000</us-net-el:operatingVoltage>
			<us-net-el:nominalVoltage uom="urn:ogc:def:uom:OGC::V">380000</us-net-el:nominalVoltage>
		</imkl:Elektriciteitskabel>
</gml:featureMember>
<gml:featureMember>
<imkl:Mast xmlns:gco="http://www.isotc211.org/2005/gco" xmlns:gmd="http://www.isotc211.org/2005/gmd" gml:id="nl.imkl-KL1052.MAST_Mast_MBT_EHV380_012_366036">
			<us-net-common:currentStatus xlink:href="http://inspire.ec.europa.eu/codelist/ConditionOfFacilityValue/functional"></us-net-common:currentStatus>
			<us-net-common:validFrom>1968-01-01T00:00:00+01:00</us-net-common:validFrom>
			<us-net-common:verticalPosition>onGroundSurface</us-net-common:verticalPosition>
			<us-net-common:geometry>
				<gml:Point srsName="http://spatialreference.org/ref/epsg/28992/" gml:id="MAST_Mast_MBT_EHV380_012_366036_GeoSeq_1">
					<gml:pos>189880.922 354118.569</gml:pos>
				</gml:Point>
			</us-net-common:geometry>
			<us-net-common:inspireId>
				<base:Identifier>
					<base:localId>KL1052.MAST_Mast_MBT_EHV380_012_366036</base:localId>
					<base:namespace>nl.imkl</base:namespace>
				</base:Identifier>
			</us-net-common:inspireId>
			<us-net-common:poleHeight uom="urn:ogc:def:uom:OGC::m">48.5</us-net-common:poleHeight>
			<imkl:inNetwork xlink:href="nl.imkl-KL1052.UNET_HSBovengronds_1"></imkl:inNetwork>
		</imkl:Mast>
</gml:featureMember>
<gml:featureMember>
<imkl:Mast xmlns:gco="http://www.isotc211.org/2005/gco" xmlns:gmd="http://www.isotc211.org/2005/gmd" gml:id="nl.imkl-KL1052.MAST_Mast_MBT_EHV380_013_362036">
			<us-net-common:currentStatus xlink:href="http://inspire.ec.europa.eu/codelist/ConditionOfFacilityValue/functional"></us-net-common:currentStatus>
			<us-net-common:validFrom>1968-01-01T00:00:00+01:00</us-net-common:validFrom>
			<us-net-common:verticalPosition>onGroundSurface</us-net-common:verticalPosition>
			<us-net-common:geometry>
				<gml:Point srsName="http://spatialreference.org/ref/epsg/28992/" gml:id="MAST_Mast_MBT_EHV380_013_362036_GeoSeq_1">
					<gml:pos>189721.274 354338.477</gml:pos>
				</gml:Point>
			</us-net-common:geometry>
			<us-net-common:inspireId>
				<base:Identifier>
					<base:localId>KL1052.MAST_Mast_MBT_EHV380_013_362036</base:localId>
					<base:namespace>nl.imkl</base:namespace>
				</base:Identifier>
			</us-net-common:inspireId>
			<us-net-common:poleHeight uom="urn:ogc:def:uom:OGC::m">43.7</us-net-common:poleHeight>
			<imkl:inNetwork xlink:href="nl.imkl-KL1052.UNET_HSBovengronds_1"></imkl:inNetwork>
		</imkl:Mast>
</gml:featureMember>
<gml:featureMember>
<us-net-common:UtilityLink gml:id="nl.imkl-KL1052.UL_HSLeiding_503183_50053_181353" xmlns:gco="http://www.isotc211.org/2005/gco" xmlns:gmd="http://www.isotc211.org/2005/gmd">
			<net:beginLifespanVersion>2017-03-02T00:00:00+01:00</net:beginLifespanVersion>
			<net:inspireId>
				<base:Identifier>
					<base:localId>KL1052.UL_HSLeiding_503183_50053_181353</base:localId>
					<base:namespace>nl.imkl</base:namespace>
				</base:Identifier>
			</net:inspireId>
			<net:inNetwork xlink:href="nl.imkl-KL1052.UNET_HSBovengronds_1"/>
			<net:centrelineGeometry>
				<gml:LineString gml:id="UL_HSLeiding_503183_50053_181353_GeoSeq_1" srsName="http://spatialreference.org/ref/epsg/28992/">
					<gml:posList>189900.132632125 354065.383314207 189868.217494358 354109.344817846</gml:posList>
				</gml:LineString>
			</net:centrelineGeometry>
			<net:fictitious>false</net:fictitious>
			<us-net-common:currentStatus xlink:href="http://inspire.ec.europa.eu/codelist/ConditionOfFacilityValue/functional"/>
			<us-net-common:validFrom>1969-01-01T00:00:00+01:00</us-net-common:validFrom>
			<us-net-common:verticalPosition>suspendedOrElevated</us-net-common:verticalPosition>
		</us-net-common:UtilityLink>
</gml:featureMember>
<gml:featureMember>
<us-net-common:UtilityLink gml:id="nl.imkl-KL1052.UL_HSLeiding_503185_50053_179823" xmlns:gco="http://www.isotc211.org/2005/gco" xmlns:gmd="http://www.isotc211.org/2005/gmd">
			<net:beginLifespanVersion>2017-03-02T00:00:00+01:00</net:beginLifespanVersion>
			<net:inspireId>
				<base:Identifier>
					<base:localId>KL1052.UL_HSLeiding_503185_50053_179823</base:localId>
					<base:namespace>nl.imkl</base:namespace>
				</base:Identifier>
			</net:inspireId>
			<net:inNetwork xlink:href="nl.imkl-KL1052.UNET_HSBovengronds_1"/>
			<net:centrelineGeometry>
				<gml:LineString gml:id="UL_HSLeiding_503185_50053_179823_GeoSeq_1" srsName="http://spatialreference.org/ref/epsg/28992/">
					<gml:posList>189949.460251784 354050.884993563 189893.626505642 354127.793182154</gml:posList>
				</gml:LineString>
			</net:centrelineGeometry>
			<net:fictitious>false</net:fictitious>
			<us-net-common:currentStatus xlink:href="http://inspire.ec.europa.eu/codelist/ConditionOfFacilityValue/functional"/>
			<us-net-common:validFrom>1969-01-01T00:00:00+01:00</us-net-common:validFrom>
			<us-net-common:verticalPosition>suspendedOrElevated</us-net-common:verticalPosition>
		</us-net-common:UtilityLink>
</gml:featureMember>
<gml:featureMember>
<us-net-common:UtilityLink gml:id="nl.imkl-KL1052.UL_HSLeiding_503187_50053_181351" xmlns:gco="http://www.isotc211.org/2005/gco" xmlns:gmd="http://www.isotc211.org/2005/gmd">
			<net:beginLifespanVersion>2017-03-02T00:00:00+01:00</net:beginLifespanVersion>
			<net:inspireId>
				<base:Identifier>
					<base:localId>KL1052.UL_HSLeiding_503187_50053_181351</base:localId>
					<base:namespace>nl.imkl</base:namespace>
				</base:Identifier>
			</net:inspireId>
			<net:inNetwork xlink:href="nl.imkl-KL1052.UNET_HSBovengronds_1"/>
			<net:centrelineGeometry>
				<gml:LineString gml:id="UL_HSLeiding_503187_50053_181351_GeoSeq_1" srsName="http://spatialreference.org/ref/epsg/28992/">
					<gml:posList>189905.630933679 354063.767259358 189871.049708992 354111.401164186</gml:posList>
				</gml:LineString>
			</net:centrelineGeometry>
			<net:fictitious>false</net:fictitious>
			<us-net-common:currentStatus xlink:href="http://inspire.ec.europa.eu/codelist/ConditionOfFacilityValue/functional"/>
			<us-net-common:validFrom>1969-01-01T00:00:00+01:00</us-net-common:validFrom>
			<us-net-common:verticalPosition>suspendedOrElevated</us-net-common:verticalPosition>
		</us-net-common:UtilityLink>
</gml:featureMember>
<gml:featureMember>
<us-net-common:UtilityLink gml:id="nl.imkl-KL1052.UL_HSLeiding_503189_50053_180639" xmlns:gco="http://www.isotc211.org/2005/gco" xmlns:gmd="http://www.isotc211.org/2005/gmd">
			<net:beginLifespanVersion>2017-03-02T00:00:00+01:00</net:beginLifespanVersion>
			<net:inspireId>
				<base:Identifier>
					<base:localId>KL1052.UL_HSLeiding_503189_50053_180639</base:localId>
					<base:namespace>nl.imkl</base:namespace>
				</base:Identifier>
			</net:inspireId>
			<net:inNetwork xlink:href="nl.imkl-KL1052.UNET_HSBovengronds_1"/>
			<net:centrelineGeometry>
				<gml:LineString gml:id="UL_HSLeiding_503189_50053_180639_GeoSeq_1" srsName="http://spatialreference.org/ref/epsg/28992/">
					<gml:posList>189911.129235233 354062.151204509 189873.881923625 354113.457510526</gml:posList>
				</gml:LineString>
			</net:centrelineGeometry>
			<net:fictitious>false</net:fictitious>
			<us-net-common:currentStatus xlink:href="http://inspire.ec.europa.eu/codelist/ConditionOfFacilityValue/functional"/>
			<us-net-common:validFrom>1969-01-01T00:00:00+01:00</us-net-common:validFrom>
			<us-net-common:verticalPosition>suspendedOrElevated</us-net-common:verticalPosition>
		</us-net-common:UtilityLink>
</gml:featureMember>
<gml:featureMember>
<us-net-common:UtilityLink gml:id="nl.imkl-KL1052.UL_HSLeiding_503191_50053_180617" xmlns:gco="http://www.isotc211.org/2005/gco" xmlns:gmd="http://www.isotc211.org/2005/gmd">
			<net:beginLifespanVersion>2017-03-02T00:00:00+01:00</net:beginLifespanVersion>
			<net:inspireId>
				<base:Identifier>
					<base:localId>KL1052.UL_HSLeiding_503191_50053_180617</base:localId>
					<base:namespace>nl.imkl</base:namespace>
				</base:Identifier>
			</net:inspireId>
			<net:inNetwork xlink:href="nl.imkl-KL1052.UNET_HSBovengronds_1"/>
			<net:centrelineGeometry>
				<gml:LineString gml:id="UL_HSLeiding_503191_50053_180617_GeoSeq_1" srsName="http://spatialreference.org/ref/epsg/28992/">
					<gml:posList>189943.96195023 354052.501048412 189890.794291008 354125.736835814</gml:posList>
				</gml:LineString>
			</net:centrelineGeometry>
			<net:fictitious>false</net:fictitious>
			<us-net-common:currentStatus xlink:href="http://inspire.ec.europa.eu/codelist/ConditionOfFacilityValue/functional"/>
			<us-net-common:validFrom>1969-01-01T00:00:00+01:00</us-net-common:validFrom>
			<us-net-common:verticalPosition>suspendedOrElevated</us-net-common:verticalPosition>
		</us-net-common:UtilityLink>
</gml:featureMember>
<gml:featureMember>
<us-net-common:UtilityLink gml:id="nl.imkl-KL1052.UL_HSLeiding_503193_50053_179445" xmlns:gco="http://www.isotc211.org/2005/gco" xmlns:gmd="http://www.isotc211.org/2005/gmd">
			<net:beginLifespanVersion>2017-03-02T00:00:00+01:00</net:beginLifespanVersion>
			<net:inspireId>
				<base:Identifier>
					<base:localId>KL1052.UL_HSLeiding_503193_50053_179445</base:localId>
					<base:namespace>nl.imkl</base:namespace>
				</base:Identifier>
			</net:inspireId>
			<net:inNetwork xlink:href="nl.imkl-KL1052.UNET_HSBovengronds_1"/>
			<net:centrelineGeometry>
				<gml:LineString gml:id="UL_HSLeiding_503193_50053_179445_GeoSeq_1" srsName="http://spatialreference.org/ref/epsg/28992/">
					<gml:posList>189938.463648676 354054.117103261 189887.962076375 354123.680489474</gml:posList>
				</gml:LineString>
			</net:centrelineGeometry>
			<net:fictitious>false</net:fictitious>
			<us-net-common:currentStatus xlink:href="http://inspire.ec.europa.eu/codelist/ConditionOfFacilityValue/functional"/>
			<us-net-common:validFrom>1969-01-01T00:00:00+01:00</us-net-common:validFrom>
			<us-net-common:verticalPosition>suspendedOrElevated</us-net-common:verticalPosition>
		</us-net-common:UtilityLink>
</gml:featureMember>
<gml:featureMember>
<us-net-common:UtilityLink xmlns:gco="http://www.isotc211.org/2005/gco" xmlns:gmd="http://www.isotc211.org/2005/gmd" gml:id="nl.imkl-KL1052.UL_HSLeiding_503195_50053_180637">
			<net:beginLifespanVersion>2017-03-02T00:00:00+01:00</net:beginLifespanVersion>
			<net:inspireId>
				<base:Identifier>
					<base:localId>KL1052.UL_HSLeiding_503195_50053_180637</base:localId>
					<base:namespace>nl.imkl</base:namespace>
				</base:Identifier>
			</net:inspireId>
			<net:inNetwork xlink:href="nl.imkl-KL1052.UNET_HSBovengronds_1"></net:inNetwork>
			<net:centrelineGeometry>
				<gml:LineString srsName="http://spatialreference.org/ref/epsg/28992/" gml:id="UL_HSLeiding_503195_50053_180637_GeoSeq_1">
					<gml:posList>189868.217494358 354109.344817846 189707.594966003 354330.771545509</gml:posList>
				</gml:LineString>
			</net:centrelineGeometry>
			<net:fictitious>false</net:fictitious>
			<us-net-common:currentStatus xlink:href="http://inspire.ec.europa.eu/codelist/ConditionOfFacilityValue/functional"></us-net-common:currentStatus>
			<us-net-common:validFrom>1969-01-01T00:00:00+01:00</us-net-common:validFrom>
			<us-net-common:verticalPosition>suspendedOrElevated</us-net-common:verticalPosition>
		</us-net-common:UtilityLink>
</gml:featureMember>
<gml:featureMember>
<us-net-common:UtilityLink xmlns:gco="http://www.isotc211.org/2005/gco" xmlns:gmd="http://www.isotc211.org/2005/gmd" gml:id="nl.imkl-KL1052.UL_HSLeiding_503197_50053_181557">
			<net:beginLifespanVersion>2017-03-02T00:00:00+01:00</net:beginLifespanVersion>
			<net:inspireId>
				<base:Identifier>
					<base:localId>KL1052.UL_HSLeiding_503197_50053_181557</base:localId>
					<base:namespace>nl.imkl</base:namespace>
				</base:Identifier>
			</net:inspireId>
			<net:inNetwork xlink:href="nl.imkl-KL1052.UNET_HSBovengronds_1"></net:inNetwork>
			<net:centrelineGeometry>
				<gml:LineString srsName="http://spatialreference.org/ref/epsg/28992/" gml:id="UL_HSLeiding_503197_50053_181557_GeoSeq_1">
					<gml:posList>189893.626505642 354127.793182154 189734.953033997 354346.182454491</gml:posList>
				</gml:LineString>
			</net:centrelineGeometry>
			<net:fictitious>false</net:fictitious>
			<us-net-common:currentStatus xlink:href="http://inspire.ec.europa.eu/codelist/ConditionOfFacilityValue/functional"></us-net-common:currentStatus>
			<us-net-common:validFrom>1969-01-01T00:00:00+01:00</us-net-common:validFrom>
			<us-net-common:verticalPosition>suspendedOrElevated</us-net-common:verticalPosition>
		</us-net-common:UtilityLink>
</gml:featureMember>
<gml:featureMember>
<us-net-common:UtilityLink xmlns:gco="http://www.isotc211.org/2005/gco" xmlns:gmd="http://www.isotc211.org/2005/gmd" gml:id="nl.imkl-KL1052.UL_HSLeiding_503199_50053_179679">
			<net:beginLifespanVersion>2017-03-02T00:00:00+01:00</net:beginLifespanVersion>
			<net:inspireId>
				<base:Identifier>
					<base:localId>KL1052.UL_HSLeiding_503199_50053_179679</base:localId>
					<base:namespace>nl.imkl</base:namespace>
				</base:Identifier>
			</net:inspireId>
			<net:inNetwork xlink:href="nl.imkl-KL1052.UNET_HSBovengronds_1"></net:inNetwork>
			<net:centrelineGeometry>
				<gml:LineString srsName="http://spatialreference.org/ref/epsg/28992/" gml:id="UL_HSLeiding_503199_50053_179679_GeoSeq_1">
					<gml:posList>189873.881923625 354113.457510526 189713.693898358 354334.207098467</gml:posList>
				</gml:LineString>
			</net:centrelineGeometry>
			<net:fictitious>false</net:fictitious>
			<us-net-common:currentStatus xlink:href="http://inspire.ec.europa.eu/codelist/ConditionOfFacilityValue/functional"></us-net-common:currentStatus>
			<us-net-common:validFrom>1969-01-01T00:00:00+01:00</us-net-common:validFrom>
			<us-net-common:verticalPosition>suspendedOrElevated</us-net-common:verticalPosition>
		</us-net-common:UtilityLink>
</gml:featureMember>
<gml:featureMember>
<us-net-common:UtilityLink xmlns:gco="http://www.isotc211.org/2005/gco" xmlns:gmd="http://www.isotc211.org/2005/gmd" gml:id="nl.imkl-KL1052.UL_HSLeiding_503201_50053_179915">
			<net:beginLifespanVersion>2017-03-02T00:00:00+01:00</net:beginLifespanVersion>
			<net:inspireId>
				<base:Identifier>
					<base:localId>KL1052.UL_HSLeiding_503201_50053_179915</base:localId>
					<base:namespace>nl.imkl</base:namespace>
				</base:Identifier>
			</net:inspireId>
			<net:inNetwork xlink:href="nl.imkl-KL1052.UNET_HSBovengronds_1"></net:inNetwork>
			<net:centrelineGeometry>
				<gml:LineString srsName="http://spatialreference.org/ref/epsg/28992/" gml:id="UL_HSLeiding_503201_50053_179915_GeoSeq_1">
					<gml:posList>189887.962076375 354123.680489474 189728.854101642 354342.746901533</gml:posList>
				</gml:LineString>
			</net:centrelineGeometry>
			<net:fictitious>false</net:fictitious>
			<us-net-common:currentStatus xlink:href="http://inspire.ec.europa.eu/codelist/ConditionOfFacilityValue/functional"></us-net-common:currentStatus>
			<us-net-common:validFrom>1969-01-01T00:00:00+01:00</us-net-common:validFrom>
			<us-net-common:verticalPosition>suspendedOrElevated</us-net-common:verticalPosition>
		</us-net-common:UtilityLink>
</gml:featureMember>
<gml:featureMember>
<us-net-common:UtilityLink xmlns:gco="http://www.isotc211.org/2005/gco" xmlns:gmd="http://www.isotc211.org/2005/gmd" gml:id="nl.imkl-KL1052.UL_HSLeiding_503203_50053_178979">
			<net:beginLifespanVersion>2017-03-02T00:00:00+01:00</net:beginLifespanVersion>
			<net:inspireId>
				<base:Identifier>
					<base:localId>KL1052.UL_HSLeiding_503203_50053_178979</base:localId>
					<base:namespace>nl.imkl</base:namespace>
				</base:Identifier>
			</net:inspireId>
			<net:inNetwork xlink:href="nl.imkl-KL1052.UNET_HSBovengronds_1"></net:inNetwork>
			<net:centrelineGeometry>
				<gml:LineString srsName="http://spatialreference.org/ref/epsg/28992/" gml:id="UL_HSLeiding_503203_50053_178979_GeoSeq_1">
					<gml:posList>189871.049708992 354111.401164186 189710.644432181 354332.489321988</gml:posList>
				</gml:LineString>
			</net:centrelineGeometry>
			<net:fictitious>false</net:fictitious>
			<us-net-common:currentStatus xlink:href="http://inspire.ec.europa.eu/codelist/ConditionOfFacilityValue/functional"></us-net-common:currentStatus>
			<us-net-common:validFrom>1969-01-01T00:00:00+01:00</us-net-common:validFrom>
			<us-net-common:verticalPosition>suspendedOrElevated</us-net-common:verticalPosition>
		</us-net-common:UtilityLink>
</gml:featureMember>
<gml:featureMember>
<us-net-common:UtilityLink xmlns:gco="http://www.isotc211.org/2005/gco" xmlns:gmd="http://www.isotc211.org/2005/gmd" gml:id="nl.imkl-KL1052.UL_HSLeiding_503205_50053_179277">
			<net:beginLifespanVersion>2017-03-02T00:00:00+01:00</net:beginLifespanVersion>
			<net:inspireId>
				<base:Identifier>
					<base:localId>KL1052.UL_HSLeiding_503205_50053_179277</base:localId>
					<base:namespace>nl.imkl</base:namespace>
				</base:Identifier>
			</net:inspireId>
			<net:inNetwork xlink:href="nl.imkl-KL1052.UNET_HSBovengronds_1"></net:inNetwork>
			<net:centrelineGeometry>
				<gml:LineString srsName="http://spatialreference.org/ref/epsg/28992/" gml:id="UL_HSLeiding_503205_50053_179277_GeoSeq_1">
					<gml:posList>189890.794291008 354125.736835814 189731.903567819 354344.464678012</gml:posList>
				</gml:LineString>
			</net:centrelineGeometry>
			<net:fictitious>false</net:fictitious>
			<us-net-common:currentStatus xlink:href="http://inspire.ec.europa.eu/codelist/ConditionOfFacilityValue/functional"></us-net-common:currentStatus>
			<us-net-common:validFrom>1969-01-01T00:00:00+01:00</us-net-common:validFrom>
			<us-net-common:verticalPosition>suspendedOrElevated</us-net-common:verticalPosition>
		</us-net-common:UtilityLink>
</gml:featureMember>
<gml:featureMember>
<us-net-common:UtilityLink gml:id="nl.imkl-KL1052.UL_HSLeiding_503209_50053_181601" xmlns:gco="http://www.isotc211.org/2005/gco" xmlns:gmd="http://www.isotc211.org/2005/gmd">
			<net:beginLifespanVersion>2017-03-02T00:00:00+01:00</net:beginLifespanVersion>
			<net:inspireId>
				<base:Identifier>
					<base:localId>KL1052.UL_HSLeiding_503209_50053_181601</base:localId>
					<base:namespace>nl.imkl</base:namespace>
				</base:Identifier>
			</net:inspireId>
			<net:inNetwork xlink:href="nl.imkl-KL1052.UNET_HSBovengronds_1"/>
			<net:centrelineGeometry>
				<gml:LineString gml:id="UL_HSLeiding_503209_50053_181601_GeoSeq_1" srsName="http://spatialreference.org/ref/epsg/28992/">
					<gml:posList>189734.953033997 354346.182454491 189731.882654717 354353.484571736</gml:posList>
				</gml:LineString>
			</net:centrelineGeometry>
			<net:fictitious>false</net:fictitious>
			<us-net-common:currentStatus xlink:href="http://inspire.ec.europa.eu/codelist/ConditionOfFacilityValue/functional"/>
			<us-net-common:validFrom>1969-01-01T00:00:00+01:00</us-net-common:validFrom>
			<us-net-common:verticalPosition>suspendedOrElevated</us-net-common:verticalPosition>
		</us-net-common:UtilityLink>
</gml:featureMember>
<gml:featureMember>
<us-net-common:UtilityLink gml:id="nl.imkl-KL1052.UL_HSLeiding_503211_50053_180953" xmlns:gco="http://www.isotc211.org/2005/gco" xmlns:gmd="http://www.isotc211.org/2005/gmd">
			<net:beginLifespanVersion>2017-03-02T00:00:00+01:00</net:beginLifespanVersion>
			<net:inspireId>
				<base:Identifier>
					<base:localId>KL1052.UL_HSLeiding_503211_50053_180953</base:localId>
					<base:namespace>nl.imkl</base:namespace>
				</base:Identifier>
			</net:inspireId>
			<net:inNetwork xlink:href="nl.imkl-KL1052.UNET_HSBovengronds_1"/>
			<net:centrelineGeometry>
				<gml:LineString gml:id="UL_HSLeiding_503211_50053_180953_GeoSeq_1" srsName="http://spatialreference.org/ref/epsg/28992/">
					<gml:posList>189713.693898358 354334.207098467 189705.992348878 354352.50270385</gml:posList>
				</gml:LineString>
			</net:centrelineGeometry>
			<net:fictitious>false</net:fictitious>
			<us-net-common:currentStatus xlink:href="http://inspire.ec.europa.eu/codelist/ConditionOfFacilityValue/functional"/>
			<us-net-common:validFrom>1969-01-01T00:00:00+01:00</us-net-common:validFrom>
			<us-net-common:verticalPosition>suspendedOrElevated</us-net-common:verticalPosition>
		</us-net-common:UtilityLink>
</gml:featureMember>
<gml:featureMember>
<us-net-common:UtilityLink gml:id="nl.imkl-KL1052.UL_HSLeiding_503213_50053_178859" xmlns:gco="http://www.isotc211.org/2005/gco" xmlns:gmd="http://www.isotc211.org/2005/gmd">
			<net:beginLifespanVersion>2017-03-02T00:00:00+01:00</net:beginLifespanVersion>
			<net:inspireId>
				<base:Identifier>
					<base:localId>KL1052.UL_HSLeiding_503213_50053_178859</base:localId>
					<base:namespace>nl.imkl</base:namespace>
				</base:Identifier>
			</net:inspireId>
			<net:inNetwork xlink:href="nl.imkl-KL1052.UNET_HSBovengronds_1"/>
			<net:centrelineGeometry>
				<gml:LineString gml:id="UL_HSLeiding_503213_50053_178859_GeoSeq_1" srsName="http://spatialreference.org/ref/epsg/28992/">
					<gml:posList>189728.854101642 354342.746901533 189724.456147891 354353.202927764</gml:posList>
				</gml:LineString>
			</net:centrelineGeometry>
			<net:fictitious>false</net:fictitious>
			<us-net-common:currentStatus xlink:href="http://inspire.ec.europa.eu/codelist/ConditionOfFacilityValue/functional"/>
			<us-net-common:validFrom>1969-01-01T00:00:00+01:00</us-net-common:validFrom>
			<us-net-common:verticalPosition>suspendedOrElevated</us-net-common:verticalPosition>
		</us-net-common:UtilityLink>
</gml:featureMember>
<gml:featureMember>
<us-net-common:UtilityLink gml:id="nl.imkl-KL1052.UL_HSLeiding_503215_50053_178887" xmlns:gco="http://www.isotc211.org/2005/gco" xmlns:gmd="http://www.isotc211.org/2005/gmd">
			<net:beginLifespanVersion>2017-03-02T00:00:00+01:00</net:beginLifespanVersion>
			<net:inspireId>
				<base:Identifier>
					<base:localId>KL1052.UL_HSLeiding_503215_50053_178887</base:localId>
					<base:namespace>nl.imkl</base:namespace>
				</base:Identifier>
			</net:inspireId>
			<net:inNetwork xlink:href="nl.imkl-KL1052.UNET_HSBovengronds_1"/>
			<net:centrelineGeometry>
				<gml:LineString gml:id="UL_HSLeiding_503215_50053_178887_GeoSeq_1" srsName="http://spatialreference.org/ref/epsg/28992/">
					<gml:posList>189731.903567819 354344.464678012 189728.16950651 354353.34375374</gml:posList>
				</gml:LineString>
			</net:centrelineGeometry>
			<net:fictitious>false</net:fictitious>
			<us-net-common:currentStatus xlink:href="http://inspire.ec.europa.eu/codelist/ConditionOfFacilityValue/functional"/>
			<us-net-common:validFrom>1969-01-01T00:00:00+01:00</us-net-common:validFrom>
			<us-net-common:verticalPosition>suspendedOrElevated</us-net-common:verticalPosition>
		</us-net-common:UtilityLink>
</gml:featureMember>
<gml:featureMember>
<us-net-common:UtilityLink gml:id="nl.imkl-KL1052.UL_HSLeiding_560077_50053_179095" xmlns:gco="http://www.isotc211.org/2005/gco" xmlns:gmd="http://www.isotc211.org/2005/gmd">
			<net:beginLifespanVersion>2017-03-02T00:00:00+01:00</net:beginLifespanVersion>
			<net:inspireId>
				<base:Identifier>
					<base:localId>KL1052.UL_HSLeiding_560077_50053_179095</base:localId>
					<base:namespace>nl.imkl</base:namespace>
				</base:Identifier>
			</net:inspireId>
			<net:inNetwork xlink:href="nl.imkl-KL1052.UNET_HSBovengronds_1"/>
			<net:centrelineGeometry>
				<gml:LineString gml:id="UL_HSLeiding_560077_50053_179095_GeoSeq_1" srsName="http://spatialreference.org/ref/epsg/28992/">
					<gml:posList>189710.644432181 354332.489321988 189702.277746637 354352.361830711</gml:posList>
				</gml:LineString>
			</net:centrelineGeometry>
			<net:fictitious>false</net:fictitious>
			<us-net-common:currentStatus xlink:href="http://inspire.ec.europa.eu/codelist/ConditionOfFacilityValue/functional"/>
			<us-net-common:validFrom>1969-01-01T00:00:00+01:00</us-net-common:validFrom>
			<us-net-common:verticalPosition>suspendedOrElevated</us-net-common:verticalPosition>
		</us-net-common:UtilityLink>
</gml:featureMember>
<gml:featureMember>
<us-net-common:UtilityLink gml:id="nl.imkl-KL1052.UL_HSLeiding_560082_50053_179663" xmlns:gco="http://www.isotc211.org/2005/gco" xmlns:gmd="http://www.isotc211.org/2005/gmd">
			<net:beginLifespanVersion>2017-03-02T00:00:00+01:00</net:beginLifespanVersion>
			<net:inspireId>
				<base:Identifier>
					<base:localId>KL1052.UL_HSLeiding_560082_50053_179663</base:localId>
					<base:namespace>nl.imkl</base:namespace>
				</base:Identifier>
			</net:inspireId>
			<net:inNetwork xlink:href="nl.imkl-KL1052.UNET_HSBovengronds_1"/>
			<net:centrelineGeometry>
				<gml:LineString gml:id="UL_HSLeiding_560082_50053_179663_GeoSeq_1" srsName="http://spatialreference.org/ref/epsg/28992/">
					<gml:posList>189707.594966003 354330.771545509 189698.562938262 354352.220949754</gml:posList>
				</gml:LineString>
			</net:centrelineGeometry>
			<net:fictitious>false</net:fictitious>
			<us-net-common:currentStatus xlink:href="http://inspire.ec.europa.eu/codelist/ConditionOfFacilityValue/functional"/>
			<us-net-common:validFrom>1969-01-01T00:00:00+01:00</us-net-common:validFrom>
			<us-net-common:verticalPosition>suspendedOrElevated</us-net-common:verticalPosition>
		</us-net-common:UtilityLink>
</gml:featureMember>
<gml:featureMember>
<imkl:Utiliteitsnet xmlns:gco="http://www.isotc211.org/2005/gco" xmlns:gmd="http://www.isotc211.org/2005/gmd" gml:id="nl.imkl-KL1052.UNET_HSBovengronds_1">
			<us-net-common:utilityNetworkType xlink:href="http://inspire.ec.europa.eu/codelist/UtilityNetworkTypeValue/electricity"></us-net-common:utilityNetworkType>
			<us-net-common:authorityRole xlink:href="http://inspire.ec.europa.eu/codelist/RelatedPartyRoleValue/owner"></us-net-common:authorityRole>
			<imkl:identificatie>
				<imkl:NEN3610ID>
					<imkl:namespace>nl.imkl</imkl:namespace>
					<imkl:lokaalID>KL1052.UNET_HSBovengronds_1</imkl:lokaalID>
				</imkl:NEN3610ID>
			</imkl:identificatie>
			<imkl:beginLifespanVersion>1900-01-01T00:00:00+01:00</imkl:beginLifespanVersion>
			<imkl:endLifespanVersion>2099-01-01T00:00:00+01:00</imkl:endLifespanVersion>
			<imkl:omschrijving>Bovengronds HS Netwerk</imkl:omschrijving>
			<imkl:thema xlink:href="http://definities.geostandaarden.nl/imkl2015/id/waarde/Thema/landelijkHoogspanningsnet"></imkl:thema>
		</imkl:Utiliteitsnet>
</gml:featureMember>
</gml:FeatureCollection>