<?xml version="1.0" encoding="UTF-8"?>
<!-- bestandsnaam: Voorbeeld GebiedsinformatieLevering 17C000112.xml -->
<!-- bron: Kadaster-KLIC -->
<!-- _____________________________________________________________________
Toelichting:
Voorbeeld van een levering van gebiedsinformatie bij Kadaster-KLIC.
De gebruikte voorbeeld-features zijn bedoeld voor demo-doeleinden en zijn niet bedoeld
om een representatie te geven van de werkelijke situatie ter plaatse.
De inhoud is gebaseerd op de definities uit IMKL2015, versie 1.2.1.

Het voorbeeld is niet compleet uitgewerkt, maar laat zien hoe een levering er uit kan zien
waarbij sprake is van eis voorzorgsmaatregelen. De focus ligt op deze aspecten.
De volgende features zijn opgenomen:
	- GebiedsinformatieAanvraag 17C000112 (#1)
	- Graafpolygoon (#1)
	met beheerdersinformatie:
	- Belanghebbende KL3131
	- Beheerder KL3131
	- EisVoorzorgsmaatregelBijlage (#1)
	- Belang (#1)
	en bijbehorende netinformatie:
	Utiliteitsnet 'gasHogeDruk' (netGHD37) (#1), met
	- OlieGasChemicalienPijpleiding (#1)
	- TechnischGebouw (#1) met ExtraGeometrie (#1)
	- AanduidingEisVoorzorgsmaatregel (#2)
	- UtilityLink (#1)
_____________________________________________________________________	-->

<gml:FeatureCollection 
xmlns:imkl="http://www.geostandaarden.nl/imkl/2015/wion/1.2" 
xmlns:us-net-wa="http://inspire.ec.europa.eu/schemas/us-net-wa/4.0" 
xmlns:us-net-sw="http://inspire.ec.europa.eu/schemas/us-net-sw/4.0" 
xmlns:us-net-th="http://inspire.ec.europa.eu/schemas/us-net-th/4.0" 
xmlns:us-net-common="http://inspire.ec.europa.eu/schemas/us-net-common/4.0" 
xmlns:us-net-el="http://inspire.ec.europa.eu/schemas/us-net-el/4.0" 
xmlns:us-net-tc="http://inspire.ec.europa.eu/schemas/us-net-tc/4.0" 
xmlns:us-net-ogc="http://inspire.ec.europa.eu/schemas/us-net-ogc/4.0" 
xmlns:net="http://inspire.ec.europa.eu/schemas/net/4.0" 
xmlns:base="http://inspire.ec.europa.eu/schemas/base/3.3" 
xmlns:base2="http://inspire.ec.europa.eu/schemas/base2/2.0" 
xmlns:gml="http://www.opengis.net/gml/3.2" 
xmlns:xsi="http://www.w3.org/2001/XMLSchema-instance" 
xmlns:xlink="http://www.w3.org/1999/xlink" 
gml:id="FeatureCollection_nl.imkl-KA0000._GebiedsinformatieLevering_17C000112-1" 
xsi:schemaLocation="http://www.geostandaarden.nl/imkl/2015/wion/1.2 http://register.geostandaarden.nl/gmlapplicatieschema/imkl2015/1.2.1/imkl2015-wion.xsd">

	<!--________________ GebiedsinformatieLevering ________________-->
	<gml:featureMember>
		<imkl:GebiedsinformatieLevering gml:id="nl.imkl-KA0000._GebiedsinformatieLevering_17C000112-1">
			<imkl:identificatie>
				<imkl:NEN3610ID>
					<imkl:namespace>nl.imkl</imkl:namespace>
					<imkl:lokaalID>KA0000._GebiedsinformatieLevering_17C000112</imkl:lokaalID>
					<imkl:versie>1</imkl:versie>
				</imkl:NEN3610ID>
			</imkl:identificatie>
			<imkl:beginLifespanVersion>2017-01-11T09:09:11.00+01:00</imkl:beginLifespanVersion>
			<imkl:leveringsvolgnummer>1</imkl:leveringsvolgnummer>
			<imkl:datumLeveringSamengesteld>2017-01-11T09:09:11+01:00</imkl:datumLeveringSamengesteld>
			<imkl:indicatieLeveringCompleet>false</imkl:indicatieLeveringCompleet>
			<imkl:achtergrondkaart>
				<imkl:Achtergrondkaart>
					<imkl:achtergrondkaartSoort xlink:href="http://definities.geostandaarden.nl/imkl2015/id/waarde/AchtergrondkaartSoortValue/bgtBestaand"/>
					<imkl:kaartreferentie>bronnen/GB_17C000112.png</imkl:kaartreferentie>
				</imkl:Achtergrondkaart>
			</imkl:achtergrondkaart>
			<imkl:achtergrondkaart>
				<imkl:Achtergrondkaart>
					<imkl:achtergrondkaartSoort xlink:href="http://definities.geostandaarden.nl/imkl2015/id/waarde/AchtergrondkaartSoortValue/bgtPlan"/>
					<imkl:kaartreferentie>bronnen/GP_17C000112.png</imkl:kaartreferentie>
				</imkl:Achtergrondkaart>
			</imkl:achtergrondkaart>
			<imkl:belanghebbende xlink:href="nl.imkl-KL3131._Belanghebbende_17C000112-1"/>
			<!-- -->
			<imkl:aanvraag xlink:href="nl.imkl-KA0000._GebiedsinformatieAanvraag_17C000112"/>
		</imkl:GebiedsinformatieLevering>
	</gml:featureMember>

	<!--________________ GebiedsinformatieAanvraag ________________-->
	<gml:featureMember>
		<imkl:GebiedsinformatieAanvraag gml:id="nl.imkl-KA0000._GebiedsinformatieAanvraag_17C100112">
			<imkl:identificatie>
				<imkl:NEN3610ID>
					<imkl:namespace>nl.imkl</imkl:namespace>
					<imkl:lokaalID>KA0000._GebiedsinformatieAanvraag_17C100112</imkl:lokaalID>
				</imkl:NEN3610ID>
			</imkl:identificatie>
			<imkl:beginLifespanVersion>2017-11-23T09:09:23.00+01:00</imkl:beginLifespanVersion>
			<imkl:ordernummer>9806747112</imkl:ordernummer>
			<imkl:positienummer>000010</imkl:positienummer>
			<imkl:klicMeldnummer>17C100112</imkl:klicMeldnummer>
			<imkl:aanvrager>
				<imkl:Aanvrager>
					<imkl:contactpersoon>
						<imkl:Contact>
							<imkl:naam>J. Aanvrager</imkl:naam>
							<imkl:telefoon>088-1838911</imkl:telefoon>
							<imkl:email>j.aanvrager@grondroerdererX.nl</imkl:email>
						</imkl:Contact>
					</imkl:contactpersoon>
					<imkl:organisatie>
						<imkl:Organisatie>
							<imkl:naam>GrondroerderX B.V.</imkl:naam>
							<imkl:naam>afd. KLIC</imkl:naam>
							<imkl:kvkNummer>0035384940</imkl:kvkNummer>
							<imkl:bezoekAdres>
								<imkl:Adres>
									<imkl:openbareRuimteNaam>Laan van Westenenk</imkl:openbareRuimteNaam>
									<imkl:huisnummer>701</imkl:huisnummer>
									<imkl:woonplaatsNaam>Apeldoorn</imkl:woonplaatsNaam>
									<imkl:postcode>7320XY</imkl:postcode>
								</imkl:Adres>
							</imkl:bezoekAdres>
							<imkl:telefoon>088-1234567</imkl:telefoon>
							<imkl:fax>088-1234568</imkl:fax>
							<imkl:email>info@grondroerderX.nl</imkl:email>
						</imkl:Organisatie>
					</imkl:organisatie>
					<imkl:extraEmail>p.werkvoorbereider@grondroerderX.nl</imkl:extraEmail>
				</imkl:Aanvrager>
			</imkl:aanvrager>
			<imkl:referentie>Calamiteitenmelding 17C100112 (EV-Best)</imkl:referentie>
			<imkl:aanvraagSoort xlink:href="http://definities.geostandaarden.nl/imkl2015/id/waarde/AanvraagSoortValue/calamiteitenmelding"/>
			<imkl:aanvraagDatum>2017-11-23T09:09:23.00+01:00</imkl:aanvraagDatum>
			<imkl:locatieWerkzaamheden>Praalheuvel 39 5685BM Best</imkl:locatieWerkzaamheden>
			<imkl:graafpolygoon xlink:href="nl.imkl-KA0000._Graafpolygoon_17C100112"/>
		</imkl:GebiedsinformatieAanvraag>
	</gml:featureMember>
	<!--________________ Graafpolygoon ________________-->
	<gml:featureMember>
		<imkl:Graafpolygoon gml:id="nl.imkl-KA0000._Graafpolygoon_17C100112">
			<imkl:identificatie>
				<imkl:NEN3610ID>
					<imkl:namespace>nl.imkl</imkl:namespace>
					<imkl:lokaalID>KA0000._Graafpolygoon_17C100112</imkl:lokaalID>
				</imkl:NEN3610ID>
			</imkl:identificatie>
			<imkl:beginLifespanVersion>2017-11-23T09:09:23.00+01:00</imkl:beginLifespanVersion>
			<imkl:geometrie>
				<gml:Polygon srsName="epsg:28992" srsDimension="2" gml:id="nl.imkl-KA0000._Graafpolygoon_17C100112_geo">
					<gml:exterior>
						<gml:LinearRing>
							<gml:posList>153684 389636 153783 389636 153783 389760 153784 389760 153684 389636</gml:posList>
						</gml:LinearRing>
					</gml:exterior>
				</gml:Polygon>
			</imkl:geometrie>
		</imkl:Graafpolygoon>
	</gml:featureMember>

	<!--________________ Beheerdersinformatie ______________________-->
	<!--________________ Belanghebbende KL3131 ________________-->
	<gml:featureMember>
		<imkl:Belanghebbende gml:id="nl.imkl-KL3131._Belanghebbende_17C000112-1">
			<imkl:identificatie>
				<imkl:NEN3610ID>
					<imkl:namespace>nl.imkl</imkl:namespace>
					<imkl:lokaalID>KL3131._Belanghebbende_17C000112</imkl:lokaalID>
					<imkl:versie>1</imkl:versie>
				</imkl:NEN3610ID>
			</imkl:identificatie>
			<imkl:beginLifespanVersion>2017-01-11T09:09:11.00+01:00</imkl:beginLifespanVersion>
			<imkl:beheerdersinformatieGeleverd>true</imkl:beheerdersinformatieGeleverd>
			<imkl:betrokkenBijAanvraag>true</imkl:betrokkenBijAanvraag>
			<imkl:eisVoorzorgsmaatregel>true</imkl:eisVoorzorgsmaatregel>
			<imkl:utiliteitsnet xlink:href="nl.imkl-KL3131.netGHD37"/>
			<imkl:bijlage xlink:href="nl.imkl-KL3131._EisVoorzorgsmaatregelBijlage_17C000112_gasHogeDruk"/>
			<imkl:geraaktBelangBijGraafpolygoon xlink:href="nl.imkl-KL3131._Belang_GasregioZuidOost-17"/>
			<imkl:netbeheerder xlink:href="nl.imkl-KL3131._Beheerder"/>
		</imkl:Belanghebbende>
	</gml:featureMember>
	<!--________________ Beheerder KL3131________________-->
	<gml:featureMember>
		<imkl:Beheerder gml:id="nl.imkl-KL3131._Beheerder">
			<imkl:identificatie>
				<imkl:NEN3610ID>
					<imkl:namespace>nl.imkl</imkl:namespace>
					<imkl:lokaalID>KL3131._Beheerder</imkl:lokaalID>
					<imkl:versie/>
				</imkl:NEN3610ID>
			</imkl:identificatie>
			<imkl:beginLifespanVersion>2017-01-01T00:00:00.00+01:00</imkl:beginLifespanVersion>
			<imkl:bronhoudercode>KL3131</imkl:bronhoudercode>
			<imkl:websiteKlic>https://werkenbijEnander.nl/vestigingen</imkl:websiteKlic>
			<imkl:organisatie>
				<imkl:Organisatie>
					<imkl:naam>Enander B.V.[3131]</imkl:naam>
					<imkl:naam>Afdeling KLIC</imkl:naam>
					<imkl:kvkNummer>17131139</imkl:kvkNummer>
				</imkl:Organisatie>
			</imkl:organisatie>
		</imkl:Beheerder>
	</gml:featureMember>
	<!--________________ Bijlagen ________________-->
		<gml:featureMember>
		<imkl:EisVoorzorgsmaatregelBijlage gml:id="nl.imkl-KL3131._EisVoorzorgsmaatregelBijlage_17C000112_gasHogeDruk">
			<imkl:identificatie>
				<imkl:NEN3610ID>
					<imkl:namespace>nl.imkl</imkl:namespace>
					<imkl:lokaalID>KL3131._EisVoorzorgsmaatregelBijlage_17C000112_gasHogeDruk</imkl:lokaalID>
				</imkl:NEN3610ID>
			</imkl:identificatie>
			<imkl:beginLifespanVersion>2017-01-11T09:09:11.00+01:00</imkl:beginLifespanVersion>
			<imkl:bijlageType xlink:href="http://definities.geostandaarden.nl/imkl2015/id/waarde/BijlageTypeValue/eisVoorzorgsmaatregel"/>
			<imkl:bestandLocatie>bronnen/KL3131/nl.imkl-KL3131.EV_gasHogeDruk_T_risicoHoog_gasHogeDruk.pdf</imkl:bestandLocatie>
			<imkl:bestandMediaType xlink:href="http://definities.geostandaarden.nl/imkl2015/id/waarde/BestandMediaTypeValue/PDF"/>
			<imkl:bestandIdentificator>nl.imkl-KL3131.EV_gasHogeDruk_T_risicoHoog_gasHogeDruk</imkl:bestandIdentificator>
			<imkl:thema xlink:href="http://definities.geostandaarden.nl/imkl2015/id/waarde/Thema/gasHogeDruk"/>
			<imkl:eisVoorzorgsmaatregel>GHD-T-W3</imkl:eisVoorzorgsmaatregel>
			<imkl:toelichting>transport_hoofdleiding risico HOOG (bij deze werkzaamheden)</imkl:toelichting>
		</imkl:EisVoorzorgsmaatregelBijlage>
	</gml:featureMember>
	<!--________________ Belangen ________________-->
	<gml:featureMember>
		<imkl:Belang gml:id="nl.imkl-KL3131._Belang_GasregioZuidOost-17">
			<imkl:identificatie>
				<imkl:NEN3610ID>
					<imkl:namespace>nl.imkl</imkl:namespace>
					<imkl:lokaalID>KL3131._Belang_GasregioNoordOost</imkl:lokaalID>
					<imkl:versie>17</imkl:versie>
				</imkl:NEN3610ID>
			</imkl:identificatie>
			<imkl:beginLifespanVersion>2017-02-28T19:30:47.00+01:00</imkl:beginLifespanVersion>
			<imkl:omschrijving>Gas, regio Noord-Oost</imkl:omschrijving>
			<imkl:contactAanvraag>
				<imkl:AanvraagSoortContact>
						<imkl:aanvraagSoort xlink:href="http://definities.geostandaarden.nl/imkl2015/id/waarde/AanvraagSoortValue/calamiteitenmelding"/>
						<imkl:naam>Klic-helpdesk Enander</imkl:naam>
						<imkl:telefoon>06-45454545</imkl:telefoon>
						<imkl:email>klic.calamiteitenmelding@enander.nl</imkl:email>
				</imkl:AanvraagSoortContact>
			</imkl:contactAanvraag>
			<imkl:thema xlink:href="http://definities.geostandaarden.nl/imkl2015/id/waarde/Thema/gasHogeDruk"/>
			<imkl:thema xlink:href="http://definities.geostandaarden.nl/imkl2015/id/waarde/Thema/gasLageDruk"/>
			<imkl:contactNetinformatie>
				<imkl:AanvraagSoortContact>
					<imkl:aanvraagSoort xlink:href="http://definities.geostandaarden.nl/imkl2015/id/waarde/AanvraagSoortValue/calamiteitenmelding"/>
					<imkl:naam>G. ToezichthouderGHD</imkl:naam>
					<imkl:telefoon>088-4567890</imkl:telefoon>
					<imkl:email>G.ToezichthouderGHD@kl-organisatie</imkl:email>
				</imkl:AanvraagSoortContact>
			</imkl:contactNetinformatie>
			<imkl:contactBeschadiging>
				<imkl:Contact>
					<imkl:naam>beschadigingsnummer GasHogeDruk</imkl:naam>
					<imkl:telefoon>0900-1399</imkl:telefoon>
				</imkl:Contact>
			</imkl:contactBeschadiging>
		</imkl:Belang>
	</gml:featureMember>

	<!--________________ netinformatie ______________________-->
	<!-- Utiliteitsnet -->
	<gml:featureMember>
		<imkl:Utiliteitsnet gml:id="nl.imkl-KL3131.netGHD37">
			<us-net-common:utilityNetworkType xlink:href="http://inspire.ec.europa.eu/codelist/UtilityNetworkTypeValue/oilGasChemical"/>
			<us-net-common:authorityRole xlink:href="http://inspire.ec.europa.eu/codelist/RelatedPartyRoleValue/operator"/>
			<imkl:identificatie>
				<imkl:NEN3610ID>
					<imkl:namespace>nl.imkl</imkl:namespace>
					<imkl:lokaalID>KL3131.netGHD37</imkl:lokaalID>
				</imkl:NEN3610ID>
			</imkl:identificatie>
			<imkl:beginLifespanVersion>2001-12-17T09:30:47.00+01:00</imkl:beginLifespanVersion>
			<imkl:thema xlink:href="http://definities.geostandaarden.nl/imkl2015/id/waarde/Thema/gasHogeDruk"/>
		</imkl:Utiliteitsnet>
	</gml:featureMember>

	<!-- OlieGasChemicalienPijpleiding -->
	<gml:featureMember>
		<imkl:OlieGasChemicalienPijpleiding gml:id="nl.imkl-KL3131.ghd09076">
			<net:beginLifespanVersion>2001-12-17T09:30:47.00+01:00</net:beginLifespanVersion>
			<net:inspireId>
				<base:Identifier>
					<base:localId>KL3131.ghd09076</base:localId>
					<base:namespace>nl.imkl</base:namespace>
				</base:Identifier>
			</net:inspireId>
			<net:inNetwork xlink:href="nl.imkl-KL3131.netGHD37"/>
			<net:link xlink:href="nl.imkl-KL3131.ulink00357"/>
			<us-net-common:currentStatus xlink:href="http://inspire.ec.europa.eu/codelist/ConditionOfFacilityValue/functional"/>
			<us-net-common:validFrom>2001-12-17T09:30:47.00+01:00</us-net-common:validFrom>
			<us-net-common:verticalPosition>underground</us-net-common:verticalPosition>
			<us-net-common:utilityFacilityReference xsi:nil="true"/>
			<us-net-common:warningType xlink:href="http://inspire.ec.europa.eu/codelist/WarningTypeValue/net"/>
			<us-net-common:pipeDiameter uom="urn:ogc:def:uom:OGC::cm">0.0</us-net-common:pipeDiameter>
			<us-net-common:pressure uom="urn:ogc:def:uom:OGC::bar">0</us-net-common:pressure>
			<us-net-ogc:oilGasChemicalsProductType xlink:href="http://inspire.ec.europa.eu/codelist/OilGasChemicalsProductTypeValue/naturalGas"/>
		</imkl:OlieGasChemicalienPijpleiding>
	</gml:featureMember>
	
	<!-- TechnischGebouw -->
	<gml:featureMember>
		<imkl:TechnischGebouw gml:id="nl.imkl-KL3131.TGEB000802">
			<us-net-common:currentStatus xlink:href="http://inspire.ec.europa.eu/codelist/ConditionOfFacilityValue/functional"/>
			<us-net-common:validFrom>2001-12-17T09:30:47.00+01:00</us-net-common:validFrom>
			<us-net-common:verticalPosition>underground</us-net-common:verticalPosition>
			<us-net-common:geometry>
				<gml:Point srsName="epsg:28992" gml:id="nl.imkl-KL3131.TGEB000802_geo">
					<gml:pos srsDimension="2">153744.0 389699.0</gml:pos>
				</gml:Point>
			</us-net-common:geometry>
			<us-net-common:inspireId>
				<base:Identifier>
					<base:localId>KL3131.TGEB000802</base:localId>
					<base:namespace>nl.imkl</base:namespace>
				</base:Identifier>
			</us-net-common:inspireId>
			<imkl:inNetwork xlink:href="nl.imkl-KL3131.netGHD37"/>
			<imkl:extraGeometrie xlink:href="nl.imkl-KL3131.TGEB000802_extrageo_1"/>
		</imkl:TechnischGebouw>
	</gml:featureMember>
	<!-- ExtraGeometrie voor TechnischGebouw -->
	<gml:featureMember>
		<imkl:ExtraGeometrie gml:id="nl.imkl-KL3131.TGEB000802_extrageo_1">
			<imkl:identificatie>
				<imkl:NEN3610ID>
					<imkl:namespace>nl.imkl</imkl:namespace>
					<imkl:lokaalID>KL3131.TGEB000802_extrageo_1</imkl:lokaalID>
				</imkl:NEN3610ID>
			</imkl:identificatie>
			<imkl:beginLifespanVersion>2001-12-17T09:30:47.00+01:00</imkl:beginLifespanVersion>
			<imkl:vlakgeometrie2D>
				<gml:Polygon srsName="epsg:28992" gml:id="nl.imkl-KL3131.TGEB000802_extrageo_1_geo">
					<gml:exterior>
						<gml:LinearRing>
							<gml:posList srsDimension="2">153724.0 389679.0 153764.0 389679.0 153764.0 389719.0 153724.0 389719.0 153724.0 389679.0</gml:posList>
						</gml:LinearRing>
					</gml:exterior>
				</gml:Polygon>
			</imkl:vlakgeometrie2D>
			<imkl:inNetwork xlink:href="nl.imkl-KL3131.netGHD37"/>
		</imkl:ExtraGeometrie>
	</gml:featureMember>
	
	<!-- AanduidingEisVoorzorgsmaatregel -->
	<gml:featureMember>
		<imkl:AanduidingEisVoorzorgsmaatregel gml:id="nl.imkl-KL3131.EV1">
			<imkl:identificatie>
				<imkl:NEN3610ID>
					<imkl:namespace>nl.imkl</imkl:namespace>
					<imkl:lokaalID>KL3131.EV1</imkl:lokaalID>
				</imkl:NEN3610ID>
			</imkl:identificatie>
			<imkl:beginLifespanVersion>2001-12-17T09:30:47.00+01:00</imkl:beginLifespanVersion>
			<imkl:label>EisVoorzorgsmaatregel GHD-leiding Best-west</imkl:label>
			<imkl:inNetwork xlink:href="nl.imkl-KL3131.netGHD37"/>
			<imkl:eisVoorzorgsmaatregel>GHD-T-W3</imkl:eisVoorzorgsmaatregel>
			<imkl:contactVoorzorgsmaatregel>
				<imkl:Contact>
					<imkl:naam>Contactnaam EV1</imkl:naam>
					<imkl:telefoon>088-183 1111</imkl:telefoon>
					<imkl:email>EV1@KL3131.nl</imkl:email>
				</imkl:Contact>
			</imkl:contactVoorzorgsmaatregel>
			<imkl:netbeheerderNetOmschrijving>EV-gebied transport hoofdleiding</imkl:netbeheerderNetOmschrijving>
			<imkl:netbeheerderNetAanduiding>transport_hoofdleiding</imkl:netbeheerderNetAanduiding>
			<imkl:geometrie>
				<gml:Polygon srsName="epsg:28992" gml:id="nl.imkl-KL3131.EV1_geo">
					<gml:exterior>
						<gml:LinearRing>
							<gml:posList srsDimension="2">153684 389670 153744 389689 153744 389709 153684 389690 153684 389670</gml:posList>
						</gml:LinearRing>
					</gml:exterior>
				</gml:Polygon>
			</imkl:geometrie>
		</imkl:AanduidingEisVoorzorgsmaatregel>
	</gml:featureMember>

	<gml:featureMember>
		<imkl:AanduidingEisVoorzorgsmaatregel gml:id="nl.imkl-KL3131.EV3">
			<imkl:identificatie>
				<imkl:NEN3610ID>
					<imkl:namespace>nl.imkl</imkl:namespace>
					<imkl:lokaalID>KL3131.EV3</imkl:lokaalID>
				</imkl:NEN3610ID>
			</imkl:identificatie>
			<imkl:beginLifespanVersion>2001-12-17T09:30:47.00+01:00</imkl:beginLifespanVersion>
			<imkl:label>EisVoorzorgsmaatregel GHD-technisch gebouw Best-west</imkl:label>
			<imkl:inNetwork xlink:href="nl.imkl-KL3131.netGHD37"/>
			<imkl:eisVoorzorgsmaatregel>GHD-GB-W3</imkl:eisVoorzorgsmaatregel>
			<imkl:contactVoorzorgsmaatregel>
				<imkl:Contact>
					<imkl:naam>Contactnaam EV3</imkl:naam>
					<imkl:telefoon>088-183 3333</imkl:telefoon>
					<imkl:email>EV3@KL3131.nl</imkl:email>
				</imkl:Contact>
			</imkl:contactVoorzorgsmaatregel>
			<imkl:netbeheerderNetOmschrijving>EV-gebied technischgebouw</imkl:netbeheerderNetOmschrijving>
			<imkl:netbeheerderNetAanduiding>technischgebouw</imkl:netbeheerderNetAanduiding>
			<imkl:geometrie>
				<gml:Polygon srsName="epsg:28992" gml:id="nl.imkl-KL3131.EV3_geo">
					<gml:exterior>
						<gml:LinearRing>
							<gml:posList srsDimension="2">153714 389669 153774 389669 153774 389729 153714 389729 153714 389669</gml:posList>
						</gml:LinearRing>
					</gml:exterior>
				</gml:Polygon>
			</imkl:geometrie>
		</imkl:AanduidingEisVoorzorgsmaatregel>
	</gml:featureMember>

	<!-- UtilityLink -->
	<gml:featureMember>
		<us-net-common:UtilityLink gml:id="nl.imkl-KL3131.ulink00357">
			<net:beginLifespanVersion>2001-12-17T09:30:47.00+01:00</net:beginLifespanVersion>
			<net:inspireId>
				<base:Identifier>
					<base:localId>KL3131.ulink00357</base:localId>
					<base:namespace>nl.imkl</base:namespace>
				</base:Identifier>
			</net:inspireId>
			<net:inNetwork xlink:href="nl.imkl-KL3131.netGHD37"/>
			<net:centrelineGeometry>
				<gml:Curve srsName="epsg:28992" gml:id="nl.imkl-KL3131.ulink00357_geo">
					<gml:segments>
						<gml:LineStringSegment>
							<gml:posList srsDimension="2">153684 389680 153734 389699</gml:posList>
						</gml:LineStringSegment>
					</gml:segments>
				</gml:Curve>
			</net:centrelineGeometry>
			<net:fictitious>false</net:fictitious>
			<us-net-common:currentStatus xlink:href="http://inspire.ec.europa.eu/codelist/ConditionOfFacilityValue/functional"/>
			<us-net-common:validFrom>2001-12-17T09:30:47.00+01:00</us-net-common:validFrom>
			<us-net-common:verticalPosition xsi:nil="true" nilReason="Unknown"/>
		</us-net-common:UtilityLink>
	</gml:featureMember>
	
</gml:FeatureCollection>
