<?xml version="1.0" encoding="UTF-8" standalone="yes"?><Leveringsinformatie xmlns="http://www.kadaster.nl/schemas/klic/leveringsinformatie/v20180418" xmlns:xlink="http://www.w3.org/1999/xlink" xmlns:gml="http://www.opengis.net/gml/3.2"><version>2.1</version><bijlagePerLevering><soortBijlage>achtergrondkaart</soortBijlage><bestandLocatie>bronnen/GB_18C000753.png</bestandLocatie><bestandMediaType xlink:href="http://definities.geostandaarden.nl/imkl2015/id/waarde/BestandMediaTypeValue/PNG"/><bestandIdentificator>GB_18C000753</bestandIdentificator></bijlagePerLevering><bijlagePerLevering><soortBijlage>geselecteerdGebied</soortBijlage><bestandLocatie>bronnen/SEL_18C000753.png</bestandLocatie><bestandMediaType xlink:href="http://definities.geostandaarden.nl/imkl2015/id/waarde/BestandMediaTypeValue/PNG"/><bestandIdentificator>SEL_18C000753</bestandIdentificator></bijlagePerLevering><bijlagePerLevering><soortBijlage>leveringsbrief</soortBijlage><bestandLocatie>LI_18C000753_3.pdf</bestandLocatie><bestandMediaType xlink:href="http://definities.geostandaarden.nl/imkl2015/id/waarde/BestandMediaTypeValue/PDF"/><bestandIdentificator>LI_18C000753_3</bestandIdentificator></bijlagePerLevering><bijlagePerLevering><soortBijlage>gebiedsinformatieLevering</soortBijlage><bestandLocatie>GI_gebiedsinformatielevering_18C000753_3.xml</bestandLocatie><bestandMediaType xlink:href="http://definities.geostandaarden.nl/imkl2015/id/waarde/BestandMediaTypeValue/XML"/><bestandIdentificator>GI_gebiedsinformatielevering_18C000753_3</bestandIdentificator></bijlagePerLevering><pngFormaat><omsluitendeRechthoek><gml:Envelope srsName="urn:ogc:def:crs:EPSG::28992" srsDimension="2"><gml:lowerCorner>84075.0 432418.0</gml:lowerCorner><gml:upperCorner>84562.0 432894.0</gml:upperCorner></gml:Envelope></omsluitendeRechthoek><pixelsBreed>6818</pixelsBreed><pixelsHoog>6664</pixelsHoog></pngFormaat><belanghebbende><bronhoudercode>KL1154</bronhoudercode><beheerdersinformatieVersie>IMKL1.2</beheerdersinformatieVersie></belanghebbende><belanghebbende><bronhoudercode>KL1011</bronhoudercode><beheerdersinformatieVersie>IMKL1.2</beheerdersinformatieVersie></belanghebbende><belanghebbende><bronhoudercode>GM0599</bronhoudercode><beheerdersinformatieVersie>IMKL1.2</beheerdersinformatieVersie><bijlagePerNetbeheerder><soortBijlage>algemeen</soortBijlage><bestandLocatie>bronnen/GM0599/nl.imkl-GM0599_18C000753.BijlageAlgemeen.pdf</bestandLocatie><bestandMediaType xlink:href="http://definities.geostandaarden.nl/imkl2015/id/waarde/BestandMediaTypeValue/PDF"/><bestandIdentificator>nl.imkl-GM0599.BijlageAlgemeen</bestandIdentificator></bijlagePerNetbeheerder><beheerdersinformatie><thema xlink:href="http://definities.geostandaarden.nl/imkl2015/id/waarde/Thema/wees"/><eisVoorzorgmaatregel>false</eisVoorzorgmaatregel><themabijlagePerNetbeheerder><soortBijlage>ligging</soortBijlage><bestandLocatie>bronnen/GM0599/LG_wees_Gemeente+Rotterdam_0000959657_18C000753.png</bestandLocatie><bestandMediaType xlink:href="http://definities.geostandaarden.nl/imkl2015/id/waarde/BestandMediaTypeValue/PNG"/><bestandIdentificator>LG_wees_Gemeente+Rotterdam_0000959657_18C000753.png</bestandIdentificator></themabijlagePerNetbeheerder></beheerdersinformatie><beheerdersinformatie><thema xlink:href="http://definities.geostandaarden.nl/imkl2015/id/waarde/Thema/datatransport"/><eisVoorzorgmaatregel>false</eisVoorzorgmaatregel><themabijlagePerNetbeheerder><soortBijlage>ligging</soortBijlage><bestandLocatie>bronnen/GM0599/LG_datatransport_Gemeente+Rotterdam_0000959657_18C000753.png</bestandLocatie><bestandMediaType xlink:href="http://definities.geostandaarden.nl/imkl2015/id/waarde/BestandMediaTypeValue/PNG"/><bestandIdentificator>LG_datatransport_Gemeente+Rotterdam_0000959657_18C000753.png</bestandIdentificator></themabijlagePerNetbeheerder></beheerdersinformatie><beheerdersinformatie><thema xlink:href="http://definities.geostandaarden.nl/imkl2015/id/waarde/Thema/rioolVrijverval"/><eisVoorzorgmaatregel>false</eisVoorzorgmaatregel><themabijlagePerNetbeheerder><soortBijlage>ligging</soortBijlage><bestandLocatie>bronnen/GM0599/LG_rioolVrijverval_Gemeente+Rotterdam_0000959657_18C000753.png</bestandLocatie><bestandMediaType xlink:href="http://definities.geostandaarden.nl/imkl2015/id/waarde/BestandMediaTypeValue/PNG"/><bestandIdentificator>LG_rioolVrijverval_Gemeente+Rotterdam_0000959657_18C000753.png</bestandIdentificator></themabijlagePerNetbeheerder></beheerdersinformatie><beheerdersinformatie><thema xlink:href="http://definities.geostandaarden.nl/imkl2015/id/waarde/Thema/laagspanning"/><eisVoorzorgmaatregel>false</eisVoorzorgmaatregel><themabijlagePerNetbeheerder><soortBijlage>ligging</soortBijlage><bestandLocatie>bronnen/GM0599/LG_laagspanning_Gemeente+Rotterdam_0000959657_18C000753.png</bestandLocatie><bestandMediaType xlink:href="http://definities.geostandaarden.nl/imkl2015/id/waarde/BestandMediaTypeValue/PNG"/><bestandIdentificator>LG_laagspanning_Gemeente+Rotterdam_0000959657_18C000753.png</bestandIdentificator></themabijlagePerNetbeheerder></beheerdersinformatie></belanghebbende><belanghebbende><bronhoudercode>KL1027</bronhoudercode><beheerdersinformatieVersie>IMKL1.2</beheerdersinformatieVersie><bijlagePerNetbeheerder><soortBijlage>algemeen</soortBijlage><bestandLocatie>bronnen/KL1027/nl.imkl-KL1027_18C000753.BijlageAlgemeen_1_0.pdf</bestandLocatie><bestandMediaType xlink:href="http://definities.geostandaarden.nl/imkl2015/id/waarde/BestandMediaTypeValue/PDF"/><bestandIdentificator>nl.imkl-KL1027.BijlageAlgemeen_1_0</bestandIdentificator></bijlagePerNetbeheerder><beheerdersinformatie><thema xlink:href="http://definities.geostandaarden.nl/imkl2015/id/waarde/Thema/overig"/><eisVoorzorgmaatregel>false</eisVoorzorgmaatregel><themabijlagePerNetbeheerder><soortBijlage>ligging</soortBijlage><bestandLocatie>bronnen/KL1027/LG_overig_N.V.+Nederlandse+Gasunie+West_0000959689_18C000753.png</bestandLocatie><bestandMediaType xlink:href="http://definities.geostandaarden.nl/imkl2015/id/waarde/BestandMediaTypeValue/PNG"/><bestandIdentificator>LG_overig_N.V.+Nederlandse+Gasunie+West_0000959689_18C000753.png</bestandIdentificator></themabijlagePerNetbeheerder></beheerdersinformatie><beheerdersinformatie><thema xlink:href="http://definities.geostandaarden.nl/imkl2015/id/waarde/Thema/buisleidingGevaarlijkeInhoud"/><eisVoorzorgmaatregel>true</eisVoorzorgmaatregel><themabijlagePerNetbeheerder><soortBijlage>ligging</soortBijlage><bestandLocatie>bronnen/KL1027/LG_buisleidingGevaarlijkeInhoud_N.V.+Nederlandse+Gasunie+West_0000959689_18C000753.png</bestandLocatie><bestandMediaType xlink:href="http://definities.geostandaarden.nl/imkl2015/id/waarde/BestandMediaTypeValue/PNG"/><bestandIdentificator>LG_buisleidingGevaarlijkeInhoud_N.V.+Nederlandse+Gasunie+West_0000959689_18C000753.png</bestandIdentificator></themabijlagePerNetbeheerder><themabijlagePerNetbeheerder><soortBijlage>eisVoorzorgsmaatregel</soortBijlage><bestandLocatie>bronnen/KL1027/nl.imkl-KL1027_18C000753.EV_buisGevaarlijkeInhoud_EV_C_buisleidingGevaarlijkeInhoud.pdf</bestandLocatie><bestandMediaType xlink:href="http://definities.geostandaarden.nl/imkl2015/id/waarde/BestandMediaTypeValue/PDF"/><bestandIdentificator>nl.imkl-KL1027.EV_buisGevaarlijkeInhoud_EV_C_buisleidingGevaarlijkeInhoud</bestandIdentificator></themabijlagePerNetbeheerder></beheerdersinformatie></belanghebbende><belanghebbende><bronhoudercode>KL1052</bronhoudercode><beheerdersinformatieVersie>IMKL1.2</beheerdersinformatieVersie><beheerdersinformatie><thema xlink:href="http://definities.geostandaarden.nl/imkl2015/id/waarde/Thema/overig"/><eisVoorzorgmaatregel>false</eisVoorzorgmaatregel><themabijlagePerNetbeheerder><soortBijlage>ligging</soortBijlage><bestandLocatie>bronnen/KL1052/LG_overig_TenneT_0000959687_18C000753.png</bestandLocatie><bestandMediaType xlink:href="http://definities.geostandaarden.nl/imkl2015/id/waarde/BestandMediaTypeValue/PNG"/><bestandIdentificator>LG_overig_TenneT_0000959687_18C000753.png</bestandIdentificator></themabijlagePerNetbeheerder></beheerdersinformatie><beheerdersinformatie><thema xlink:href="http://definities.geostandaarden.nl/imkl2015/id/waarde/Thema/datatransport"/><eisVoorzorgmaatregel>false</eisVoorzorgmaatregel><themabijlagePerNetbeheerder><soortBijlage>ligging</soortBijlage><bestandLocatie>bronnen/KL1052/LG_datatransport_TenneT_0000959687_18C000753.png</bestandLocatie><bestandMediaType xlink:href="http://definities.geostandaarden.nl/imkl2015/id/waarde/BestandMediaTypeValue/PNG"/><bestandIdentificator>LG_datatransport_TenneT_0000959687_18C000753.png</bestandIdentificator></themabijlagePerNetbeheerder></beheerdersinformatie><beheerdersinformatie><thema xlink:href="http://definities.geostandaarden.nl/imkl2015/id/waarde/Thema/hoogspanning"/><eisVoorzorgmaatregel>true</eisVoorzorgmaatregel><themabijlagePerNetbeheerder><soortBijlage>eisVoorzorgsmaatregel</soortBijlage><bestandLocatie>bronnen/KL1052/nl.imkl-KL1052_18C000753.Ev.pdf_hoogspanning.pdf</bestandLocatie><bestandMediaType xlink:href="http://definities.geostandaarden.nl/imkl2015/id/waarde/BestandMediaTypeValue/PDF"/><bestandIdentificator>nl.imkl-KL1052.Ev.pdf_hoogspanning</bestandIdentificator></themabijlagePerNetbeheerder><themabijlagePerNetbeheerder><soortBijlage>ligging</soortBijlage><bestandLocatie>bronnen/KL1052/LG_hoogspanning_TenneT_0000959687_18C000753.png</bestandLocatie><bestandMediaType xlink:href="http://definities.geostandaarden.nl/imkl2015/id/waarde/BestandMediaTypeValue/PNG"/><bestandIdentificator>LG_hoogspanning_TenneT_0000959687_18C000753.png</bestandIdentificator></themabijlagePerNetbeheerder></beheerdersinformatie></belanghebbende><belanghebbende><bronhoudercode>KL1081</bronhoudercode><beheerdersinformatieVersie>IMKL1.2</beheerdersinformatieVersie><beheerdersinformatie><thema xlink:href="http://definities.geostandaarden.nl/imkl2015/id/waarde/Thema/gasLageDruk"/><eisVoorzorgmaatregel>false</eisVoorzorgmaatregel><themabijlagePerNetbeheerder><soortBijlage>ligging</soortBijlage><bestandLocatie>bronnen/KL1081/LG_gasLageDruk_Stedin_0000959716_18C000753.png</bestandLocatie><bestandMediaType xlink:href="http://definities.geostandaarden.nl/imkl2015/id/waarde/BestandMediaTypeValue/PNG"/><bestandIdentificator>LG_gasLageDruk_Stedin_0000959716_18C000753.png</bestandIdentificator></themabijlagePerNetbeheerder></beheerdersinformatie><beheerdersinformatie><thema xlink:href="http://definities.geostandaarden.nl/imkl2015/id/waarde/Thema/datatransport"/><eisVoorzorgmaatregel>false</eisVoorzorgmaatregel><themabijlagePerNetbeheerder><soortBijlage>ligging</soortBijlage><bestandLocatie>bronnen/KL1081/LG_datatransport_Stedin_0000959716_18C000753.png</bestandLocatie><bestandMediaType xlink:href="http://definities.geostandaarden.nl/imkl2015/id/waarde/BestandMediaTypeValue/PNG"/><bestandIdentificator>LG_datatransport_Stedin_0000959716_18C000753.png</bestandIdentificator></themabijlagePerNetbeheerder></beheerdersinformatie><beheerdersinformatie><thema xlink:href="http://definities.geostandaarden.nl/imkl2015/id/waarde/Thema/middenspanning"/><eisVoorzorgmaatregel>false</eisVoorzorgmaatregel><themabijlagePerNetbeheerder><soortBijlage>ligging</soortBijlage><bestandLocatie>bronnen/KL1081/LG_middenspanning_Stedin_0000959716_18C000753.png</bestandLocatie><bestandMediaType xlink:href="http://definities.geostandaarden.nl/imkl2015/id/waarde/BestandMediaTypeValue/PNG"/><bestandIdentificator>LG_middenspanning_Stedin_0000959716_18C000753.png</bestandIdentificator></themabijlagePerNetbeheerder></beheerdersinformatie><beheerdersinformatie><thema xlink:href="http://definities.geostandaarden.nl/imkl2015/id/waarde/Thema/hoogspanning"/><eisVoorzorgmaatregel>false</eisVoorzorgmaatregel><themabijlagePerNetbeheerder><soortBijlage>ligging</soortBijlage><bestandLocatie>bronnen/KL1081/LG_hoogspanning_Stedin_0000959716_18C000753.png</bestandLocatie><bestandMediaType xlink:href="http://definities.geostandaarden.nl/imkl2015/id/waarde/BestandMediaTypeValue/PNG"/><bestandIdentificator>LG_hoogspanning_Stedin_0000959716_18C000753.png</bestandIdentificator></themabijlagePerNetbeheerder></beheerdersinformatie><beheerdersinformatie><thema xlink:href="http://definities.geostandaarden.nl/imkl2015/id/waarde/Thema/gasHogeDruk"/><eisVoorzorgmaatregel>false</eisVoorzorgmaatregel><themabijlagePerNetbeheerder><soortBijlage>ligging</soortBijlage><bestandLocatie>bronnen/KL1081/LG_gasHogeDruk_Stedin_0000959716_18C000753.png</bestandLocatie><bestandMediaType xlink:href="http://definities.geostandaarden.nl/imkl2015/id/waarde/BestandMediaTypeValue/PNG"/><bestandIdentificator>LG_gasHogeDruk_Stedin_0000959716_18C000753.png</bestandIdentificator></themabijlagePerNetbeheerder></beheerdersinformatie><beheerdersinformatie><thema xlink:href="http://definities.geostandaarden.nl/imkl2015/id/waarde/Thema/laagspanning"/><eisVoorzorgmaatregel>false</eisVoorzorgmaatregel><themabijlagePerNetbeheerder><soortBijlage>ligging</soortBijlage><bestandLocatie>bronnen/KL1081/LG_laagspanning_Stedin_0000959716_18C000753.png</bestandLocatie><bestandMediaType xlink:href="http://definities.geostandaarden.nl/imkl2015/id/waarde/BestandMediaTypeValue/PNG"/><bestandIdentificator>LG_laagspanning_Stedin_0000959716_18C000753.png</bestandIdentificator></themabijlagePerNetbeheerder></beheerdersinformatie></belanghebbende></Leveringsinformatie>